{"type": "FeatureCollection", "features": [{"id": "0", "type": "Feature", "properties": {"geoid": "48113015900", "alley_mi": 0.0, "alley_density": 0.0, "area_sqmi": 3.751}, "geometry": {"type": "Polygon", "coordinates": [[[-96.994985, 32.73738700000001], [-96.994666, 32.738807], [-96.994504, 32.745112000000006], [-96.980177, 32.74586], [-96.975329, 32.745927], [-96.963381, 32.746603], [-96.958127, 32.74738300000003], [-96.959302, 32.746764], [-96.959625, 32.74640800000001], [-96.959922, 32.74568300000002], [-96.960105, 32.738919], [-96.95973, 32.738330999999974], [-96.959233, 32.737986], [-96.958533, 32.73777500000001], [-96.951463, 32.737583], [-96.950715, 32.737215], [-96.943763, 32.732522], [-96.960084, 32.713932], [-96.971184, 32.72053099999998], [-96.971382, 32.72433800000002], [-96.98198600000002, 32.73094900000002], [-96.983044, 32.73112400000001], [-96.98447, 32.72866200000001], [-96.985638, 32.728281999999986], [-96.986866, 32.728206000000014], [-96.988096, 32.72849600000001], [-96.988554, 32.729506000000015], [-96.988459, 32.73007199999999], [-96.989379, 32.73048200000002], [-96.989333, 32.730808], [-96.989675, 32.731200999999984], [-96.990042, 32.73129000000001], [-96.99082600000001, 32.730879999999985], [-96.992289, 32.73068000000001], [-96.99271, 32.730844999999995], [-96.992665, 32.73114900000001], [-96.992224, 32.73143100000003], [-96.992434, 32.731567], [-96.99256000000001, 32.731950999999995], [-96.99292, 32.73181400000001], [-96.99292, 32.731595000000006], [-96.99420600000002, 32.73165800000002], [-96.994263, 32.734932], [-96.994371, 32.73543900000001], [-96.994969, 32.736487999999994], [-96.994985, 32.73738700000001]]]}}, {"id": "1", "type": "Feature", "properties": {"geoid": "48113012604", "alley_mi": 3.5, "alley_density": 3.563, "area_sqmi": 0.982}, "geometry": {"type": "Polygon", "coordinates": [[[-96.659251, 32.847156999999996], [-96.648839, 32.855953000000014], [-96.645719, 32.85385500000001], [-96.637192, 32.84648299999999], [-96.636023, 32.84534299999999], [-96.634854, 32.843785], [-96.640083, 32.83937099999999], [-96.642302, 32.838958999999996], [-96.647429, 32.837009], [-96.659251, 32.847156999999996]]]}}, {"id": "2", "type": "Feature", "properties": {"geoid": "48113013010", "alley_mi": 1.278, "alley_density": 2.353, "area_sqmi": 0.543}, "geometry": {"type": "Polygon", "coordinates": [[[-96.693844, 32.874177000000024], [-96.692527, 32.874576999999995], [-96.691811, 32.874601000000006], [-96.69020100000002, 32.87385800000001], [-96.689502, 32.87312500000001], [-96.68866, 32.873028999999995], [-96.687117, 32.872491000000004], [-96.68584, 32.871585999999986], [-96.683199, 32.871498], [-96.683177, 32.874663999999996], [-96.68097000000002, 32.872898], [-96.67944, 32.87204900000001], [-96.677047, 32.87114999999999], [-96.671639, 32.86990899999999], [-96.670085, 32.869337000000016], [-96.668053, 32.86812599999999], [-96.670817, 32.86405099999999], [-96.683219, 32.864142000000015], [-96.683201, 32.869406999999995], [-96.69080900000002, 32.86943899999999], [-96.691579, 32.869647], [-96.692693, 32.870454999999986], [-96.693836, 32.870683], [-96.693844, 32.874177000000024]]]}}, {"id": "4", "type": "Feature", "properties": {"geoid": "48113013621", "alley_mi": 0.0, "alley_density": 0.0, "area_sqmi": 0.354}, "geometry": {"type": "Polygon", "coordinates": [[[-96.811979, 32.95712], [-96.811727, 32.95781399999999], [-96.811681, 32.95857100000002], [-96.811306, 32.95937800000001], [-96.810491, 32.95988700000002], [-96.810201, 32.960369000000036], [-96.810451, 32.96062500000001], [-96.810478, 32.961632], [-96.810931, 32.962345], [-96.81077000000002, 32.963225], [-96.811495, 32.964863], [-96.810866, 32.965363], [-96.810883, 32.965702000000014], [-96.805627, 32.968981000000014], [-96.804114, 32.97071500000001], [-96.804492, 32.96707400000001], [-96.804652, 32.956931], [-96.804524, 32.955430000000014], [-96.804162, 32.95388899999999], [-96.808109, 32.953944], [-96.808347, 32.954660999999994], [-96.809528, 32.954729], [-96.810648, 32.95517600000001], [-96.811076, 32.95550300000003], [-96.811692, 32.95624900000001], [-96.811979, 32.95712]]]}}, {"id": "10", "type": "Feature", "properties": {"geoid": "48113018142", "alley_mi": 0.0, "alley_density": 0.0, "area_sqmi": 3.483}, "geometry": {"type": "Polygon", "coordinates": [[[-96.569597, 32.837519], [-96.569508, 32.84855099999999], [-96.563674, 32.84848400000001], [-96.562726, 32.851332], [-96.562383, 32.85127300000001], [-96.561939, 32.85143899999999], [-96.560773, 32.852627000000005], [-96.559771, 32.85313], [-96.55894, 32.853239], [-96.550176, 32.85313499999998], [-96.547637, 32.85180100000001], [-96.5187, 32.85167499999999], [-96.518869, 32.83272800000002], [-96.53959, 32.834702], [-96.541935, 32.834654000000015], [-96.543356, 32.83361599999999], [-96.543643, 32.833577], [-96.559939, 32.833682999999986], [-96.560002, 32.834432], [-96.560569, 32.83620500000002], [-96.560558, 32.840919], [-96.56155, 32.84082], [-96.561919, 32.840623], [-96.562832, 32.83953899999999], [-96.56584, 32.83682400000001], [-96.566824, 32.83653], [-96.568582, 32.83669799999999], [-96.569333, 32.836985999999996], [-96.569597, 32.837519]]]}}, {"id": "11", "type": "Feature", "properties": {"geoid": "48113018141", "alley_mi": 0.0, "alley_density": 0.0, "area_sqmi": 2.454}, "geometry": {"type": "Polygon", "coordinates": [[[-96.56985300000001, 32.850544000000006], [-96.558836, 32.855004999999984], [-96.5564, 32.85606900000002], [-96.553837, 32.857433], [-96.550386, 32.859724000000014], [-96.54546, 32.863881000000006], [-96.540358, 32.866763000000006], [-96.518402, 32.87646800000001], [-96.518586, 32.873388999999996], [-96.518501, 32.868491999999996], [-96.5187, 32.85167499999999], [-96.547637, 32.85180100000001], [-96.550176, 32.85313499999998], [-96.55923800000001, 32.85323699999999], [-96.560615, 32.85273600000001], [-96.56209600000001, 32.851346000000014], [-96.562726, 32.851332], [-96.563674, 32.84848400000001], [-96.569508, 32.84855099999999], [-96.569544, 32.84963400000001], [-96.56985300000001, 32.850544000000006]]]}}, {"id": "12", "type": "Feature", "properties": {"geoid": "48113018137", "alley_mi": 0.0, "alley_density": 0.0, "area_sqmi": 1.72}, "geometry": {"type": "Polygon", "coordinates": [[[-96.574642, 32.86325500000001], [-96.57322700000002, 32.864756000000014], [-96.57239800000002, 32.865884], [-96.571433, 32.86910400000001], [-96.569826, 32.867827], [-96.540754, 32.87249800000002], [-96.53371500000002, 32.869756], [-96.540358, 32.866763000000006], [-96.54437700000001, 32.86457900000002], [-96.54696900000002, 32.862724], [-96.55099800000002, 32.859252999999995], [-96.553036, 32.857884000000006], [-96.555663, 32.85644], [-96.558836, 32.855004999999984], [-96.56985300000001, 32.850544000000006], [-96.57032600000001, 32.85132100000001], [-96.57114500000002, 32.85205], [-96.571433, 32.85266299999998], [-96.571523, 32.856346000000016], [-96.571794, 32.85744999999998], [-96.573541, 32.862092999999994], [-96.574642, 32.86325500000001]]]}}, {"id": "20", "type": "Feature", "properties": {"geoid": "48113019213", "alley_mi": 0.0, "alley_density": 0.0, "area_sqmi": 0.251}, "geometry": {"type": "Polygon", "coordinates": [[[-96.760603, 32.93994899999999], [-96.748136, 32.939973999999985], [-96.748076, 32.93831400000001], [-96.759964, 32.92875899999999], [-96.759974, 32.92953700000001], [-96.759682, 32.930078], [-96.758918, 32.930864000000014], [-96.75869800000001, 32.931359], [-96.758371, 32.93312399999999], [-96.757983, 32.93408800000001], [-96.758007, 32.936034], [-96.757833, 32.93625200000002], [-96.757792, 32.93686300000001], [-96.757919, 32.937416000000006], [-96.759003, 32.938521], [-96.759716, 32.93868400000001], [-96.759999, 32.93890699999999], [-96.760143, 32.93930999999998], [-96.760553, 32.93951100000001], [-96.760603, 32.93994899999999]]]}}, {"id": "24", "type": "Feature", "properties": {"geoid": "48113010903", "alley_mi": 0.147, "alley_density": 0.135, "area_sqmi": 1.094}, "geometry": {"type": "Polygon", "coordinates": [[[-96.891414, 32.66191300000003], [-96.891544, 32.69165000000001], [-96.890893, 32.69137400000002], [-96.889975, 32.691263000000006], [-96.880713, 32.691249000000006], [-96.882309, 32.688063000000014], [-96.882692, 32.686390999999986], [-96.882698, 32.672664999999995], [-96.882507, 32.67186399999999], [-96.88186500000002, 32.67095400000001], [-96.881616, 32.670287], [-96.881539, 32.66194800000001], [-96.891414, 32.66191300000003]]]}}, {"id": "25", "type": "Feature", "properties": {"geoid": "48113001703", "alley_mi": 0.272, "alley_density": 1.037, "area_sqmi": 0.262}, "geometry": {"type": "Polygon", "coordinates": [[[-96.800999, 32.801798999999995], [-96.798357, 32.805853000000006], [-96.796297, 32.80412500000001], [-96.794452, 32.80390799999999], [-96.793256, 32.80343599999999], [-96.793174, 32.798871999999996], [-96.793466, 32.799136000000004], [-96.793408, 32.79769699999999], [-96.79396, 32.796148], [-96.794598, 32.795218999999975], [-96.79868100000002, 32.792341000000015], [-96.800411, 32.793829], [-96.797156, 32.796611], [-96.800874, 32.79971200000002], [-96.800791, 32.80055500000001], [-96.800999, 32.801798999999995]]]}}, {"id": "26", "type": "Feature", "properties": {"geoid": "48113019212", "alley_mi": 0.0, "alley_density": 0.0, "area_sqmi": 0.108}, "geometry": {"type": "Polygon", "coordinates": [[[-96.761191, 32.928513000000024], [-96.76116500000002, 32.939884], [-96.760603, 32.93994899999999], [-96.760553, 32.93951100000001], [-96.760143, 32.93930999999998], [-96.759999, 32.93890699999999], [-96.759716, 32.93868400000001], [-96.759003, 32.938521], [-96.757866, 32.937352999999995], [-96.757811, 32.936522], [-96.758007, 32.936034], [-96.757983, 32.93408800000001], [-96.758371, 32.93312399999999], [-96.758795, 32.931078], [-96.759729, 32.930014], [-96.760006, 32.929221], [-96.760947, 32.928418], [-96.761191, 32.928513000000024]]]}}, {"id": "44", "type": "Feature", "properties": {"geoid": "48121021641", "alley_mi": 0.23, "alley_density": 1.243, "area_sqmi": 0.185}, "geometry": {"type": "Polygon", "coordinates": [[[-96.855501, 32.99712900000001], [-96.845456, 32.99702399999999], [-96.843982, 32.99731200000002], [-96.844025, 32.992708999999984], [-96.84824700000001, 32.99275899999999], [-96.850287, 32.993249999999996], [-96.855082, 32.993139000000006], [-96.855501, 32.99712900000001]]]}}, {"id": "49", "type": "Feature", "properties": {"geoid": "48113020300", "alley_mi": 1.666, "alley_density": 1.161, "area_sqmi": 1.435}, "geometry": {"type": "Polygon", "coordinates": [[[-96.780293, 32.77018100000001], [-96.772691, 32.78085299999999], [-96.771674, 32.781166], [-96.770507, 32.78193600000001], [-96.769636, 32.783059], [-96.76873, 32.78460399999998], [-96.757659, 32.78168], [-96.74851500000001, 32.78002799999998], [-96.748815, 32.779288999999984], [-96.749909, 32.77824100000001], [-96.752271, 32.776739000000006], [-96.757353, 32.77215699999999], [-96.759957, 32.770247999999995], [-96.762075, 32.77183500000001], [-96.763143, 32.770822999999986], [-96.761644, 32.76948899999998], [-96.771248, 32.761296], [-96.775527, 32.76578799999999], [-96.775894, 32.76648900000002], [-96.777918, 32.76740399999999], [-96.780293, 32.77018100000001]]]}}, {"id": "50", "type": "Feature", "properties": {"geoid": "48113020500", "alley_mi": 0.0, "alley_density": 0.0, "area_sqmi": 2.151}, "geometry": {"type": "Polygon", "coordinates": [[[-96.873922, 32.797969], [-96.854805, 32.798026], [-96.856419, 32.791882], [-96.856677, 32.766441999999984], [-96.858863, 32.76697099999997], [-96.86037700000001, 32.767158], [-96.87384, 32.76755000000001], [-96.873751, 32.792650999999985], [-96.873922, 32.797969]]]}}, {"id": "51", "type": "Feature", "properties": {"geoid": "48113020600", "alley_mi": 3.678, "alley_density": 1.789, "area_sqmi": 2.056}, "geometry": {"type": "Polygon", "coordinates": [[[-96.838546, 32.86979199999996], [-96.838533, 32.880322], [-96.80404, 32.88011400000001], [-96.804172, 32.865495000000024], [-96.819816, 32.86556800000001], [-96.820904, 32.865806], [-96.822619, 32.86670899999999], [-96.824305, 32.86688900000001], [-96.825159, 32.866749], [-96.826173, 32.866349], [-96.828556, 32.864306], [-96.829354, 32.86385899999999], [-96.830442, 32.863513000000005], [-96.832115, 32.86345599999999], [-96.836306, 32.863937000000014], [-96.836441, 32.86395699999999], [-96.837428, 32.86587600000003], [-96.838546, 32.86979199999996]]]}}, {"id": "54", "type": "Feature", "properties": {"geoid": "48113012301", "alley_mi": 8.797, "alley_density": 13.122, "area_sqmi": 0.67}, "geometry": {"type": "Polygon", "coordinates": [[[-96.689698, 32.81741099999999], [-96.687845, 32.81815099999999], [-96.681329, 32.81954300000001], [-96.679925, 32.82026799999998], [-96.678725, 32.82150299999999], [-96.663602, 32.82137300000001], [-96.662325, 32.821519], [-96.66226400000001, 32.81554100000001], [-96.665424, 32.81539000000001], [-96.665388, 32.81416800000001], [-96.677792, 32.814244], [-96.679687, 32.814953], [-96.684394, 32.81499900000001], [-96.684272, 32.81210999999998], [-96.683631, 32.80958399999999], [-96.683842, 32.809288], [-96.689698, 32.81741099999999]]]}}, {"id": "55", "type": "Feature", "properties": {"geoid": "48113012302", "alley_mi": 5.277, "alley_density": 5.728, "area_sqmi": 0.921}, "geometry": {"type": "Polygon", "coordinates": [[[-96.684394, 32.81499900000001], [-96.679687, 32.814953], [-96.677792, 32.814244], [-96.665388, 32.81416800000001], [-96.665443, 32.81097800000001], [-96.665257, 32.81095100000001], [-96.665699, 32.81000300000001], [-96.665357, 32.80969300000002], [-96.665383, 32.80720900000003], [-96.66566, 32.807026], [-96.668296, 32.806959000000006], [-96.668474, 32.804963], [-96.66819500000001, 32.803697000000014], [-96.677292, 32.799363], [-96.68257500000001, 32.79801100000001], [-96.68249, 32.806079999999994], [-96.682889, 32.80757300000001], [-96.683842, 32.809288], [-96.683631, 32.80958399999999], [-96.684272, 32.81210999999998], [-96.684394, 32.81499900000001]]]}}, {"id": "63", "type": "Feature", "properties": {"geoid": "48085031713", "alley_mi": 1.675, "alley_density": 5.654, "area_sqmi": 0.296}, "geometry": {"type": "Polygon", "coordinates": [[[-96.829382, 32.997657999999994], [-96.82927100000002, 33.00727399999998], [-96.824798, 33.007269000000015], [-96.824809, 33.00521200000001], [-96.823908, 33.004984000000015], [-96.82354700000002, 33.004441], [-96.822866, 33.00430500000001], [-96.82193, 33.00446], [-96.821721, 33.004261], [-96.82129500000002, 33.00438200000001], [-96.820752, 33.003878], [-96.819809, 33.003746000000014], [-96.819416, 33.003901], [-96.819037, 33.00369800000001], [-96.818285, 33.00365300000001], [-96.818657, 33.00239699999999], [-96.817978, 32.99923999999999], [-96.824347, 32.99916300000001], [-96.825309, 32.998910000000016], [-96.82683, 32.99795600000003], [-96.827867, 32.99765899999999], [-96.829382, 32.997657999999994]]]}}, {"id": "86", "type": "Feature", "properties": {"geoid": "48085031711", "alley_mi": 6.01, "alley_density": 12.49, "area_sqmi": 0.481}, "geometry": {"type": "Polygon", "coordinates": [[[-96.843981, 32.997366000000014], [-96.84379000000001, 33.00645099999999], [-96.84031600000002, 33.006513999999996], [-96.839959, 33.00636300000001], [-96.83950300000001, 33.006524000000006], [-96.83746, 33.006624], [-96.837313, 33.00410800000001], [-96.836125, 33.004007], [-96.833056, 33.00415900000001], [-96.833055, 33.005302000000015], [-96.83224, 33.005298], [-96.832205, 33.00657399999999], [-96.831811, 33.00732500000002], [-96.82927100000002, 33.00727399999998], [-96.829382, 32.997657999999994], [-96.842674, 32.99756600000003], [-96.843981, 32.997366000000014]]]}}, {"id": "130", "type": "Feature", "properties": {"geoid": "48085031716", "alley_mi": 2.645, "alley_density": 9.457, "area_sqmi": 0.28}, "geometry": {"type": "Polygon", "coordinates": [[[-96.81189, 33.00631], [-96.811304, 33.00643900000001], [-96.809715, 33.006413999999985], [-96.80695, 33.00602699999998], [-96.805811, 33.00615500000001], [-96.804265, 33.006608], [-96.804313, 33.00595800000001], [-96.804735, 33.00558000000001], [-96.804762, 33.004396], [-96.803936, 33.00349200000001], [-96.803527, 33.00345300000002], [-96.802365, 33.003920999999984], [-96.80137300000001, 33.00394800000001], [-96.79905, 33.00349000000001], [-96.79775, 33.00287299999997], [-96.7958, 33.00256600000001], [-96.796487, 33.000543], [-96.797574, 32.99835600000001], [-96.800832, 32.99813199999998], [-96.805502, 32.998196], [-96.805576, 32.999941000000014], [-96.806166, 33.00168800000001], [-96.806874, 33.00218400000001], [-96.808538, 33.002356], [-96.809247, 33.002724000000015], [-96.80953, 33.00307299999999], [-96.81020900000001, 33.004744999999986], [-96.811489, 33.005716000000014], [-96.81189, 33.00631]]]}}, {"id": "131", "type": "Feature", "properties": {"geoid": "48085031715", "alley_mi": 4.416, "alley_density": 6.29, "area_sqmi": 0.702}, "geometry": {"type": "Polygon", "coordinates": [[[-96.817194, 33.00940299999999], [-96.816494, 33.01027499999999], [-96.816247, 33.012430000000016], [-96.815144, 33.013329], [-96.803329, 33.01337900000001], [-96.795274, 33.013129], [-96.795347, 33.010193000000015], [-96.798311, 33.01015100000001], [-96.79961, 33.009825000000006], [-96.80001, 33.00924099999998], [-96.800041, 33.006661], [-96.803456, 33.00669500000002], [-96.80695, 33.00602699999998], [-96.809715, 33.006413999999985], [-96.811304, 33.00643900000001], [-96.81189, 33.00631], [-96.811489, 33.005716000000014], [-96.81020900000001, 33.004744999999986], [-96.80953, 33.00307299999999], [-96.809247, 33.002724000000015], [-96.808538, 33.002356], [-96.806874, 33.00218400000001], [-96.806166, 33.00168800000001], [-96.805576, 32.999941000000014], [-96.805502, 32.998196], [-96.813655, 32.998285999999986], [-96.814233, 32.999955000000014], [-96.814916, 33.00091500000001], [-96.81484600000002, 33.00133300000001], [-96.813678, 33.003320999999985], [-96.813668, 33.003971], [-96.81388, 33.004743999999995], [-96.814475, 33.00586800000003], [-96.814354, 33.006858000000015], [-96.81459000000001, 33.007207], [-96.815792, 33.007823999999964], [-96.816527, 33.00871900000001], [-96.817068, 33.009028000000015], [-96.817194, 33.00940299999999]]]}}, {"id": "132", "type": "Feature", "properties": {"geoid": "48085031720", "alley_mi": 0.194, "alley_density": 0.971, "area_sqmi": 0.2}, "geometry": {"type": "Polygon", "coordinates": [[[-96.779057, 32.989257000000016], [-96.776151, 32.99055700000002], [-96.767771, 32.99248299999999], [-96.76809500000002, 32.98645199999999], [-96.778675, 32.98658800000001], [-96.778675, 32.988239000000014], [-96.779057, 32.989257000000016]]]}}, {"id": "133", "type": "Feature", "properties": {"geoid": "48085031719", "alley_mi": 4.304, "alley_density": 12.021, "area_sqmi": 0.358}, "geometry": {"type": "Polygon", "coordinates": [[[-96.78124, 32.994054999999996], [-96.78123000000001, 32.997784999999986], [-96.767871, 32.99766700000001], [-96.767725, 32.99760199999999], [-96.767771, 32.99248299999999], [-96.776151, 32.99055700000002], [-96.779057, 32.989257000000016], [-96.779538, 32.990176999999996], [-96.780828, 32.991277999999994], [-96.780812, 32.992646], [-96.78124, 32.994054999999996]]]}}, {"id": "139", "type": "Feature", "properties": {"geoid": "48113013626", "alley_mi": 0.0, "alley_density": 0.0, "area_sqmi": 0.273}, "geometry": {"type": "Polygon", "coordinates": [[[-96.82211, 32.932907], [-96.822086, 32.93949499999999], [-96.814031, 32.93941399999999], [-96.813292, 32.932581000000006], [-96.81293800000002, 32.93205999999999], [-96.811646, 32.931327], [-96.811349, 32.93059100000001], [-96.818037, 32.93062799999999], [-96.818074, 32.932924000000014], [-96.82211, 32.932907]]]}}, {"id": "141", "type": "Feature", "properties": {"geoid": "48113011002", "alley_mi": 7.45, "alley_density": 6.937, "area_sqmi": 1.074}, "geometry": {"type": "Polygon", "coordinates": [[[-96.840378, 32.691217], [-96.83529800000001, 32.69123499999998], [-96.83411, 32.69110900000002], [-96.827078, 32.68816700000003], [-96.823126, 32.687101], [-96.823208, 32.68291600000001], [-96.822692, 32.67837200000003], [-96.822609, 32.67483799999999], [-96.831605, 32.674823999999994], [-96.832966, 32.674497], [-96.83490100000002, 32.673304000000016], [-96.835892, 32.672962000000005], [-96.840128, 32.672855999999996], [-96.840087, 32.688144], [-96.840378, 32.691217]]]}}, {"id": "143", "type": "Feature", "properties": {"geoid": "48113011101", "alley_mi": 5.268, "alley_density": 2.765, "area_sqmi": 1.905}, "geometry": {"type": "Polygon", "coordinates": [[[-96.857129, 32.645956000000005], [-96.857162, 32.671745], [-96.850349, 32.671801], [-96.84505, 32.67271199999999], [-96.840128, 32.672855999999996], [-96.83999, 32.662204000000024], [-96.840122, 32.642966000000015], [-96.857129, 32.645956000000005]]]}}, {"id": "144", "type": "Feature", "properties": {"geoid": "48113011103", "alley_mi": 2.349, "alley_density": 2.859, "area_sqmi": 0.822}, "geometry": {"type": "Polygon", "coordinates": [[[-96.840128, 32.672855999999996], [-96.835892, 32.672962000000005], [-96.83490100000002, 32.673304000000016], [-96.832966, 32.674497], [-96.831605, 32.674823999999994], [-96.822609, 32.67483799999999], [-96.822656, 32.67054000000002], [-96.823024, 32.66620000000001], [-96.823122, 32.66232700000002], [-96.83999, 32.662204000000024], [-96.840128, 32.672855999999996]]]}}, {"id": "145", "type": "Feature", "properties": {"geoid": "48113011104", "alley_mi": 5.146, "alley_density": 6.838, "area_sqmi": 0.753}, "geometry": {"type": "Polygon", "coordinates": [[[-96.840122, 32.642966000000015], [-96.83999, 32.662204000000024], [-96.830862, 32.66227300000001], [-96.830845, 32.65424100000001], [-96.831567, 32.65226199999999], [-96.831555, 32.651532], [-96.831101, 32.64986200000003], [-96.831096, 32.64932300000001], [-96.831726, 32.64768600000002], [-96.829299, 32.647644], [-96.82933, 32.64226599999999], [-96.835025, 32.64229399999999], [-96.836801, 32.64244], [-96.840122, 32.642966000000015]]]}}, {"id": "158", "type": "Feature", "properties": {"geoid": "48113011401", "alley_mi": 2.021, "alley_density": 1.23, "area_sqmi": 1.643}, "geometry": {"type": "Polygon", "coordinates": [[[-96.786431, 32.68038300000002], [-96.785745, 32.680522000000025], [-96.785238, 32.68032700000001], [-96.783997, 32.680217999999996], [-96.775677, 32.68023600000003], [-96.771657, 32.680787], [-96.768785, 32.682389], [-96.766227, 32.683548], [-96.76324300000002, 32.68547399999999], [-96.76229, 32.685809000000006], [-96.760601, 32.686075], [-96.759943, 32.68577100000001], [-96.757928, 32.68544299999999], [-96.757535, 32.685034000000016], [-96.749513, 32.681566000000004], [-96.748741, 32.68105700000001], [-96.748114, 32.68001700000003], [-96.775938, 32.666424], [-96.783255, 32.66289599999999], [-96.784031, 32.66266700000001], [-96.783838, 32.66659], [-96.783191, 32.668513999999995], [-96.782971, 32.670257], [-96.783227, 32.671170999999994], [-96.784112, 32.672410000000006], [-96.78486600000001, 32.674098999999984], [-96.785267, 32.67751400000002], [-96.78551900000001, 32.67857000000001], [-96.786431, 32.68038300000002]]]}}, {"id": "215", "type": "Feature", "properties": {"geoid": "48085031717", "alley_mi": 0.701, "alley_density": 3.885, "area_sqmi": 0.18}, "geometry": {"type": "Polygon", "coordinates": [[[-96.804654, 33.00413700000001], [-96.804735, 33.00558000000001], [-96.804313, 33.00595800000001], [-96.804265, 33.006608], [-96.800041, 33.006661], [-96.80001, 33.00924099999998], [-96.79961, 33.009825000000006], [-96.798311, 33.01015100000001], [-96.795347, 33.010193000000015], [-96.795392, 33.005181], [-96.7958, 33.00256600000001], [-96.79775, 33.00287299999997], [-96.79905, 33.00349000000001], [-96.80137300000001, 33.00394800000001], [-96.802365, 33.003920999999984], [-96.803803, 33.003448999999996], [-96.804654, 33.00413700000001]]]}}, {"id": "220", "type": "Feature", "properties": {"geoid": "48113013615", "alley_mi": 1.441, "alley_density": 3.12, "area_sqmi": 0.462}, "geometry": {"type": "Polygon", "coordinates": [[[-96.814031, 32.93941399999999], [-96.811447, 32.939372], [-96.809407, 32.93866799999999], [-96.803739, 32.938632], [-96.80396, 32.935838999999994], [-96.803566, 32.93179099999998], [-96.803568, 32.925639999999994], [-96.806423, 32.92598400000001], [-96.811322, 32.926054], [-96.811359, 32.93077400000002], [-96.811646, 32.931327], [-96.81293800000002, 32.93205999999999], [-96.813292, 32.932581000000006], [-96.814031, 32.93941399999999]]]}}, {"id": "221", "type": "Feature", "properties": {"geoid": "48113013617", "alley_mi": 7.193, "alley_density": 10.239, "area_sqmi": 0.702}, "geometry": {"type": "Polygon", "coordinates": [[[-96.80448900000002, 32.97558500000001], [-96.804417, 32.98348], [-96.804101, 32.985247999999984], [-96.80343, 32.986914000000034], [-96.784005, 32.986658999999996], [-96.78430300000001, 32.98568799999999], [-96.78552, 32.98441400000001], [-96.785905, 32.98349300000002], [-96.785752, 32.979279000000005], [-96.787985, 32.97910100000001], [-96.790856, 32.979316999999995], [-96.794987, 32.978274000000006], [-96.7966, 32.97845000000002], [-96.797929, 32.97904499999999], [-96.804114, 32.97071500000001], [-96.80448900000002, 32.97558500000001]]]}}, {"id": "222", "type": "Feature", "properties": {"geoid": "48113013619", "alley_mi": 12.914, "alley_density": 11.211, "area_sqmi": 1.152}, "geometry": {"type": "Polygon", "coordinates": [[[-96.804585, 32.96237199999999], [-96.804468, 32.967455], [-96.804114, 32.97071500000001], [-96.797929, 32.97904499999999], [-96.7966, 32.97845000000002], [-96.794987, 32.978274000000006], [-96.790856, 32.979316999999995], [-96.787985, 32.97910100000001], [-96.785752, 32.979279000000005], [-96.785715, 32.97781500000001], [-96.784082, 32.97500799999999], [-96.784066, 32.971392], [-96.78433, 32.970517999999984], [-96.785984, 32.96842099999999], [-96.786329, 32.96768300000002], [-96.786473, 32.96217200000001], [-96.790116, 32.96219000000002], [-96.792415, 32.96268], [-96.794847, 32.96281900000001], [-96.797699, 32.962342], [-96.804585, 32.96237199999999]]]}}, {"id": "230", "type": "Feature", "properties": {"geoid": "48121021635", "alley_mi": 2.377, "alley_density": 6.288, "area_sqmi": 0.378}, "geometry": {"type": "Polygon", "coordinates": [[[-96.85557000000001, 32.99942100000001], [-96.853031, 32.999424999999995], [-96.852514, 32.999605999999986], [-96.85197100000002, 33.000076], [-96.851721, 33.000566], [-96.851695, 33.001074], [-96.852585, 33.002668000000014], [-96.852484, 33.00357999999999], [-96.851953, 33.004195999999986], [-96.850774, 33.00472999999999], [-96.84868, 33.00498999999998], [-96.84843, 33.00656900000001], [-96.84767, 33.008248], [-96.847402, 33.009631000000006], [-96.84695, 33.010509], [-96.843793, 33.010446999999985], [-96.843982, 32.99731200000002], [-96.845456, 32.99702399999999], [-96.855501, 32.99712900000001], [-96.85557000000001, 32.99942100000001]]]}}, {"id": "231", "type": "Feature", "properties": {"geoid": "48121021634", "alley_mi": 0.0, "alley_density": 0.0, "area_sqmi": 0.355}, "geometry": {"type": "Polygon", "coordinates": [[[-96.857163, 33.00312100000002], [-96.857192, 33.01182300000003], [-96.849321, 33.011767], [-96.84695, 33.010509], [-96.847402, 33.009631000000006], [-96.84767, 33.008248], [-96.84843, 33.00656900000001], [-96.84868, 33.00498999999998], [-96.850774, 33.00472999999999], [-96.851953, 33.004195999999986], [-96.852484, 33.00357999999999], [-96.852585, 33.002668000000014], [-96.85179700000002, 33.00140600000002], [-96.851683, 33.00087700000002], [-96.85197100000002, 33.000076], [-96.85262600000001, 32.99954900000001], [-96.85348, 32.999372000000015], [-96.85557000000001, 32.99942100000001], [-96.856998, 33.002416000000004], [-96.857163, 33.00312100000002]]]}}, {"id": "239", "type": "Feature", "properties": {"geoid": "48121021638", "alley_mi": 3.947, "alley_density": 10.17, "area_sqmi": 0.388}, "geometry": {"type": "Polygon", "coordinates": [[[-96.875295, 32.98783000000003], [-96.871754, 33.00061500000001], [-96.871196, 33.001030000000014], [-96.870699, 33.000943000000014], [-96.870399, 33.001264000000006], [-96.869151, 33.001067000000006], [-96.867531, 33.001466], [-96.86687700000002, 33.001094000000016], [-96.866117, 33.001727], [-96.866112, 33.00188700000001], [-96.866372, 33.001987], [-96.865956, 33.002485000000014], [-96.86543, 33.00178999999999], [-96.86419, 33.00103000000001], [-96.86385, 33.000420000000005], [-96.86382, 32.99990900000001], [-96.864287, 32.99900099999998], [-96.865556, 32.99830500000001], [-96.866211, 32.99754600000002], [-96.86728, 32.98975], [-96.867642, 32.988602], [-96.868428, 32.98773900000001], [-96.875295, 32.98783000000003]]]}}, {"id": "252", "type": "Feature", "properties": {"geoid": "48085031706", "alley_mi": 6.029, "alley_density": 8.485, "area_sqmi": 0.711}, "geometry": {"type": "Polygon", "coordinates": [[[-96.82940400000001, 32.99161900000001], [-96.829382, 32.997657999999994], [-96.828135, 32.99763600000002], [-96.827224, 32.997806999999995], [-96.825309, 32.998910000000016], [-96.824144, 32.999193], [-96.817432, 32.99922899999998], [-96.816318, 32.99899], [-96.814938, 32.998374999999996], [-96.813655, 32.998285999999986], [-96.813481, 32.997422], [-96.812891, 32.99616100000001], [-96.812713, 32.994974000000006], [-96.811786, 32.99410399999999], [-96.81232, 32.993645999999984], [-96.812547, 32.99278100000001], [-96.813598, 32.992168000000014], [-96.81505900000002, 32.99231300000001], [-96.816002, 32.99122099999999], [-96.815642, 32.989136999999985], [-96.81468, 32.988124], [-96.813551, 32.987513], [-96.813355, 32.98704099999999], [-96.828519, 32.98723600000002], [-96.828555, 32.98847399999999], [-96.829288, 32.99043200000003], [-96.82940400000001, 32.99161900000001]]]}}, {"id": "258", "type": "Feature", "properties": {"geoid": "48121021637", "alley_mi": 2.332, "alley_density": 3.751, "area_sqmi": 0.622}, "geometry": {"type": "Polygon", "coordinates": [[[-96.868401, 32.987776000000004], [-96.867642, 32.988602], [-96.867361, 32.98932699999999], [-96.866248, 32.997431000000006], [-96.865971, 32.99794899999997], [-96.864159, 32.99913900000002], [-96.863848, 32.99976900000001], [-96.86384, 33.00033000000001], [-96.862231, 33.00056000000002], [-96.861452, 33.00091800000001], [-96.86047, 33.00241200000002], [-96.859909, 33.00284], [-96.85922, 33.002999999999986], [-96.857155, 33.00299600000001], [-96.855554, 32.99933], [-96.855487, 32.99696000000001], [-96.854673, 32.98996999999999], [-96.854693, 32.98756999999999], [-96.868401, 32.987776000000004]]]}}, {"id": "265", "type": "Feature", "properties": {"geoid": "48085031708", "alley_mi": 4.773, "alley_density": 5.226, "area_sqmi": 0.913}, "geometry": {"type": "Polygon", "coordinates": [[[-96.816002, 32.99122099999999], [-96.81505900000002, 32.99231300000001], [-96.813598, 32.992168000000014], [-96.813136, 32.992381999999985], [-96.81244, 32.99288300000001], [-96.812369, 32.99355800000001], [-96.811798, 32.99404700000001], [-96.812713, 32.994974000000006], [-96.812891, 32.99616100000001], [-96.813481, 32.997422], [-96.813655, 32.998285999999986], [-96.800832, 32.99813199999998], [-96.796129, 32.99834500000001], [-96.795157, 32.99830200000001], [-96.793634, 32.99794300000001], [-96.793816, 32.986791], [-96.813355, 32.98704099999999], [-96.813551, 32.987513], [-96.81468, 32.988124], [-96.815642, 32.989136999999985], [-96.816002, 32.99122099999999]]]}}, {"id": "268", "type": "Feature", "properties": {"geoid": "48113018506", "alley_mi": 0.0, "alley_density": 0.0, "area_sqmi": 2.949}, "geometry": {"type": "Polygon", "coordinates": [[[-96.717717, 32.90058200000001], [-96.717197, 32.90162900000001], [-96.717065, 32.90239900000001], [-96.716784, 32.90277600000001], [-96.716328, 32.90291800000001], [-96.715126, 32.902831999999975], [-96.714564, 32.903010999999985], [-96.708645, 32.907804000000006], [-96.70809400000002, 32.908103000000004], [-96.705916, 32.908712], [-96.704119, 32.90900200000001], [-96.702587, 32.90903599999999], [-96.696449, 32.90897400000003], [-96.683041, 32.90916000000002], [-96.683178, 32.873959000000006], [-96.687091, 32.87738000000001], [-96.689481, 32.878681000000014], [-96.687922, 32.87868900000001], [-96.6881, 32.87880500000001], [-96.696982, 32.88412399999999], [-96.704009, 32.887605000000036], [-96.706933, 32.88938000000001], [-96.709545, 32.89178200000002], [-96.71255, 32.89607300000002], [-96.714042, 32.89778600000001], [-96.71601, 32.89947300000001], [-96.717717, 32.90058200000001]]]}}, {"id": "269", "type": "Feature", "properties": {"geoid": "48113010904", "alley_mi": 0.0, "alley_density": 0.0, "area_sqmi": 2.939}, "geometry": {"type": "Polygon", "coordinates": [[[-96.891426, 32.660184999999984], [-96.891414, 32.66191300000003], [-96.881539, 32.66194800000001], [-96.881616, 32.670287], [-96.88186500000002, 32.67095400000001], [-96.882507, 32.67186399999999], [-96.882698, 32.672664999999995], [-96.882692, 32.686390999999986], [-96.882309, 32.688063000000014], [-96.880713, 32.691249000000006], [-96.857138, 32.69123400000002], [-96.857158, 32.676548999999994], [-96.873625, 32.658217], [-96.877765, 32.65427099999999], [-96.891426, 32.660184999999984]]]}}, {"id": "282", "type": "Feature", "properties": {"geoid": "48085031709", "alley_mi": 6.541, "alley_density": 4.448, "area_sqmi": 1.471}, "geometry": {"type": "Polygon", "coordinates": [[[-96.797574, 32.99835600000001], [-96.796185, 33.001306000000014], [-96.795583, 33.003686], [-96.795392, 33.005181], [-96.795274, 33.013129], [-96.788393, 33.01196900000002], [-96.7864, 33.01177500000002], [-96.77154, 33.00921100000001], [-96.767077, 33.00777299999999], [-96.76764, 33.00595800000001], [-96.767725, 32.99760199999999], [-96.793634, 32.99794300000001], [-96.795315, 32.998323000000035], [-96.797574, 32.99835600000001]]]}}, {"id": "338", "type": "Feature", "properties": {"geoid": "48113012601", "alley_mi": 5.576, "alley_density": 6.527, "area_sqmi": 0.854}, "geometry": {"type": "Polygon", "coordinates": [[[-96.66589000000002, 32.843725000000006], [-96.665847, 32.86186600000001], [-96.665625, 32.866614000000006], [-96.648839, 32.855953000000014], [-96.664759, 32.842472000000036], [-96.66553, 32.843062], [-96.66589000000002, 32.843725000000006]]]}}, {"id": "339", "type": "Feature", "properties": {"geoid": "48113012701", "alley_mi": 9.48, "alley_density": 8.751, "area_sqmi": 1.083}, "geometry": {"type": "Polygon", "coordinates": [[[-96.685113, 32.84300099999999], [-96.68448500000001, 32.844236999999985], [-96.676568, 32.855643], [-96.676935, 32.855638], [-96.673486, 32.860199000000016], [-96.668053, 32.86812599999999], [-96.665625, 32.866614000000006], [-96.665847, 32.86186600000001], [-96.665967, 32.84726399999999], [-96.66594500000001, 32.84401299999999], [-96.66553, 32.843062], [-96.666121, 32.84280900000002], [-96.66763000000002, 32.84278200000004], [-96.671787, 32.84286900000001], [-96.67307, 32.843063], [-96.683154, 32.84317500000001], [-96.683691, 32.843017], [-96.685113, 32.84300099999999]]]}}, {"id": "340", "type": "Feature", "properties": {"geoid": "48113012702", "alley_mi": 6.514, "alley_density": 14.035, "area_sqmi": 0.464}, "geometry": {"type": "Polygon", "coordinates": [[[-96.686703, 32.840162999999954], [-96.685113, 32.84300099999999], [-96.683691, 32.843017], [-96.683154, 32.84317500000001], [-96.67307, 32.843063], [-96.671787, 32.84286900000001], [-96.66763000000002, 32.84278200000004], [-96.666121, 32.84280900000002], [-96.66553, 32.843062], [-96.664759, 32.842472000000036], [-96.671584, 32.83666500000002], [-96.67334800000002, 32.834749000000016], [-96.677923, 32.834808999999986], [-96.682089, 32.83831000000002], [-96.686703, 32.840162999999954]]]}}, {"id": "341", "type": "Feature", "properties": {"geoid": "48113012900", "alley_mi": 12.362, "alley_density": 5.628, "area_sqmi": 2.197}, "geometry": {"type": "Polygon", "coordinates": [[[-96.725103, 32.858517], [-96.718044, 32.861808], [-96.718055, 32.861618], [-96.713923, 32.86363000000001], [-96.712563, 32.864069], [-96.710769, 32.86420700000001], [-96.699109, 32.864164], [-96.699545, 32.863304000000014], [-96.70095, 32.861649], [-96.701057, 32.86047700000002], [-96.700408, 32.85926400000002], [-96.700258, 32.85853500000002], [-96.700454, 32.85736800000001], [-96.700929, 32.85603], [-96.700657, 32.854331999999985], [-96.701251, 32.853352999999984], [-96.70107, 32.85267699999999], [-96.702, 32.851083], [-96.702582, 32.850741], [-96.702824, 32.84864700000001], [-96.703189, 32.84805800000001], [-96.703341, 32.847288000000006], [-96.704272, 32.845623], [-96.704181, 32.84503899999997], [-96.704793, 32.844627], [-96.704898, 32.84439799999999], [-96.704807, 32.843379], [-96.704218, 32.84243300000001], [-96.704092, 32.841730999999996], [-96.704372, 32.841121], [-96.705066, 32.840670999999986], [-96.704815, 32.839848], [-96.705244, 32.839058999999985], [-96.708924, 32.83667799999998], [-96.711918, 32.83529200000001], [-96.713055, 32.834587], [-96.715452, 32.83426600000001], [-96.719777, 32.834428], [-96.719893, 32.838096], [-96.724336, 32.84691600000002], [-96.724156, 32.85137999999996], [-96.721422, 32.855500000000006], [-96.72182700000002, 32.856225999999985], [-96.725103, 32.858517]]]}}, {"id": "354", "type": "Feature", "properties": {"geoid": "48113013620", "alley_mi": 0.0, "alley_density": 0.0, "area_sqmi": 0.671}, "geometry": {"type": "Polygon", "coordinates": [[[-96.822096, 32.954019999999986], [-96.82115, 32.959481999999994], [-96.821159, 32.96022200000001], [-96.821709, 32.96282], [-96.821583, 32.968594], [-96.810174, 32.96851900000001], [-96.807528, 32.96970300000001], [-96.80475100000001, 32.970701], [-96.80410400000001, 32.971213], [-96.804114, 32.97071500000001], [-96.805514, 32.96907600000004], [-96.810883, 32.965702000000014], [-96.810866, 32.965363], [-96.811495, 32.964863], [-96.81077000000002, 32.963225], [-96.810931, 32.962345], [-96.810478, 32.961632], [-96.810451, 32.96062500000001], [-96.810201, 32.960369000000036], [-96.810491, 32.95988700000002], [-96.811306, 32.95937800000001], [-96.811681, 32.95857100000002], [-96.811942, 32.956776999999995], [-96.811633, 32.956146999999994], [-96.810648, 32.95517600000001], [-96.809381, 32.954691999999994], [-96.808503, 32.95474099999999], [-96.808269, 32.954575], [-96.808109, 32.953944], [-96.820861, 32.953998999999996], [-96.822096, 32.954019999999986]]]}}, {"id": "355", "type": "Feature", "properties": {"geoid": "48113006402", "alley_mi": 6.086, "alley_density": 11.809, "area_sqmi": 0.515}, "geometry": {"type": "Polygon", "coordinates": [[[-96.878897, 32.72042499999999], [-96.877758, 32.722771], [-96.877575, 32.72389600000001], [-96.87776, 32.730013000000014], [-96.878084, 32.73059800000001], [-96.878168, 32.731124000000015], [-96.878161, 32.73493000000001], [-96.874987, 32.73488700000001], [-96.874052, 32.73434], [-96.86884, 32.734386000000015], [-96.868856, 32.721522], [-96.868985, 32.72065599999999], [-96.869722, 32.720391], [-96.878897, 32.72042499999999]]]}}, {"id": "360", "type": "Feature", "properties": {"geoid": "48113010804", "alley_mi": 1.209, "alley_density": 1.591, "area_sqmi": 0.76}, "geometry": {"type": "Polygon", "coordinates": [[[-96.874974, 32.705698999999996], [-96.874143, 32.707245], [-96.874075, 32.708283999999985], [-96.865863, 32.70832800000001], [-96.865698, 32.71136700000001], [-96.86570800000001, 32.713027000000004], [-96.86582, 32.71317499999999], [-96.865722, 32.72025599999999], [-96.870114, 32.72025599999999], [-96.861053, 32.72340199999997], [-96.859281, 32.724145], [-96.857079, 32.72533000000001], [-96.857183, 32.70581], [-96.858608, 32.705799], [-96.860824, 32.70482799999999], [-96.86336400000002, 32.70479900000001], [-96.865907, 32.70495700000003], [-96.873086, 32.704947999999995], [-96.874974, 32.705698999999996]]]}}, {"id": "361", "type": "Feature", "properties": {"geoid": "48113010805", "alley_mi": 2.065, "alley_density": 1.757, "area_sqmi": 1.175}, "geometry": {"type": "Polygon", "coordinates": [[[-96.9028, 32.70582700000003], [-96.901775, 32.70701100000001], [-96.90019600000001, 32.70785300000001], [-96.895136, 32.70985700000001], [-96.89031400000002, 32.71144099999999], [-96.88738, 32.71268499999999], [-96.881364, 32.71581799999999], [-96.880997, 32.71636099999998], [-96.881095, 32.71666900000002], [-96.875638, 32.71844500000001], [-96.87294700000001, 32.71913], [-96.870114, 32.72025599999999], [-96.865722, 32.72025599999999], [-96.86582, 32.71317499999999], [-96.86570800000001, 32.713027000000004], [-96.865698, 32.71136700000001], [-96.865863, 32.70832800000001], [-96.874075, 32.708283999999985], [-96.874143, 32.707245], [-96.874974, 32.705698999999996], [-96.876076, 32.70584899999999], [-96.9028, 32.70582700000003]]]}}, {"id": "362", "type": "Feature", "properties": {"geoid": "48113006401", "alley_mi": 3.441, "alley_density": 11.452, "area_sqmi": 0.3}, "geometry": {"type": "Polygon", "coordinates": [[[-96.86886900000002, 32.720945], [-96.868851, 32.728962000000024], [-96.863661, 32.729225], [-96.857069, 32.72921500000003], [-96.857079, 32.72533000000001], [-96.859281, 32.724145], [-96.861053, 32.72340199999997], [-96.868985, 32.72065599999999], [-96.86886900000002, 32.720945]]]}}, {"id": "363", "type": "Feature", "properties": {"geoid": "48113013104", "alley_mi": 1.426, "alley_density": 6.841, "area_sqmi": 0.208}, "geometry": {"type": "Polygon", "coordinates": [[[-96.778681, 32.881166], [-96.778445, 32.88169300000001], [-96.77714, 32.883193], [-96.77719500000002, 32.88383600000001], [-96.777776, 32.885103], [-96.777703, 32.885833999999996], [-96.777348, 32.886538], [-96.776031, 32.886322], [-96.7711, 32.88772599999999], [-96.770045, 32.88773499999997], [-96.770208, 32.88604000000001], [-96.770249, 32.88015], [-96.778675, 32.880160999999994], [-96.778681, 32.881166]]]}}, {"id": "365", "type": "Feature", "properties": {"geoid": "48113007823", "alley_mi": 0.001, "alley_density": 0.001, "area_sqmi": 0.622}, "geometry": {"type": "Polygon", "coordinates": [[[-96.770045, 32.88773499999997], [-96.769314, 32.892637], [-96.769109, 32.905495999999985], [-96.767646, 32.90493300000001], [-96.766551, 32.90332700000001], [-96.766527, 32.902547999999975], [-96.765971, 32.901566000000024], [-96.765556, 32.90120399999999], [-96.764532, 32.900864000000006], [-96.762862, 32.897581], [-96.762176, 32.89745500000002], [-96.76159300000002, 32.89682100000001], [-96.761455, 32.89649200000001], [-96.761854, 32.895958], [-96.761802, 32.895491], [-96.761367, 32.895079999999986], [-96.760287, 32.894613000000014], [-96.760532, 32.893841999999985], [-96.760496, 32.893284], [-96.760014, 32.89267100000001], [-96.759835, 32.89208499999999], [-96.759174, 32.891486], [-96.759116, 32.89053499999999], [-96.758129, 32.889892999999994], [-96.757432, 32.889679000000015], [-96.756688, 32.889043000000015], [-96.757714, 32.88728199999998], [-96.759271, 32.88336699999999], [-96.762952, 32.88333099999999], [-96.764023, 32.88310500000001], [-96.764901, 32.88268900000001], [-96.764813, 32.88762900000002], [-96.765626, 32.887470000000015], [-96.768432, 32.887458], [-96.770045, 32.88773499999997]]]}}, {"id": "366", "type": "Feature", "properties": {"geoid": "48113007822", "alley_mi": 0.413, "alley_density": 0.688, "area_sqmi": 0.601}, "geometry": {"type": "Polygon", "coordinates": [[[-96.770373, 32.865603], [-96.770208, 32.88604000000001], [-96.770045, 32.88773499999997], [-96.768432, 32.887458], [-96.765626, 32.887470000000015], [-96.764813, 32.88762900000002], [-96.764901, 32.88268900000001], [-96.764023, 32.88310500000001], [-96.762952, 32.88333099999999], [-96.759271, 32.88336699999999], [-96.759893, 32.88153500000001], [-96.760036, 32.879426000000024], [-96.76313, 32.87337600000001], [-96.765915, 32.870639999999995], [-96.766641, 32.868514999999995], [-96.767273, 32.865537000000025], [-96.770373, 32.865603]]]}}, {"id": "367", "type": "Feature", "properties": {"geoid": "48113007821", "alley_mi": 0.0, "alley_density": 0.0, "area_sqmi": 0.522}, "geometry": {"type": "Polygon", "coordinates": [[[-96.760155, 32.871203], [-96.748962, 32.88041100000001], [-96.748626, 32.880160999999994], [-96.747245, 32.877989000000014], [-96.746641, 32.87770100000001], [-96.746, 32.87707099999999], [-96.745957, 32.876894000000014], [-96.746241, 32.87652], [-96.745628, 32.876112], [-96.74557100000001, 32.87555199999999], [-96.744737, 32.87508400000001], [-96.743796, 32.875227], [-96.742946, 32.874875999999986], [-96.742787, 32.87413600000001], [-96.742599, 32.874003], [-96.742154, 32.874057], [-96.74198200000001, 32.873858000000006], [-96.742693, 32.873464000000006], [-96.742249, 32.873167999999986], [-96.741978, 32.87223300000001], [-96.741689, 32.87216000000001], [-96.741251, 32.87249000000001], [-96.74089, 32.87249699999999], [-96.740806, 32.87211399999999], [-96.740999, 32.87124300000001], [-96.740266, 32.871223000000015], [-96.739848, 32.87081800000001], [-96.740115, 32.87045199999999], [-96.740062, 32.87012300000003], [-96.740211, 32.869841], [-96.740012, 32.86935799999999], [-96.74036700000002, 32.86879999999999], [-96.740083, 32.86794400000002], [-96.739577, 32.86756200000001], [-96.743693, 32.86513300000001], [-96.742677, 32.868072999999995], [-96.760155, 32.871203]]]}}, {"id": "368", "type": "Feature", "properties": {"geoid": "48113013011", "alley_mi": 0.402, "alley_density": 1.055, "area_sqmi": 0.381}, "geometry": {"type": "Polygon", "coordinates": [[[-96.700546, 32.878858000000015], [-96.70047000000001, 32.88588799999999], [-96.696982, 32.88412399999999], [-96.687922, 32.87868900000001], [-96.689481, 32.878681000000014], [-96.687091, 32.87738000000001], [-96.683178, 32.873959000000006], [-96.683199, 32.871498], [-96.68584, 32.871585999999986], [-96.687117, 32.872491000000004], [-96.68866, 32.873028999999995], [-96.689502, 32.87312500000001], [-96.69020100000002, 32.87385800000001], [-96.691811, 32.874601000000006], [-96.692527, 32.874576999999995], [-96.693844, 32.874177000000024], [-96.693864, 32.87521399999999], [-96.694262, 32.87620600000001], [-96.69428, 32.87868700000001], [-96.700546, 32.878858000000015]]]}}, {"id": "369", "type": "Feature", "properties": {"geoid": "48113007827", "alley_mi": 0.0, "alley_density": 0.0, "area_sqmi": 0.199}, "geometry": {"type": "Polygon", "coordinates": [[[-96.735037, 32.878562999999986], [-96.734739, 32.881805], [-96.733541, 32.88593200000002], [-96.733013, 32.88736899999999], [-96.732278, 32.888435000000015], [-96.727681, 32.89184099999999], [-96.724448, 32.89458800000001], [-96.72186800000001, 32.89454799999999], [-96.726092, 32.891044000000015], [-96.729514, 32.88925500000002], [-96.730115, 32.888715999999995], [-96.730786, 32.887779], [-96.731089, 32.886031999999986], [-96.730005, 32.881960000000014], [-96.730022, 32.88120000000001], [-96.730704, 32.878594000000014], [-96.735037, 32.878562999999986]]]}}, {"id": "370", "type": "Feature", "properties": {"geoid": "48113013005", "alley_mi": 10.673, "alley_density": 13.829, "area_sqmi": 0.772}, "geometry": {"type": "Polygon", "coordinates": [[[-96.710767, 32.86433399999998], [-96.710588, 32.869234999999975], [-96.708706, 32.87218299999998], [-96.70851, 32.87273199999999], [-96.708468, 32.87926900000001], [-96.709174, 32.88066499999999], [-96.709163, 32.88614199999999], [-96.704061, 32.886167000000015], [-96.7014, 32.884693999999996], [-96.700461, 32.884529000000015], [-96.70055200000002, 32.878910999999995], [-96.700138, 32.87520300000001], [-96.700108, 32.87225499999998], [-96.700519, 32.870580000000004], [-96.700553, 32.86417200000001], [-96.710658, 32.86419899999998], [-96.710767, 32.86433399999998]]]}}, {"id": "371", "type": "Feature", "properties": {"geoid": "48113013007", "alley_mi": 6.839, "alley_density": 11.208, "area_sqmi": 0.61}, "geometry": {"type": "Polygon", "coordinates": [[[-96.700553, 32.86417200000001], [-96.700519, 32.870580000000004], [-96.700108, 32.87225499999998], [-96.700138, 32.87520300000001], [-96.700546, 32.878858000000015], [-96.69428, 32.87868700000001], [-96.694262, 32.87620600000001], [-96.693847, 32.875021999999994], [-96.693836, 32.870683], [-96.692997, 32.870588999999995], [-96.691579, 32.869647], [-96.690937, 32.86944900000002], [-96.683201, 32.869406999999995], [-96.683219, 32.864142000000015], [-96.700553, 32.86417200000001]]]}}, {"id": "372", "type": "Feature", "properties": {"geoid": "48113013008", "alley_mi": 8.646, "alley_density": 12.403, "area_sqmi": 0.697}, "geometry": {"type": "Polygon", "coordinates": [[[-96.73109900000001, 32.88637999999998], [-96.730786, 32.887779], [-96.730115, 32.888715999999995], [-96.729514, 32.88925500000002], [-96.726092, 32.891044000000015], [-96.722805, 32.89389800000001], [-96.721402, 32.894834], [-96.717887, 32.89613800000001], [-96.717963, 32.87886100000002], [-96.72896, 32.87874800000003], [-96.730704, 32.878594000000014], [-96.730022, 32.88120000000001], [-96.730005, 32.881960000000014], [-96.730893, 32.885066000000016], [-96.73109900000001, 32.88637999999998]]]}}, {"id": "373", "type": "Feature", "properties": {"geoid": "48113013009", "alley_mi": 9.149, "alley_density": 13.541, "area_sqmi": 0.676}, "geometry": {"type": "Polygon", "coordinates": [[[-96.717963, 32.878967], [-96.717887, 32.89613800000001], [-96.713715, 32.89742699999999], [-96.71255, 32.89607300000002], [-96.709966, 32.892288000000015], [-96.708434, 32.89064499999999], [-96.705758, 32.888593], [-96.70047000000001, 32.88588799999999], [-96.700461, 32.884529000000015], [-96.7014, 32.884693999999996], [-96.704061, 32.886167000000015], [-96.709163, 32.88614199999999], [-96.709174, 32.88066499999999], [-96.708492, 32.87942400000001], [-96.708459, 32.878932], [-96.717842, 32.878859], [-96.717963, 32.878967]]]}}, {"id": "374", "type": "Feature", "properties": {"geoid": "48113013101", "alley_mi": 9.298, "alley_density": 9.19, "area_sqmi": 1.012}, "geometry": {"type": "Polygon", "coordinates": [[[-96.788423, 32.901445], [-96.788316, 32.90347400000002], [-96.786631, 32.906274999999994], [-96.786532, 32.909864000000006], [-96.774479, 32.909767000000016], [-96.771796, 32.90940200000001], [-96.769032, 32.909347000000004], [-96.769197, 32.89871300000001], [-96.770754, 32.89868000000003], [-96.773867, 32.89764699999999], [-96.775386, 32.896481999999985], [-96.779173, 32.89502800000001], [-96.781244, 32.89497500000001], [-96.782746, 32.89475000000001], [-96.787861, 32.894823999999986], [-96.788423, 32.901445]]]}}, {"id": "375", "type": "Feature", "properties": {"geoid": "48113007826", "alley_mi": 0.0, "alley_density": 0.0, "area_sqmi": 0.229}, "geometry": {"type": "Polygon", "coordinates": [[[-96.739577, 32.86756200000001], [-96.736374, 32.869442], [-96.735459, 32.87042399999999], [-96.734875, 32.871581], [-96.734703, 32.87303600000002], [-96.735037, 32.878562999999986], [-96.730704, 32.878594000000014], [-96.730865, 32.87731799999998], [-96.730754, 32.87490400000001], [-96.73091, 32.87385800000001], [-96.733338, 32.86843700000001], [-96.733619, 32.86699600000002], [-96.733953, 32.863231000000006], [-96.73448, 32.86327800000001], [-96.735403, 32.863976000000015], [-96.736882, 32.864655000000035], [-96.737001, 32.86512200000001], [-96.737745, 32.865653000000016], [-96.738464, 32.86665], [-96.73846900000001, 32.867137], [-96.739577, 32.86756200000001]]]}}, {"id": "376", "type": "Feature", "properties": {"geoid": "48113007824", "alley_mi": 4.939, "alley_density": 10.911, "area_sqmi": 0.453}, "geometry": {"type": "Polygon", "coordinates": [[[-96.741641, 32.875948], [-96.741661, 32.886094000000014], [-96.738582, 32.88579300000001], [-96.733541, 32.88593200000002], [-96.734624, 32.88227499999999], [-96.735008, 32.879963], [-96.734703, 32.87303600000002], [-96.734798, 32.871806], [-96.735459, 32.87042399999999], [-96.736374, 32.869442], [-96.739577, 32.86756200000001], [-96.740083, 32.86794400000002], [-96.74036700000002, 32.86879999999999], [-96.740012, 32.86935799999999], [-96.740211, 32.869841], [-96.740062, 32.87012300000003], [-96.740115, 32.87045199999999], [-96.739848, 32.87081800000001], [-96.740266, 32.871223000000015], [-96.740956, 32.871198], [-96.741039, 32.87142300000002], [-96.740831, 32.872401999999994], [-96.741065, 32.87253899999998], [-96.741382, 32.872393000000024], [-96.741318, 32.873585], [-96.741641, 32.875948]]]}}, {"id": "377", "type": "Feature", "properties": {"geoid": "48113007825", "alley_mi": 8.077, "alley_density": 11.744, "area_sqmi": 0.688}, "geometry": {"type": "Polygon", "coordinates": [[[-96.741781, 32.890338], [-96.741475, 32.891939], [-96.739457, 32.89618600000001], [-96.738351, 32.90041500000002], [-96.736949, 32.900562], [-96.736508, 32.900833], [-96.73596, 32.90151499999999], [-96.73535100000001, 32.901763999999986], [-96.732451, 32.90174500000001], [-96.731317, 32.901324], [-96.728738, 32.90129400000001], [-96.727747, 32.901134], [-96.727163, 32.900297999999985], [-96.727612, 32.900230000000015], [-96.72780500000002, 32.89991500000001], [-96.728433, 32.89958000000001], [-96.728566, 32.899043], [-96.729128, 32.898344], [-96.729106, 32.897475000000014], [-96.729865, 32.897041000000016], [-96.729691, 32.896711000000025], [-96.729053, 32.896448000000014], [-96.728919, 32.895958], [-96.729089, 32.89568200000001], [-96.729048, 32.89515099999999], [-96.72936500000002, 32.89490300000002], [-96.729929, 32.89478199999999], [-96.73012, 32.8945], [-96.724448, 32.89458800000001], [-96.727681, 32.89184099999999], [-96.73214300000001, 32.88857799999999], [-96.733013, 32.88736899999999], [-96.733541, 32.88593200000002], [-96.738582, 32.88579300000001], [-96.741661, 32.886094000000014], [-96.741781, 32.890338]]]}}, {"id": "378", "type": "Feature", "properties": {"geoid": "48113013102", "alley_mi": 6.522, "alley_density": 12.213, "area_sqmi": 0.534}, "geometry": {"type": "Polygon", "coordinates": [[[-96.787861, 32.894823999999986], [-96.782746, 32.89475000000001], [-96.781244, 32.89497500000001], [-96.77962, 32.894995], [-96.779472, 32.893434], [-96.77880400000001, 32.892927], [-96.777635, 32.89157100000002], [-96.77723600000002, 32.890892000000015], [-96.77702300000001, 32.890031000000015], [-96.777046, 32.88719500000002], [-96.777787, 32.885374000000006], [-96.77719500000002, 32.88383600000001], [-96.77714, 32.883193], [-96.7786, 32.881430000000016], [-96.778675, 32.880160999999994], [-96.786662, 32.880032], [-96.786685, 32.88619400000001], [-96.786846, 32.88620099999999], [-96.786928, 32.892592000000015], [-96.787107, 32.89331500000002], [-96.787861, 32.894823999999986]]]}}, {"id": "383", "type": "Feature", "properties": {"geoid": "48113007910", "alley_mi": 0.0, "alley_density": 0.0, "area_sqmi": 0.197}, "geometry": {"type": "Polygon", "coordinates": [[[-96.76597, 32.85739299999999], [-96.765399, 32.858102], [-96.764685, 32.86073400000001], [-96.763844, 32.86138100000001], [-96.762981, 32.861536], [-96.761953, 32.861233999999996], [-96.761452, 32.86074800000001], [-96.760788, 32.85971000000001], [-96.76021700000001, 32.85921099999998], [-96.758259, 32.858333000000016], [-96.756517, 32.857045000000014], [-96.758527, 32.854825], [-96.759781, 32.85283800000001], [-96.762113, 32.853677999999995], [-96.764387, 32.853486999999994], [-96.76531, 32.85530700000001], [-96.765439, 32.856648], [-96.76597, 32.85739299999999]]]}}, {"id": "384", "type": "Feature", "properties": {"geoid": "48113007909", "alley_mi": 0.0, "alley_density": 0.0, "area_sqmi": 0.194}, "geometry": {"type": "Polygon", "coordinates": [[[-96.77157100000001, 32.85099700000001], [-96.770648, 32.854613], [-96.770454, 32.85709399999998], [-96.766911, 32.85717400000001], [-96.76597, 32.85739299999999], [-96.765439, 32.856648], [-96.76531, 32.85530700000001], [-96.764387, 32.853486999999994], [-96.762113, 32.853677999999995], [-96.759781, 32.85283800000001], [-96.76064300000002, 32.85085900000001], [-96.771055, 32.85097099999998], [-96.77157100000001, 32.85099700000001]]]}}, {"id": "393", "type": "Feature", "properties": {"geoid": "48113013300", "alley_mi": 7.664, "alley_density": 7.976, "area_sqmi": 0.961}, "geometry": {"type": "Polygon", "coordinates": [[[-96.804153, 32.90773699999997], [-96.803972, 32.90952900000002], [-96.794684, 32.909441], [-96.791476, 32.90974999999998], [-96.786532, 32.909864000000006], [-96.786631, 32.906274999999994], [-96.788374, 32.90322499999998], [-96.78841, 32.90080499999999], [-96.787861, 32.894823999999986], [-96.80391, 32.894917], [-96.803924, 32.901078000000005], [-96.804153, 32.90773699999997]]]}}, {"id": "394", "type": "Feature", "properties": {"geoid": "48113013400", "alley_mi": 10.09, "alley_density": 11.668, "area_sqmi": 0.865}, "geometry": {"type": "Polygon", "coordinates": [[[-96.819817, 32.89494800000001], [-96.819678, 32.896741], [-96.818682, 32.89939200000001], [-96.8185, 32.900290999999996], [-96.818365, 32.909615], [-96.803972, 32.90952900000002], [-96.804157, 32.90723300000001], [-96.803924, 32.901078000000005], [-96.80391, 32.894917], [-96.819817, 32.89494800000001]]]}}, {"id": "395", "type": "Feature", "properties": {"geoid": "48113013500", "alley_mi": 9.768, "alley_density": 8.502, "area_sqmi": 1.149}, "geometry": {"type": "Polygon", "coordinates": [[[-96.838384, 32.895051], [-96.838331, 32.909621], [-96.818365, 32.909615], [-96.8185, 32.900290999999996], [-96.818682, 32.89939200000001], [-96.819678, 32.896741], [-96.819817, 32.89494800000001], [-96.838384, 32.895051]]]}}, {"id": "396", "type": "Feature", "properties": {"geoid": "48113013605", "alley_mi": 15.147, "alley_density": 13.897, "area_sqmi": 1.09}, "geometry": {"type": "Polygon", "coordinates": [[[-96.786473, 32.96217200000001], [-96.786329, 32.96768300000002], [-96.785984, 32.96842099999999], [-96.78433, 32.970517999999984], [-96.784066, 32.971392], [-96.784082, 32.97500799999999], [-96.785715, 32.97781500000001], [-96.785752, 32.979279000000005], [-96.782644, 32.979230000000015], [-96.779469, 32.97836800000001], [-96.768214, 32.97835099999999], [-96.768249, 32.97668800000001], [-96.768867, 32.974815], [-96.768923, 32.97384699999999], [-96.768942, 32.962237], [-96.770492, 32.962027], [-96.786473, 32.96217200000001]]]}}, {"id": "397", "type": "Feature", "properties": {"geoid": "48113013606", "alley_mi": 9.08, "alley_density": 10.067, "area_sqmi": 0.902}, "geometry": {"type": "Polygon", "coordinates": [[[-96.804652, 32.956931], [-96.804585, 32.96237199999999], [-96.797699, 32.962342], [-96.794847, 32.96281900000001], [-96.792415, 32.96268], [-96.790116, 32.96219000000002], [-96.786473, 32.96217200000001], [-96.786507, 32.959218], [-96.786828, 32.95794], [-96.786841, 32.95417500000001], [-96.786505, 32.95327000000001], [-96.784914, 32.951072], [-96.784739, 32.94993299999999], [-96.79198, 32.95000400000001], [-96.797157, 32.94973599999999], [-96.79848, 32.949954], [-96.798685, 32.949779000000014], [-96.803622, 32.949851], [-96.803705, 32.951961000000004], [-96.804463, 32.95510199999996], [-96.804652, 32.956931]]]}}, {"id": "398", "type": "Feature", "properties": {"geoid": "48113013608", "alley_mi": 4.727, "alley_density": 2.723, "area_sqmi": 1.736}, "geometry": {"type": "Polygon", "coordinates": [[[-96.803955, 32.93651700000001], [-96.803615, 32.940542000000015], [-96.803622, 32.949851], [-96.798685, 32.949779000000014], [-96.79848, 32.949954], [-96.797157, 32.94973599999999], [-96.79198, 32.95000400000001], [-96.784739, 32.94993299999999], [-96.785462, 32.94852900000001], [-96.78624600000002, 32.943564999999985], [-96.786314, 32.92486900000003], [-96.788006, 32.925072], [-96.799733, 32.925164999999986], [-96.803568, 32.925639999999994], [-96.803566, 32.93179099999998], [-96.803945, 32.934968999999974], [-96.803955, 32.93651700000001]]]}}, {"id": "404", "type": "Feature", "properties": {"geoid": "48113009101", "alley_mi": 5.521, "alley_density": 4.215, "area_sqmi": 1.31}, "geometry": {"type": "Polygon", "coordinates": [[[-96.719436, 32.765751000000016], [-96.716563, 32.765574], [-96.715581, 32.765372], [-96.714289, 32.76488], [-96.712299, 32.763712999999996], [-96.710795, 32.76331100000004], [-96.705755, 32.763155], [-96.702851, 32.76338499999999], [-96.693215, 32.763283000000015], [-96.690562, 32.76292599999999], [-96.687978, 32.76339899999999], [-96.682669, 32.763365000000015], [-96.682547, 32.76292699999999], [-96.68275, 32.759193], [-96.682793, 32.74888699999998], [-96.704211, 32.749152], [-96.703846, 32.750620999999995], [-96.703788, 32.756152], [-96.70405, 32.75735699999999], [-96.704752, 32.758463], [-96.706165, 32.75955199999997], [-96.715075, 32.764884], [-96.716198, 32.765296], [-96.719463, 32.76557999999999], [-96.719436, 32.765751000000016]]]}}, {"id": "409", "type": "Feature", "properties": {"geoid": "48113009401", "alley_mi": 8.604, "alley_density": 14.101, "area_sqmi": 0.61}, "geometry": {"type": "Polygon", "coordinates": [[[-96.856174, 32.862930999999996], [-96.856275, 32.880427999999995], [-96.855752, 32.88030800000001], [-96.846327, 32.880299], [-96.846301, 32.878825000000006], [-96.846508, 32.878569999999975], [-96.846504, 32.87768200000001], [-96.846266, 32.877294], [-96.846314, 32.875311999999994], [-96.846576, 32.87470800000001], [-96.847376, 32.87378400000002], [-96.847545, 32.872479999999996], [-96.848607, 32.871457], [-96.848841, 32.870858999999996], [-96.84903100000001, 32.863916], [-96.849495, 32.86335400000001], [-96.850418, 32.862970999999995], [-96.850227, 32.862445], [-96.855192, 32.86097100000001], [-96.85597, 32.86225400000001], [-96.856174, 32.862930999999996]]]}}, {"id": "410", "type": "Feature", "properties": {"geoid": "48113009402", "alley_mi": 7.226, "alley_density": 11.296, "area_sqmi": 0.64}, "geometry": {"type": "Polygon", "coordinates": [[[-96.850418, 32.862970999999995], [-96.849495, 32.86335400000001], [-96.84911, 32.86377000000002], [-96.848929, 32.86426499999999], [-96.848804, 32.871059], [-96.848607, 32.871457], [-96.847545, 32.872479999999996], [-96.847376, 32.87378400000002], [-96.846576, 32.87470800000001], [-96.846314, 32.875311999999994], [-96.846266, 32.877294], [-96.846504, 32.87768200000001], [-96.846508, 32.878569999999975], [-96.846301, 32.878825000000006], [-96.846327, 32.88040899999999], [-96.838533, 32.880322], [-96.838596, 32.870038000000015], [-96.837428, 32.86587600000003], [-96.836441, 32.86395699999999], [-96.838799, 32.864047], [-96.845038, 32.863797999999996], [-96.850227, 32.862445], [-96.850418, 32.862970999999995]]]}}, {"id": "411", "type": "Feature", "properties": {"geoid": "48113009500", "alley_mi": 9.486, "alley_density": 9.002, "area_sqmi": 1.054}, "geometry": {"type": "Polygon", "coordinates": [[[-96.856275, 32.880427999999995], [-96.856243, 32.895179999999996], [-96.838384, 32.895051], [-96.838533, 32.880322], [-96.844971, 32.88042300000001], [-96.846327, 32.88040899999999], [-96.846327, 32.880299], [-96.855752, 32.88030800000001], [-96.856275, 32.880427999999995]]]}}, {"id": "428", "type": "Feature", "properties": {"geoid": "48113018508", "alley_mi": 0.432, "alley_density": 4.901, "area_sqmi": 0.088}, "geometry": {"type": "Polygon", "coordinates": [[[-96.722365, 32.90336499999998], [-96.72149, 32.904031999999994], [-96.721087, 32.904932], [-96.720638, 32.905399999999986], [-96.721012, 32.90594600000002], [-96.720282, 32.906422], [-96.719963, 32.90787699999999], [-96.717814, 32.908620000000006], [-96.717855, 32.904316000000016], [-96.717646, 32.903519], [-96.717203, 32.90272099999999], [-96.717137, 32.902192000000014], [-96.717197, 32.90162900000001], [-96.717717, 32.90058200000001], [-96.722365, 32.90336499999998]]]}}, {"id": "432", "type": "Feature", "properties": {"geoid": "48113011500", "alley_mi": 0.0, "alley_density": 0.0, "area_sqmi": 6.156}, "geometry": {"type": "Polygon", "coordinates": [[[-96.75800600000001, 32.728019999999994], [-96.757516, 32.740695000000024], [-96.757125, 32.741161], [-96.756817, 32.74116099999999], [-96.753452, 32.738369000000006], [-96.753374, 32.743691999999996], [-96.741387, 32.75791399999999], [-96.740564, 32.759425], [-96.737677, 32.766146000000035], [-96.723983, 32.76580399999998], [-96.716198, 32.765296], [-96.715075, 32.764884], [-96.706165, 32.75955199999997], [-96.704898, 32.758611], [-96.70428400000002, 32.757824], [-96.703875, 32.756791000000014], [-96.703759, 32.755587], [-96.703817, 32.75116200000001], [-96.704022, 32.74971], [-96.704444, 32.74843000000001], [-96.704878, 32.747644], [-96.707906, 32.742734000000006], [-96.709765, 32.740074000000014], [-96.710452, 32.73871900000003], [-96.710551, 32.73785], [-96.710333, 32.734432999999996], [-96.711946, 32.734366], [-96.712935, 32.73388800000001], [-96.714263, 32.735323], [-96.717525, 32.73821400000001], [-96.72058, 32.73639800000002], [-96.720848, 32.736434999999986], [-96.721235, 32.737007], [-96.721654, 32.736870000000025], [-96.722304, 32.73632500000001], [-96.72254, 32.73582999999999], [-96.722905, 32.73551700000001], [-96.72351, 32.734346], [-96.7239, 32.73289799999998], [-96.723829, 32.73258699999999], [-96.723449, 32.73243200000001], [-96.722016, 32.73243599999999], [-96.721489, 32.73181100000001], [-96.723748, 32.73059699999999], [-96.724144, 32.72961], [-96.724068, 32.729227000000016], [-96.724821, 32.72880200000001], [-96.725002, 32.72818000000001], [-96.725556, 32.72776399999999], [-96.728637, 32.726955], [-96.729085, 32.72717600000001], [-96.728942, 32.727971999999994], [-96.729053, 32.728232999999996], [-96.72931, 32.72829299999999], [-96.730652, 32.72748000000001], [-96.73185, 32.727356], [-96.7327, 32.726890000000004], [-96.733108, 32.72688400000001], [-96.733285, 32.726371999999984], [-96.733885, 32.72659400000002], [-96.734081, 32.72784], [-96.734648, 32.72803899999998], [-96.734839, 32.727928000000006], [-96.73518, 32.72717999999999], [-96.736283, 32.726763999999996], [-96.736397, 32.726549999999996], [-96.736153, 32.72638900000001], [-96.736004, 32.725843], [-96.735136, 32.7254], [-96.73535, 32.724717000000005], [-96.733974, 32.72426599999999], [-96.73404300000001, 32.723626], [-96.735471, 32.72403699999999], [-96.73954800000001, 32.72370200000002], [-96.743657, 32.724005], [-96.745463, 32.723541], [-96.746237, 32.723538000000005], [-96.747294, 32.72420600000002], [-96.747964, 32.725247999999986], [-96.748365, 32.725603], [-96.749422, 32.726052], [-96.750983, 32.72640200000001], [-96.753462, 32.728224999999995], [-96.754993, 32.72836399999999], [-96.75800600000001, 32.728019999999994]]]}}, {"id": "433", "type": "Feature", "properties": {"geoid": "48113005902", "alley_mi": 3.97, "alley_density": 5.183, "area_sqmi": 0.766}, "geometry": {"type": "Polygon", "coordinates": [[[-96.824225, 32.70099099999999], [-96.822946, 32.70099200000001], [-96.822971, 32.70752000000001], [-96.814581, 32.70752399999999], [-96.814706, 32.692774000000014], [-96.814472, 32.687232000000016], [-96.814534, 32.68387400000001], [-96.816325, 32.683903], [-96.817154, 32.68408599999999], [-96.821175, 32.686522999999994], [-96.823126, 32.687101], [-96.823276, 32.69130800000001], [-96.82307, 32.69131599999999], [-96.823104, 32.696457000000024], [-96.823526, 32.698948], [-96.824225, 32.70099099999999]]]}}, {"id": "434", "type": "Feature", "properties": {"geoid": "48113007601", "alley_mi": 4.496, "alley_density": 4.257, "area_sqmi": 1.056}, "geometry": {"type": "Polygon", "coordinates": [[[-96.838533, 32.880322], [-96.838384, 32.895051], [-96.819817, 32.89494800000001], [-96.819896, 32.889702], [-96.82021800000001, 32.888787], [-96.820844, 32.88802999999999], [-96.821035, 32.88755500000001], [-96.821126, 32.88024500000002], [-96.838533, 32.880322]]]}}, {"id": "435", "type": "Feature", "properties": {"geoid": "48113007604", "alley_mi": 11.469, "alley_density": 11.31, "area_sqmi": 1.014}, "geometry": {"type": "Polygon", "coordinates": [[[-96.803938, 32.88011200000001], [-96.80391, 32.894917], [-96.787861, 32.894823999999986], [-96.787107, 32.89331500000002], [-96.786928, 32.892592000000015], [-96.786846, 32.88620099999999], [-96.786685, 32.88619400000001], [-96.786662, 32.880032], [-96.793218, 32.879867], [-96.795169, 32.88008700000001], [-96.803938, 32.88011200000001]]]}}, {"id": "436", "type": "Feature", "properties": {"geoid": "48113007605", "alley_mi": 4.903, "alley_density": 4.989, "area_sqmi": 0.983}, "geometry": {"type": "Polygon", "coordinates": [[[-96.821126, 32.88024500000002], [-96.821035, 32.88755500000001], [-96.820844, 32.88802999999999], [-96.82021800000001, 32.888787], [-96.819896, 32.889702], [-96.819817, 32.89494800000001], [-96.80391, 32.894917], [-96.803938, 32.88011200000001], [-96.821126, 32.88024500000002]]]}}, {"id": "437", "type": "Feature", "properties": {"geoid": "48113007801", "alley_mi": 7.361, "alley_density": 7.709, "area_sqmi": 0.955}, "geometry": {"type": "Polygon", "coordinates": [[[-96.786752, 32.86545099999998], [-96.786662, 32.880032], [-96.770249, 32.88015], [-96.770373, 32.865603], [-96.783065, 32.865583000000015], [-96.783068, 32.865375], [-96.786752, 32.86545099999998]]]}}, {"id": "438", "type": "Feature", "properties": {"geoid": "48113007805", "alley_mi": 6.417, "alley_density": 6.166, "area_sqmi": 1.041}, "geometry": {"type": "Polygon", "coordinates": [[[-96.769109, 32.905495999999985], [-96.769032, 32.909347000000004], [-96.746977, 32.909245000000006], [-96.749247, 32.903101], [-96.750914, 32.90041899999999], [-96.7511, 32.89951300000001], [-96.751088, 32.89747100000001], [-96.751449, 32.896278], [-96.751976, 32.895399999999995], [-96.753188, 32.89403600000001], [-96.754711, 32.89117700000001], [-96.756688, 32.889043000000015], [-96.757432, 32.889679000000015], [-96.758129, 32.889892999999994], [-96.759116, 32.89053499999999], [-96.759174, 32.891486], [-96.759835, 32.89208499999999], [-96.760014, 32.89267100000001], [-96.760496, 32.893284], [-96.760532, 32.893841999999985], [-96.760287, 32.894613000000014], [-96.761367, 32.895079999999986], [-96.761802, 32.895491], [-96.761854, 32.895958], [-96.761455, 32.89649200000001], [-96.76159300000002, 32.89682100000001], [-96.762176, 32.89745500000002], [-96.762862, 32.897581], [-96.764532, 32.900864000000006], [-96.765556, 32.90120399999999], [-96.765971, 32.901566000000024], [-96.766527, 32.902547999999975], [-96.766551, 32.90332700000001], [-96.767646, 32.90493300000001], [-96.769109, 32.905495999999985]]]}}, {"id": "442", "type": "Feature", "properties": {"geoid": "48113004700", "alley_mi": 2.317, "alley_density": 6.258, "area_sqmi": 0.37}, "geometry": {"type": "Polygon", "coordinates": [[[-96.837597, 32.743161], [-96.837584, 32.74948800000001], [-96.822882, 32.74941499999999], [-96.82284, 32.743505], [-96.823793, 32.743192000000015], [-96.837597, 32.743161]]]}}, {"id": "443", "type": "Feature", "properties": {"geoid": "48113004800", "alley_mi": 1.551, "alley_density": 2.384, "area_sqmi": 0.65}, "geometry": {"type": "Polygon", "coordinates": [[[-96.824337, 32.732815], [-96.823699, 32.73557499999997], [-96.823701, 32.738192], [-96.82342600000001, 32.739035], [-96.82281, 32.739802999999995], [-96.822882, 32.74941499999999], [-96.820208, 32.749429000000006], [-96.816614, 32.751177000000006], [-96.808906, 32.751219], [-96.809106, 32.74890499999997], [-96.809501, 32.747929], [-96.810687, 32.74634399999999], [-96.812696, 32.74483800000001], [-96.812691, 32.74174500000001], [-96.812478, 32.741093000000006], [-96.82195200000001, 32.73335100000003], [-96.823329, 32.73284099999999], [-96.824337, 32.732815]]]}}, {"id": "444", "type": "Feature", "properties": {"geoid": "48113005000", "alley_mi": 3.124, "alley_density": 5.715, "area_sqmi": 0.547}, "geometry": {"type": "Polygon", "coordinates": [[[-96.837505, 32.73807200000001], [-96.837597, 32.743161], [-96.824995, 32.74311100000001], [-96.823793, 32.743192000000015], [-96.82284, 32.743505], [-96.82281, 32.739802999999995], [-96.82342600000001, 32.739035], [-96.823701, 32.738192], [-96.823762, 32.73492200000002], [-96.824337, 32.732815], [-96.828734, 32.73316799999999], [-96.829541, 32.73336499999999], [-96.830963, 32.734034], [-96.832162, 32.73431299999999], [-96.833323, 32.734205000000024], [-96.837628, 32.73327999999999], [-96.837505, 32.73807200000001]]]}}, {"id": "445", "type": "Feature", "properties": {"geoid": "48113005100", "alley_mi": 3.046, "alley_density": 7.929, "area_sqmi": 0.384}, "geometry": {"type": "Polygon", "coordinates": [[[-96.849297, 32.72926600000001], [-96.849211, 32.734986], [-96.84430000000002, 32.734977], [-96.844128, 32.744322], [-96.840944, 32.74333], [-96.837597, 32.743161], [-96.83750900000001, 32.735264999999984], [-96.837628, 32.73327999999999], [-96.84317400000002, 32.732121000000014], [-96.849297, 32.72926600000001]]]}}, {"id": "446", "type": "Feature", "properties": {"geoid": "48113005200", "alley_mi": 6.257, "alley_density": 10.901, "area_sqmi": 0.574}, "geometry": {"type": "Polygon", "coordinates": [[[-96.856793, 32.74023699999999], [-96.85691700000001, 32.74780200000002], [-96.851221, 32.74655800000001], [-96.844128, 32.744322], [-96.84430000000002, 32.734977], [-96.851506, 32.734998999999995], [-96.8551, 32.73459400000001], [-96.856876, 32.734833], [-96.856793, 32.74023699999999]]]}}, {"id": "447", "type": "Feature", "properties": {"geoid": "48113002500", "alley_mi": 3.514, "alley_density": 2.117, "area_sqmi": 1.66}, "geometry": {"type": "Polygon", "coordinates": [[[-96.76873, 32.78460399999998], [-96.767406, 32.786196999999994], [-96.763693, 32.78926000000001], [-96.761866, 32.790274], [-96.759552, 32.790886], [-96.74216, 32.791698999999994], [-96.731398, 32.79171800000001], [-96.729178, 32.792111], [-96.729094, 32.783364], [-96.728843, 32.78013200000001], [-96.728461, 32.77779699999999], [-96.730612, 32.777572000000006], [-96.73361, 32.777645], [-96.741293, 32.77898999999999], [-96.747474, 32.779837], [-96.757659, 32.78168], [-96.76873, 32.78460399999998]]]}}, {"id": "448", "type": "Feature", "properties": {"geoid": "48113019019", "alley_mi": 4.956, "alley_density": 7.416, "area_sqmi": 0.668}, "geometry": {"type": "Polygon", "coordinates": [[[-96.718257, 32.91120100000003], [-96.717799, 32.91407700000001], [-96.717816, 32.920785], [-96.718089, 32.92305199999999], [-96.715207, 32.921697], [-96.71153, 32.919500000000006], [-96.711487, 32.919326999999996], [-96.707119, 32.91682200000002], [-96.70602000000001, 32.91660699999999], [-96.70039, 32.916561999999985], [-96.700544, 32.90902500000001], [-96.704119, 32.90900200000001], [-96.705763, 32.908737000000016], [-96.70642, 32.90911200000002], [-96.714793, 32.90919400000002], [-96.71597400000002, 32.909515000000006], [-96.717888, 32.909548], [-96.718257, 32.91120100000003]]]}}, {"id": "453", "type": "Feature", "properties": {"geoid": "48113005400", "alley_mi": 5.546, "alley_density": 5.425, "area_sqmi": 1.022}, "geometry": {"type": "Polygon", "coordinates": [[[-96.827462, 32.72036000000001], [-96.825468, 32.72729800000002], [-96.825181, 32.730232000000015], [-96.824337, 32.732815], [-96.822904, 32.73293799999999], [-96.82173, 32.733503], [-96.812478, 32.741093000000006], [-96.812282, 32.73977200000002], [-96.811694, 32.73850000000001], [-96.811553, 32.73730499999999], [-96.811421, 32.72743799999999], [-96.81080900000002, 32.726058], [-96.81094, 32.714911000000015], [-96.814573, 32.714962000000014], [-96.814521, 32.71908800000001], [-96.816947, 32.71909900000001], [-96.816937, 32.72021899999998], [-96.827462, 32.72036000000001]]]}}, {"id": "454", "type": "Feature", "properties": {"geoid": "48113005500", "alley_mi": 5.093, "alley_density": 4.885, "area_sqmi": 1.043}, "geometry": {"type": "Polygon", "coordinates": [[[-96.811437, 32.727700999999996], [-96.801395, 32.727666000000006], [-96.800549, 32.728201999999996], [-96.79904, 32.728731], [-96.798131, 32.729327999999995], [-96.794767, 32.73095000000001], [-96.790618, 32.737130000000015], [-96.789281, 32.73966], [-96.78902200000002, 32.73907199999999], [-96.787801, 32.73796000000001], [-96.786454, 32.73595600000001], [-96.785818, 32.734727000000014], [-96.785299, 32.732960000000006], [-96.785162, 32.731048], [-96.785392, 32.72942800000001], [-96.79934, 32.72278800000001], [-96.80054, 32.721815], [-96.800676, 32.72157200000002], [-96.796149, 32.719676000000014], [-96.79587, 32.718911000000006], [-96.799875, 32.71697399999999], [-96.805801, 32.71703], [-96.805845, 32.71317199999999], [-96.810977, 32.71317499999999], [-96.81080900000002, 32.726058], [-96.811437, 32.727700999999996]]]}}, {"id": "455", "type": "Feature", "properties": {"geoid": "48113005300", "alley_mi": 10.956, "alley_density": 13.535, "area_sqmi": 0.809}, "geometry": {"type": "Polygon", "coordinates": [[[-96.869688, 32.74124099999998], [-96.856879, 32.741259], [-96.856876, 32.734833], [-96.8551, 32.73459400000001], [-96.851974, 32.734974], [-96.849211, 32.734986], [-96.849297, 32.72926600000001], [-96.852547, 32.72799800000001], [-96.857079, 32.72533000000001], [-96.857069, 32.72921500000003], [-96.863661, 32.729225], [-96.868851, 32.728962000000024], [-96.86889, 32.73996300000001], [-96.869197, 32.740678999999986], [-96.869708, 32.741076], [-96.869688, 32.74124099999998]]]}}, {"id": "456", "type": "Feature", "properties": {"geoid": "48113005600", "alley_mi": 7.726, "alley_density": 8.183, "area_sqmi": 0.944}, "geometry": {"type": "Polygon", "coordinates": [[[-96.82985, 32.71181099999999], [-96.827462, 32.72036000000001], [-96.816937, 32.72021899999998], [-96.816947, 32.71909900000001], [-96.814521, 32.71908800000001], [-96.814573, 32.714962000000014], [-96.81094, 32.714911000000015], [-96.810977, 32.71317499999999], [-96.811505, 32.71317799999997], [-96.80817000000002, 32.70751699999999], [-96.822971, 32.70752000000001], [-96.822946, 32.70099200000001], [-96.824225, 32.70099099999999], [-96.82623900000002, 32.70435199999999], [-96.828565, 32.70739699999999], [-96.829474, 32.70964699999999], [-96.82985, 32.71181099999999]]]}}, {"id": "457", "type": "Feature", "properties": {"geoid": "48113013624", "alley_mi": 0.0, "alley_density": 0.0, "area_sqmi": 0.254}, "geometry": {"type": "Polygon", "coordinates": [[[-96.82351000000001, 32.94981799999999], [-96.823352, 32.95109299999999], [-96.822338, 32.95290799999999], [-96.822096, 32.954019999999986], [-96.818521, 32.95398899999997], [-96.818441, 32.953261999999974], [-96.818782, 32.95244399999999], [-96.818745, 32.951633], [-96.81642, 32.94699000000001], [-96.814586, 32.94435800000001], [-96.814031, 32.93941399999999], [-96.817927, 32.939413000000016], [-96.817916, 32.94336199999998], [-96.819003, 32.94669600000001], [-96.819113, 32.946833999999996], [-96.822422, 32.94682000000002], [-96.82342600000001, 32.94657300000001], [-96.82351000000001, 32.94981799999999]]]}}, {"id": "458", "type": "Feature", "properties": {"geoid": "48113005700", "alley_mi": 1.502, "alley_density": 1.37, "area_sqmi": 1.096}, "geometry": {"type": "Polygon", "coordinates": [[[-96.811505, 32.71317799999997], [-96.804382, 32.713164000000006], [-96.804334, 32.71232400000002], [-96.80405500000002, 32.71155400000001], [-96.800385, 32.70618299999999], [-96.795163, 32.708675000000014], [-96.794034, 32.70700599999999], [-96.795778, 32.70615899999999], [-96.79639000000002, 32.70605400000004], [-96.793223, 32.701301000000015], [-96.79500000000002, 32.700471], [-96.792781, 32.697183999999986], [-96.794376, 32.696841000000006], [-96.789961, 32.686289999999985], [-96.796661, 32.684471], [-96.797244, 32.68565699999999], [-96.803603, 32.69487099999999], [-96.80362100000002, 32.697252], [-96.804339, 32.69848199999999], [-96.805164, 32.698101000000015], [-96.805997, 32.69810400000002], [-96.808718, 32.70266799999998], [-96.807036, 32.703540999999994], [-96.80704600000001, 32.705637999999986], [-96.811505, 32.71317799999997]]]}}, {"id": "459", "type": "Feature", "properties": {"geoid": "48113007815", "alley_mi": 0.134, "alley_density": 0.274, "area_sqmi": 0.489}, "geometry": {"type": "Polygon", "coordinates": [[[-96.764882, 32.871736000000006], [-96.76313, 32.87337600000001], [-96.761067, 32.87762600000001], [-96.760132, 32.879185], [-96.759962, 32.87972800000001], [-96.759856, 32.88169499999998], [-96.757306, 32.88815000000002], [-96.756688, 32.889043000000015], [-96.756006, 32.889027000000006], [-96.755437, 32.889479999999985], [-96.755484, 32.889990999999995], [-96.755205, 32.890214], [-96.754834, 32.89020000000001], [-96.754288, 32.889086999999996], [-96.754016, 32.888968], [-96.753378, 32.88905100000001], [-96.752635, 32.88858900000001], [-96.752711, 32.887712], [-96.752055, 32.88680600000001], [-96.752442, 32.88463799999999], [-96.752937, 32.88419499999999], [-96.753743, 32.88438500000001], [-96.754074, 32.88431], [-96.754397, 32.88393299999999], [-96.754365, 32.883403], [-96.754007, 32.88317], [-96.752987, 32.88302700000003], [-96.752944, 32.882227000000015], [-96.752114, 32.88178799999999], [-96.751906, 32.88147300000002], [-96.751179, 32.881298999999984], [-96.75095, 32.880674000000006], [-96.74955500000002, 32.88073], [-96.748962, 32.88041100000001], [-96.760155, 32.871203], [-96.76085, 32.871052000000006], [-96.764882, 32.871736000000006]]]}}, {"id": "460", "type": "Feature", "properties": {"geoid": "48113007819", "alley_mi": 0.0, "alley_density": 0.0, "area_sqmi": 0.267}, "geometry": {"type": "Polygon", "coordinates": [[[-96.767267, 32.865555], [-96.766641, 32.868514999999995], [-96.766008, 32.870439999999995], [-96.764882, 32.871736000000006], [-96.762572, 32.87133000000001], [-96.762851, 32.87004699999999], [-96.760503, 32.86792799999999], [-96.756698, 32.86504300000001], [-96.75081200000001, 32.86381900000002], [-96.749436, 32.86378100000003], [-96.749116, 32.863014], [-96.751479, 32.861745], [-96.753803, 32.85962599999999], [-96.759729, 32.864153000000016], [-96.761028, 32.864921999999986], [-96.763062, 32.865474000000006], [-96.767267, 32.865555]]]}}, {"id": "461", "type": "Feature", "properties": {"geoid": "48113007902", "alley_mi": 11.641, "alley_density": 10.032, "area_sqmi": 1.16}, "geometry": {"type": "Polygon", "coordinates": [[[-96.752983, 32.83642099999999], [-96.752876, 32.853788000000016], [-96.752521, 32.85447599999999], [-96.749607, 32.85690399999999], [-96.747796, 32.856387999999995], [-96.736016, 32.854258000000016], [-96.734677, 32.85444700000002], [-96.731694, 32.85561], [-96.73105200000002, 32.85479700000002], [-96.729339, 32.853535], [-96.729232, 32.85311599999999], [-96.729324, 32.852089], [-96.731218, 32.85096200000001], [-96.747606, 32.83722000000001], [-96.748686, 32.836792999999986], [-96.750926, 32.83644100000001], [-96.752983, 32.83642099999999]]]}}, {"id": "462", "type": "Feature", "properties": {"geoid": "48113002200", "alley_mi": 0.588, "alley_density": 0.921, "area_sqmi": 0.639}, "geometry": {"type": "Polygon", "coordinates": [[[-96.792356, 32.788130999999986], [-96.781069, 32.79756099999998], [-96.768468, 32.78671800000001], [-96.769777, 32.784875], [-96.776062, 32.786544000000006], [-96.777627, 32.78685500000001], [-96.77951, 32.78696300000001], [-96.780798, 32.78679899999999], [-96.78486600000001, 32.78585300000001], [-96.78655100000002, 32.784874999999985], [-96.786949, 32.78490000000001], [-96.787867, 32.785395], [-96.78997, 32.784368000000015], [-96.790999, 32.78406699999999], [-96.79183700000002, 32.78497000000001], [-96.792169, 32.78569900000001], [-96.792356, 32.788130999999986]]]}}, {"id": "463", "type": "Feature", "properties": {"geoid": "48113002400", "alley_mi": 0.473, "alley_density": 1.014, "area_sqmi": 0.467}, "geometry": {"type": "Polygon", "coordinates": [[[-96.769777, 32.784875], [-96.767239, 32.788478999999995], [-96.765696, 32.789986], [-96.764274, 32.79113700000001], [-96.764118, 32.791021], [-96.761406, 32.79323899999999], [-96.76368500000001, 32.795198], [-96.757639, 32.80005499999998], [-96.756389, 32.801240000000014], [-96.754081, 32.799227], [-96.753026, 32.798639], [-96.747373, 32.793729000000006], [-96.74999, 32.79134799999999], [-96.759096, 32.790956], [-96.761569, 32.79038500000001], [-96.763056, 32.78966600000001], [-96.764896, 32.78834000000001], [-96.767406, 32.786196999999994], [-96.76873, 32.78460399999998], [-96.769777, 32.784875]]]}}, {"id": "465", "type": "Feature", "properties": {"geoid": "48113008000", "alley_mi": 18.964, "alley_density": 6.215, "area_sqmi": 3.051}, "geometry": {"type": "Polygon", "coordinates": [[[-96.752983, 32.83642099999999], [-96.750537, 32.836492], [-96.748686, 32.836792999999986], [-96.747606, 32.83722000000001], [-96.731218, 32.85096200000001], [-96.729324, 32.852089], [-96.729232, 32.85311599999999], [-96.729339, 32.853535], [-96.73105200000002, 32.85479700000002], [-96.731694, 32.85561], [-96.725103, 32.858517], [-96.721586, 32.855927], [-96.721422, 32.855500000000006], [-96.724156, 32.85137999999996], [-96.724336, 32.84691600000002], [-96.719893, 32.838096], [-96.719777, 32.834428], [-96.722177, 32.82382699999999], [-96.73003, 32.824043999999994], [-96.731103, 32.825158], [-96.731496, 32.825133], [-96.73217800000002, 32.82722499999998], [-96.732374, 32.827247], [-96.73283500000001, 32.827018999999986], [-96.73323, 32.826548], [-96.73295, 32.82574899999998], [-96.732026, 32.82463300000002], [-96.735207, 32.82215300000001], [-96.740001, 32.821332], [-96.74093000000002, 32.82082700000001], [-96.741392, 32.821039000000006], [-96.742044, 32.820992999999994], [-96.746464, 32.820313000000006], [-96.751702, 32.819089000000005], [-96.752871, 32.81907399999999], [-96.752983, 32.83642099999999]]]}}, {"id": "466", "type": "Feature", "properties": {"geoid": "48113008200", "alley_mi": 6.971, "alley_density": 6.459, "area_sqmi": 1.079}, "geometry": {"type": "Polygon", "coordinates": [[[-96.706172, 32.83845499999998], [-96.705389, 32.83891499999997], [-96.70493300000001, 32.839488999999986], [-96.704819, 32.839934], [-96.705066, 32.840670999999986], [-96.704372, 32.841121], [-96.704092, 32.841730999999996], [-96.704218, 32.84243300000001], [-96.704807, 32.843379], [-96.704898, 32.84439799999999], [-96.704793, 32.844627], [-96.704181, 32.84503899999997], [-96.704272, 32.845623], [-96.703341, 32.847288000000006], [-96.703189, 32.84805800000001], [-96.702824, 32.84864700000001], [-96.702582, 32.850741], [-96.702, 32.851083], [-96.701257, 32.85242399999999], [-96.697495, 32.84904], [-96.696064, 32.84726999999999], [-96.692689, 32.84434100000001], [-96.691162, 32.843097], [-96.689396, 32.841987999999986], [-96.68795100000001, 32.84076000000002], [-96.686703, 32.840162999999954], [-96.688538, 32.83692700000001], [-96.688941, 32.835895], [-96.69578, 32.823859], [-96.696509, 32.82460399999997], [-96.697094, 32.82555300000002], [-96.698075, 32.82942799999999], [-96.698727, 32.83058699999999], [-96.704156, 32.83525700000002], [-96.706172, 32.83845499999998]]]}}, {"id": "525", "type": "Feature", "properties": {"geoid": "48113019018", "alley_mi": 8.23, "alley_density": 14.467, "area_sqmi": 0.569}, "geometry": {"type": "Polygon", "coordinates": [[[-96.718089, 32.92305199999999], [-96.718125, 32.931290999999995], [-96.705904, 32.93123200000001], [-96.70576, 32.924143], [-96.70588, 32.91660400000001], [-96.70693, 32.91676100000001], [-96.707742, 32.91709399999998], [-96.715207, 32.921697], [-96.718089, 32.92305199999999]]]}}, {"id": "541", "type": "Feature", "properties": {"geoid": "48113016511", "alley_mi": 6.738, "alley_density": 10.272, "area_sqmi": 0.656}, "geometry": {"type": "Polygon", "coordinates": [[[-96.957637, 32.626894], [-96.957549, 32.62920500000001], [-96.957297, 32.630045], [-96.956846, 32.63056900000001], [-96.956019, 32.631062000000014], [-96.954069, 32.631408], [-96.953823, 32.631824], [-96.95374200000002, 32.63263], [-96.947748, 32.63262099999997], [-96.947497, 32.63296999999999], [-96.946434, 32.63266900000001], [-96.943196, 32.632736], [-96.943314, 32.631886], [-96.943239, 32.62611500000003], [-96.942714, 32.62441399999999], [-96.9426, 32.62321500000001], [-96.942719, 32.62039900000002], [-96.943315, 32.61863], [-96.943672, 32.618153], [-96.946152, 32.61917400000002], [-96.94805, 32.619681000000014], [-96.949701, 32.61984700000001], [-96.952556, 32.619852999999985], [-96.952733, 32.620762], [-96.953155, 32.62150200000001], [-96.95638300000002, 32.626148], [-96.956965, 32.62662100000002], [-96.957637, 32.626894]]]}}, {"id": "581", "type": "Feature", "properties": {"geoid": "48085031721", "alley_mi": 4.071, "alley_density": 13.826, "area_sqmi": 0.294}, "geometry": {"type": "Polygon", "coordinates": [[[-96.84379000000001, 33.00645099999999], [-96.843793, 33.010471], [-96.842277, 33.010587000000015], [-96.840792, 33.011293999999985], [-96.833802, 33.011378], [-96.83291, 33.011102000000015], [-96.831682, 33.010132999999996], [-96.82924, 33.009953], [-96.82927100000002, 33.00727399999998], [-96.831811, 33.00732500000002], [-96.832205, 33.00657399999999], [-96.83224, 33.005298], [-96.833055, 33.005302000000015], [-96.833056, 33.00415900000001], [-96.836125, 33.004007], [-96.837313, 33.00410800000001], [-96.83746, 33.006624], [-96.83950300000001, 33.006524000000006], [-96.839959, 33.00636300000001], [-96.84031600000002, 33.006513999999996], [-96.84379000000001, 33.00645099999999]]]}}, {"id": "582", "type": "Feature", "properties": {"geoid": "48085031723", "alley_mi": 0.0, "alley_density": 0.0, "area_sqmi": 0.293}, "geometry": {"type": "Polygon", "coordinates": [[[-96.82927300000001, 33.007461000000006], [-96.829223, 33.01506200000001], [-96.822842, 33.013876], [-96.819769, 33.01345799999999], [-96.815144, 33.013329], [-96.816247, 33.012430000000016], [-96.816494, 33.01027499999999], [-96.817194, 33.00940299999999], [-96.820593, 33.009384000000004], [-96.82061, 33.008821000000005], [-96.823601, 33.00882], [-96.823726, 33.008696000000015], [-96.823724, 33.00722300000002], [-96.829166, 33.007269000000015], [-96.82927300000001, 33.007461000000006]]]}}, {"id": "604", "type": "Feature", "properties": {"geoid": "48085031724", "alley_mi": 0.701, "alley_density": 2.55, "area_sqmi": 0.275}, "geometry": {"type": "Polygon", "coordinates": [[[-96.824809, 33.00521200000001], [-96.824798, 33.007269000000015], [-96.823724, 33.00722300000002], [-96.823726, 33.008696000000015], [-96.823601, 33.00882], [-96.82061, 33.008821000000005], [-96.820593, 33.009384000000004], [-96.817194, 33.00940299999999], [-96.817068, 33.009028000000015], [-96.816527, 33.00871900000001], [-96.815792, 33.007823999999964], [-96.81459000000001, 33.007207], [-96.814354, 33.006858000000015], [-96.814475, 33.00586800000003], [-96.81388, 33.004743999999995], [-96.813668, 33.003971], [-96.813678, 33.003320999999985], [-96.81484600000002, 33.00133300000001], [-96.814916, 33.00091500000001], [-96.814233, 32.999955000000014], [-96.813655, 32.998285999999986], [-96.814938, 32.998374999999996], [-96.81692600000001, 32.999173000000006], [-96.817978, 32.99923999999999], [-96.818657, 33.00239699999999], [-96.818285, 33.00365300000001], [-96.819037, 33.00369800000001], [-96.819416, 33.003901], [-96.819809, 33.003746000000014], [-96.820752, 33.003878], [-96.82129500000002, 33.00438200000001], [-96.821721, 33.004261], [-96.82193, 33.00446], [-96.822866, 33.00430500000001], [-96.82354700000002, 33.004441], [-96.823908, 33.004984000000015], [-96.824809, 33.00521200000001]]]}}, {"id": "608", "type": "Feature", "properties": {"geoid": "48085031722", "alley_mi": 0.0, "alley_density": 0.0, "area_sqmi": 0.286}, "geometry": {"type": "Polygon", "coordinates": [[[-96.843793, 33.010471], [-96.84358, 33.016499], [-96.83221500000002, 33.015570999999994], [-96.829223, 33.01506200000001], [-96.82924, 33.009953], [-96.831682, 33.010132999999996], [-96.83291, 33.011102000000015], [-96.833913, 33.011389], [-96.840251, 33.01136000000001], [-96.841153, 33.01117300000002], [-96.842436, 33.010551000000014], [-96.843793, 33.010471]]]}}, {"id": "622", "type": "Feature", "properties": {"geoid": "48113013630", "alley_mi": 0.0, "alley_density": 0.0, "area_sqmi": 0.113}, "geometry": {"type": "Polygon", "coordinates": [[[-96.810312, 32.94329499999998], [-96.809376, 32.94516900000002], [-96.80964800000001, 32.94546199999998], [-96.80964, 32.945891], [-96.809484, 32.94595000000001], [-96.809631, 32.946267], [-96.809322, 32.947049], [-96.809073, 32.947229000000014], [-96.807843, 32.94726200000001], [-96.806775, 32.946747], [-96.805325, 32.946733000000016], [-96.80364, 32.946090999999996], [-96.803628, 32.941983000000036], [-96.808017, 32.94207], [-96.808602, 32.942352], [-96.809483, 32.943115], [-96.810312, 32.94329499999998]]]}}, {"id": "624", "type": "Feature", "properties": {"geoid": "48085031812", "alley_mi": 1.791, "alley_density": 3.003, "area_sqmi": 0.596}, "geometry": {"type": "Polygon", "coordinates": [[[-96.76809500000002, 32.986506999999975], [-96.768044, 32.98853600000001], [-96.767783, 32.990608], [-96.767736, 32.99931000000001], [-96.765076, 32.99907700000001], [-96.762436, 32.999118000000024], [-96.75999800000001, 32.999417999999956], [-96.756743, 33.000152000000014], [-96.756457, 32.99855400000001], [-96.756459, 32.997481], [-96.755868, 32.99736000000002], [-96.755095, 32.99691800000003], [-96.755889, 32.996258999999974], [-96.756409, 32.99519299999999], [-96.756464, 32.98629799999998], [-96.76809500000002, 32.986506999999975]]]}}, {"id": "630", "type": "Feature", "properties": {"geoid": "48397040303", "alley_mi": 0.0, "alley_density": 0.0, "area_sqmi": 3.676}, "geometry": {"type": "Polygon", "coordinates": [[[-96.490353, 32.889733], [-96.490435, 32.91517000000002], [-96.49008000000002, 32.92496700000001], [-96.469484, 32.929265999999984], [-96.46403, 32.930920999999984], [-96.46033, 32.931072000000015], [-96.460245, 32.928338999999994], [-96.46058, 32.919896000000016], [-96.460951, 32.91713200000001], [-96.462223, 32.912192999999995], [-96.46376, 32.907767], [-96.463714, 32.90680200000002], [-96.463364, 32.905293], [-96.463813, 32.903913999999986], [-96.468393, 32.899812999999966], [-96.469689, 32.898044000000006], [-96.46989000000002, 32.897228], [-96.480057, 32.89428899999999], [-96.490457, 32.889465], [-96.490353, 32.889733]]]}}, {"id": "636", "type": "Feature", "properties": {"geoid": "48397040510", "alley_mi": 0.0, "alley_density": 0.0, "area_sqmi": 5.5}, "geometry": {"type": "Polygon", "coordinates": [[[-96.518656, 32.85668599999997], [-96.518586, 32.873388999999996], [-96.518513, 32.87595699999999], [-96.518326, 32.87680899999999], [-96.518324, 32.87953400000001], [-96.515425, 32.87944200000001], [-96.512439, 32.87978100000001], [-96.510485, 32.880174999999994], [-96.482269, 32.893357000000016], [-96.480057, 32.89428899999999], [-96.475724, 32.89561499999999], [-96.47136600000002, 32.89183800000001], [-96.471683, 32.890934000000016], [-96.47293000000002, 32.889505], [-96.473742, 32.887087], [-96.473926, 32.88581399999998], [-96.473311, 32.884563], [-96.472865, 32.881745000000016], [-96.473447, 32.87747], [-96.473718, 32.87685700000001], [-96.47470500000001, 32.875745], [-96.474873, 32.874976], [-96.474639, 32.869481000000015], [-96.474272, 32.86856299999999], [-96.473309, 32.86695700000003], [-96.47291, 32.864913], [-96.472852, 32.860503], [-96.47314700000001, 32.86032399999999], [-96.477569, 32.860303000000016], [-96.478178, 32.86014899999999], [-96.478721, 32.85979100000001], [-96.479451, 32.859068], [-96.479696, 32.85850700000002], [-96.479829, 32.85488800000002], [-96.4818, 32.851959], [-96.483785, 32.853860999999995], [-96.48540400000002, 32.85458699999999], [-96.48718, 32.85441800000001], [-96.487587, 32.85468899999999], [-96.487976, 32.85543199999999], [-96.488504, 32.855823999999984], [-96.490501, 32.85661000000002], [-96.518656, 32.85668599999997]]]}}, {"id": "648", "type": "Feature", "properties": {"geoid": "48397040104", "alley_mi": 0.0, "alley_density": 0.0, "area_sqmi": 5.361}, "geometry": {"type": "Polygon", "coordinates": [[[-96.517912, 32.91723000000001], [-96.516977, 32.963932], [-96.517087, 32.970302000000004], [-96.51687, 32.97905599999999], [-96.517011, 32.982861999999976], [-96.513777, 32.982851999999994], [-96.513775, 32.98298600000001], [-96.491399, 32.98269200000001], [-96.491894, 32.97963399999999], [-96.494579, 32.95540600000001], [-96.495747, 32.954534999999986], [-96.496504, 32.953738999999985], [-96.497688, 32.951172], [-96.49805600000002, 32.949858], [-96.498337, 32.94548000000002], [-96.498125, 32.943540000000006], [-96.498499, 32.939767], [-96.498456, 32.937600000000025], [-96.496794, 32.92356300000001], [-96.509877, 32.920769], [-96.513123, 32.919507], [-96.517912, 32.91723000000001]]]}}, {"id": "668", "type": "Feature", "properties": {"geoid": "48113011701", "alley_mi": 3.928, "alley_density": 2.13, "area_sqmi": 1.844}, "geometry": {"type": "Polygon", "coordinates": [[[-96.682916, 32.719634], [-96.648486, 32.71955999999999], [-96.648723, 32.69947200000002], [-96.65316000000001, 32.70091899999999], [-96.66566, 32.70396600000001], [-96.665664, 32.70380699999999], [-96.670853, 32.708104000000006], [-96.682907, 32.71687200000002], [-96.682916, 32.719634]]]}}, {"id": "669", "type": "Feature", "properties": {"geoid": "48113011702", "alley_mi": 2.269, "alley_density": 1.073, "area_sqmi": 2.114}, "geometry": {"type": "Polygon", "coordinates": [[[-96.665658, 32.703935000000016], [-96.65316000000001, 32.70091899999999], [-96.648723, 32.69947200000002], [-96.648486, 32.71955999999999], [-96.631181, 32.71947800000001], [-96.631371, 32.69950900000001], [-96.62742800000001, 32.699475000000014], [-96.628096, 32.698687000000014], [-96.633208, 32.69021], [-96.63468, 32.68866299999999], [-96.643051, 32.694153], [-96.644794, 32.695040999999996], [-96.660918, 32.69979200000001], [-96.66429500000001, 32.702547999999986], [-96.665658, 32.703935000000016]]]}}, {"id": "670", "type": "Feature", "properties": {"geoid": "48113012000", "alley_mi": 3.092, "alley_density": 3.118, "area_sqmi": 0.992}, "geometry": {"type": "Polygon", "coordinates": [[[-96.66918800000002, 32.763338000000005], [-96.658372, 32.76324200000001], [-96.657418, 32.763083], [-96.655108, 32.76227599999999], [-96.648205, 32.76220000000001], [-96.64822600000001, 32.75143599999999], [-96.648399, 32.74884199999999], [-96.661823, 32.74877300000001], [-96.661988, 32.74951], [-96.661934, 32.750058], [-96.660981, 32.75175000000001], [-96.660844, 32.75240099999999], [-96.661487, 32.752779999999994], [-96.662531, 32.752818999999974], [-96.662791, 32.751669], [-96.663032, 32.751522999999985], [-96.66399000000001, 32.75244], [-96.6642, 32.752999], [-96.665435, 32.752941], [-96.665631, 32.75304800000001], [-96.665987, 32.75411900000001], [-96.667307, 32.7559], [-96.667524, 32.757456000000005], [-96.668119, 32.75753099999999], [-96.668307, 32.75770300000003], [-96.667865, 32.758796], [-96.667904, 32.75987200000001], [-96.668542, 32.76028900000001], [-96.668644, 32.760776], [-96.667647, 32.761566], [-96.667604, 32.761767], [-96.66768, 32.761967000000006], [-96.668216, 32.762123], [-96.668162, 32.762757000000015], [-96.66901400000002, 32.762757000000015], [-96.66918800000002, 32.763338000000005]]]}}, {"id": "671", "type": "Feature", "properties": {"geoid": "48113012206", "alley_mi": 10.811, "alley_density": 10.633, "area_sqmi": 1.017}, "geometry": {"type": "Polygon", "coordinates": [[[-96.717983, 32.79485700000002], [-96.714831, 32.79484499999999], [-96.712023, 32.794341], [-96.711884, 32.79455899999999], [-96.70885, 32.794091000000016], [-96.700019, 32.79408300000003], [-96.700251, 32.784153], [-96.700053, 32.778036], [-96.70511, 32.778065999999995], [-96.70898, 32.779331], [-96.710417, 32.77956900000004], [-96.712449, 32.779636], [-96.712876, 32.77981800000001], [-96.717076, 32.783367], [-96.71719200000001, 32.793544000000004], [-96.717469, 32.79356399999998], [-96.717508, 32.794098], [-96.717983, 32.79485700000002]]]}}, {"id": "672", "type": "Feature", "properties": {"geoid": "48113012207", "alley_mi": 7.15, "alley_density": 3.423, "area_sqmi": 2.089}, "geometry": {"type": "Polygon", "coordinates": [[[-96.700239, 32.785443], [-96.700019, 32.79408300000003], [-96.697862, 32.79428900000001], [-96.692011, 32.795758000000006], [-96.691949, 32.795602], [-96.68257500000001, 32.79801100000001], [-96.68258300000001, 32.79725499999999], [-96.682847, 32.79637399999999], [-96.684645, 32.79410100000002], [-96.684946, 32.793313000000005], [-96.685016, 32.792372], [-96.668432, 32.792231999999984], [-96.668518, 32.78459299999999], [-96.668216, 32.78371100000001], [-96.667768, 32.78301400000002], [-96.666197, 32.78149999999998], [-96.665698, 32.78071799999998], [-96.66537200000002, 32.77958100000002], [-96.665348, 32.77786400000001], [-96.688243, 32.778104000000006], [-96.700053, 32.778036], [-96.700239, 32.785443]]]}}, {"id": "673", "type": "Feature", "properties": {"geoid": "48113012208", "alley_mi": 0.0, "alley_density": 0.0, "area_sqmi": 0.399}, "geometry": {"type": "Polygon", "coordinates": [[[-96.729203, 32.794592], [-96.728913, 32.79554100000001], [-96.728017, 32.79535600000001], [-96.727722, 32.79552400000001], [-96.728066, 32.79618700000001], [-96.728634, 32.79667700000001], [-96.728469, 32.797114000000015], [-96.727839, 32.797271], [-96.727279, 32.79675700000001], [-96.726761, 32.79660400000001], [-96.726115, 32.79689700000001], [-96.726096, 32.79721700000002], [-96.726494, 32.79798700000001], [-96.726012, 32.79845399999999], [-96.727356, 32.798646999999995], [-96.727856, 32.79909499999999], [-96.727677, 32.79934100000002], [-96.726852, 32.799321000000006], [-96.727263, 32.799773000000016], [-96.726735, 32.800047000000006], [-96.72702900000002, 32.800455], [-96.726983, 32.800687], [-96.726043, 32.800641], [-96.725211, 32.80108800000001], [-96.72585800000002, 32.80172400000001], [-96.725718, 32.80227200000002], [-96.726179, 32.802943000000006], [-96.725945, 32.803174], [-96.72494500000002, 32.80308200000002], [-96.72477100000002, 32.80336700000001], [-96.725736, 32.80405300000001], [-96.725816, 32.80437800000001], [-96.723451, 32.804472], [-96.720914, 32.805049000000004], [-96.718848, 32.80601], [-96.713967, 32.801886], [-96.722719, 32.79478], [-96.72420800000002, 32.794582000000005], [-96.725728, 32.79403799999999], [-96.728125, 32.792579], [-96.729178, 32.792111], [-96.729203, 32.794592]]]}}, {"id": "676", "type": "Feature", "properties": {"geoid": "48113010704", "alley_mi": 2.733, "alley_density": 1.297, "area_sqmi": 2.107}, "geometry": {"type": "Polygon", "coordinates": [[[-96.919966, 32.73133300000001], [-96.918891, 32.747935], [-96.916597, 32.74762800000002], [-96.913992, 32.74685699999999], [-96.904799, 32.743597], [-96.903601, 32.74289099999999], [-96.898817, 32.738383999999996], [-96.897714, 32.737603], [-96.89833, 32.73557699999997], [-96.898487, 32.734164], [-96.898381, 32.730221], [-96.897893, 32.72810400000001], [-96.89734, 32.72688400000001], [-96.896607, 32.72582], [-96.891553, 32.72113300000001], [-96.891526, 32.720443999999986], [-96.915994, 32.72052300000001], [-96.917659, 32.72270900000001], [-96.91832, 32.72398199999999], [-96.919633, 32.728938], [-96.919966, 32.73133300000001]]]}}, {"id": "682", "type": "Feature", "properties": {"geoid": "48113980100", "alley_mi": 0.0, "alley_density": 0.0, "area_sqmi": 2.138}, "geometry": {"type": "Polygon", "coordinates": [[[-96.869156, 32.845554000000014], [-96.868799, 32.846263], [-96.865991, 32.848574], [-96.865042, 32.849874000000014], [-96.864732, 32.851363000000006], [-96.864244, 32.852005], [-96.861111, 32.85378000000001], [-96.860227, 32.85304], [-96.859796, 32.853475999999986], [-96.858723, 32.854996], [-96.859755, 32.855476999999986], [-96.859053, 32.85654100000001], [-96.857507, 32.858271], [-96.855056, 32.859197000000016], [-96.853847, 32.85935299999999], [-96.852494, 32.859268], [-96.850884, 32.85862100000002], [-96.850604, 32.858822], [-96.835108, 32.84544400000001], [-96.834491, 32.844117999999995], [-96.834488, 32.840529999999994], [-96.834359, 32.83967800000001], [-96.834009, 32.839128], [-96.831556, 32.83652399999999], [-96.833752, 32.83628100000003], [-96.835157, 32.83563500000001], [-96.841739, 32.83011799999999], [-96.849955, 32.83713000000001], [-96.850901, 32.83774699999998], [-96.864482, 32.84404300000001], [-96.869156, 32.845554000000014]]]}}, {"id": "683", "type": "Feature", "properties": {"geoid": "48113000605", "alley_mi": 0.622, "alley_density": 2.962, "area_sqmi": 0.21}, "geometry": {"type": "Polygon", "coordinates": [[[-96.813495, 32.81280000000001], [-96.809979, 32.815785], [-96.80141800000001, 32.80847199999998], [-96.803227, 32.80469099999999], [-96.813495, 32.81280000000001]]]}}, {"id": "690", "type": "Feature", "properties": {"geoid": "48113007101", "alley_mi": 1.349, "alley_density": 2.953, "area_sqmi": 0.457}, "geometry": {"type": "Polygon", "coordinates": [[[-96.822085, 32.83668000000003], [-96.821728, 32.838164000000006], [-96.82139, 32.845252], [-96.821311, 32.85117399999999], [-96.812086, 32.851177], [-96.812125, 32.84732700000001], [-96.81301, 32.84732700000001], [-96.813012, 32.846883], [-96.813667, 32.84688400000001], [-96.814879, 32.83662699999999], [-96.822085, 32.83668000000003]]]}}, {"id": "692", "type": "Feature", "properties": {"geoid": "48113009105", "alley_mi": 7.088, "alley_density": 13.165, "area_sqmi": 0.538}, "geometry": {"type": "Polygon", "coordinates": [[[-96.700076, 32.734423], [-96.700076, 32.741485999999995], [-96.69388, 32.74151800000002], [-96.690554, 32.742719], [-96.682831, 32.742701999999994], [-96.682807, 32.73435000000003], [-96.700076, 32.734423]]]}}, {"id": "693", "type": "Feature", "properties": {"geoid": "48113012210", "alley_mi": 2.781, "alley_density": 6.193, "area_sqmi": 0.449}, "geometry": {"type": "Polygon", "coordinates": [[[-96.701401, 32.81195400000002], [-96.697651, 32.813345], [-96.689698, 32.81741099999999], [-96.683609, 32.808949], [-96.682687, 32.806950000000015], [-96.695258, 32.80701799999999], [-96.695971, 32.80734099999999], [-96.701401, 32.81195400000002]]]}}, {"id": "694", "type": "Feature", "properties": {"geoid": "48113009610", "alley_mi": 0.001, "alley_density": 0.001, "area_sqmi": 0.489}, "geometry": {"type": "Polygon", "coordinates": [[[-96.89185, 32.90771500000001], [-96.889528, 32.908779000000024], [-96.888183, 32.909093000000006], [-96.88162, 32.90943599999999], [-96.880984, 32.90864199999999], [-96.880721, 32.907929999999986], [-96.880752, 32.90546800000001], [-96.881362, 32.90404300000001], [-96.881406, 32.89527100000001], [-96.88802100000001, 32.89530499999999], [-96.89185, 32.90771500000001]]]}}, {"id": "696", "type": "Feature", "properties": {"geoid": "48113004201", "alley_mi": 4.091, "alley_density": 4.102, "area_sqmi": 0.998}, "geometry": {"type": "Polygon", "coordinates": [[[-96.837584, 32.74948800000001], [-96.837479, 32.754073], [-96.835461, 32.754073], [-96.835495, 32.75862699999999], [-96.835796, 32.763566000000004], [-96.835573, 32.76505499999999], [-96.835703, 32.767512], [-96.826094, 32.768616999999985], [-96.822845, 32.769205000000014], [-96.822882, 32.74941499999999], [-96.837584, 32.74948800000001]]]}}, {"id": "697", "type": "Feature", "properties": {"geoid": "48113017102", "alley_mi": 0.0, "alley_density": 0.0, "area_sqmi": 12.71}, "geometry": {"type": "Polygon", "coordinates": [[[-96.695154, 32.67671], [-96.689314, 32.67777400000002], [-96.67628, 32.678973], [-96.676714, 32.67938699999999], [-96.671955, 32.67990999999999], [-96.657164, 32.683074000000005], [-96.657267, 32.67608799999998], [-96.641105, 32.67596199999998], [-96.64012, 32.67872100000001], [-96.640129, 32.68672599999999], [-96.636932, 32.68747900000001], [-96.635294, 32.68824000000001], [-96.633723, 32.689535000000014], [-96.63253, 32.691321], [-96.630898, 32.690427], [-96.630423, 32.690431], [-96.61908, 32.68416000000001], [-96.60233700000002, 32.67634600000001], [-96.612737, 32.66742700000003], [-96.614177, 32.66456099999998], [-96.61719, 32.66181599999998], [-96.617713, 32.66108200000002], [-96.617934, 32.66045999999999], [-96.618358, 32.65605300000002], [-96.617312, 32.65316000000001], [-96.61722, 32.652067000000024], [-96.617483, 32.65083400000001], [-96.619083, 32.646416999999985], [-96.619249, 32.644880000000015], [-96.618841, 32.643365], [-96.614473, 32.633539999999996], [-96.613409, 32.630752999999984], [-96.613253, 32.62846899999999], [-96.61356200000002, 32.62598800000001], [-96.613793, 32.625469], [-96.617551, 32.62146800000002], [-96.622198, 32.61772699999996], [-96.62318400000001, 32.618602], [-96.623791, 32.618917000000025], [-96.626852, 32.619522999999994], [-96.628427, 32.62005300000001], [-96.629954, 32.620259999999995], [-96.630427, 32.620549999999994], [-96.630579, 32.621027999999995], [-96.629118, 32.622753], [-96.627969, 32.625143], [-96.627965, 32.625659000000006], [-96.62877300000001, 32.62716900000001], [-96.628755, 32.627573000000005], [-96.628159, 32.62874999999998], [-96.628265, 32.629225999999996], [-96.62875, 32.62964699999999], [-96.632661, 32.631376], [-96.642083, 32.63504600000001], [-96.643529, 32.63547799999999], [-96.64895, 32.638529999999996], [-96.650614, 32.63914100000001], [-96.651298, 32.63922599999999], [-96.65226, 32.63871399999999], [-96.654576, 32.63657], [-96.656379, 32.63709599999999], [-96.659147, 32.638754], [-96.660959, 32.639604999999996], [-96.664323, 32.64051800000001], [-96.66620100000002, 32.64023000000001], [-96.668403, 32.640674999999995], [-96.669261, 32.641045], [-96.671339, 32.64245200000001], [-96.673517, 32.644846000000015], [-96.674979, 32.64610499999996], [-96.677039, 32.64745799999999], [-96.678034, 32.64778200000001], [-96.679399, 32.647556000000016], [-96.680404, 32.647581999999986], [-96.68174, 32.64828900000001], [-96.68281, 32.64900900000001], [-96.683145, 32.649434], [-96.68321, 32.65003599999998], [-96.682952, 32.65083199999999], [-96.682496, 32.651724], [-96.680042, 32.653956], [-96.679046, 32.655338000000015], [-96.678314, 32.65752400000001], [-96.677773, 32.65988899999999], [-96.676765, 32.66096099999999], [-96.676733, 32.661762999999986], [-96.678097, 32.662903], [-96.678228, 32.663204000000015], [-96.678127, 32.663647999999974], [-96.677827, 32.66409600000001], [-96.677366, 32.664412], [-96.675493, 32.66504700000001], [-96.674937, 32.665321999999996], [-96.67460300000002, 32.66574899999999], [-96.674656, 32.66621], [-96.67499, 32.666525], [-96.677032, 32.66705300000001], [-96.677913, 32.66758099999998], [-96.678956, 32.66882200000001], [-96.679338, 32.66986599999999], [-96.679247, 32.670755], [-96.678792, 32.671722], [-96.676841, 32.673775], [-96.676526, 32.674642], [-96.676668, 32.67546200000002], [-96.677327, 32.676082], [-96.67798900000001, 32.67635599999999], [-96.678809, 32.676401999999996], [-96.679684, 32.67621799999999], [-96.68127, 32.675466], [-96.685008, 32.673227000000004], [-96.68948, 32.67183599999997], [-96.690898, 32.671861], [-96.691873, 32.67202800000001], [-96.692575, 32.673150999999976], [-96.692933, 32.674356], [-96.693206, 32.674778], [-96.694601, 32.675906000000005], [-96.695154, 32.67671]]]}}, {"id": "698", "type": "Feature", "properties": {"geoid": "48113011105", "alley_mi": 3.752, "alley_density": 6.377, "area_sqmi": 0.588}, "geometry": {"type": "Polygon", "coordinates": [[[-96.831726, 32.64768600000002], [-96.83115, 32.64903000000001], [-96.831081, 32.64969900000001], [-96.831555, 32.651532], [-96.831551, 32.652411000000015], [-96.831001, 32.65355700000001], [-96.830845, 32.65424100000001], [-96.830862, 32.66227300000001], [-96.823122, 32.66232700000002], [-96.823106, 32.657114000000014], [-96.823374, 32.654047000000006], [-96.823324, 32.642285], [-96.82933, 32.64226599999999], [-96.829299, 32.647644], [-96.831726, 32.64768600000002]]]}}, {"id": "699", "type": "Feature", "properties": {"geoid": "48113005901", "alley_mi": 5.333, "alley_density": 4.821, "area_sqmi": 1.106}, "geometry": {"type": "Polygon", "coordinates": [[[-96.814697, 32.69375], [-96.814581, 32.70752399999999], [-96.80817000000002, 32.70751699999999], [-96.80704600000001, 32.705637999999986], [-96.807036, 32.703540999999994], [-96.808718, 32.70266799999998], [-96.805997, 32.69810400000002], [-96.805164, 32.698101000000015], [-96.804339, 32.69848199999999], [-96.80362100000002, 32.697252], [-96.803603, 32.69487099999999], [-96.797244, 32.68565699999999], [-96.796661, 32.684471], [-96.804134, 32.6825], [-96.805538, 32.68227399999999], [-96.807116, 32.68248], [-96.80934500000001, 32.68353200000001], [-96.810133, 32.683751], [-96.814534, 32.68387400000001], [-96.814472, 32.687232000000016], [-96.814697, 32.69375]]]}}, {"id": "700", "type": "Feature", "properties": {"geoid": "48113006001", "alley_mi": 3.504, "alley_density": 7.692, "area_sqmi": 0.456}, "geometry": {"type": "Polygon", "coordinates": [[[-96.840154, 32.698140000000016], [-96.840128, 32.713107], [-96.829455, 32.713168000000024], [-96.82985, 32.71181099999999], [-96.829661, 32.70847599999998], [-96.830132, 32.70714200000002], [-96.833815, 32.70291400000002], [-96.835589, 32.70117999999999], [-96.837331, 32.699838], [-96.840154, 32.698140000000016]]]}}, {"id": "701", "type": "Feature", "properties": {"geoid": "48113006002", "alley_mi": 1.375, "alley_density": 1.511, "area_sqmi": 0.91}, "geometry": {"type": "Polygon", "coordinates": [[[-96.840378, 32.691217], [-96.840131, 32.693387], [-96.840154, 32.698140000000016], [-96.837331, 32.699838], [-96.835589, 32.70117999999999], [-96.833815, 32.70291400000002], [-96.830376, 32.706799999999994], [-96.829937, 32.707525], [-96.829661, 32.70847599999998], [-96.829824, 32.71117499999997], [-96.829474, 32.70964699999999], [-96.828565, 32.70739699999999], [-96.82623900000002, 32.70435199999999], [-96.82495, 32.70238699999999], [-96.824225, 32.70099099999999], [-96.823526, 32.698948], [-96.82307600000001, 32.69609799999999], [-96.82307, 32.69131599999999], [-96.823276, 32.69130800000001], [-96.823126, 32.687101], [-96.827078, 32.68816700000003], [-96.83411, 32.69110900000002], [-96.83529800000001, 32.69123499999998], [-96.840378, 32.691217]]]}}, {"id": "702", "type": "Feature", "properties": {"geoid": "48113006200", "alley_mi": 4.789, "alley_density": 4.406, "area_sqmi": 1.087}, "geometry": {"type": "Polygon", "coordinates": [[[-96.84014600000002, 32.731968999999985], [-96.840043, 32.73278000000003], [-96.832441, 32.73430400000001], [-96.831259, 32.734127], [-96.829541, 32.73336499999999], [-96.828734, 32.73316799999999], [-96.824337, 32.732815], [-96.825181, 32.730232000000015], [-96.825468, 32.72729800000002], [-96.829455, 32.713168000000024], [-96.840128, 32.713107], [-96.840128, 32.71672199999999], [-96.83986, 32.71754800000001], [-96.840026, 32.717785000000006], [-96.840005, 32.72806399999999], [-96.84014600000002, 32.731968999999985]]]}}, {"id": "703", "type": "Feature", "properties": {"geoid": "48113006301", "alley_mi": 9.807, "alley_density": 9.951, "area_sqmi": 0.986}, "geometry": {"type": "Polygon", "coordinates": [[[-96.857183, 32.70581], [-96.85708500000001, 32.72022100000001], [-96.840025, 32.72034300000001], [-96.840026, 32.717785000000006], [-96.83986, 32.71754800000001], [-96.840128, 32.71672199999999], [-96.840172, 32.705893], [-96.857183, 32.70581]]]}}, {"id": "704", "type": "Feature", "properties": {"geoid": "48113006302", "alley_mi": 5.263, "alley_density": 8.287, "area_sqmi": 0.635}, "geometry": {"type": "Polygon", "coordinates": [[[-96.85708500000001, 32.72022100000001], [-96.857079, 32.72533000000001], [-96.852547, 32.72799800000001], [-96.849297, 32.72926600000001], [-96.844256, 32.731712], [-96.842624, 32.73226900000002], [-96.840043, 32.73278000000003], [-96.84014600000002, 32.731968999999985], [-96.840005, 32.72806399999999], [-96.840025, 32.72034300000001], [-96.85708500000001, 32.72022100000001]]]}}, {"id": "705", "type": "Feature", "properties": {"geoid": "48113006501", "alley_mi": 2.99, "alley_density": 5.648, "area_sqmi": 0.529}, "geometry": {"type": "Polygon", "coordinates": [[[-96.898463, 32.73282699999999], [-96.891449, 32.732757000000014], [-96.891457, 32.73063199999999], [-96.889942, 32.730627], [-96.8899, 32.731236], [-96.889711, 32.73143699999999], [-96.887754, 32.731488], [-96.887676, 32.734984999999995], [-96.878161, 32.73493000000001], [-96.878147, 32.73077], [-96.87776, 32.730013000000014], [-96.87768, 32.72829799999999], [-96.891481, 32.72834300000001], [-96.89148, 32.725460999999996], [-96.891657, 32.72441699999998], [-96.891553, 32.72113300000001], [-96.896335, 32.725509999999986], [-96.89734, 32.72688400000001], [-96.897893, 32.72810400000001], [-96.898309, 32.72972], [-96.898463, 32.73282699999999]]]}}, {"id": "706", "type": "Feature", "properties": {"geoid": "48113006502", "alley_mi": 3.412, "alley_density": 5.25, "area_sqmi": 0.65}, "geometry": {"type": "Polygon", "coordinates": [[[-96.89165300000002, 32.723795], [-96.89148, 32.725460999999996], [-96.891481, 32.72834300000001], [-96.87768, 32.72829799999999], [-96.877597, 32.723442], [-96.877807, 32.72265600000001], [-96.878897, 32.72042499999999], [-96.869722, 32.720391], [-96.87294700000001, 32.71913], [-96.877758, 32.717796000000014], [-96.883405, 32.715845000000016], [-96.884723, 32.71573900000003], [-96.88581400000001, 32.71605700000001], [-96.886757, 32.71673100000001], [-96.891553, 32.72113300000001], [-96.89165300000002, 32.723795]]]}}, {"id": "707", "type": "Feature", "properties": {"geoid": "48397040301", "alley_mi": 0.0, "alley_density": 0.0, "area_sqmi": 4.257}, "geometry": {"type": "Polygon", "coordinates": [[[-96.518324, 32.87953400000001], [-96.517912, 32.91723000000001], [-96.513123, 32.919507], [-96.509877, 32.920769], [-96.49008000000002, 32.92496700000001], [-96.490435, 32.91517000000002], [-96.490353, 32.889733], [-96.490457, 32.889465], [-96.510485, 32.880174999999994], [-96.513948, 32.879566], [-96.517104, 32.879436000000005], [-96.518324, 32.87953400000001]]]}}, {"id": "708", "type": "Feature", "properties": {"geoid": "48113011300", "alley_mi": 6.157, "alley_density": 2.072, "area_sqmi": 2.971}, "geometry": {"type": "Polygon", "coordinates": [[[-96.805937, 32.673893], [-96.805893, 32.680667000000014], [-96.80569900000002, 32.681137], [-96.805196, 32.681554], [-96.805209, 32.68228800000001], [-96.789961, 32.686289999999985], [-96.789527, 32.685369], [-96.788722, 32.684418], [-96.785843, 32.679315], [-96.785267, 32.67751400000002], [-96.78486600000001, 32.674098999999984], [-96.784112, 32.672410000000006], [-96.783227, 32.671170999999994], [-96.782971, 32.670257], [-96.783191, 32.668513999999995], [-96.783838, 32.66659], [-96.784031, 32.66266700000001], [-96.783114, 32.655464], [-96.799017, 32.64768600000002], [-96.800159, 32.64661400000002], [-96.805697, 32.64386400000001], [-96.805711, 32.66194199999999], [-96.805937, 32.673893]]]}}, {"id": "709", "type": "Feature", "properties": {"geoid": "48113002100", "alley_mi": 0.0, "alley_density": 0.0, "area_sqmi": 0.382}, "geometry": {"type": "Polygon", "coordinates": [[[-96.811653, 32.78115700000002], [-96.811424, 32.78241100000002], [-96.809894, 32.782724000000016], [-96.809223, 32.783035], [-96.807829, 32.78439599999999], [-96.805115, 32.786640999999996], [-96.805313, 32.786817], [-96.800628, 32.79072600000001], [-96.79879, 32.78889400000001], [-96.795157, 32.785929], [-96.795788, 32.78539], [-96.793566, 32.783429999999974], [-96.804679, 32.78103200000001], [-96.808381, 32.780380999999984], [-96.807889, 32.77880700000002], [-96.810214, 32.77843300000001], [-96.811315, 32.777649], [-96.811653, 32.78115700000002]]]}}, {"id": "710", "type": "Feature", "properties": {"geoid": "48113001202", "alley_mi": 2.295, "alley_density": 1.893, "area_sqmi": 1.212}, "geometry": {"type": "Polygon", "coordinates": [[[-96.74999, 32.79134799999999], [-96.746575, 32.79442400000001], [-96.744408, 32.79663899999998], [-96.742764, 32.79795199999999], [-96.738348, 32.80202], [-96.739254, 32.802705000000024], [-96.741549, 32.803384], [-96.745513, 32.806797000000024], [-96.744644, 32.807511999999996], [-96.745049, 32.80799600000001], [-96.743833, 32.808725999999986], [-96.74175300000002, 32.809308], [-96.739553, 32.80979599999998], [-96.738218, 32.809762000000006], [-96.73707500000002, 32.809465], [-96.7357, 32.808691999999986], [-96.735034, 32.80822], [-96.733307, 32.80650000000001], [-96.731919, 32.808739], [-96.730727, 32.80999800000001], [-96.72949, 32.81110000000002], [-96.726271, 32.81318900000001], [-96.72514, 32.81095500000001], [-96.725335, 32.809928], [-96.726323, 32.807716000000006], [-96.726219, 32.80630800000002], [-96.725791, 32.804142], [-96.725, 32.803645], [-96.724766, 32.803297], [-96.725138, 32.80305100000001], [-96.725945, 32.803174], [-96.726179, 32.802943000000006], [-96.725718, 32.80227200000002], [-96.72585800000002, 32.80172400000001], [-96.725307, 32.801249999999975], [-96.725294, 32.800956000000006], [-96.72615700000001, 32.80062100000002], [-96.726983, 32.800687], [-96.72702900000002, 32.800455], [-96.726735, 32.800047000000006], [-96.727263, 32.799773000000016], [-96.726852, 32.799321000000006], [-96.727485, 32.79938399999998], [-96.727836, 32.799163000000014], [-96.72774, 32.79886199999999], [-96.727356, 32.798646999999995], [-96.726053, 32.79850500000001], [-96.726003, 32.79839200000001], [-96.726494, 32.79798700000001], [-96.726069, 32.79703800000001], [-96.72622, 32.796780999999996], [-96.726761, 32.79660400000001], [-96.727279, 32.79675700000001], [-96.727839, 32.797271], [-96.72819600000001, 32.79725800000001], [-96.728569, 32.797016], [-96.728538, 32.796484000000014], [-96.728066, 32.79618700000001], [-96.727722, 32.79552400000001], [-96.728017, 32.79535600000001], [-96.728796, 32.79559999999999], [-96.72897, 32.79545300000001], [-96.729203, 32.794592], [-96.729178, 32.792111], [-96.731398, 32.79171800000001], [-96.74216, 32.791698999999994], [-96.74999, 32.79134799999999]]]}}, {"id": "711", "type": "Feature", "properties": {"geoid": "48113001203", "alley_mi": 1.276, "alley_density": 6.893, "area_sqmi": 0.185}, "geometry": {"type": "Polygon", "coordinates": [[[-96.749257, 32.80362100000001], [-96.74738900000001, 32.80581599999999], [-96.745049, 32.80799600000001], [-96.744644, 32.807511999999996], [-96.745513, 32.806797000000024], [-96.741549, 32.803384], [-96.739254, 32.802705000000024], [-96.738348, 32.80202], [-96.742764, 32.79795199999999], [-96.749257, 32.80362100000001]]]}}, {"id": "714", "type": "Feature", "properties": {"geoid": "48113008703", "alley_mi": 3.485, "alley_density": 6.335, "area_sqmi": 0.55}, "geometry": {"type": "Polygon", "coordinates": [[[-96.79500000000002, 32.700471], [-96.774794, 32.710147000000006], [-96.771093, 32.70823599999999], [-96.773876, 32.70691899999999], [-96.772067, 32.704275999999986], [-96.786409, 32.69729299999999], [-96.78746, 32.69781199999998], [-96.788151, 32.697926], [-96.792781, 32.697183999999986], [-96.79500000000002, 32.700471]]]}}, {"id": "728", "type": "Feature", "properties": {"geoid": "48113012603", "alley_mi": 5.366, "alley_density": 14.985, "area_sqmi": 0.358}, "geometry": {"type": "Polygon", "coordinates": [[[-96.664759, 32.842472000000036], [-96.659251, 32.847156999999996], [-96.649484, 32.838762000000024], [-96.651529, 32.83703199999997], [-96.652271, 32.83672799999999], [-96.653299, 32.836865], [-96.655028, 32.83831300000001], [-96.658767, 32.835234000000014], [-96.659346, 32.83494099999999], [-96.661129, 32.838074999999996], [-96.663894, 32.841586000000014], [-96.664759, 32.842472000000036]]]}}, {"id": "735", "type": "Feature", "properties": {"geoid": "48085031718", "alley_mi": 3.224, "alley_density": 5.386, "area_sqmi": 0.599}, "geometry": {"type": "Polygon", "coordinates": [[[-96.793816, 32.986791], [-96.793634, 32.99794300000001], [-96.78123000000001, 32.997784999999986], [-96.781249, 32.994173], [-96.780837, 32.992842], [-96.780858, 32.99137099999999], [-96.780708, 32.99108000000001], [-96.779296, 32.989831999999986], [-96.778675, 32.988239000000014], [-96.778675, 32.98658800000001], [-96.793816, 32.986791]]]}}, {"id": "739", "type": "Feature", "properties": {"geoid": "48113007912", "alley_mi": 0.0, "alley_density": 0.0, "area_sqmi": 0.197}, "geometry": {"type": "Polygon", "coordinates": [[[-96.770454, 32.85709399999998], [-96.770373, 32.865603], [-96.76385100000002, 32.86551899999999], [-96.764239, 32.863239], [-96.763629, 32.861464999999995], [-96.764353, 32.86108500000001], [-96.764754, 32.86061100000001], [-96.765306, 32.858373], [-96.765623, 32.8577], [-96.766507, 32.85720800000002], [-96.770208, 32.857087000000014], [-96.770454, 32.85709399999998]]]}}, {"id": "741", "type": "Feature", "properties": {"geoid": "48113016521", "alley_mi": 1.573, "alley_density": 0.201, "area_sqmi": 7.831}, "geometry": {"type": "Polygon", "coordinates": [[[-96.990085, 32.65205699999999], [-96.989915, 32.65254899999999], [-96.988134, 32.653298], [-96.988037, 32.654963000000016], [-96.987665, 32.65548100000001], [-96.987073, 32.655657999999995], [-96.985551, 32.655324], [-96.984774, 32.65586900000001], [-96.984564, 32.65683000000001], [-96.983252, 32.65932900000001], [-96.983146, 32.66071699999998], [-96.982711, 32.662031999999996], [-96.981604, 32.66319299999999], [-96.980988, 32.66420300000001], [-96.980416, 32.66626], [-96.977611, 32.66870899999999], [-96.974548, 32.672316999999985], [-96.974371, 32.67282900000003], [-96.974537, 32.674273000000014], [-96.974356, 32.67507499999999], [-96.973406, 32.675891], [-96.972801, 32.67688400000002], [-96.972246, 32.67894799999999], [-96.97224100000001, 32.680006000000006], [-96.971458, 32.681429], [-96.971973, 32.682909999999985], [-96.971347, 32.683657999999994], [-96.971035, 32.684398], [-96.970911, 32.685036999999994], [-96.971014, 32.685701999999985], [-96.970768, 32.687146], [-96.970942, 32.68788000000001], [-96.971591, 32.688989], [-96.971603, 32.689879999999995], [-96.972821, 32.690804000000014], [-96.973337, 32.69140500000002], [-96.973641, 32.693346], [-96.973082, 32.696168000000036], [-96.973184, 32.69733], [-96.970813, 32.699066], [-96.966784, 32.706231999999986], [-96.96613200000002, 32.706977], [-96.955125, 32.70803099999999], [-96.953642, 32.707769000000006], [-96.95245, 32.707118000000015], [-96.951849, 32.70820700000002], [-96.951612, 32.70928500000002], [-96.951483, 32.71423899999999], [-96.949843, 32.71607900000001], [-96.94885, 32.71579399999999], [-96.94749, 32.714042], [-96.94698600000001, 32.71289100000002], [-96.946441, 32.712600999999985], [-96.945564, 32.712663], [-96.944954, 32.71242000000001], [-96.944278, 32.712033], [-96.94376, 32.71117999999999], [-96.94344, 32.71108099999999], [-96.943768, 32.71086400000001], [-96.943667, 32.71034000000001], [-96.94301, 32.709515999999994], [-96.942817, 32.70851300000002], [-96.94303, 32.708023999999995], [-96.942823, 32.707631], [-96.942453, 32.70753399999998], [-96.942201, 32.70709500000002], [-96.942162, 32.70560699999999], [-96.941836, 32.70505000000001], [-96.94200500000001, 32.70418600000001], [-96.94226, 32.70380000000001], [-96.942115, 32.70363300000001], [-96.94214, 32.70321199999997], [-96.94187600000001, 32.702983], [-96.94192100000001, 32.701997], [-96.941741, 32.701498], [-96.941362, 32.70119599999998], [-96.941372, 32.700270000000025], [-96.941711, 32.699849], [-96.94126800000001, 32.699468999999986], [-96.941572, 32.69885600000001], [-96.941941, 32.698748000000016], [-96.94205000000001, 32.698299000000006], [-96.941941, 32.69785000000002], [-96.941412, 32.697187], [-96.941233, 32.696369999999995], [-96.940615, 32.69591199999999], [-96.94044500000001, 32.69552300000001], [-96.939803, 32.69514099999999], [-96.939738, 32.69468800000001], [-96.938466, 32.69433300000001], [-96.937779, 32.69359700000001], [-96.936938, 32.69338199999999], [-96.936319, 32.69294100000001], [-96.935264, 32.692813000000015], [-96.934814, 32.69294599999999], [-96.934758, 32.692534000000016], [-96.93402700000001, 32.691761], [-96.932536, 32.69116599999998], [-96.930938, 32.690962], [-96.930866, 32.68960799999999], [-96.929496, 32.687163], [-96.929404, 32.686540000000015], [-96.928472, 32.68611000000001], [-96.92813900000002, 32.68542500000002], [-96.928228, 32.68489900000001], [-96.927282, 32.68410000000002], [-96.92735900000001, 32.682281999999994], [-96.927011, 32.68162999999999], [-96.927259, 32.68096700000001], [-96.926321, 32.67998799999998], [-96.926203, 32.67955800000001], [-96.9259, 32.67937400000001], [-96.925634, 32.673569], [-96.925824, 32.66234], [-96.939529, 32.66234599999999], [-96.943064, 32.662140000000015], [-96.947834, 32.66471700000002], [-96.950024, 32.665127], [-96.952583, 32.666266000000014], [-96.953381, 32.666316], [-96.955967, 32.66554], [-96.95854, 32.66558400000001], [-96.959486, 32.66515199999998], [-96.961963, 32.66318399999999], [-96.963023, 32.66259099999999], [-96.964805, 32.662031999999996], [-96.968725, 32.66153200000001], [-96.985452, 32.653518999999996], [-96.986926, 32.65292899999999], [-96.990085, 32.65205699999999]]]}}, {"id": "742", "type": "Feature", "properties": {"geoid": "48113018505", "alley_mi": 0.0, "alley_density": 0.0, "area_sqmi": 0.184}, "geometry": {"type": "Polygon", "coordinates": [[[-96.717888, 32.909548], [-96.71597400000002, 32.909515000000006], [-96.714793, 32.90919400000002], [-96.70642, 32.90911200000002], [-96.705763, 32.908737000000016], [-96.70809400000002, 32.908103000000004], [-96.708645, 32.907804000000006], [-96.714564, 32.903010999999985], [-96.715126, 32.902831999999975], [-96.71654100000002, 32.902879], [-96.716952, 32.902605], [-96.717137, 32.902192000000014], [-96.717203, 32.90272099999999], [-96.717646, 32.903519], [-96.717855, 32.904316000000016], [-96.717888, 32.909548]]]}}, {"id": "744", "type": "Feature", "properties": {"geoid": "48113007913", "alley_mi": 0.612, "alley_density": 2.616, "area_sqmi": 0.234}, "geometry": {"type": "Polygon", "coordinates": [[[-96.77360000000002, 32.84557800000001], [-96.77157100000001, 32.85099700000001], [-96.76064300000002, 32.85085900000001], [-96.761226, 32.848549999999996], [-96.761399, 32.846536000000015], [-96.763855, 32.84637900000002], [-96.765002, 32.845777], [-96.765891, 32.84557800000001], [-96.77360000000002, 32.84557800000001]]]}}, {"id": "760", "type": "Feature", "properties": {"geoid": "48121021616", "alley_mi": 4.312, "alley_density": 8.198, "area_sqmi": 0.526}, "geometry": {"type": "Polygon", "coordinates": [[[-96.871754, 33.00061500000001], [-96.86865800000001, 33.011719000000014], [-96.857192, 33.01182300000003], [-96.857155, 33.00299600000001], [-96.85922, 33.002999999999986], [-96.859909, 33.00284], [-96.86047, 33.00241200000002], [-96.86132, 33.00103000000001], [-96.86249, 33.000510000000006], [-96.86384, 33.00033000000001], [-96.86419, 33.00103000000001], [-96.86543, 33.00178999999999], [-96.865956, 33.002485000000014], [-96.866372, 33.001987], [-96.866112, 33.00188700000001], [-96.866117, 33.001727], [-96.86687700000002, 33.001094000000016], [-96.867531, 33.001466], [-96.869151, 33.001067000000006], [-96.870399, 33.001264000000006], [-96.870699, 33.000943000000014], [-96.871196, 33.001030000000014], [-96.871754, 33.00061500000001]]]}}, {"id": "762", "type": "Feature", "properties": {"geoid": "48113008802", "alley_mi": 7.439, "alley_density": 7.726, "area_sqmi": 0.963}, "geometry": {"type": "Polygon", "coordinates": [[[-96.801987, 32.70863000000001], [-96.800998, 32.70935299999999], [-96.800065, 32.71102200000002], [-96.798754, 32.712048999999986], [-96.797414, 32.71253200000001], [-96.795074, 32.712562999999996], [-96.794619, 32.71269699999997], [-96.79327400000001, 32.71340000000001], [-96.792147, 32.714461000000014], [-96.785589, 32.71760900000001], [-96.782867, 32.71698299999998], [-96.776956, 32.71651800000001], [-96.774178, 32.71091500000001], [-96.774282, 32.71049000000001], [-96.774719, 32.71018099999998], [-96.793223, 32.701301000000015], [-96.79639000000002, 32.70605400000004], [-96.795778, 32.70615899999999], [-96.794034, 32.70700599999999], [-96.795163, 32.708675000000014], [-96.800385, 32.70618299999999], [-96.801987, 32.70863000000001]]]}}, {"id": "766", "type": "Feature", "properties": {"geoid": "48113009603", "alley_mi": 14.686, "alley_density": 10.789, "area_sqmi": 1.361}, "geometry": {"type": "Polygon", "coordinates": [[[-96.838707, 32.92525800000002], [-96.835884, 32.92587399999999], [-96.833455, 32.926094], [-96.820753, 32.926067], [-96.818827, 32.921477999999986], [-96.814644, 32.909585], [-96.838331, 32.909621], [-96.838241, 32.923712999999985], [-96.838707, 32.92525800000002]]]}}, {"id": "767", "type": "Feature", "properties": {"geoid": "48113009604", "alley_mi": 7.406, "alley_density": 8.05, "area_sqmi": 0.92}, "geometry": {"type": "Polygon", "coordinates": [[[-96.820753, 32.926067], [-96.80727, 32.926021000000006], [-96.803568, 32.925639999999994], [-96.803525, 32.91329200000001], [-96.803972, 32.90952900000002], [-96.814644, 32.909585], [-96.818827, 32.921477999999986], [-96.820753, 32.926067]]]}}, {"id": "768", "type": "Feature", "properties": {"geoid": "48113009605", "alley_mi": 4.816, "alley_density": 9.059, "area_sqmi": 0.532}, "geometry": {"type": "Polygon", "coordinates": [[[-96.892207, 32.908842], [-96.870968, 32.913657], [-96.86735600000002, 32.914889], [-96.861966, 32.91635], [-96.858975, 32.91695], [-96.85604900000001, 32.91813799999999], [-96.85616, 32.909652], [-96.872944, 32.909791], [-96.887413, 32.909180000000006], [-96.889528, 32.908779000000024], [-96.89185, 32.90771500000001], [-96.892207, 32.908842]]]}}, {"id": "769", "type": "Feature", "properties": {"geoid": "48113009607", "alley_mi": 12.421, "alley_density": 13.677, "area_sqmi": 0.908}, "geometry": {"type": "Polygon", "coordinates": [[[-96.872483, 32.90978199999999], [-96.85616, 32.909652], [-96.856295, 32.904224000000006], [-96.856243, 32.895179999999996], [-96.87034500000001, 32.895255999999996], [-96.870665, 32.89674], [-96.87203400000001, 32.89935799999999], [-96.872209, 32.899987999999965], [-96.87225500000001, 32.90905500000002], [-96.872483, 32.90978199999999]]]}}, {"id": "770", "type": "Feature", "properties": {"geoid": "48113009608", "alley_mi": 11.055, "alley_density": 12.662, "area_sqmi": 0.873}, "geometry": {"type": "Polygon", "coordinates": [[[-96.85616, 32.909652], [-96.85604900000001, 32.91813799999999], [-96.84311, 32.92357200000001], [-96.838914, 32.92568000000001], [-96.838241, 32.923712999999985], [-96.838331, 32.909621], [-96.85616, 32.909652]]]}}, {"id": "771", "type": "Feature", "properties": {"geoid": "48113009609", "alley_mi": 13.055, "alley_density": 12.58, "area_sqmi": 1.038}, "geometry": {"type": "Polygon", "coordinates": [[[-96.856243, 32.895179999999996], [-96.85616, 32.909652], [-96.838331, 32.909621], [-96.838384, 32.895051], [-96.856243, 32.895179999999996]]]}}, {"id": "772", "type": "Feature", "properties": {"geoid": "48113009611", "alley_mi": 7.063, "alley_density": 13.189, "area_sqmi": 0.535}, "geometry": {"type": "Polygon", "coordinates": [[[-96.88162, 32.90943599999999], [-96.872483, 32.90978199999999], [-96.87225500000001, 32.90905500000002], [-96.872209, 32.899987999999965], [-96.87203400000001, 32.89935799999999], [-96.870665, 32.89674], [-96.87034500000001, 32.895255999999996], [-96.881406, 32.89527100000001], [-96.881362, 32.90404300000001], [-96.880752, 32.90546800000001], [-96.880721, 32.907929999999986], [-96.880984, 32.90864199999999], [-96.88162, 32.90943599999999]]]}}, {"id": "773", "type": "Feature", "properties": {"geoid": "48113009702", "alley_mi": 11.034, "alley_density": 15.239, "area_sqmi": 0.724}, "geometry": {"type": "Polygon", "coordinates": [[[-96.87037, 32.887644000000016], [-96.87034500000001, 32.895255999999996], [-96.856243, 32.895179999999996], [-96.856275, 32.880427999999995], [-96.857159, 32.88057299999999], [-96.865705, 32.880792], [-96.865735, 32.884483999999986], [-96.86605600000001, 32.88523600000001], [-96.866546, 32.885651], [-96.867142, 32.88588200000003], [-96.868789, 32.885976000000014], [-96.869585, 32.88621499999999], [-96.870179, 32.886801999999975], [-96.87037, 32.887644000000016]]]}}, {"id": "774", "type": "Feature", "properties": {"geoid": "48113009202", "alley_mi": 2.458, "alley_density": 2.294, "area_sqmi": 1.072}, "geometry": {"type": "Polygon", "coordinates": [[[-96.682916, 32.71970400000002], [-96.682807, 32.73435000000003], [-96.663468, 32.734246000000006], [-96.663491, 32.733852], [-96.662877, 32.732525999999986], [-96.662957, 32.732196000000016], [-96.663497, 32.732049000000025], [-96.663468, 32.73162299999999], [-96.66316500000002, 32.731093], [-96.662611, 32.730777999999994], [-96.662324, 32.730075000000014], [-96.66316500000002, 32.72859], [-96.663057, 32.72787], [-96.664218, 32.726070999999976], [-96.66559300000002, 32.72566599999999], [-96.665725, 32.725351], [-96.66564000000001, 32.72458300000002], [-96.66615600000002, 32.72410599999999], [-96.66667400000001, 32.72389199999999], [-96.666858, 32.720188000000014], [-96.666993, 32.72000500000001], [-96.668182, 32.719663999999995], [-96.682916, 32.71970400000002]]]}}, {"id": "775", "type": "Feature", "properties": {"geoid": "48113009301", "alley_mi": 0.107, "alley_density": 0.102, "area_sqmi": 1.05}, "geometry": {"type": "Polygon", "coordinates": [[[-96.710333, 32.734432999999996], [-96.682807, 32.73435000000003], [-96.682907, 32.71687200000002], [-96.685752, 32.71900700000001], [-96.687847, 32.72031499999999], [-96.701278, 32.727383], [-96.704214, 32.72875699999999], [-96.708507, 32.73116900000001], [-96.709038, 32.73155400000001], [-96.709755, 32.73246100000002], [-96.710076, 32.733153], [-96.710333, 32.734432999999996]]]}}, {"id": "776", "type": "Feature", "properties": {"geoid": "48113009304", "alley_mi": 4.319, "alley_density": 3.81, "area_sqmi": 1.134}, "geometry": {"type": "Polygon", "coordinates": [[[-96.717763, 32.719792000000005], [-96.700313, 32.719773999999994], [-96.70029, 32.726868999999986], [-96.687847, 32.72031499999999], [-96.685752, 32.71900700000001], [-96.682907, 32.71687200000002], [-96.682952, 32.713915], [-96.68331400000001, 32.713074], [-96.683925, 32.712610000000005], [-96.685257, 32.712277], [-96.686888, 32.71214700000003], [-96.688582, 32.71227799999999], [-96.693039, 32.71308500000002], [-96.694351, 32.713149], [-96.700083, 32.713054], [-96.70019, 32.71319900000001], [-96.707187, 32.71276700000002], [-96.717334, 32.712696], [-96.71727, 32.717841999999976], [-96.717733, 32.719251], [-96.717763, 32.719792000000005]]]}}, {"id": "838", "type": "Feature", "properties": {"geoid": "48113008500", "alley_mi": 1.65, "alley_density": 1.593, "area_sqmi": 1.036}, "geometry": {"type": "Polygon", "coordinates": [[[-96.700705, 32.766416000000014], [-96.700175, 32.767598000000014], [-96.700073, 32.768183], [-96.700053, 32.778036], [-96.682708, 32.77800500000001], [-96.682669, 32.763365000000015], [-96.687978, 32.76339899999999], [-96.690562, 32.76292599999999], [-96.693215, 32.763283000000015], [-96.700572, 32.763360000000006], [-96.700705, 32.766416000000014]]]}}, {"id": "840", "type": "Feature", "properties": {"geoid": "48113008604", "alley_mi": 0.003, "alley_density": 0.006, "area_sqmi": 0.483}, "geometry": {"type": "Polygon", "coordinates": [[[-96.778406, 32.71888400000001], [-96.776514, 32.720377], [-96.774451, 32.72097399999999], [-96.77305, 32.72177000000001], [-96.771951, 32.720681], [-96.771323, 32.721254999999985], [-96.77052100000002, 32.721649], [-96.768655, 32.72178600000001], [-96.768698, 32.72246500000001], [-96.768454, 32.723143], [-96.766891, 32.722992999999995], [-96.765192, 32.722422], [-96.763792, 32.721276000000024], [-96.763178, 32.720346000000006], [-96.76162, 32.716560000000015], [-96.774227, 32.71060200000001], [-96.774253, 32.71116599999999], [-96.776557, 32.715826000000014], [-96.77793, 32.71832399999999], [-96.778406, 32.71888400000001]]]}}, {"id": "841", "type": "Feature", "properties": {"geoid": "48113008701", "alley_mi": 1.904, "alley_density": 0.945, "area_sqmi": 2.015}, "geometry": {"type": "Polygon", "coordinates": [[[-96.774719, 32.71018099999998], [-96.774227, 32.71060200000001], [-96.76162, 32.716560000000015], [-96.747064, 32.68053099999999], [-96.748114, 32.68001700000003], [-96.748741, 32.68105700000001], [-96.749513, 32.681566000000004], [-96.757535, 32.685034000000016], [-96.757928, 32.68544299999999], [-96.759943, 32.68577100000001], [-96.760495, 32.68606799999998], [-96.76229, 32.685809000000006], [-96.76324300000002, 32.68547399999999], [-96.76510600000002, 32.68417599999998], [-96.767587, 32.68294400000001], [-96.77133, 32.69026100000001], [-96.771533, 32.691055], [-96.771515, 32.69366800000001], [-96.772039, 32.69466399999998], [-96.769676, 32.695675000000016], [-96.767762, 32.696083000000016], [-96.770101, 32.699663000000015], [-96.770278, 32.70034900000001], [-96.771706, 32.702443], [-96.771949, 32.70411599999997], [-96.773876, 32.70691899999999], [-96.771093, 32.70823599999999], [-96.774719, 32.71018099999998]]]}}, {"id": "842", "type": "Feature", "properties": {"geoid": "48113008704", "alley_mi": 1.191, "alley_density": 1.353, "area_sqmi": 0.881}, "geometry": {"type": "Polygon", "coordinates": [[[-96.794287, 32.69688300000001], [-96.788151, 32.697926], [-96.78746, 32.69781199999998], [-96.786409, 32.69729299999999], [-96.772067, 32.704275999999986], [-96.771773, 32.703569], [-96.771706, 32.702443], [-96.770278, 32.70034900000001], [-96.770101, 32.699663000000015], [-96.767762, 32.696083000000016], [-96.769676, 32.695675000000016], [-96.770942, 32.69517799999999], [-96.78794300000001, 32.68694399999999], [-96.789961, 32.686289999999985], [-96.79358, 32.694854000000014], [-96.794287, 32.69688300000001]]]}}, {"id": "843", "type": "Feature", "properties": {"geoid": "48113008801", "alley_mi": 1.527, "alley_density": 1.705, "area_sqmi": 0.896}, "geometry": {"type": "Polygon", "coordinates": [[[-96.805845, 32.71317199999999], [-96.805801, 32.71703], [-96.799875, 32.71697399999999], [-96.79587, 32.718911000000006], [-96.796149, 32.719676000000014], [-96.800676, 32.72157200000002], [-96.799854, 32.722498], [-96.785392, 32.72942800000001], [-96.785968, 32.72733600000001], [-96.785939, 32.725906999999985], [-96.785375, 32.724590000000006], [-96.784196, 32.722949], [-96.7836, 32.720186], [-96.78259, 32.720398999999986], [-96.781905, 32.72037399999999], [-96.778916, 32.719237000000014], [-96.77793, 32.71832399999999], [-96.776956, 32.71651800000001], [-96.782867, 32.71698299999998], [-96.785589, 32.71760900000001], [-96.792147, 32.714461000000014], [-96.79327400000001, 32.71340000000001], [-96.794619, 32.71269699999997], [-96.795074, 32.712562999999996], [-96.797414, 32.71253200000001], [-96.798754, 32.712048999999986], [-96.800065, 32.71102200000002], [-96.800998, 32.70935299999999], [-96.801987, 32.70863000000001], [-96.80405500000002, 32.71155400000001], [-96.804334, 32.71232400000002], [-96.804382, 32.713164000000006], [-96.805845, 32.71317199999999]]]}}, {"id": "844", "type": "Feature", "properties": {"geoid": "48113009802", "alley_mi": 7.498, "alley_density": 12.522, "area_sqmi": 0.599}, "geometry": {"type": "Polygon", "coordinates": [[[-96.865705, 32.880792], [-96.857159, 32.88057299999999], [-96.856275, 32.880427999999995], [-96.856174, 32.862930999999996], [-96.85597, 32.86225400000001], [-96.855192, 32.86097100000001], [-96.857355, 32.86036000000003], [-96.863747, 32.866003], [-96.8647, 32.866422], [-96.864563, 32.878476], [-96.864854, 32.87928599999996], [-96.865596, 32.880217000000016], [-96.865705, 32.880792]]]}}, {"id": "848", "type": "Feature", "properties": {"geoid": "48113009104", "alley_mi": 6.239, "alley_density": 13.285, "area_sqmi": 0.47}, "geometry": {"type": "Polygon", "coordinates": [[[-96.700284, 32.749007000000006], [-96.682793, 32.74888699999998], [-96.682831, 32.742701999999994], [-96.690554, 32.742719], [-96.69388, 32.74151800000002], [-96.700076, 32.741485999999995], [-96.700042, 32.748353999999985], [-96.700284, 32.749007000000006]]]}}, {"id": "877", "type": "Feature", "properties": {"geoid": "48113012211", "alley_mi": 3.183, "alley_density": 6.244, "area_sqmi": 0.51}, "geometry": {"type": "Polygon", "coordinates": [[[-96.698135, 32.804147], [-96.695272, 32.80654800000001], [-96.695258, 32.80701799999999], [-96.682687, 32.806950000000015], [-96.68245, 32.805484000000014], [-96.68257500000001, 32.79801100000001], [-96.691949, 32.795602], [-96.692712, 32.797823], [-96.692773, 32.799529], [-96.698135, 32.804147]]]}}, {"id": "878", "type": "Feature", "properties": {"geoid": "48113012400", "alley_mi": 13.626, "alley_density": 11.59, "area_sqmi": 1.176}, "geometry": {"type": "Polygon", "coordinates": [[[-96.695737, 32.823938999999996], [-96.688941, 32.835895], [-96.688538, 32.83692700000001], [-96.686703, 32.840162999999954], [-96.682089, 32.83831000000002], [-96.677923, 32.834808999999986], [-96.67334800000002, 32.834749000000016], [-96.673965, 32.833806], [-96.674681, 32.832230999999986], [-96.678409, 32.822075999999996], [-96.679434, 32.82068099999999], [-96.680936, 32.819696000000015], [-96.682452, 32.81923700000001], [-96.687845, 32.81815099999999], [-96.689698, 32.81741099999999], [-96.692418, 32.82083899999999], [-96.695737, 32.823938999999996]]]}}, {"id": "884", "type": "Feature", "properties": {"geoid": "48113016607", "alley_mi": 0.0, "alley_density": 0.0, "area_sqmi": 0.447}, "geometry": {"type": "Polygon", "coordinates": [[[-96.891392, 32.647499], [-96.891426, 32.660184999999984], [-96.877547, 32.654169], [-96.884473, 32.64751199999999], [-96.891269, 32.64737600000001], [-96.891392, 32.647499]]]}}, {"id": "886", "type": "Feature", "properties": {"geoid": "48113013609", "alley_mi": 7.357, "alley_density": 10.608, "area_sqmi": 0.694}, "geometry": {"type": "Polygon", "coordinates": [[[-96.786262, 32.93982399999998], [-96.786226, 32.94380399999999], [-96.785462, 32.94852900000001], [-96.784739, 32.94993299999999], [-96.780568, 32.949986], [-96.776596, 32.950650000000024], [-96.770728, 32.95062899999998], [-96.768988, 32.950845], [-96.768987, 32.939866999999985], [-96.777613, 32.93989500000001], [-96.781733, 32.94081], [-96.782814, 32.940773], [-96.785013, 32.93990099999999], [-96.786262, 32.93982399999998]]]}}, {"id": "887", "type": "Feature", "properties": {"geoid": "48113013610", "alley_mi": 11.053, "alley_density": 10.249, "area_sqmi": 1.078}, "geometry": {"type": "Polygon", "coordinates": [[[-96.786314, 32.92486900000003], [-96.786262, 32.93982399999998], [-96.785013, 32.93990099999999], [-96.782814, 32.940773], [-96.781733, 32.94081], [-96.777613, 32.93989500000001], [-96.768987, 32.939866999999985], [-96.769127, 32.926824999999994], [-96.769301, 32.92442299999999], [-96.780677, 32.92433900000001], [-96.786314, 32.92486900000003]]]}}, {"id": "888", "type": "Feature", "properties": {"geoid": "48113013611", "alley_mi": 2.2, "alley_density": 1.421, "area_sqmi": 1.548}, "geometry": {"type": "Polygon", "coordinates": [[[-96.828835, 32.981434000000014], [-96.828519, 32.98723600000002], [-96.80343, 32.986914000000034], [-96.804101, 32.985247999999984], [-96.804433, 32.98319300000001], [-96.804488, 32.97493300000001], [-96.80410400000001, 32.971213], [-96.80475100000001, 32.970701], [-96.807528, 32.96970300000001], [-96.810174, 32.96851900000001], [-96.821583, 32.968594], [-96.821542, 32.97220100000001], [-96.821734, 32.973214000000006], [-96.822107, 32.97402299999999], [-96.822785, 32.974786999999985], [-96.827776, 32.97872899999999], [-96.828595, 32.98005000000002], [-96.828835, 32.981434000000014]]]}}, {"id": "896", "type": "Feature", "properties": {"geoid": "48113007914", "alley_mi": 0.359, "alley_density": 1.085, "area_sqmi": 0.331}, "geometry": {"type": "Polygon", "coordinates": [[[-96.779207, 32.83659300000001], [-96.777521, 32.83868699999999], [-96.77608, 32.841695], [-96.774763, 32.843778000000015], [-96.771052, 32.843749000000024], [-96.77103700000002, 32.84477100000001], [-96.771485, 32.84477000000001], [-96.77149, 32.84546100000001], [-96.772086, 32.84556799999999], [-96.765891, 32.84557800000001], [-96.765002, 32.845777], [-96.763855, 32.84637900000002], [-96.761399, 32.846536000000015], [-96.76136, 32.84178700000001], [-96.772193, 32.839269999999985], [-96.774649, 32.83810900000002], [-96.776459, 32.83658799999999], [-96.779207, 32.83659300000001]]]}}, {"id": "897", "type": "Feature", "properties": {"geoid": "48113013625", "alley_mi": 0.0, "alley_density": 0.0, "area_sqmi": 0.128}, "geometry": {"type": "Polygon", "coordinates": [[[-96.82342600000001, 32.94657300000001], [-96.822584, 32.946814000000025], [-96.819028, 32.94673700000001], [-96.817916, 32.94336199999998], [-96.817927, 32.939413000000016], [-96.822086, 32.93949499999999], [-96.82212400000002, 32.942388], [-96.823208, 32.945451999999996], [-96.82342600000001, 32.94657300000001]]]}}, {"id": "899", "type": "Feature", "properties": {"geoid": "48113017605", "alley_mi": 6.298, "alley_density": 15.6, "area_sqmi": 0.404}, "geometry": {"type": "Polygon", "coordinates": [[[-96.648267, 32.750217], [-96.648205, 32.76220000000001], [-96.644006, 32.762375000000006], [-96.643428, 32.75964199999999], [-96.64315, 32.759110000000014], [-96.639274, 32.755731999999995], [-96.639273, 32.748752], [-96.648399, 32.74884199999999], [-96.648267, 32.750217]]]}}, {"id": "943", "type": "Feature", "properties": {"geoid": "48085031704", "alley_mi": 5.87, "alley_density": 9.619, "area_sqmi": 0.61}, "geometry": {"type": "Polygon", "coordinates": [[[-96.844122, 32.98743500000002], [-96.843982, 32.99731200000002], [-96.842674, 32.99756600000003], [-96.829382, 32.997657999999994], [-96.829382, 32.990964999999996], [-96.828591, 32.988642], [-96.828519, 32.98723600000002], [-96.844122, 32.98743500000002]]]}}, {"id": "965", "type": "Feature", "properties": {"geoid": "48113018507", "alley_mi": 0.0, "alley_density": 0.0, "area_sqmi": 0.177}, "geometry": {"type": "Polygon", "coordinates": [[[-96.732106, 32.909232], [-96.728012, 32.909245999999996], [-96.725822, 32.909659999999995], [-96.717888, 32.909548], [-96.717814, 32.908620000000006], [-96.719963, 32.90787699999999], [-96.720282, 32.906422], [-96.721012, 32.90594600000002], [-96.720638, 32.905399999999986], [-96.721087, 32.904932], [-96.72149, 32.904031999999994], [-96.722365, 32.90336499999998], [-96.732106, 32.909232]]]}}, {"id": "968", "type": "Feature", "properties": {"geoid": "48113012802", "alley_mi": 12.693, "alley_density": 10.857, "area_sqmi": 1.169}, "geometry": {"type": "Polygon", "coordinates": [[[-96.701272, 32.85322400000003], [-96.700657, 32.854331999999985], [-96.700929, 32.85603], [-96.700396, 32.857634999999995], [-96.699409, 32.85739100000001], [-96.697989, 32.85740500000001], [-96.696234, 32.85760299999999], [-96.691405, 32.85767499999999], [-96.689762, 32.85814800000004], [-96.688944, 32.857940000000006], [-96.687072, 32.858033000000006], [-96.685801, 32.858528000000014], [-96.68456500000002, 32.85952200000001], [-96.683186, 32.86002399999998], [-96.674942, 32.85990999999999], [-96.67476, 32.85946000000002], [-96.674274, 32.85914400000001], [-96.676935, 32.855638], [-96.676568, 32.855643], [-96.68448500000001, 32.844236999999985], [-96.686703, 32.840162999999954], [-96.68795100000001, 32.84076000000002], [-96.689396, 32.841987999999986], [-96.691162, 32.843097], [-96.695727, 32.846959], [-96.697495, 32.84904], [-96.701257, 32.85242399999999], [-96.70107, 32.85267699999999], [-96.701272, 32.85322400000003]]]}}, {"id": "970", "type": "Feature", "properties": {"geoid": "48113008402", "alley_mi": 3.29, "alley_density": 2.0, "area_sqmi": 1.645}, "geometry": {"type": "Polygon", "coordinates": [[[-96.73096, 32.76601000000002], [-96.730908, 32.76654200000001], [-96.729467, 32.76916599999999], [-96.72886, 32.77488699999999], [-96.728917, 32.77554799999999], [-96.728782, 32.77563299999999], [-96.72875500000002, 32.77631599999999], [-96.728133, 32.77710100000001], [-96.728169, 32.777767999999995], [-96.728458, 32.77774399999999], [-96.72863000000001, 32.778588000000006], [-96.729038, 32.78251], [-96.729178, 32.792111], [-96.72791, 32.79269999999999], [-96.725928, 32.79395099999997], [-96.725032, 32.794306999999996], [-96.72420800000002, 32.794582000000005], [-96.722719, 32.79478], [-96.72299, 32.794547], [-96.717983, 32.79485700000002], [-96.717508, 32.794098], [-96.717469, 32.79356399999998], [-96.71719200000001, 32.793544000000004], [-96.717111, 32.783421999999995], [-96.712876, 32.77981800000001], [-96.712327, 32.77961500000002], [-96.710417, 32.77956900000004], [-96.70898, 32.779331], [-96.70511, 32.778065999999995], [-96.700053, 32.778036], [-96.70007, 32.772633], [-96.709279, 32.774316], [-96.717583, 32.77704900000001], [-96.719463, 32.76557999999999], [-96.73096, 32.76601000000002]]]}}, {"id": "974", "type": "Feature", "properties": {"geoid": "48113008101", "alley_mi": 0.998, "alley_density": 1.242, "area_sqmi": 0.803}, "geometry": {"type": "Polygon", "coordinates": [[[-96.723848, 32.814813], [-96.722177, 32.82382699999999], [-96.719777, 32.834428], [-96.715452, 32.83426600000001], [-96.713055, 32.834587], [-96.711918, 32.83529200000001], [-96.708924, 32.83667799999998], [-96.706172, 32.83845499999998], [-96.704343, 32.83547], [-96.702372, 32.83372899999998], [-96.714932, 32.82317799999999], [-96.720217, 32.816729], [-96.721914, 32.81552200000001], [-96.723848, 32.814813]]]}}, {"id": "976", "type": "Feature", "properties": {"geoid": "48113013202", "alley_mi": 1.842, "alley_density": 1.61, "area_sqmi": 1.144}, "geometry": {"type": "Polygon", "coordinates": [[[-96.786532, 32.909864000000006], [-96.786314, 32.92486900000003], [-96.780677, 32.92433900000001], [-96.769301, 32.92442299999999], [-96.76931300000001, 32.923978], [-96.764269, 32.923874], [-96.766131, 32.91948300000001], [-96.76826900000002, 32.913456], [-96.768789, 32.91178099999999], [-96.769032, 32.909347000000004], [-96.771796, 32.90940200000001], [-96.774479, 32.909767000000016], [-96.786532, 32.909864000000006]]]}}, {"id": "977", "type": "Feature", "properties": {"geoid": "48113013012", "alley_mi": 5.594, "alley_density": 10.539, "area_sqmi": 0.531}, "geometry": {"type": "Polygon", "coordinates": [[[-96.718055, 32.861618], [-96.717963, 32.87886100000002], [-96.708459, 32.878932], [-96.70851, 32.87273199999999], [-96.708706, 32.87218299999998], [-96.710588, 32.869234999999975], [-96.710769, 32.86420700000001], [-96.712242, 32.86412800000001], [-96.713293, 32.863878], [-96.718055, 32.861618]]]}}, {"id": "978", "type": "Feature", "properties": {"geoid": "48113008102", "alley_mi": 11.421, "alley_density": 7.311, "area_sqmi": 1.562}, "geometry": {"type": "Polygon", "coordinates": [[[-96.726356, 32.807564], [-96.725335, 32.809928], [-96.72514, 32.81095500000001], [-96.726271, 32.81318900000001], [-96.723901, 32.814786], [-96.72168, 32.815641], [-96.720217, 32.816729], [-96.714932, 32.82317799999999], [-96.703734, 32.832631], [-96.702372, 32.83372899999998], [-96.698727, 32.83058699999999], [-96.698075, 32.82942799999999], [-96.697094, 32.82555300000002], [-96.696509, 32.82460399999997], [-96.69578, 32.823859], [-96.697027, 32.821483000000015], [-96.698707, 32.81956], [-96.718848, 32.80601], [-96.720914, 32.805049000000004], [-96.723451, 32.804472], [-96.725816, 32.80437800000001], [-96.726356, 32.807564]]]}}, {"id": "979", "type": "Feature", "properties": {"geoid": "48113016527", "alley_mi": 1.328, "alley_density": 0.325, "area_sqmi": 4.089}, "geometry": {"type": "Polygon", "coordinates": [[[-96.99824, 32.64586000000002], [-96.99693, 32.64678], [-96.995314, 32.64762599999998], [-96.994091, 32.648176], [-96.992973, 32.648358], [-96.990249, 32.64988000000001], [-96.990249, 32.651815000000006], [-96.990375, 32.65197600000001], [-96.986287, 32.65315599999999], [-96.97253, 32.65969200000001], [-96.97146, 32.657964], [-96.971132, 32.65695100000001], [-96.97077300000001, 32.654207], [-96.970312, 32.653090000000006], [-96.969539, 32.652012000000006], [-96.968609, 32.65115899999998], [-96.967542, 32.650499], [-96.964603, 32.649313000000014], [-96.963558, 32.648434], [-96.961277, 32.646041999999994], [-96.956706, 32.64394199999998], [-96.955839, 32.643282000000006], [-96.955112, 32.642262], [-96.954619, 32.639235000000006], [-96.954435, 32.638644000000006], [-96.953972, 32.637978999999994], [-96.948281, 32.63340099999999], [-96.947497, 32.63296999999999], [-96.947748, 32.63262099999997], [-96.957627, 32.632675000000006], [-96.956839, 32.631498], [-96.971722, 32.624274999999976], [-96.97584, 32.62206900000001], [-96.975692, 32.620957999999995], [-96.975285, 32.619697], [-96.975781, 32.619532000000014], [-96.976065, 32.619711], [-96.976885, 32.62088200000002], [-96.977887, 32.62175500000001], [-96.978107, 32.622158000000006], [-96.97891300000002, 32.622802000000014], [-96.979226, 32.62381799999999], [-96.979707, 32.624183999999985], [-96.980637, 32.62465000000002], [-96.981591, 32.62477500000001], [-96.982038, 32.62505700000001], [-96.982321, 32.625505999999994], [-96.985582, 32.626767], [-96.989643, 32.62881800000001], [-96.99329, 32.63074100000001], [-96.996341, 32.632885], [-96.996189, 32.63348700000003], [-96.996263, 32.63492199999999], [-96.995741, 32.637380000000014], [-96.995451, 32.63972300000001], [-96.991896, 32.64279899999998], [-96.990993, 32.642771], [-96.990313, 32.64253200000001], [-96.98975, 32.643831999999996], [-96.995011, 32.644651999999994], [-96.99854, 32.64462600000002], [-96.99824, 32.64586000000002]]]}}, {"id": "980", "type": "Feature", "properties": {"geoid": "48113000801", "alley_mi": 1.02, "alley_density": 3.36, "area_sqmi": 0.304}, "geometry": {"type": "Polygon", "coordinates": [[[-96.789799, 32.805046999999995], [-96.782168, 32.81124200000001], [-96.7763, 32.806176], [-96.783802, 32.79988900000003], [-96.789799, 32.805046999999995]]]}}, {"id": "981", "type": "Feature", "properties": {"geoid": "48113000902", "alley_mi": 0.929, "alley_density": 5.702, "area_sqmi": 0.163}, "geometry": {"type": "Polygon", "coordinates": [[[-96.782121, 32.81120299999999], [-96.778486, 32.814844000000015], [-96.772303, 32.80946899999998], [-96.7763, 32.806176], [-96.782121, 32.81120299999999]]]}}, {"id": "983", "type": "Feature", "properties": {"geoid": "48113012801", "alley_mi": 7.721, "alley_density": 12.753, "area_sqmi": 0.605}, "geometry": {"type": "Polygon", "coordinates": [[[-96.701067, 32.86058299999999], [-96.700916, 32.86177600000001], [-96.699545, 32.863304000000014], [-96.699109, 32.864164], [-96.670817, 32.86405099999999], [-96.674274, 32.85914400000001], [-96.67476, 32.85946000000002], [-96.674942, 32.85990999999999], [-96.683186, 32.86002399999998], [-96.68456500000002, 32.85952200000001], [-96.685801, 32.858528000000014], [-96.687072, 32.858033000000006], [-96.688944, 32.857940000000006], [-96.689762, 32.85814800000004], [-96.69126, 32.857702], [-96.692091, 32.857617], [-96.696234, 32.85760299999999], [-96.699409, 32.85739100000001], [-96.700396, 32.857634999999995], [-96.70030200000001, 32.85898299999998], [-96.701067, 32.86058299999999]]]}}, {"id": "985", "type": "Feature", "properties": {"geoid": "48113007915", "alley_mi": 0.0, "alley_density": 0.0, "area_sqmi": 0.079}, "geometry": {"type": "Polygon", "coordinates": [[[-96.764239, 32.863329000000014], [-96.76392, 32.864524], [-96.76385100000002, 32.86551899999999], [-96.761925, 32.86524000000001], [-96.760072, 32.864389000000024], [-96.758854, 32.862796], [-96.759903, 32.859972], [-96.76047300000002, 32.859429000000006], [-96.761953, 32.861233999999996], [-96.762763, 32.86151899999999], [-96.763629, 32.861464999999995], [-96.764239, 32.863329000000014]]]}}, {"id": "986", "type": "Feature", "properties": {"geoid": "48113012502", "alley_mi": 8.627, "alley_density": 13.017, "area_sqmi": 0.663}, "geometry": {"type": "Polygon", "coordinates": [[[-96.678725, 32.82150299999999], [-96.678262, 32.82238699999999], [-96.674681, 32.832230999999986], [-96.673768, 32.834118999999994], [-96.672764, 32.835484], [-96.671584, 32.83666500000002], [-96.664759, 32.842472000000036], [-96.663894, 32.841586000000014], [-96.661129, 32.838074999999996], [-96.658996, 32.834382999999995], [-96.659778, 32.83474900000002], [-96.668118, 32.83475], [-96.668072, 32.821427], [-96.678725, 32.82150299999999]]]}}, {"id": "987", "type": "Feature", "properties": {"geoid": "48113012501", "alley_mi": 7.835, "alley_density": 14.453, "area_sqmi": 0.542}, "geometry": {"type": "Polygon", "coordinates": [[[-96.668118, 32.83475], [-96.659463, 32.83467599999999], [-96.654226, 32.830248], [-96.655212, 32.829424], [-96.656228, 32.83033600000002], [-96.658165, 32.830382], [-96.658164, 32.82782399999999], [-96.658864, 32.827780000000004], [-96.658729, 32.827216000000014], [-96.658604, 32.82139200000002], [-96.662325, 32.82139600000001], [-96.662325, 32.821519], [-96.663602, 32.82137300000001], [-96.668072, 32.821427], [-96.668118, 32.83475]]]}}, {"id": "988", "type": "Feature", "properties": {"geoid": "48113016635", "alley_mi": 0.0, "alley_density": 0.0, "area_sqmi": 1.05}, "geometry": {"type": "Polygon", "coordinates": [[[-96.884473, 32.64751199999999], [-96.877547, 32.654169], [-96.862151, 32.64749200000001], [-96.86553200000002, 32.64744100000001], [-96.865455, 32.64244599999999], [-96.865684, 32.63308300000001], [-96.873862, 32.633099000000016], [-96.874633, 32.63278799999999], [-96.878461, 32.63294500000001], [-96.878418, 32.64745799999999], [-96.884473, 32.64751199999999]]]}}, {"id": "989", "type": "Feature", "properties": {"geoid": "48113016534", "alley_mi": 0.0, "alley_density": 0.0, "area_sqmi": 1.724}, "geometry": {"type": "Polygon", "coordinates": [[[-96.90863, 32.675605999999995], [-96.908707, 32.711149999999996], [-96.904822, 32.706912999999986], [-96.891986, 32.691794000000016], [-96.891539, 32.691459000000016], [-96.891468, 32.67648400000001], [-96.905637, 32.67637899999999], [-96.905509, 32.675578], [-96.90863, 32.675605999999995]]]}}, {"id": "990", "type": "Feature", "properties": {"geoid": "48113007702", "alley_mi": 6.955, "alley_density": 9.423, "area_sqmi": 0.738}, "geometry": {"type": "Polygon", "coordinates": [[[-96.804172, 32.865495000000024], [-96.80404, 32.88011400000001], [-96.795169, 32.88008700000001], [-96.793218, 32.879867], [-96.786662, 32.880032], [-96.78672700000001, 32.873465999999986], [-96.795386, 32.873404999999984], [-96.795451, 32.86539900000001], [-96.804172, 32.865495000000024]]]}}, {"id": "991", "type": "Feature", "properties": {"geoid": "48113007830", "alley_mi": 0.0, "alley_density": 0.0, "area_sqmi": 0.06}, "geometry": {"type": "Polygon", "coordinates": [[[-96.762851, 32.87004699999999], [-96.762572, 32.87133000000001], [-96.760749, 32.871041], [-96.760155, 32.871203], [-96.759153, 32.87024100000001], [-96.756613, 32.86827699999997], [-96.758548, 32.866429999999994], [-96.760503, 32.86792799999999], [-96.762851, 32.87004699999999]]]}}, {"id": "994", "type": "Feature", "properties": {"geoid": "48113007206", "alley_mi": 0.181, "alley_density": 0.939, "area_sqmi": 0.193}, "geometry": {"type": "Polygon", "coordinates": [[[-96.867832, 32.859088], [-96.865801, 32.86075699999999], [-96.865337, 32.861555999999986], [-96.8647, 32.866422], [-96.863747, 32.866003], [-96.857355, 32.86036000000003], [-96.85877200000002, 32.85996100000001], [-96.860107, 32.85930900000001], [-96.86474, 32.85580800000002], [-96.865705, 32.85718800000001], [-96.867832, 32.859088]]]}}, {"id": "996", "type": "Feature", "properties": {"geoid": "48113010001", "alley_mi": 0.665, "alley_density": 0.234, "area_sqmi": 2.84}, "geometry": {"type": "Polygon", "coordinates": [[[-96.885245, 32.85408999999999], [-96.882885, 32.85719000000001], [-96.88178300000001, 32.85782699999999], [-96.880691, 32.85804000000002], [-96.87845, 32.85302900000001], [-96.876993, 32.84838399999999], [-96.875839, 32.84652], [-96.874635, 32.84515300000001], [-96.868277, 32.83965499999999], [-96.861188, 32.83391600000002], [-96.859551, 32.832044999999994], [-96.855468, 32.82665299999999], [-96.85128, 32.82318500000002], [-96.848707, 32.82135700000002], [-96.845452, 32.818742], [-96.843971, 32.81746], [-96.842872, 32.81623600000001], [-96.83576700000002, 32.81072400000001], [-96.830752, 32.80653600000002], [-96.828352, 32.805666000000016], [-96.822139, 32.804642], [-96.821151, 32.80428499999999], [-96.819847, 32.80352], [-96.817233, 32.80052800000001], [-96.818662, 32.798522000000006], [-96.821908, 32.800432999999984], [-96.823892, 32.801260000000006], [-96.825618, 32.801636999999985], [-96.829786, 32.80218600000001], [-96.832527, 32.802984999999985], [-96.847814, 32.81035299999997], [-96.84976800000001, 32.81116900000001], [-96.853033, 32.81184199999999], [-96.86166, 32.812178], [-96.863628, 32.812698999999995], [-96.86480300000001, 32.81326699999999], [-96.868302, 32.81716800000002], [-96.871183, 32.82387800000001], [-96.874225, 32.83160399999999], [-96.87454400000001, 32.832934], [-96.87554100000001, 32.839661], [-96.878356, 32.846451999999985], [-96.879113, 32.847919000000005], [-96.880084, 32.84920300000001], [-96.885245, 32.85408999999999]]]}}, {"id": "997", "type": "Feature", "properties": {"geoid": "48113007831", "alley_mi": 0.0, "alley_density": 0.0, "area_sqmi": 0.078}, "geometry": {"type": "Polygon", "coordinates": [[[-96.758548, 32.866429999999994], [-96.756613, 32.86827699999997], [-96.754436, 32.86668700000003], [-96.750139, 32.866059], [-96.749834, 32.864683], [-96.749436, 32.86378100000003], [-96.75081200000001, 32.86381900000002], [-96.756484, 32.86494900000001], [-96.758548, 32.866429999999994]]]}}, {"id": "1000", "type": "Feature", "properties": {"geoid": "48113014157", "alley_mi": 0.0, "alley_density": 0.0, "area_sqmi": 2.716}, "geometry": {"type": "Polygon", "coordinates": [[[-96.993703, 32.925714], [-96.993615, 32.94771600000001], [-96.988741, 32.94768300000002], [-96.987163, 32.948029999999996], [-96.985554, 32.949064000000014], [-96.983775, 32.951480999999994], [-96.98257, 32.952521999999995], [-96.980942, 32.95326699999999], [-96.975309, 32.955146], [-96.972547, 32.955351000000014], [-96.970312, 32.954998], [-96.968225, 32.95437800000001], [-96.968223, 32.95394700000002], [-96.967231, 32.95352200000001], [-96.966258, 32.95270899999997], [-96.968235, 32.952728000000036], [-96.968244, 32.952223000000004], [-96.969978, 32.95221200000001], [-96.970022, 32.951632999999994], [-96.970065, 32.949155000000005], [-96.968987, 32.94752599999999], [-96.967569, 32.947477000000006], [-96.96764700000001, 32.938739], [-96.967495, 32.935515999999986], [-96.967707, 32.925344], [-96.98205, 32.925677], [-96.993703, 32.925714]]]}}, {"id": "1022", "type": "Feature", "properties": {"geoid": "48113007203", "alley_mi": 0.148, "alley_density": 0.947, "area_sqmi": 0.156}, "geometry": {"type": "Polygon", "coordinates": [[[-96.880749, 32.85833100000001], [-96.874925, 32.858303000000014], [-96.873206, 32.857640000000025], [-96.871361, 32.85616300000003], [-96.876521, 32.851900000000015], [-96.877075, 32.850893000000006], [-96.877361, 32.84934499999999], [-96.87845, 32.85302900000001], [-96.880749, 32.85833100000001]]]}}, {"id": "1026", "type": "Feature", "properties": {"geoid": "48113002001", "alley_mi": 0.436, "alley_density": 0.662, "area_sqmi": 0.659}, "geometry": {"type": "Polygon", "coordinates": [[[-96.822895, 32.753777000000014], [-96.822845, 32.769205000000014], [-96.817685, 32.770207], [-96.816033, 32.767605999999994], [-96.81546, 32.766939000000015], [-96.814604, 32.766362], [-96.809528, 32.76398500000001], [-96.807124, 32.76330999999998], [-96.806479, 32.762944000000005], [-96.808844, 32.760083], [-96.809695, 32.758768], [-96.810255, 32.758777000000016], [-96.810382, 32.758051000000016], [-96.81029300000002, 32.757295000000006], [-96.816767, 32.757246], [-96.816767, 32.754796000000034], [-96.817558, 32.754811999999994], [-96.817526, 32.753784000000024], [-96.822895, 32.753777000000014]]]}}, {"id": "1027", "type": "Feature", "properties": {"geoid": "48113010002", "alley_mi": 0.0, "alley_density": 0.0, "area_sqmi": 0.686}, "geometry": {"type": "Polygon", "coordinates": [[[-96.822425, 32.779989000000015], [-96.818496, 32.78132499999999], [-96.811424, 32.78241100000002], [-96.811653, 32.78115700000002], [-96.811605, 32.779725000000006], [-96.810984, 32.77502199999999], [-96.810873, 32.772704999999995], [-96.81043000000001, 32.77163699999999], [-96.808017, 32.77008299999999], [-96.805701, 32.76909199999999], [-96.804456, 32.76912800000001], [-96.802378, 32.769838], [-96.802037, 32.770094000000014], [-96.801875, 32.76996500000001], [-96.803308, 32.768512], [-96.804389, 32.765422000000015], [-96.806479, 32.762944000000005], [-96.807124, 32.76330999999998], [-96.809528, 32.76398500000001], [-96.811087, 32.76478400000002], [-96.81252, 32.76528700000001], [-96.814604, 32.766362], [-96.815561, 32.76704500000002], [-96.817457, 32.769724], [-96.819293, 32.77397100000002], [-96.820806, 32.77631799999999], [-96.822425, 32.779989000000015]]]}}, {"id": "1028", "type": "Feature", "properties": {"geoid": "48113000705", "alley_mi": 1.452, "alley_density": 8.055, "area_sqmi": 0.18}, "geometry": {"type": "Polygon", "coordinates": [[[-96.795399, 32.817678], [-96.79269, 32.822659999999985], [-96.79117, 32.824084], [-96.78609, 32.822077], [-96.78961, 32.81559], [-96.794823, 32.817422], [-96.795399, 32.817678]]]}}, {"id": "1030", "type": "Feature", "properties": {"geoid": "48113016528", "alley_mi": 2.225, "alley_density": 1.176, "area_sqmi": 1.892}, "geometry": {"type": "Polygon", "coordinates": [[[-96.97253, 32.65969200000001], [-96.968725, 32.66153200000001], [-96.964805, 32.662031999999996], [-96.963023, 32.66259099999999], [-96.961963, 32.66318399999999], [-96.959486, 32.66515199999998], [-96.95854, 32.66558400000001], [-96.955967, 32.66554], [-96.953843, 32.666204], [-96.95289, 32.66632100000001], [-96.952239, 32.66616799999999], [-96.950024, 32.665127], [-96.947834, 32.66471700000002], [-96.943226, 32.662227000000016], [-96.942971, 32.64724400000002], [-96.949578, 32.64720799999999], [-96.950901, 32.64696300000001], [-96.951674, 32.64645900000001], [-96.95224, 32.64567099999999], [-96.952739, 32.64377400000001], [-96.953157, 32.64299099999999], [-96.95399, 32.642356000000014], [-96.955054, 32.64202], [-96.955379, 32.64279799999999], [-96.956586, 32.643860999999994], [-96.961277, 32.646041999999994], [-96.963558, 32.648434], [-96.964603, 32.649313000000014], [-96.967542, 32.650499], [-96.968609, 32.65115899999998], [-96.969539, 32.652012000000006], [-96.970312, 32.653090000000006], [-96.97077300000001, 32.654207], [-96.971132, 32.65695100000001], [-96.97146, 32.657964], [-96.97253, 32.65969200000001]]]}}, {"id": "1031", "type": "Feature", "properties": {"geoid": "48113016526", "alley_mi": 6.857, "alley_density": 12.349, "area_sqmi": 0.555}, "geometry": {"type": "Polygon", "coordinates": [[[-96.955054, 32.64202], [-96.95399, 32.642356000000014], [-96.953157, 32.64299099999999], [-96.952739, 32.64377400000001], [-96.95224, 32.64567099999999], [-96.951674, 32.64645900000001], [-96.950901, 32.64696300000001], [-96.949578, 32.64720799999999], [-96.942971, 32.64724400000002], [-96.94287100000001, 32.634272], [-96.943196, 32.632736], [-96.946434, 32.63266900000001], [-96.947353, 32.632911], [-96.948281, 32.63340099999999], [-96.953661, 32.637678], [-96.954296, 32.638390999999984], [-96.954767, 32.63986500000002], [-96.955054, 32.64202]]]}}, {"id": "1035", "type": "Feature", "properties": {"geoid": "48113000706", "alley_mi": 0.179, "alley_density": 1.283, "area_sqmi": 0.139}, "geometry": {"type": "Polygon", "coordinates": [[[-96.79117, 32.824084], [-96.783491, 32.830635999999984], [-96.780385, 32.83320800000001], [-96.781114, 32.83119300000001], [-96.783266, 32.827889], [-96.784897, 32.82428199999999], [-96.78609, 32.822077], [-96.79117, 32.824084]]]}}, {"id": "1036", "type": "Feature", "properties": {"geoid": "48113001901", "alley_mi": 0.111, "alley_density": 0.518, "area_sqmi": 0.214}, "geometry": {"type": "Polygon", "coordinates": [[[-96.813248, 32.79737899999999], [-96.812451, 32.798319], [-96.809692, 32.80001799999999], [-96.805328, 32.796300000000016], [-96.80509100000002, 32.79304100000001], [-96.803843, 32.79319699999998], [-96.80283, 32.792989], [-96.804601, 32.787415000000024], [-96.805313, 32.786817], [-96.806123, 32.787585], [-96.806392, 32.788517000000006], [-96.807442, 32.78956899999999], [-96.807661, 32.789994], [-96.80762, 32.791281999999995], [-96.807026, 32.79181500000001], [-96.810777, 32.79510700000001], [-96.813248, 32.79737899999999]]]}}, {"id": "1037", "type": "Feature", "properties": {"geoid": "48113001801", "alley_mi": 0.506, "alley_density": 5.421, "area_sqmi": 0.093}, "geometry": {"type": "Polygon", "coordinates": [[[-96.803935, 32.80196200000001], [-96.802528, 32.804093000000016], [-96.803227, 32.80469099999999], [-96.80141800000001, 32.80847199999998], [-96.798357, 32.805853000000006], [-96.800987, 32.80185000000001], [-96.800828, 32.79999499999999], [-96.801131, 32.80017900000001], [-96.801701, 32.79967499999999], [-96.80315, 32.80092500000002], [-96.802936, 32.801133], [-96.803935, 32.80196200000001]]]}}, {"id": "1038", "type": "Feature", "properties": {"geoid": "48113000703", "alley_mi": 0.181, "alley_density": 0.865, "area_sqmi": 0.209}, "geometry": {"type": "Polygon", "coordinates": [[[-96.799209, 32.81171800000001], [-96.797552, 32.81351299999999], [-96.795399, 32.817678], [-96.78961, 32.81559], [-96.79252900000002, 32.80984899999999], [-96.793339, 32.80742300000001], [-96.794798, 32.80792100000001], [-96.799209, 32.81171800000001]]]}}, {"id": "1039", "type": "Feature", "properties": {"geoid": "48113001802", "alley_mi": 0.487, "alley_density": 2.695, "area_sqmi": 0.181}, "geometry": {"type": "Polygon", "coordinates": [[[-96.809692, 32.80001799999999], [-96.807602, 32.80128600000002], [-96.805428, 32.802221000000024], [-96.804699, 32.80268400000001], [-96.803876, 32.803513999999986], [-96.803227, 32.80469099999999], [-96.802528, 32.804093000000016], [-96.803935, 32.80196200000001], [-96.802936, 32.801133], [-96.80315, 32.80092500000002], [-96.801701, 32.79967499999999], [-96.801131, 32.80017900000001], [-96.800828, 32.79999499999999], [-96.801741, 32.79632899999999], [-96.80283, 32.792989], [-96.803843, 32.79319699999998], [-96.80509100000002, 32.79304100000001], [-96.805328, 32.796300000000016], [-96.809692, 32.80001799999999]]]}}, {"id": "1040", "type": "Feature", "properties": {"geoid": "48113000610", "alley_mi": 0.789, "alley_density": 5.223, "area_sqmi": 0.151}, "geometry": {"type": "Polygon", "coordinates": [[[-96.831123, 32.82572400000001], [-96.8264, 32.82995999999999], [-96.821646, 32.825825], [-96.826351, 32.822100000000034], [-96.828413, 32.823484000000015], [-96.831123, 32.82572400000001]]]}}, {"id": "1041", "type": "Feature", "properties": {"geoid": "48113000407", "alley_mi": 0.739, "alley_density": 3.715, "area_sqmi": 0.199}, "geometry": {"type": "Polygon", "coordinates": [[[-96.836366, 32.821281], [-96.831123, 32.82572400000001], [-96.830747, 32.825448000000016], [-96.828413, 32.823484000000015], [-96.827399, 32.82289600000001], [-96.828763, 32.821708], [-96.826824, 32.82011299999999], [-96.829186, 32.818178], [-96.827609, 32.816851], [-96.8277, 32.816487999999985], [-96.829074, 32.81523200000001], [-96.829174, 32.815294], [-96.836366, 32.821281]]]}}, {"id": "1042", "type": "Feature", "properties": {"geoid": "48113000408", "alley_mi": 0.0, "alley_density": 0.0, "area_sqmi": 0.18}, "geometry": {"type": "Polygon", "coordinates": [[[-96.829186, 32.818178], [-96.826824, 32.82011299999999], [-96.828763, 32.821708], [-96.827399, 32.82289600000001], [-96.82559200000001, 32.82151400000001], [-96.823937, 32.82131099999998], [-96.822501, 32.820764999999994], [-96.820147, 32.81830900000003], [-96.825248, 32.81366500000001], [-96.826867, 32.81485800000001], [-96.828494, 32.81500900000001], [-96.829074, 32.81523200000001], [-96.827765, 32.81640400000001], [-96.827609, 32.816851], [-96.829186, 32.818178]]]}}, {"id": "1043", "type": "Feature", "properties": {"geoid": "48113016533", "alley_mi": 1.496, "alley_density": 0.298, "area_sqmi": 5.016}, "geometry": {"type": "Polygon", "coordinates": [[[-96.949843, 32.71607900000001], [-96.94823, 32.717526000000014], [-96.942539, 32.72030000000001], [-96.94157100000001, 32.720515000000006], [-96.923811, 32.72052900000001], [-96.92205, 32.720862999999994], [-96.919749, 32.72053400000001], [-96.915994, 32.72052300000001], [-96.911582, 32.714447], [-96.908707, 32.711149999999996], [-96.90862, 32.67644500000001], [-96.92576000000001, 32.676474999999996], [-96.9259, 32.67937400000001], [-96.926203, 32.67955800000001], [-96.926321, 32.67998799999998], [-96.927259, 32.68096700000001], [-96.927011, 32.68155100000001], [-96.92735900000001, 32.682281999999994], [-96.927245, 32.68400900000001], [-96.928228, 32.68489900000001], [-96.92813900000002, 32.68542500000002], [-96.928472, 32.68611000000001], [-96.929404, 32.686540000000015], [-96.929496, 32.687163], [-96.930866, 32.68960799999999], [-96.930893, 32.690905], [-96.931315, 32.69107600000001], [-96.932536, 32.69116599999998], [-96.93402700000001, 32.691761], [-96.934758, 32.692534000000016], [-96.934814, 32.69294599999999], [-96.935264, 32.692813000000015], [-96.936319, 32.69294100000001], [-96.936938, 32.69338199999999], [-96.937779, 32.69359700000001], [-96.938466, 32.69433300000001], [-96.939738, 32.69468800000001], [-96.939803, 32.69514099999999], [-96.94044500000001, 32.69552300000001], [-96.940615, 32.69591199999999], [-96.941233, 32.696369999999995], [-96.941412, 32.697187], [-96.941941, 32.69785000000002], [-96.94205000000001, 32.698299000000006], [-96.941941, 32.698748000000016], [-96.941572, 32.69885600000001], [-96.94126800000001, 32.699468999999986], [-96.941711, 32.699849], [-96.941372, 32.700270000000025], [-96.941362, 32.70119599999998], [-96.941741, 32.701498], [-96.94192100000001, 32.701997], [-96.94187600000001, 32.702983], [-96.94214, 32.70321199999997], [-96.942115, 32.70363300000001], [-96.94226, 32.70380000000001], [-96.94200500000001, 32.70418600000001], [-96.941836, 32.70505000000001], [-96.942162, 32.70560699999999], [-96.942201, 32.70709500000002], [-96.942453, 32.70753399999998], [-96.942823, 32.707631], [-96.94303, 32.708023999999995], [-96.942817, 32.70851300000002], [-96.94301, 32.709515999999994], [-96.943667, 32.71034000000001], [-96.943768, 32.71086400000001], [-96.943449, 32.71110300000001], [-96.94376, 32.71117999999999], [-96.944278, 32.712033], [-96.944954, 32.71242000000001], [-96.945564, 32.712663], [-96.946441, 32.712600999999985], [-96.94698600000001, 32.71289100000002], [-96.947274, 32.71332100000001], [-96.947291, 32.71373100000001], [-96.948756, 32.71571499999999], [-96.949843, 32.71607900000001]]]}}, {"id": "1045", "type": "Feature", "properties": {"geoid": "48113003103", "alley_mi": 0.276, "alley_density": 1.385, "area_sqmi": 0.199}, "geometry": {"type": "Polygon", "coordinates": [[[-96.799924, 32.782063], [-96.790999, 32.78406699999999], [-96.786556, 32.78208200000001], [-96.786499, 32.781692], [-96.787409, 32.78168999999998], [-96.790257, 32.780069000000005], [-96.792278, 32.77969800000002], [-96.793384, 32.77861300000001], [-96.798765, 32.777244999999986], [-96.798701, 32.777399999999986], [-96.799407, 32.779429], [-96.799241, 32.77959800000002], [-96.799924, 32.782063]]]}}, {"id": "1046", "type": "Feature", "properties": {"geoid": "48113010809", "alley_mi": 2.0, "alley_density": 2.643, "area_sqmi": 0.757}, "geometry": {"type": "Polygon", "coordinates": [[[-96.908707, 32.711149999999996], [-96.908695, 32.713744000000005], [-96.90007, 32.713798999999995], [-96.900085, 32.720488999999986], [-96.891526, 32.720443999999986], [-96.891553, 32.72113300000001], [-96.886757, 32.71673100000001], [-96.885562, 32.71593900000002], [-96.883979, 32.715739], [-96.881095, 32.71666900000002], [-96.881012, 32.716529], [-96.881364, 32.71581799999999], [-96.88738, 32.71268499999999], [-96.89031400000002, 32.71144099999999], [-96.898338, 32.70864100000001], [-96.90101500000002, 32.707465], [-96.901775, 32.70701100000001], [-96.90288000000001, 32.705804000000015], [-96.903933, 32.705848999999986], [-96.90852, 32.71092100000001], [-96.908707, 32.711149999999996]]]}}, {"id": "1049", "type": "Feature", "properties": {"geoid": "48113007916", "alley_mi": 0.0, "alley_density": 0.0, "area_sqmi": 0.083}, "geometry": {"type": "Polygon", "coordinates": [[[-96.76047300000002, 32.859429000000006], [-96.759748, 32.860264999999984], [-96.759321, 32.861819999999994], [-96.758854, 32.86271499999999], [-96.760072, 32.864389000000024], [-96.753803, 32.85962599999999], [-96.756517, 32.857045000000014], [-96.758259, 32.858333000000016], [-96.76021700000001, 32.85921099999998], [-96.76047300000002, 32.859429000000006]]]}}, {"id": "1050", "type": "Feature", "properties": {"geoid": "48113013631", "alley_mi": 0.0, "alley_density": 0.0, "area_sqmi": 0.055}, "geometry": {"type": "Polygon", "coordinates": [[[-96.808526, 32.93867099999999], [-96.807882, 32.940074999999986], [-96.80761, 32.94116899999998], [-96.807432, 32.94137499999997], [-96.806938, 32.941447999999994], [-96.806838, 32.94204400000001], [-96.803628, 32.941983000000036], [-96.803739, 32.938632], [-96.808526, 32.93867099999999]]]}}, {"id": "1051", "type": "Feature", "properties": {"geoid": "48113013107", "alley_mi": 0.2, "alley_density": 1.065, "area_sqmi": 0.187}, "geometry": {"type": "Polygon", "coordinates": [[[-96.775082, 32.88655799999998], [-96.77506800000002, 32.89318000000002], [-96.774865, 32.894149000000006], [-96.774561, 32.894706], [-96.773842, 32.89534100000001], [-96.77229, 32.89594299999999], [-96.77022400000001, 32.89635200000001], [-96.76924, 32.896368], [-96.769332, 32.892305000000015], [-96.770045, 32.88773499999997], [-96.7711, 32.88772599999999], [-96.775082, 32.88655799999998]]]}}, {"id": "1056", "type": "Feature", "properties": {"geoid": "48113020800", "alley_mi": 0.432, "alley_density": 0.308, "area_sqmi": 1.402}, "geometry": {"type": "Polygon", "coordinates": [[[-96.765514, 32.75493100000002], [-96.762321, 32.757576], [-96.761983, 32.75729500000003], [-96.758237, 32.76049299999999], [-96.757038, 32.75947599999999], [-96.753664, 32.762527000000006], [-96.752811, 32.76358400000001], [-96.75016100000002, 32.76582400000001], [-96.750931, 32.766478], [-96.737677, 32.766146000000035], [-96.740564, 32.759425], [-96.741387, 32.75791399999999], [-96.753374, 32.743691999999996], [-96.753452, 32.738369000000006], [-96.756817, 32.74116099999999], [-96.757125, 32.741161], [-96.757516, 32.740695000000024], [-96.757546, 32.74378599999999], [-96.758144, 32.74565199999999], [-96.758901, 32.74596700000001], [-96.759665, 32.74765900000002], [-96.764819, 32.753427], [-96.764591, 32.75368600000001], [-96.765514, 32.75493100000002]]]}}, {"id": "1057", "type": "Feature", "properties": {"geoid": "48113000802", "alley_mi": 0.427, "alley_density": 1.679, "area_sqmi": 0.254}, "geometry": {"type": "Polygon", "coordinates": [[[-96.793339, 32.80742300000001], [-96.79252900000002, 32.80984899999999], [-96.78961, 32.81559], [-96.786544, 32.815028999999996], [-96.782168, 32.81124200000001], [-96.789799, 32.805046999999995], [-96.79223400000001, 32.807163999999986], [-96.793339, 32.80742300000001]]]}}, {"id": "1058", "type": "Feature", "properties": {"geoid": "48113001602", "alley_mi": 0.199, "alley_density": 0.833, "area_sqmi": 0.239}, "geometry": {"type": "Polygon", "coordinates": [[[-96.793174, 32.798871999999996], [-96.789133, 32.79542800000001], [-96.783802, 32.79988900000003], [-96.781069, 32.79756099999998], [-96.792356, 32.788130999999986], [-96.79309800000001, 32.795493], [-96.793174, 32.798871999999996]]]}}, {"id": "1059", "type": "Feature", "properties": {"geoid": "48113020401", "alley_mi": 0.762, "alley_density": 1.408, "area_sqmi": 0.541}, "geometry": {"type": "Polygon", "coordinates": [[[-96.790999, 32.78406699999999], [-96.78997, 32.784368000000015], [-96.787867, 32.785395], [-96.786949, 32.78490000000001], [-96.78655100000002, 32.784874999999985], [-96.78486600000001, 32.78585300000001], [-96.780798, 32.78679899999999], [-96.77951, 32.78696300000001], [-96.777627, 32.78685500000001], [-96.776062, 32.786544000000006], [-96.76873, 32.78460399999998], [-96.769636, 32.783059], [-96.770507, 32.78193600000001], [-96.771674, 32.781166], [-96.772691, 32.78085299999999], [-96.777779, 32.77358399999998], [-96.778391, 32.772906], [-96.77858100000002, 32.77425600000001], [-96.779253, 32.77557100000002], [-96.783628, 32.780475999999986], [-96.784959, 32.78137399999998], [-96.790353, 32.78369300000001], [-96.790999, 32.78406699999999]]]}}, {"id": "1064", "type": "Feature", "properties": {"geoid": "48113010906", "alley_mi": 2.037, "alley_density": 1.902, "area_sqmi": 1.071}, "geometry": {"type": "Polygon", "coordinates": [[[-96.870165, 32.662049000000025], [-96.857158, 32.676548999999994], [-96.857129, 32.645956000000005], [-96.86034000000001, 32.64673599999999], [-96.869715, 32.650787], [-96.869786, 32.653511999999985], [-96.869461, 32.654004], [-96.86974, 32.65443200000001], [-96.8698, 32.65968899999999], [-96.868674, 32.66073300000001], [-96.867855, 32.660947], [-96.867888, 32.66206199999999], [-96.870165, 32.662049000000025]]]}}, {"id": "1065", "type": "Feature", "properties": {"geoid": "48113002002", "alley_mi": 0.33, "alley_density": 1.143, "area_sqmi": 0.289}, "geometry": {"type": "Polygon", "coordinates": [[[-96.822895, 32.753777000000014], [-96.817526, 32.753784000000024], [-96.817558, 32.754811999999994], [-96.816767, 32.754796000000034], [-96.816767, 32.757246], [-96.81029300000002, 32.757295000000006], [-96.810382, 32.758051000000016], [-96.810255, 32.758777000000016], [-96.809695, 32.758768], [-96.809849, 32.75779199999999], [-96.809735, 32.756919], [-96.808869, 32.754811999999994], [-96.808906, 32.751219], [-96.816614, 32.751177000000006], [-96.820208, 32.749429000000006], [-96.822882, 32.74941499999999], [-96.822895, 32.753777000000014]]]}}, {"id": "1066", "type": "Feature", "properties": {"geoid": "48113000607", "alley_mi": 1.496, "alley_density": 8.156, "area_sqmi": 0.183}, "geometry": {"type": "Polygon", "coordinates": [[[-96.812457, 32.822804], [-96.812034, 32.823195], [-96.804513, 32.82317499999997], [-96.80439, 32.82317299999997], [-96.804393, 32.82268799999999], [-96.802347, 32.822670999999985], [-96.802338, 32.81739300000002], [-96.805134, 32.81742800000001], [-96.807047, 32.817744999999995], [-96.808162, 32.81728900000001], [-96.810669, 32.819463], [-96.80972, 32.82022400000002], [-96.811946, 32.822056999999994], [-96.81176900000001, 32.822208999999994], [-96.812457, 32.822804]]]}}, {"id": "1070", "type": "Feature", "properties": {"geoid": "48113000501", "alley_mi": 0.641, "alley_density": 5.112, "area_sqmi": 0.125}, "geometry": {"type": "Polygon", "coordinates": [[[-96.818088, 32.81125299999999], [-96.817545, 32.81605699999999], [-96.808628, 32.809036], [-96.810867, 32.80704000000002], [-96.815526, 32.81072400000001], [-96.815812, 32.81049600000002], [-96.817393, 32.811779000000016], [-96.818088, 32.81125299999999]]]}}, {"id": "1071", "type": "Feature", "properties": {"geoid": "48113000503", "alley_mi": 0.356, "alley_density": 3.984, "area_sqmi": 0.089}, "geometry": {"type": "Polygon", "coordinates": [[[-96.817901, 32.80759400000001], [-96.818088, 32.81125299999999], [-96.817393, 32.811779000000016], [-96.815812, 32.81049600000002], [-96.815526, 32.81072400000001], [-96.81182, 32.807779999999994], [-96.815046, 32.80509700000001], [-96.817901, 32.80759400000001]]]}}, {"id": "1072", "type": "Feature", "properties": {"geoid": "48113000502", "alley_mi": 0.436, "alley_density": 1.2, "area_sqmi": 0.363}, "geometry": {"type": "Polygon", "coordinates": [[[-96.817901, 32.80759400000001], [-96.815046, 32.80509700000001], [-96.81182, 32.807779999999994], [-96.810867, 32.80704000000002], [-96.808628, 32.809036], [-96.803227, 32.80469099999999], [-96.803876, 32.803513999999986], [-96.804699, 32.80268400000001], [-96.805428, 32.802221000000024], [-96.807602, 32.80128600000002], [-96.811012, 32.79924200000001], [-96.812642, 32.79817200000002], [-96.813248, 32.79737899999999], [-96.815612, 32.798788], [-96.81623200000001, 32.80067400000001], [-96.817901, 32.80759400000001]]]}}, {"id": "1073", "type": "Feature", "properties": {"geoid": "48113010905", "alley_mi": 0.0, "alley_density": 0.0, "area_sqmi": 0.195}, "geometry": {"type": "Polygon", "coordinates": [[[-96.877765, 32.65427099999999], [-96.873625, 32.658217], [-96.870165, 32.662049000000025], [-96.867888, 32.66206199999999], [-96.867855, 32.660947], [-96.868674, 32.66073300000001], [-96.8698, 32.65968899999999], [-96.86974, 32.65443200000001], [-96.869461, 32.654004], [-96.869786, 32.653511999999985], [-96.869715, 32.650787], [-96.877765, 32.65427099999999]]]}}, {"id": "1074", "type": "Feature", "properties": {"geoid": "48113000409", "alley_mi": 0.052, "alley_density": 0.045, "area_sqmi": 1.151}, "geometry": {"type": "Polygon", "coordinates": [[[-96.854914, 32.826159999999966], [-96.845806, 32.833584], [-96.841739, 32.83011799999999], [-96.835157, 32.83563500000001], [-96.834279, 32.83611499999999], [-96.833376, 32.836346999999996], [-96.831556, 32.83652399999999], [-96.82757800000002, 32.83122099999998], [-96.8264, 32.82995999999999], [-96.831123, 32.82572400000001], [-96.842505, 32.81598399999997], [-96.845452, 32.818742], [-96.848707, 32.82135700000002], [-96.85128, 32.82318500000002], [-96.854914, 32.826159999999966]]]}}, {"id": "1075", "type": "Feature", "properties": {"geoid": "48113001902", "alley_mi": 0.0, "alley_density": 0.0, "area_sqmi": 0.259}, "geometry": {"type": "Polygon", "coordinates": [[[-96.815007, 32.797245000000004], [-96.814858, 32.79840000000001], [-96.813508, 32.79758000000001], [-96.812071, 32.79639700000001], [-96.807026, 32.79181500000001], [-96.807641, 32.791219999999996], [-96.807623, 32.789889], [-96.806392, 32.788517000000006], [-96.806123, 32.787585], [-96.805115, 32.786640999999996], [-96.807829, 32.78439599999999], [-96.808883, 32.78330700000002], [-96.809721, 32.782779], [-96.81024, 32.782647999999995], [-96.813696, 32.79375299999999], [-96.815007, 32.797245000000004]]]}}, {"id": "1076", "type": "Feature", "properties": {"geoid": "48113000704", "alley_mi": 0.0, "alley_density": 0.0, "area_sqmi": 0.134}, "geometry": {"type": "Polygon", "coordinates": [[[-96.80141800000001, 32.80847199999998], [-96.800259, 32.810656999999985], [-96.799209, 32.81171800000001], [-96.794798, 32.80792100000001], [-96.793339, 32.80742300000001], [-96.793464, 32.80555400000001], [-96.793256, 32.80343599999999], [-96.794452, 32.80390799999999], [-96.795921, 32.80401200000001], [-96.796407, 32.804187], [-96.80141800000001, 32.80847199999998]]]}}, {"id": "1077", "type": "Feature", "properties": {"geoid": "48113001705", "alley_mi": 0.816, "alley_density": 2.249, "area_sqmi": 0.363}, "geometry": {"type": "Polygon", "coordinates": [[[-96.804601, 32.787415000000024], [-96.801741, 32.79632899999999], [-96.800874, 32.79971200000002], [-96.797156, 32.796611], [-96.800411, 32.793829], [-96.79868100000002, 32.792341000000015], [-96.794598, 32.795218999999975], [-96.794112, 32.795864000000016], [-96.793494, 32.79727700000001], [-96.793382, 32.798058999999995], [-96.793466, 32.799136000000004], [-96.793174, 32.798871999999996], [-96.79309800000001, 32.795493], [-96.792414, 32.78928800000002], [-96.792283, 32.786197], [-96.79183700000002, 32.78497000000001], [-96.790999, 32.78406699999999], [-96.793566, 32.783429999999974], [-96.795788, 32.78539], [-96.795157, 32.785929], [-96.79879, 32.78889400000001], [-96.800628, 32.79072600000001], [-96.804601, 32.787415000000024]]]}}, {"id": "1078", "type": "Feature", "properties": {"geoid": "48113000609", "alley_mi": 2.088, "alley_density": 8.651, "area_sqmi": 0.241}, "geometry": {"type": "Polygon", "coordinates": [[[-96.8264, 32.82995999999999], [-96.82554, 32.83080699999999], [-96.824826, 32.83227900000001], [-96.823208, 32.833838000000014], [-96.822085, 32.83668000000003], [-96.819237, 32.83665500000001], [-96.819119, 32.82815000000001], [-96.818286, 32.827442], [-96.818401, 32.82731400000002], [-96.818154, 32.82727499999999], [-96.817242, 32.826504000000014], [-96.818438, 32.825405], [-96.81761, 32.824684000000005], [-96.818457, 32.82313500000003], [-96.818122, 32.822749], [-96.8264, 32.82995999999999]]]}}, {"id": "1079", "type": "Feature", "properties": {"geoid": "48113000611", "alley_mi": 0.517, "alley_density": 3.157, "area_sqmi": 0.164}, "geometry": {"type": "Polygon", "coordinates": [[[-96.826351, 32.822100000000034], [-96.821646, 32.825825], [-96.816876, 32.821788], [-96.817545, 32.81605699999999], [-96.820575, 32.818675000000006], [-96.822501, 32.820764999999994], [-96.823937, 32.82131099999998], [-96.82559200000001, 32.82151400000001], [-96.826351, 32.822100000000034]]]}}, {"id": "1080", "type": "Feature", "properties": {"geoid": "48113003102", "alley_mi": 0.152, "alley_density": 0.84, "area_sqmi": 0.181}, "geometry": {"type": "Polygon", "coordinates": [[[-96.809382, 32.778506000000014], [-96.807889, 32.77880700000002], [-96.808381, 32.780380999999984], [-96.799924, 32.782063], [-96.799241, 32.77959800000002], [-96.799407, 32.779429], [-96.798701, 32.777399999999986], [-96.798765, 32.777244999999986], [-96.799988, 32.776939999999996], [-96.803408, 32.776596999999974], [-96.806732, 32.775867000000005], [-96.807067, 32.775664], [-96.80785, 32.774676], [-96.808583, 32.77727], [-96.809382, 32.778506000000014]]]}}, {"id": "1081", "type": "Feature", "properties": {"geoid": "48113010808", "alley_mi": 0.001, "alley_density": 0.003, "area_sqmi": 0.376}, "geometry": {"type": "Polygon", "coordinates": [[[-96.915994, 32.72052300000001], [-96.900085, 32.720488999999986], [-96.90007, 32.713798999999995], [-96.908695, 32.713744000000005], [-96.908707, 32.711149999999996], [-96.911582, 32.714447], [-96.915994, 32.72052300000001]]]}}, {"id": "1082", "type": "Feature", "properties": {"geoid": "48113006702", "alley_mi": 2.448, "alley_density": 6.751, "area_sqmi": 0.363}, "geometry": {"type": "Polygon", "coordinates": [[[-96.880972, 32.739920999999995], [-96.880993, 32.742438000000035], [-96.880644, 32.743468], [-96.880628, 32.74956900000001], [-96.87402800000001, 32.749552], [-96.874216, 32.73438900000001], [-96.874987, 32.73488700000001], [-96.879683, 32.734951999999986], [-96.87963, 32.73926600000001], [-96.878601, 32.739264000000006], [-96.878594, 32.74054300000001], [-96.880972, 32.739920999999995]]]}}, {"id": "1083", "type": "Feature", "properties": {"geoid": "48113010806", "alley_mi": 4.35, "alley_density": 3.711, "area_sqmi": 1.172}, "geometry": {"type": "Polygon", "coordinates": [[[-96.880713, 32.691249000000006], [-96.878412, 32.69581599999999], [-96.878372, 32.70102499999999], [-96.877972, 32.701667], [-96.876311, 32.703328], [-96.874974, 32.705698999999996], [-96.873086, 32.704947999999995], [-96.861065, 32.704805000000015], [-96.860226, 32.70500200000002], [-96.858608, 32.705799], [-96.857183, 32.70581], [-96.857138, 32.69123400000002], [-96.880713, 32.691249000000006]]]}}, {"id": "1084", "type": "Feature", "properties": {"geoid": "48113011004", "alley_mi": 1.757, "alley_density": 4.859, "area_sqmi": 0.362}, "geometry": {"type": "Polygon", "coordinates": [[[-96.857158, 32.676548999999994], [-96.857138, 32.69123400000002], [-96.852218, 32.69118699999999], [-96.846221, 32.691357999999994], [-96.848288, 32.68684699999999], [-96.849219, 32.685517999999995], [-96.857158, 32.676548999999994]]]}}, {"id": "1085", "type": "Feature", "properties": {"geoid": "48113011003", "alley_mi": 8.995, "alley_density": 9.554, "area_sqmi": 0.941}, "geometry": {"type": "Polygon", "coordinates": [[[-96.857162, 32.671745], [-96.857158, 32.676548999999994], [-96.856996, 32.67675100000002], [-96.848742, 32.68614300000001], [-96.848288, 32.68684699999999], [-96.846221, 32.691357999999994], [-96.840378, 32.691217], [-96.840087, 32.688144], [-96.840128, 32.672855999999996], [-96.84505, 32.67271199999999], [-96.850349, 32.671801], [-96.857162, 32.671745]]]}}, {"id": "1087", "type": "Feature", "properties": {"geoid": "48113013629", "alley_mi": 0.005, "alley_density": 0.051, "area_sqmi": 0.102}, "geometry": {"type": "Polygon", "coordinates": [[[-96.81443, 32.94309399999998], [-96.812326, 32.943292000000014], [-96.809921, 32.943275], [-96.809324, 32.943021999999985], [-96.808269, 32.942147], [-96.806838, 32.94204400000001], [-96.806848, 32.941584000000006], [-96.807012, 32.941375], [-96.807432, 32.94137499999997], [-96.80761, 32.94116899999998], [-96.807882, 32.940074999999986], [-96.808339, 32.93940099999999], [-96.808526, 32.93867099999999], [-96.809706, 32.938732000000016], [-96.811447, 32.939372], [-96.814031, 32.93941399999999], [-96.81443, 32.94309399999998]]]}}, {"id": "1089", "type": "Feature", "properties": {"geoid": "48113016711", "alley_mi": 1.1, "alley_density": 0.763, "area_sqmi": 1.441}, "geometry": {"type": "Polygon", "coordinates": [[[-96.805697, 32.64386400000001], [-96.800159, 32.64661400000002], [-96.799017, 32.64768600000002], [-96.783114, 32.655464], [-96.784031, 32.66266700000001], [-96.783255, 32.66289599999999], [-96.762962, 32.67274100000001], [-96.760191, 32.66849399999999], [-96.770064, 32.663787000000006], [-96.772794, 32.66266400000001], [-96.768083, 32.656653], [-96.782089, 32.64970999999999], [-96.781199, 32.64746099999999], [-96.799056, 32.642628], [-96.801552, 32.64238099999999], [-96.805696, 32.642331], [-96.805697, 32.64386400000001]]]}}, {"id": "1090", "type": "Feature", "properties": {"geoid": "48113011201", "alley_mi": 2.256, "alley_density": 1.601, "area_sqmi": 1.409}, "geometry": {"type": "Polygon", "coordinates": [[[-96.823327, 32.65556899999999], [-96.823106, 32.657114000000014], [-96.823122, 32.66232700000002], [-96.805799, 32.66235100000001], [-96.805696, 32.642331], [-96.823324, 32.642285], [-96.823327, 32.65556899999999]]]}}, {"id": "1092", "type": "Feature", "properties": {"geoid": "48113007829", "alley_mi": 6.254, "alley_density": 8.983, "area_sqmi": 0.696}, "geometry": {"type": "Polygon", "coordinates": [[[-96.769032, 32.909347000000004], [-96.768789, 32.91178099999999], [-96.76826900000002, 32.913456], [-96.766131, 32.91948300000001], [-96.764269, 32.923874], [-96.76131, 32.92394099999999], [-96.757438, 32.923483], [-96.753596, 32.922198000000016], [-96.750295, 32.920556999999995], [-96.750833, 32.919755], [-96.754774, 32.91571799999999], [-96.758972, 32.91084200000001], [-96.760794, 32.909312], [-96.769032, 32.909347000000004]]]}}, {"id": "1095", "type": "Feature", "properties": {"geoid": "48113012212", "alley_mi": 4.555, "alley_density": 7.034, "area_sqmi": 0.648}, "geometry": {"type": "Polygon", "coordinates": [[[-96.72299, 32.794547], [-96.713967, 32.801886], [-96.708753, 32.797309000000006], [-96.706671, 32.799139000000004], [-96.705612, 32.79904100000002], [-96.704159, 32.799376], [-96.701985, 32.799501000000014], [-96.701513, 32.800045], [-96.701001, 32.801733], [-96.700596, 32.80231099999999], [-96.698135, 32.804147], [-96.692773, 32.799529], [-96.692712, 32.797823], [-96.692011, 32.795758000000006], [-96.697415, 32.79438], [-96.699862, 32.79408599999999], [-96.70885, 32.794091000000016], [-96.711884, 32.79455899999999], [-96.712023, 32.794341], [-96.715705, 32.794903999999995], [-96.72299, 32.794547]]]}}, {"id": "1099", "type": "Feature", "properties": {"geoid": "48113007832", "alley_mi": 0.0, "alley_density": 0.0, "area_sqmi": 0.092}, "geometry": {"type": "Polygon", "coordinates": [[[-96.760155, 32.871203], [-96.751638, 32.86972200000001], [-96.750139, 32.866059], [-96.754573, 32.86674600000001], [-96.759153, 32.87024100000001], [-96.760155, 32.871203]]]}}, {"id": "1101", "type": "Feature", "properties": {"geoid": "48113000901", "alley_mi": 0.636, "alley_density": 3.01, "area_sqmi": 0.211}, "geometry": {"type": "Polygon", "coordinates": [[[-96.78961, 32.81559], [-96.78609, 32.822077], [-96.78563, 32.82173600000002], [-96.784665, 32.82021099999999], [-96.778486, 32.814844000000015], [-96.782121, 32.81120299999999], [-96.786457, 32.81497699999999], [-96.789068, 32.81543800000001], [-96.78961, 32.81559]]]}}, {"id": "1102", "type": "Feature", "properties": {"geoid": "48113000608", "alley_mi": 1.525, "alley_density": 7.247, "area_sqmi": 0.21}, "geometry": {"type": "Polygon", "coordinates": [[[-96.817545, 32.81605699999999], [-96.816889, 32.821696], [-96.814666, 32.81983399999999], [-96.813746, 32.82054100000003], [-96.813956, 32.82070699999999], [-96.813536, 32.821035], [-96.813368, 32.82132000000001], [-96.813491, 32.82144499999999], [-96.812816, 32.82206300000003], [-96.812876, 32.822419999999994], [-96.812457, 32.822804], [-96.81176900000001, 32.822208999999994], [-96.811946, 32.822056999999994], [-96.80972, 32.82022400000002], [-96.810669, 32.819463], [-96.808162, 32.81728900000001], [-96.813495, 32.81280000000001], [-96.817545, 32.81605699999999]]]}}, {"id": "1103", "type": "Feature", "properties": {"geoid": "48113012213", "alley_mi": 5.452, "alley_density": 10.478, "area_sqmi": 0.52}, "geometry": {"type": "Polygon", "coordinates": [[[-96.713967, 32.801886], [-96.703719, 32.810225], [-96.701401, 32.81195400000002], [-96.695971, 32.80734099999999], [-96.695258, 32.80701799999999], [-96.695272, 32.80654800000001], [-96.698381, 32.80393900000001], [-96.69908400000001, 32.80355600000001], [-96.700596, 32.80231099999999], [-96.701001, 32.801733], [-96.701758, 32.79966200000002], [-96.702259, 32.79939099999999], [-96.703907, 32.79940700000002], [-96.705612, 32.79904100000002], [-96.706671, 32.799139000000004], [-96.708753, 32.797309000000006], [-96.713967, 32.801886]]]}}, {"id": "1104", "type": "Feature", "properties": {"geoid": "48113010807", "alley_mi": 5.553, "alley_density": 4.836, "area_sqmi": 1.148}, "geometry": {"type": "Polygon", "coordinates": [[[-96.903933, 32.705848999999986], [-96.876076, 32.70584899999999], [-96.874974, 32.705698999999996], [-96.876311, 32.703328], [-96.877972, 32.701667], [-96.878372, 32.70102499999999], [-96.878412, 32.69581599999999], [-96.880713, 32.691249000000006], [-96.887377, 32.691188999999994], [-96.890438, 32.691286999999996], [-96.891544, 32.69165000000001], [-96.891539, 32.691459000000016], [-96.891905, 32.69170500000002], [-96.903933, 32.705848999999986]]]}}, {"id": "1106", "type": "Feature", "properties": {"geoid": "48113007701", "alley_mi": 2.547, "alley_density": 9.105, "area_sqmi": 0.28}, "geometry": {"type": "Polygon", "coordinates": [[[-96.795451, 32.86539900000001], [-96.795386, 32.873404999999984], [-96.78672700000001, 32.873465999999986], [-96.786747, 32.865389], [-96.795451, 32.86539900000001]]]}}, {"id": "1108", "type": "Feature", "properties": {"geoid": "48113010003", "alley_mi": 2.346, "alley_density": 0.267, "area_sqmi": 8.774}, "geometry": {"type": "Polygon", "coordinates": [[[-96.906158, 32.809647000000005], [-96.906129, 32.81428599999999], [-96.905907, 32.81569399999999], [-96.905251, 32.81687399999999], [-96.896964, 32.825103999999996], [-96.895569, 32.825066000000014], [-96.895582, 32.825610999999995], [-96.892205, 32.828452999999996], [-96.889822, 32.831514000000006], [-96.889392, 32.83465300000002], [-96.889916, 32.83619899999998], [-96.889616, 32.838251000000014], [-96.889803, 32.839857], [-96.889666, 32.84412200000002], [-96.889867, 32.84509700000001], [-96.888991, 32.846517], [-96.888789, 32.847524], [-96.88907, 32.84799999999999], [-96.889554, 32.84816599999998], [-96.889963, 32.84805600000001], [-96.891097, 32.84725099999999], [-96.891615, 32.84716400000001], [-96.892267, 32.84727899999999], [-96.893201, 32.84780300000001], [-96.887882, 32.85169399999999], [-96.885245, 32.85408999999999], [-96.880084, 32.84920300000001], [-96.879381, 32.84833099999997], [-96.878544, 32.846840000000014], [-96.87554100000001, 32.839661], [-96.87454400000001, 32.832934], [-96.873752, 32.830228000000005], [-96.868624, 32.817704], [-96.86800300000002, 32.816729], [-96.867029, 32.81587999999999], [-96.865148, 32.813572000000015], [-96.864656, 32.813173], [-96.863628, 32.812698999999995], [-96.86166, 32.812178], [-96.853033, 32.81184199999999], [-96.84976800000001, 32.81116900000001], [-96.847814, 32.81035299999997], [-96.832527, 32.802984999999985], [-96.829786, 32.80218600000001], [-96.825618, 32.801636999999985], [-96.823892, 32.801260000000006], [-96.821908, 32.800432999999984], [-96.818662, 32.798522000000006], [-96.817233, 32.80052800000001], [-96.816226, 32.799194], [-96.814858, 32.79840000000001], [-96.81502400000001, 32.797107], [-96.813696, 32.79375299999999], [-96.81024, 32.782647999999995], [-96.818496, 32.78132499999999], [-96.822425, 32.779989000000015], [-96.823751, 32.782233999999995], [-96.824711, 32.78349900000001], [-96.826212, 32.78515899999997], [-96.827092, 32.785821999999996], [-96.832561, 32.78857200000002], [-96.835093, 32.78965000000001], [-96.838158, 32.79135], [-96.843955, 32.793884999999996], [-96.848132, 32.79638599999998], [-96.850962, 32.79755500000002], [-96.852022, 32.79783], [-96.85657, 32.79808700000001], [-96.87199100000001, 32.79789799999999], [-96.883992, 32.79811900000001], [-96.89579, 32.79805699999999], [-96.898522, 32.79819199999998], [-96.900006, 32.79909199999998], [-96.901537, 32.800668], [-96.905721, 32.807402999999994], [-96.906158, 32.809647000000005]]]}}, {"id": "1110", "type": "Feature", "properties": {"geoid": "48113013201", "alley_mi": 5.639, "alley_density": 5.267, "area_sqmi": 1.071}, "geometry": {"type": "Polygon", "coordinates": [[[-96.803972, 32.90952900000002], [-96.803525, 32.91329200000001], [-96.803568, 32.925639999999994], [-96.799733, 32.925164999999986], [-96.788006, 32.925072], [-96.786314, 32.92486900000003], [-96.786532, 32.909864000000006], [-96.791476, 32.90974999999998], [-96.794684, 32.909441], [-96.803972, 32.90952900000002]]]}}, {"id": "1111", "type": "Feature", "properties": {"geoid": "48113013106", "alley_mi": 1.521, "alley_density": 9.18, "area_sqmi": 0.166}, "geometry": {"type": "Polygon", "coordinates": [[[-96.77962, 32.894995], [-96.7791, 32.89505099999999], [-96.775386, 32.896481999999985], [-96.773867, 32.89764699999999], [-96.770754, 32.89868000000003], [-96.769197, 32.89871300000001], [-96.76924, 32.896368], [-96.770492, 32.896313], [-96.772628, 32.895828999999985], [-96.774007, 32.89524100000001], [-96.774766, 32.89438000000002], [-96.77506800000002, 32.89318000000002], [-96.775082, 32.88655799999998], [-96.77624100000001, 32.88630799999999], [-96.777348, 32.886538], [-96.77702500000001, 32.8874], [-96.77702300000001, 32.890031000000015], [-96.777156, 32.890653000000015], [-96.778075, 32.8921], [-96.779472, 32.893434], [-96.77962, 32.894995]]]}}, {"id": "1115", "type": "Feature", "properties": {"geoid": "48113007205", "alley_mi": 1.019, "alley_density": 6.869, "area_sqmi": 0.148}, "geometry": {"type": "Polygon", "coordinates": [[[-96.872867, 32.86348099999999], [-96.87068900000001, 32.865169999999985], [-96.8693, 32.865266000000005], [-96.869315, 32.86646199999999], [-96.864696, 32.86647], [-96.865337, 32.861555999999986], [-96.865801, 32.86075699999999], [-96.867832, 32.859088], [-96.872867, 32.86348099999999]]]}}, {"id": "1116", "type": "Feature", "properties": {"geoid": "48113007204", "alley_mi": 1.512, "alley_density": 4.358, "area_sqmi": 0.347}, "geometry": {"type": "Polygon", "coordinates": [[[-96.879289, 32.866400000000006], [-96.869315, 32.86646199999999], [-96.8693, 32.865266000000005], [-96.870376, 32.86526], [-96.87082, 32.865105000000014], [-96.872867, 32.86348099999999], [-96.865824, 32.857312], [-96.864828, 32.855944999999984], [-96.866015, 32.855486], [-96.86721, 32.85524700000001], [-96.869278, 32.85524100000001], [-96.870935, 32.85584800000001], [-96.873075, 32.857555999999995], [-96.874021, 32.85804400000002], [-96.875409, 32.858372999999986], [-96.877767, 32.85836199999999], [-96.879289, 32.866400000000006]]]}}, {"id": "1117", "type": "Feature", "properties": {"geoid": "48113000410", "alley_mi": 4.485, "alley_density": 3.239, "area_sqmi": 1.385}, "geometry": {"type": "Polygon", "coordinates": [[[-96.877361, 32.84934499999999], [-96.877075, 32.850893000000006], [-96.876521, 32.851900000000015], [-96.871361, 32.85616300000003], [-96.8702, 32.855486], [-96.868667, 32.855160999999995], [-96.866649, 32.85533800000001], [-96.864828, 32.855944999999984], [-96.86474, 32.85580800000002], [-96.859658, 32.85957200000001], [-96.85877200000002, 32.85996100000001], [-96.855004, 32.861026], [-96.85448, 32.86033299999998], [-96.853654, 32.85980300000001], [-96.852034, 32.859448], [-96.85097600000002, 32.85903600000001], [-96.850604, 32.858822], [-96.850821, 32.85862100000002], [-96.852724, 32.859311], [-96.85478, 32.859254000000014], [-96.857507, 32.858271], [-96.859053, 32.85654100000001], [-96.859755, 32.855476999999986], [-96.858723, 32.854996], [-96.859796, 32.853475999999986], [-96.860227, 32.85304], [-96.861111, 32.85378000000001], [-96.864244, 32.852005], [-96.864732, 32.851363000000006], [-96.865042, 32.849874000000014], [-96.865991, 32.848574], [-96.868799, 32.846263], [-96.869156, 32.845554000000014], [-96.864482, 32.84404300000001], [-96.851358, 32.837995], [-96.849955, 32.83713000000001], [-96.845806, 32.833584], [-96.853021, 32.827542], [-96.854914, 32.826159999999966], [-96.856218, 32.82748199999999], [-96.858379, 32.83055399999999], [-96.861188, 32.83391600000002], [-96.86604, 32.83775700000001], [-96.874635, 32.84515300000001], [-96.876445, 32.847434], [-96.877361, 32.84934499999999]]]}}, {"id": "1138", "type": "Feature", "properties": {"geoid": "48113011603", "alley_mi": 0.258, "alley_density": 0.136, "area_sqmi": 1.906}, "geometry": {"type": "Polygon", "coordinates": [[[-96.684263, 32.71248400000001], [-96.683474, 32.71289800000002], [-96.683013, 32.71364800000001], [-96.682907, 32.71687200000002], [-96.670853, 32.708104000000006], [-96.665459, 32.703622000000024], [-96.665649, 32.703031], [-96.667178, 32.701554], [-96.667567, 32.700536], [-96.667625, 32.69189200000001], [-96.6675, 32.691167000000014], [-96.666959, 32.69033700000001], [-96.665886, 32.68929599999999], [-96.665104, 32.688596999999994], [-96.664432, 32.688248], [-96.663489, 32.68804299999999], [-96.659289, 32.68782000000001], [-96.657968, 32.68726599999998], [-96.657502, 32.68683000000001], [-96.65709900000002, 32.68592400000002], [-96.657164, 32.683074000000005], [-96.671955, 32.67990999999999], [-96.676714, 32.67938699999999], [-96.677117, 32.67976900000003], [-96.677497, 32.68031400000001], [-96.677628, 32.680980999999996], [-96.677595, 32.688493000000015], [-96.677742, 32.689217000000006], [-96.6786, 32.690710000000024], [-96.678748, 32.69475599999999], [-96.679081, 32.69532100000002], [-96.679722, 32.69580100000001], [-96.681461, 32.69623199999999], [-96.68214100000002, 32.696592], [-96.682639, 32.697072], [-96.682956, 32.69768099999999], [-96.683105, 32.71111], [-96.683437, 32.711891], [-96.684263, 32.71248400000001]]]}}, {"id": "1141", "type": "Feature", "properties": {"geoid": "48113017009", "alley_mi": 0.0, "alley_density": 0.0, "area_sqmi": 0.951}, "geometry": {"type": "Polygon", "coordinates": [[[-96.58171700000001, 32.69326399999999], [-96.572439, 32.700873], [-96.556085, 32.687002000000014], [-96.561249, 32.682672000000004], [-96.562882, 32.68109599999999], [-96.573666, 32.68018], [-96.57469, 32.68094300000001], [-96.567017, 32.687441], [-96.570203, 32.690389999999994], [-96.57043, 32.69021599999997], [-96.571549, 32.69128499999999], [-96.57598, 32.68764499999999], [-96.57647600000001, 32.68811900000001], [-96.577007, 32.68920700000002], [-96.58171700000001, 32.69326399999999]]]}}, {"id": "1166", "type": "Feature", "properties": {"geoid": "48121021642", "alley_mi": 1.945, "alley_density": 8.276, "area_sqmi": 0.235}, "geometry": {"type": "Polygon", "coordinates": [[[-96.855082, 32.993139000000006], [-96.850287, 32.993249999999996], [-96.84824700000001, 32.99275899999999], [-96.844025, 32.992708999999984], [-96.844122, 32.98743500000002], [-96.854693, 32.98756999999999], [-96.854673, 32.98996999999999], [-96.855082, 32.993139000000006]]]}}, {"id": "1183", "type": "Feature", "properties": {"geoid": "48113016710", "alley_mi": 3.567, "alley_density": 3.278, "area_sqmi": 1.088}, "geometry": {"type": "Polygon", "coordinates": [[[-96.782089, 32.64970999999999], [-96.768083, 32.656653], [-96.772794, 32.66266400000001], [-96.770064, 32.663787000000006], [-96.760191, 32.66849399999999], [-96.756829, 32.663595000000015], [-96.75626, 32.663186], [-96.754762, 32.662812999999986], [-96.754055, 32.66235999999999], [-96.750551, 32.657133000000016], [-96.750575, 32.655225], [-96.758549, 32.653702999999986], [-96.781199, 32.64746099999999], [-96.782089, 32.64970999999999]]]}}, {"id": "1184", "type": "Feature", "properties": {"geoid": "48113008401", "alley_mi": 5.76, "alley_density": 7.325, "area_sqmi": 0.786}, "geometry": {"type": "Polygon", "coordinates": [[[-96.719436, 32.765751000000016], [-96.717583, 32.77704900000001], [-96.709279, 32.774316], [-96.70007, 32.772633], [-96.700073, 32.768183], [-96.700712, 32.766314], [-96.700593, 32.76611199999997], [-96.700572, 32.763360000000006], [-96.703182, 32.763373], [-96.705425, 32.763155], [-96.710795, 32.76331100000004], [-96.712299, 32.763712999999996], [-96.714289, 32.76488], [-96.715581, 32.765372], [-96.716563, 32.765574], [-96.719436, 32.765751000000016]]]}}, {"id": "1189", "type": "Feature", "properties": {"geoid": "48113011202", "alley_mi": 3.839, "alley_density": 2.553, "area_sqmi": 1.503}, "geometry": {"type": "Polygon", "coordinates": [[[-96.823107, 32.681406], [-96.823126, 32.687101], [-96.821175, 32.686522999999994], [-96.816964, 32.68402499999999], [-96.816207, 32.683896999999995], [-96.810586, 32.68382699999999], [-96.80934500000001, 32.68353200000001], [-96.80681, 32.68238699999999], [-96.805209, 32.68228800000001], [-96.805196, 32.681554], [-96.80569900000002, 32.681137], [-96.805893, 32.680667000000014], [-96.805799, 32.66235100000001], [-96.823122, 32.66232700000002], [-96.823024, 32.66620000000001], [-96.822656, 32.67054000000002], [-96.822609, 32.67483799999999], [-96.822692, 32.67837200000003], [-96.823107, 32.681406]]]}}, {"id": "1190", "type": "Feature", "properties": {"geoid": "48113009001", "alley_mi": 0.873, "alley_density": 0.867, "area_sqmi": 1.006}, "geometry": {"type": "Polygon", "coordinates": [[[-96.68279400000002, 32.75502099999999], [-96.682697, 32.761743], [-96.682547, 32.76292699999999], [-96.682669, 32.763365000000015], [-96.682708, 32.77800500000001], [-96.674493, 32.77787900000001], [-96.673786, 32.776275], [-96.673123, 32.776061], [-96.673171, 32.775278], [-96.672673, 32.774410999999986], [-96.672965, 32.774099], [-96.672931, 32.77375499999999], [-96.672752, 32.773364], [-96.672332, 32.773218], [-96.672444, 32.772204000000016], [-96.672332, 32.77155400000001], [-96.671202, 32.77060099999999], [-96.669424, 32.770754000000004], [-96.669166, 32.77055400000001], [-96.66918800000002, 32.770284], [-96.670069, 32.76985], [-96.67022, 32.769374000000006], [-96.66986, 32.76868999999999], [-96.669531, 32.767479000000016], [-96.669051, 32.76674299999999], [-96.66901600000001, 32.76564899999999], [-96.6683, 32.76542700000001], [-96.668668, 32.76464300000001], [-96.66848, 32.76374400000002], [-96.66918800000002, 32.763338000000005], [-96.672786, 32.76336200000002], [-96.67278500000002, 32.75899200000002], [-96.673438, 32.757666], [-96.673522, 32.75469700000001], [-96.67629600000001, 32.754702], [-96.677839, 32.754973000000014], [-96.68279400000002, 32.75502099999999]]]}}, {"id": "1192", "type": "Feature", "properties": {"geoid": "48113007834", "alley_mi": 0.0, "alley_density": 0.0, "area_sqmi": 0.189}, "geometry": {"type": "Polygon", "coordinates": [[[-96.72832, 32.90279299999999], [-96.72810800000002, 32.90319800000002], [-96.728243, 32.903775999999986], [-96.727654, 32.90444900000001], [-96.727677, 32.904801000000006], [-96.727261, 32.90495499999999], [-96.726868, 32.90536899999998], [-96.72685, 32.90603300000001], [-96.716559, 32.899869], [-96.713715, 32.89742699999999], [-96.717887, 32.89613800000001], [-96.718039, 32.897383999999995], [-96.719934, 32.89939700000001], [-96.722444, 32.89988400000001], [-96.724661, 32.899941], [-96.725222, 32.900199], [-96.726192, 32.90104900000001], [-96.726852, 32.90121499999999], [-96.727747, 32.901134], [-96.727974, 32.90167599999999], [-96.72735, 32.90204300000001], [-96.72731, 32.902244999999986], [-96.727515, 32.90243599999999], [-96.728204, 32.9026], [-96.72832, 32.90279299999999]]]}}, {"id": "1193", "type": "Feature", "properties": {"geoid": "48113007835", "alley_mi": 0.0, "alley_density": 0.0, "area_sqmi": 0.221}, "geometry": {"type": "Polygon", "coordinates": [[[-96.729989, 32.89471300000001], [-96.729048, 32.89515099999999], [-96.729089, 32.89568200000001], [-96.728915, 32.896011], [-96.729053, 32.896448000000014], [-96.729691, 32.896711000000025], [-96.729865, 32.897041000000016], [-96.729106, 32.897475000000014], [-96.729128, 32.898344], [-96.728566, 32.899043], [-96.728433, 32.89958000000001], [-96.72780500000002, 32.89991500000001], [-96.727612, 32.900230000000015], [-96.727163, 32.900297999999985], [-96.727747, 32.901134], [-96.726852, 32.90121499999999], [-96.726192, 32.90104900000001], [-96.725222, 32.900199], [-96.724661, 32.899941], [-96.722444, 32.89988400000001], [-96.719934, 32.89939700000001], [-96.71814000000002, 32.89752300000001], [-96.717894, 32.896967999999994], [-96.717887, 32.89613800000001], [-96.72052700000002, 32.895252], [-96.72186800000001, 32.89454799999999], [-96.73012, 32.8945], [-96.729989, 32.89471300000001]]]}}, {"id": "1196", "type": "Feature", "properties": {"geoid": "48113009203", "alley_mi": 1.559, "alley_density": 2.767, "area_sqmi": 0.564}, "geometry": {"type": "Polygon", "coordinates": [[[-96.682807, 32.73435000000003], [-96.682818, 32.741484], [-96.67855200000001, 32.741421], [-96.67856, 32.74251700000001], [-96.673988, 32.74284200000001], [-96.673498, 32.74321699999999], [-96.670776, 32.74322200000001], [-96.66978, 32.74357999999999], [-96.669713, 32.742274999999985], [-96.669454, 32.74145600000003], [-96.669113, 32.740987], [-96.668698, 32.74083100000002], [-96.66861900000002, 32.741043999999995], [-96.668366, 32.740996], [-96.668163, 32.740063], [-96.667605, 32.73961500000001], [-96.665582, 32.739123], [-96.665227, 32.738155000000006], [-96.664523, 32.73805900000002], [-96.664352, 32.73776100000001], [-96.663736, 32.73787500000002], [-96.662886, 32.73705300000002], [-96.662273, 32.735936], [-96.663437, 32.735119999999995], [-96.663468, 32.734246000000006], [-96.682807, 32.73435000000003]]]}}, {"id": "1197", "type": "Feature", "properties": {"geoid": "48113009002", "alley_mi": 4.236, "alley_density": 6.469, "area_sqmi": 0.655}, "geometry": {"type": "Polygon", "coordinates": [[[-96.682793, 32.74888699999998], [-96.68279400000002, 32.75502099999999], [-96.677839, 32.754973000000014], [-96.67629600000001, 32.754702], [-96.673522, 32.75469700000001], [-96.673438, 32.757666], [-96.67278500000002, 32.75899200000002], [-96.672786, 32.76336200000002], [-96.66918800000002, 32.763338000000005], [-96.66901400000002, 32.762757000000015], [-96.668162, 32.762757000000015], [-96.668216, 32.762123], [-96.66768, 32.761967000000006], [-96.667598, 32.76166400000002], [-96.668644, 32.760776], [-96.668542, 32.76028900000001], [-96.667904, 32.75987200000001], [-96.667865, 32.758796], [-96.668307, 32.75770300000003], [-96.668119, 32.75753099999999], [-96.667524, 32.757456000000005], [-96.667307, 32.7559], [-96.66606400000002, 32.754248999999994], [-96.665586, 32.752999], [-96.6642, 32.752999], [-96.66399000000001, 32.75244], [-96.663032, 32.751522999999985], [-96.662791, 32.751669], [-96.662531, 32.752818999999974], [-96.661487, 32.752779999999994], [-96.66100300000001, 32.75260500000001], [-96.660821, 32.752336], [-96.661081, 32.751544999999986], [-96.661934, 32.750058], [-96.661988, 32.74951], [-96.661823, 32.74877300000001], [-96.668778, 32.74873900000001], [-96.682793, 32.74888699999998]]]}}, {"id": "1199", "type": "Feature", "properties": {"geoid": "48113007833", "alley_mi": 0.0, "alley_density": 0.0, "area_sqmi": 0.141}, "geometry": {"type": "Polygon", "coordinates": [[[-96.751652, 32.86966700000001], [-96.742677, 32.868072999999995], [-96.743693, 32.86513300000001], [-96.745613, 32.86414800000001], [-96.749116, 32.863014], [-96.74975, 32.864432], [-96.750139, 32.866059], [-96.751652, 32.86966700000001]]]}}, {"id": "1201", "type": "Feature", "properties": {"geoid": "48113012102", "alley_mi": 3.789, "alley_density": 4.71, "area_sqmi": 0.804}, "geometry": {"type": "Polygon", "coordinates": [[[-96.674493, 32.77787900000001], [-96.66145, 32.77791800000002], [-96.657203, 32.77436699999999], [-96.656724, 32.77394000000001], [-96.656805, 32.76285000000001], [-96.658372, 32.76324200000001], [-96.66918800000002, 32.763338000000005], [-96.66848, 32.76374400000002], [-96.668668, 32.76464300000001], [-96.6683, 32.76542700000001], [-96.66901600000001, 32.76564899999999], [-96.669051, 32.76674299999999], [-96.669531, 32.767479000000016], [-96.67023, 32.769504000000005], [-96.669933, 32.769952], [-96.66918800000002, 32.770284], [-96.669166, 32.77055400000001], [-96.669424, 32.770754000000004], [-96.671202, 32.77060099999999], [-96.672332, 32.77155400000001], [-96.672444, 32.772204000000016], [-96.672332, 32.773218], [-96.672752, 32.773364], [-96.672931, 32.77375499999999], [-96.672965, 32.774099], [-96.672673, 32.774410999999986], [-96.673171, 32.775278], [-96.673123, 32.776061], [-96.673786, 32.776275], [-96.674493, 32.77787900000001]]]}}, {"id": "1204", "type": "Feature", "properties": {"geoid": "48113011604", "alley_mi": 1.615, "alley_density": 0.827, "area_sqmi": 1.953}, "geometry": {"type": "Polygon", "coordinates": [[[-96.667629, 32.697888000000006], [-96.667438, 32.70109200000001], [-96.667178, 32.701554], [-96.665649, 32.703031], [-96.665459, 32.703622000000024], [-96.66221700000001, 32.70074], [-96.660918, 32.69979200000001], [-96.644794, 32.695040999999996], [-96.643051, 32.694153], [-96.63468, 32.68866299999999], [-96.635735, 32.68798100000003], [-96.636932, 32.68747900000001], [-96.640129, 32.68672599999999], [-96.64012, 32.67872100000001], [-96.641105, 32.67596199999998], [-96.657267, 32.67608799999998], [-96.657082, 32.683746], [-96.657087, 32.685743], [-96.657255, 32.68637100000001], [-96.657968, 32.68726599999998], [-96.659018, 32.687761000000016], [-96.663489, 32.68804299999999], [-96.664432, 32.688248], [-96.665104, 32.688596999999994], [-96.666959, 32.69033700000001], [-96.6675, 32.691167000000014], [-96.667625, 32.69189200000001], [-96.667629, 32.697888000000006]]]}}, {"id": "1207", "type": "Feature", "properties": {"geoid": "48113017010", "alley_mi": 0.0, "alley_density": 0.0, "area_sqmi": 1.841}, "geometry": {"type": "Polygon", "coordinates": [[[-96.60233700000002, 32.67634600000001], [-96.583745, 32.69171], [-96.582859, 32.692702999999995], [-96.58248, 32.692652], [-96.58171700000001, 32.69326399999999], [-96.577007, 32.68920700000002], [-96.57647600000001, 32.68811900000001], [-96.57598, 32.68764499999999], [-96.571549, 32.69128499999999], [-96.57043, 32.69021599999997], [-96.570203, 32.690389999999994], [-96.567017, 32.687441], [-96.574189, 32.681289], [-96.578747, 32.677630000000015], [-96.573162, 32.67273199999999], [-96.580813, 32.66644200000001], [-96.581042, 32.666498999999995], [-96.579825, 32.665725], [-96.60233700000002, 32.67634600000001]]]}}, {"id": "1222", "type": "Feature", "properties": {"geoid": "48113019016", "alley_mi": 1.666, "alley_density": 3.755, "area_sqmi": 0.444}, "geometry": {"type": "Polygon", "coordinates": [[[-96.757179, 32.923415], [-96.75692500000001, 32.924221], [-96.753769, 32.923203], [-96.740406, 32.923073999999964], [-96.737641, 32.923211000000016], [-96.735939, 32.92387000000001], [-96.73551900000001, 32.923023], [-96.735529, 32.91154400000001], [-96.743392, 32.91691800000002], [-96.743481, 32.916742000000006], [-96.74534, 32.917913], [-96.75275, 32.921828000000005], [-96.757179, 32.923415]]]}}, {"id": "1242", "type": "Feature", "properties": {"geoid": "48113021100", "alley_mi": 1.925, "alley_density": 0.45, "area_sqmi": 4.279}, "geometry": {"type": "Polygon", "coordinates": [[[-96.800148, 32.732914], [-96.798462, 32.740001000000014], [-96.798567, 32.74157099999999], [-96.79925000000001, 32.74478499999999], [-96.799498, 32.74755999999998], [-96.794837, 32.74996999999999], [-96.793063, 32.75142399999998], [-96.791491, 32.75327299999999], [-96.789895, 32.752390000000034], [-96.787214, 32.751278000000006], [-96.785453, 32.751259999999995], [-96.783596, 32.75208599999998], [-96.78235400000001, 32.75218600000001], [-96.78117, 32.751481], [-96.77967000000001, 32.75018299999999], [-96.778615, 32.749809000000006], [-96.777533, 32.749913], [-96.777005, 32.74974299999999], [-96.775512, 32.748109], [-96.776001, 32.746657], [-96.775875, 32.74600299999997], [-96.775043, 32.745745000000014], [-96.773634, 32.74588300000001], [-96.77282600000001, 32.745636999999995], [-96.771059, 32.743814], [-96.770966, 32.74250899999998], [-96.77030800000001, 32.741466999999986], [-96.767646, 32.740122000000014], [-96.764274, 32.73683200000001], [-96.76203300000002, 32.73490000000002], [-96.761066, 32.733811999999986], [-96.759365, 32.73077700000002], [-96.759347, 32.7302], [-96.75943, 32.730016], [-96.760021, 32.729733999999986], [-96.76216, 32.72954200000001], [-96.762828, 32.728865], [-96.762685, 32.72817300000001], [-96.76183, 32.72771600000001], [-96.760483, 32.727632], [-96.754993, 32.72836399999999], [-96.753835, 32.722102], [-96.752518, 32.71894400000001], [-96.744141, 32.70442100000002], [-96.755057, 32.70032800000001], [-96.763178, 32.720346000000006], [-96.764083, 32.721613999999995], [-96.765549, 32.722608], [-96.766891, 32.722992999999995], [-96.768454, 32.723143], [-96.768698, 32.72246500000001], [-96.768655, 32.72178600000001], [-96.77052100000002, 32.721649], [-96.771323, 32.721254999999985], [-96.771951, 32.720681], [-96.77305, 32.72177000000001], [-96.774451, 32.72097399999999], [-96.776514, 32.720377], [-96.778406, 32.71888400000001], [-96.779555, 32.71952], [-96.781747, 32.72034000000002], [-96.782445, 32.720412000000024], [-96.7836, 32.720186], [-96.784196, 32.722949], [-96.78560900000001, 32.725006], [-96.785989, 32.72618800000001], [-96.785968, 32.72733600000001], [-96.785392, 32.72942800000001], [-96.785162, 32.731048], [-96.785465, 32.733718], [-96.785818, 32.734727000000014], [-96.786695, 32.73635000000001], [-96.78797, 32.73816], [-96.78902200000002, 32.73907199999999], [-96.789281, 32.73966], [-96.790618, 32.737130000000015], [-96.794767, 32.73095000000001], [-96.798131, 32.729327999999995], [-96.798975, 32.728771000000016], [-96.799828, 32.73074500000002], [-96.800148, 32.732914]]]}}, {"id": "1245", "type": "Feature", "properties": {"geoid": "48113011901", "alley_mi": 5.338, "alley_density": 6.599, "area_sqmi": 0.809}, "geometry": {"type": "Polygon", "coordinates": [[[-96.663498, 32.73499600000002], [-96.66237, 32.73578999999999], [-96.662268, 32.73602000000001], [-96.662886, 32.73705300000002], [-96.662756, 32.73727299999999], [-96.663216, 32.738026999999995], [-96.66345, 32.739546999999995], [-96.662769, 32.740012], [-96.661975, 32.74014700000001], [-96.661678, 32.74046000000003], [-96.662366, 32.741437], [-96.66297, 32.74159400000002], [-96.663175, 32.74196600000002], [-96.662836, 32.74208900000001], [-96.662246, 32.74192499999999], [-96.662241, 32.74260400000001], [-96.661829, 32.74280799999999], [-96.662047, 32.74297899999997], [-96.662075, 32.74342600000001], [-96.662298, 32.74293100000001], [-96.662507, 32.74285499999997], [-96.662757, 32.74387999999999], [-96.662199, 32.744163000000015], [-96.662316, 32.74435], [-96.66186700000002, 32.744916999999994], [-96.661568, 32.745036], [-96.661075, 32.744657], [-96.661004, 32.744896000000004], [-96.661466, 32.74522700000001], [-96.660897, 32.745793000000006], [-96.660863, 32.746328000000005], [-96.660261, 32.74668000000001], [-96.66073, 32.746844], [-96.66042, 32.747264999999985], [-96.660684, 32.74741200000001], [-96.660804, 32.747912], [-96.661802, 32.748556], [-96.661823, 32.74877300000001], [-96.648399, 32.74884199999999], [-96.648468, 32.734170999999996], [-96.663468, 32.734246000000006], [-96.663498, 32.73499600000002]]]}}, {"id": "1246", "type": "Feature", "properties": {"geoid": "48113011902", "alley_mi": 5.3, "alley_density": 5.254, "area_sqmi": 1.009}, "geometry": {"type": "Polygon", "coordinates": [[[-96.648468, 32.734170999999996], [-96.648399, 32.74884199999999], [-96.631173, 32.74865699999999], [-96.63122, 32.734153], [-96.648468, 32.734170999999996]]]}}, {"id": "1247", "type": "Feature", "properties": {"geoid": "48113009204", "alley_mi": 4.152, "alley_density": 6.531, "area_sqmi": 0.636}, "geometry": {"type": "Polygon", "coordinates": [[[-96.682818, 32.741484], [-96.682793, 32.74888699999998], [-96.661823, 32.74877300000001], [-96.661802, 32.748556], [-96.660804, 32.747912], [-96.660684, 32.74741200000001], [-96.66042, 32.747264999999985], [-96.66073, 32.746844], [-96.660261, 32.74668000000001], [-96.660863, 32.746328000000005], [-96.660897, 32.745793000000006], [-96.661466, 32.74522700000001], [-96.661004, 32.744896000000004], [-96.661075, 32.744657], [-96.661568, 32.745036], [-96.66186700000002, 32.744916999999994], [-96.662316, 32.74435], [-96.662199, 32.744163000000015], [-96.662757, 32.74387999999999], [-96.662507, 32.74285499999997], [-96.662298, 32.74293100000001], [-96.662075, 32.74342600000001], [-96.662047, 32.74297899999997], [-96.661829, 32.74280799999999], [-96.662241, 32.74260400000001], [-96.662246, 32.74192499999999], [-96.662836, 32.74208900000001], [-96.663175, 32.74196600000002], [-96.66297, 32.74159400000002], [-96.662366, 32.741437], [-96.661676, 32.74050600000002], [-96.661975, 32.74014700000001], [-96.662769, 32.740012], [-96.66345, 32.739546999999995], [-96.663216, 32.738026999999995], [-96.662747, 32.737237], [-96.662886, 32.73705300000002], [-96.663736, 32.73787500000002], [-96.664409, 32.737771999999985], [-96.664523, 32.73805900000002], [-96.665265, 32.73818200000001], [-96.665582, 32.739123], [-96.667408, 32.73953399999999], [-96.668049, 32.739934999999996], [-96.668366, 32.740996], [-96.66861900000002, 32.741043999999995], [-96.668698, 32.74083100000002], [-96.669085, 32.74095900000002], [-96.669454, 32.74145600000003], [-96.669723, 32.74232599999996], [-96.66978, 32.74357999999999], [-96.670776, 32.74322200000001], [-96.673498, 32.74321699999999], [-96.673988, 32.74284200000001], [-96.67856, 32.74251700000001], [-96.67855200000001, 32.741421], [-96.682818, 32.741484]]]}}, {"id": "1248", "type": "Feature", "properties": {"geoid": "48113011802", "alley_mi": 2.292, "alley_density": 2.424, "area_sqmi": 0.945}, "geometry": {"type": "Polygon", "coordinates": [[[-96.668114, 32.71966699999999], [-96.666883, 32.720124999999996], [-96.66667400000001, 32.72389199999999], [-96.66615600000002, 32.72410599999999], [-96.66564000000001, 32.72458300000002], [-96.665725, 32.725351], [-96.66559300000002, 32.72566599999999], [-96.664218, 32.726070999999976], [-96.663057, 32.72787], [-96.66316500000002, 32.72859], [-96.662324, 32.730075000000014], [-96.662611, 32.730777999999994], [-96.66316500000002, 32.731093], [-96.663468, 32.73162299999999], [-96.663497, 32.732049000000025], [-96.662957, 32.732196000000016], [-96.662877, 32.732525999999986], [-96.663491, 32.733852], [-96.663468, 32.734246000000006], [-96.648468, 32.734170999999996], [-96.648486, 32.71955999999999], [-96.668114, 32.71966699999999]]]}}, {"id": "1251", "type": "Feature", "properties": {"geoid": "48113011801", "alley_mi": 4.665, "alley_density": 4.596, "area_sqmi": 1.015}, "geometry": {"type": "Polygon", "coordinates": [[[-96.648486, 32.71955999999999], [-96.648468, 32.734170999999996], [-96.63122, 32.734153], [-96.631181, 32.71947800000001], [-96.648486, 32.71955999999999]]]}}, {"id": "1252", "type": "Feature", "properties": {"geoid": "48113001601", "alley_mi": 0.0, "alley_density": 0.0, "area_sqmi": 0.248}, "geometry": {"type": "Polygon", "coordinates": [[[-96.793441, 32.80622299999999], [-96.793339, 32.80742300000001], [-96.79223400000001, 32.807163999999986], [-96.783802, 32.79988900000003], [-96.789133, 32.79542800000001], [-96.793174, 32.798871999999996], [-96.793441, 32.80622299999999]]]}}, {"id": "1253", "type": "Feature", "properties": {"geoid": "48113007828", "alley_mi": 0.0, "alley_density": 0.0, "area_sqmi": 0.433}, "geometry": {"type": "Polygon", "coordinates": [[[-96.759677, 32.91014799999999], [-96.754774, 32.91571799999999], [-96.750833, 32.919755], [-96.750295, 32.920556999999995], [-96.744955, 32.917701], [-96.743481, 32.916742000000006], [-96.745882, 32.91203599999999], [-96.746977, 32.909245000000006], [-96.760794, 32.909312], [-96.759677, 32.91014799999999]]]}}, {"id": "1254", "type": "Feature", "properties": {"geoid": "48113013013", "alley_mi": 9.655, "alley_density": 9.06, "area_sqmi": 1.066}, "geometry": {"type": "Polygon", "coordinates": [[[-96.733953, 32.863231000000006], [-96.733619, 32.86699600000002], [-96.733338, 32.86843700000001], [-96.73091, 32.87385800000001], [-96.730754, 32.87490400000001], [-96.730865, 32.87731799999998], [-96.730704, 32.878594000000014], [-96.72896, 32.87874800000003], [-96.717963, 32.87886100000002], [-96.718044, 32.861808], [-96.725103, 32.858517], [-96.72664, 32.85910100000002], [-96.728506, 32.859363], [-96.72963, 32.860010999999986], [-96.730599, 32.85993500000001], [-96.730595, 32.86010999999999], [-96.729725, 32.86074000000001], [-96.729689, 32.860992000000024], [-96.729952, 32.861297], [-96.731005, 32.861579000000006], [-96.731186, 32.86255400000002], [-96.731712, 32.86276], [-96.732148, 32.862394000000016], [-96.732692, 32.86240199999999], [-96.733028, 32.86260000000001], [-96.7333, 32.86314100000002], [-96.733953, 32.863231000000006]]]}}, {"id": "1255", "type": "Feature", "properties": {"geoid": "48113002703", "alley_mi": 0.349, "alley_density": 0.27, "area_sqmi": 1.294}, "geometry": {"type": "Polygon", "coordinates": [[[-96.759957, 32.770247999999995], [-96.758635, 32.77133699999999], [-96.758479, 32.771211], [-96.757353, 32.77215699999999], [-96.752271, 32.776739000000006], [-96.749909, 32.77824100000001], [-96.748815, 32.779288999999984], [-96.74851500000001, 32.78002799999998], [-96.741293, 32.77898999999999], [-96.73361, 32.777645], [-96.731238, 32.77755800000001], [-96.72815500000002, 32.777717999999986], [-96.728169, 32.776957], [-96.72875500000002, 32.77631599999999], [-96.728782, 32.77563299999999], [-96.728917, 32.77554799999999], [-96.72886, 32.77488699999999], [-96.729467, 32.76916599999999], [-96.730908, 32.76654200000001], [-96.73096, 32.76601000000002], [-96.752677, 32.76658100000003], [-96.754559, 32.767013], [-96.756774, 32.767993999999995], [-96.75771, 32.768523], [-96.759957, 32.770247999999995]]]}}, {"id": "1256", "type": "Feature", "properties": {"geoid": "48113020900", "alley_mi": 1.212, "alley_density": 0.59, "area_sqmi": 2.055}, "geometry": {"type": "Polygon", "coordinates": [[[-96.791491, 32.75327299999999], [-96.788218, 32.75910500000001], [-96.785832, 32.762433999999985], [-96.784597, 32.763865], [-96.783283, 32.765990999999985], [-96.780293, 32.77018100000001], [-96.777918, 32.76740399999999], [-96.775894, 32.76648900000002], [-96.775527, 32.76578799999999], [-96.771248, 32.761296], [-96.764819, 32.753427], [-96.759665, 32.74765900000002], [-96.758901, 32.74596700000001], [-96.758144, 32.74565199999999], [-96.75763, 32.74425100000003], [-96.757463, 32.742202999999996], [-96.75800600000001, 32.728019999999994], [-96.760483, 32.727632], [-96.76183, 32.72771600000001], [-96.762685, 32.72817300000001], [-96.762828, 32.728865], [-96.76216, 32.72954200000001], [-96.760021, 32.729733999999986], [-96.75943, 32.730016], [-96.759347, 32.7302], [-96.759365, 32.73077700000002], [-96.761066, 32.733811999999986], [-96.76203300000002, 32.73490000000002], [-96.764274, 32.73683200000001], [-96.767646, 32.740122000000014], [-96.77030800000001, 32.741466999999986], [-96.770966, 32.74250899999998], [-96.771059, 32.743814], [-96.77282600000001, 32.745636999999995], [-96.773634, 32.74588300000001], [-96.775043, 32.745745000000014], [-96.775875, 32.74600299999997], [-96.776001, 32.746657], [-96.775512, 32.748109], [-96.776856, 32.74964], [-96.777533, 32.749913], [-96.778615, 32.749809000000006], [-96.77967000000001, 32.75018299999999], [-96.78117, 32.751481], [-96.78235400000001, 32.75218600000001], [-96.783596, 32.75208599999998], [-96.785453, 32.751259999999995], [-96.787214, 32.751278000000006], [-96.789895, 32.752390000000034], [-96.791491, 32.75327299999999]]]}}, {"id": "1258", "type": "Feature", "properties": {"geoid": "48113021000", "alley_mi": 2.526, "alley_density": 1.494, "area_sqmi": 1.69}, "geometry": {"type": "Polygon", "coordinates": [[[-96.812691, 32.74174500000001], [-96.812696, 32.74483800000001], [-96.811614, 32.74553999999999], [-96.810411, 32.74665400000001], [-96.809501, 32.747929], [-96.809106, 32.74890499999997], [-96.808905, 32.750202999999985], [-96.808869, 32.754811999999994], [-96.809735, 32.756919], [-96.809849, 32.75779199999999], [-96.809695, 32.758768], [-96.808844, 32.760083], [-96.806479, 32.762944000000005], [-96.805987, 32.762793], [-96.804033, 32.76158700000001], [-96.802027, 32.760097999999985], [-96.799747, 32.758082], [-96.798071, 32.75698400000002], [-96.79587, 32.75587099999999], [-96.791491, 32.75327299999999], [-96.793063, 32.75142399999998], [-96.794837, 32.74996999999999], [-96.799498, 32.74755999999998], [-96.79925000000001, 32.74478499999999], [-96.798567, 32.74157099999999], [-96.798462, 32.740001000000014], [-96.798981, 32.737414999999984], [-96.800131, 32.73325699999998], [-96.800148, 32.73260100000001], [-96.799828, 32.73074500000002], [-96.79904, 32.728731], [-96.800549, 32.728201999999996], [-96.801563, 32.727641999999996], [-96.811437, 32.727700999999996], [-96.811445, 32.73623799999999], [-96.811694, 32.73850000000001], [-96.812282, 32.73977200000002], [-96.812691, 32.74174500000001]]]}}, {"id": "1264", "type": "Feature", "properties": {"geoid": "48113012101", "alley_mi": 0.0, "alley_density": 0.0, "area_sqmi": 0.319}, "geometry": {"type": "Polygon", "coordinates": [[[-96.656805, 32.76285000000001], [-96.656724, 32.77394000000001], [-96.644377, 32.763409999999986], [-96.644006, 32.762375000000006], [-96.649163, 32.762185999999986], [-96.65493100000002, 32.76226400000001], [-96.656543, 32.76271400000001], [-96.656805, 32.76285000000001]]]}}, {"id": "1268", "type": "Feature", "properties": {"geoid": "48113020402", "alley_mi": 0.285, "alley_density": 0.137, "area_sqmi": 2.077}, "geometry": {"type": "Polygon", "coordinates": [[[-96.811315, 32.777649], [-96.810214, 32.77843300000001], [-96.809382, 32.778506000000014], [-96.808583, 32.77727], [-96.80785, 32.774676], [-96.807067, 32.775664], [-96.806732, 32.775867000000005], [-96.803408, 32.776596999999974], [-96.799988, 32.776939999999996], [-96.793384, 32.77861300000001], [-96.792278, 32.77969800000002], [-96.789908, 32.78019599999998], [-96.787409, 32.78168999999998], [-96.786499, 32.781692], [-96.786556, 32.78208200000001], [-96.784474, 32.78110799999999], [-96.783628, 32.780475999999986], [-96.782707, 32.779500000000006], [-96.778985, 32.775164999999994], [-96.778509, 32.77401500000001], [-96.778391, 32.772906], [-96.783283, 32.765990999999985], [-96.784597, 32.763865], [-96.785832, 32.762433999999985], [-96.788218, 32.75910500000001], [-96.791491, 32.75327299999999], [-96.79587, 32.75587099999999], [-96.798071, 32.75698400000002], [-96.799747, 32.758082], [-96.802027, 32.760097999999985], [-96.804033, 32.76158700000001], [-96.805987, 32.762793], [-96.806479, 32.762944000000005], [-96.804389, 32.765422000000015], [-96.803308, 32.768512], [-96.801875, 32.76996500000001], [-96.802037, 32.770094000000014], [-96.802378, 32.769838], [-96.804456, 32.76912800000001], [-96.805701, 32.76909199999999], [-96.807563, 32.76984599999999], [-96.810157, 32.77137700000003], [-96.810541, 32.77183900000001], [-96.810873, 32.772704999999995], [-96.811315, 32.777649]]]}}, {"id": "1275", "type": "Feature", "properties": {"geoid": "48113016709", "alley_mi": 0.0, "alley_density": 0.0, "area_sqmi": 11.4}, "geometry": {"type": "Polygon", "coordinates": [[[-96.823303, 32.633231], [-96.823324, 32.642285], [-96.803654, 32.64234099999999], [-96.800955, 32.64241200000001], [-96.798785, 32.64267600000001], [-96.758549, 32.653702999999986], [-96.735854, 32.657975], [-96.732584, 32.658982999999985], [-96.730336, 32.66007999999999], [-96.727218, 32.655322], [-96.721138, 32.646735000000014], [-96.729231, 32.63609599999997], [-96.729756, 32.635082999999995], [-96.731747, 32.62964800000001], [-96.744648, 32.623460999999985], [-96.745437, 32.61857400000002], [-96.753451, 32.618563999999985], [-96.753497, 32.60527700000001], [-96.753208, 32.60392799999999], [-96.758047, 32.603855], [-96.764861, 32.612862000000014], [-96.767458, 32.61860600000001], [-96.770009, 32.62308199999999], [-96.771901, 32.627269999999996], [-96.780834, 32.62276299999999], [-96.789664, 32.63554900000001], [-96.800743, 32.630164], [-96.805779, 32.63013599999998], [-96.80579, 32.62355100000001], [-96.805599, 32.622352], [-96.805633, 32.604267], [-96.822646, 32.6043], [-96.822874, 32.608821], [-96.823105, 32.633232], [-96.823303, 32.633231]]]}}, {"id": "1345", "type": "Feature", "properties": {"geoid": "48113019034", "alley_mi": 3.528, "alley_density": 5.088, "area_sqmi": 0.693}, "geometry": {"type": "Polygon", "coordinates": [[[-96.735939, 32.92387000000001], [-96.733733, 32.925033], [-96.73213900000002, 32.925370999999984], [-96.724449, 32.925357000000005], [-96.723493, 32.92522100000001], [-96.723104, 32.925226999999985], [-96.722845, 32.925460000000015], [-96.718147, 32.925432], [-96.718089, 32.92292900000002], [-96.717816, 32.920785], [-96.717805, 32.91631999999998], [-96.722925, 32.91632499999999], [-96.72391, 32.915985], [-96.728088, 32.91596700000001], [-96.728968, 32.9156], [-96.73104, 32.91419599999999], [-96.731852, 32.913932999999986], [-96.73286, 32.913916], [-96.734109, 32.91416300000001], [-96.735542, 32.914119], [-96.73551900000001, 32.923023], [-96.735939, 32.92387000000001]]]}}, {"id": "1346", "type": "Feature", "properties": {"geoid": "48113019035", "alley_mi": 2.324, "alley_density": 5.695, "area_sqmi": 0.408}, "geometry": {"type": "Polygon", "coordinates": [[[-96.735542, 32.914119], [-96.734109, 32.91416300000001], [-96.73286, 32.913916], [-96.731852, 32.913932999999986], [-96.73104, 32.91419599999999], [-96.728968, 32.9156], [-96.728088, 32.91596700000001], [-96.72391, 32.915985], [-96.722925, 32.91632499999999], [-96.717805, 32.91631999999998], [-96.717799, 32.91407700000001], [-96.718257, 32.91120100000003], [-96.717888, 32.909548], [-96.725822, 32.909659999999995], [-96.728012, 32.909245999999996], [-96.732106, 32.909232], [-96.735529, 32.91154400000001], [-96.735542, 32.914119]]]}}, {"id": "1351", "type": "Feature", "properties": {"geoid": "48113017101", "alley_mi": 3.111, "alley_density": 0.807, "area_sqmi": 3.856}, "geometry": {"type": "Polygon", "coordinates": [[[-96.632504, 32.69136399999999], [-96.628096, 32.698687000000014], [-96.62742800000001, 32.699475000000014], [-96.627098, 32.69947400000001], [-96.626032, 32.700369000000016], [-96.624712, 32.70109900000001], [-96.622568, 32.701703], [-96.611333, 32.701792999999995], [-96.583329, 32.70442700000001], [-96.57582100000002, 32.70397799999997], [-96.575115, 32.703314000000006], [-96.575287, 32.70332000000002], [-96.575153, 32.703184000000014], [-96.572439, 32.700873], [-96.582385, 32.692719999999966], [-96.582859, 32.692702999999995], [-96.583745, 32.69171], [-96.60233700000002, 32.67634600000001], [-96.61908, 32.68416000000001], [-96.630423, 32.690431], [-96.630898, 32.690427], [-96.632504, 32.69136399999999]]]}}, {"id": "1354", "type": "Feature", "properties": {"geoid": "48113019208", "alley_mi": 3.701, "alley_density": 7.645, "area_sqmi": 0.484}, "geometry": {"type": "Polygon", "coordinates": [[[-96.76931300000001, 32.923978], [-96.769127, 32.926824999999994], [-96.768987, 32.939866999999985], [-96.76116500000002, 32.939884], [-96.761226, 32.92860099999999], [-96.760947, 32.928418], [-96.760006, 32.929221], [-96.759964, 32.92875899999999], [-96.761846, 32.92691399999999], [-96.764269, 32.923874], [-96.76931300000001, 32.923978]]]}}, {"id": "1398", "type": "Feature", "properties": {"geoid": "48113013607", "alley_mi": 9.224, "alley_density": 11.289, "area_sqmi": 0.817}, "geometry": {"type": "Polygon", "coordinates": [[[-96.786853, 32.954548], [-96.786828, 32.95794], [-96.786507, 32.959218], [-96.786473, 32.96217200000001], [-96.770492, 32.962027], [-96.768942, 32.962237], [-96.768988, 32.950845], [-96.770728, 32.95062899999998], [-96.776596, 32.950650000000024], [-96.780568, 32.949986], [-96.784739, 32.94993299999999], [-96.784914, 32.951072], [-96.786628, 32.953476000000016], [-96.786853, 32.954548]]]}}, {"id": "1400", "type": "Feature", "properties": {"geoid": "48113010101", "alley_mi": 2.354, "alley_density": 2.257, "area_sqmi": 1.043}, "geometry": {"type": "Polygon", "coordinates": [[[-96.856519, 32.778714], [-96.856419, 32.791882], [-96.854805, 32.798026], [-96.851666, 32.79775999999998], [-96.848132, 32.79638599999998], [-96.844464, 32.794142], [-96.838158, 32.79135], [-96.835093, 32.78965000000001], [-96.835819, 32.785891000000014], [-96.841315, 32.78849700000001], [-96.844067, 32.78882800000001], [-96.844088, 32.78583700000001], [-96.843573, 32.78589800000002], [-96.843575, 32.783337], [-96.843853, 32.783279], [-96.843825, 32.77853100000002], [-96.856519, 32.778714]]]}}, {"id": "1401", "type": "Feature", "properties": {"geoid": "48113010102", "alley_mi": 0.399, "alley_density": 0.578, "area_sqmi": 0.691}, "geometry": {"type": "Polygon", "coordinates": [[[-96.844088, 32.78583700000001], [-96.844067, 32.78882800000001], [-96.841315, 32.78849700000001], [-96.835819, 32.785891000000014], [-96.835093, 32.78965000000001], [-96.828679, 32.786691], [-96.826545, 32.785451], [-96.824711, 32.78349900000001], [-96.823751, 32.782233999999995], [-96.822425, 32.779989000000015], [-96.825742, 32.778821], [-96.826794, 32.778622999999996], [-96.843825, 32.77853100000002], [-96.843853, 32.783279], [-96.843575, 32.783337], [-96.843573, 32.78589800000002], [-96.844088, 32.78583700000001]]]}}, {"id": "1402", "type": "Feature", "properties": {"geoid": "48113010500", "alley_mi": 0.233, "alley_density": 0.122, "area_sqmi": 1.913}, "geometry": {"type": "Polygon", "coordinates": [[[-96.90561, 32.77862100000001], [-96.89493, 32.778454], [-96.890864, 32.778886], [-96.88255900000001, 32.778910999999994], [-96.882579, 32.78887100000001], [-96.882238, 32.789838000000024], [-96.883676, 32.79103800000002], [-96.885797, 32.79156700000001], [-96.88684600000002, 32.791510999999986], [-96.888618, 32.790837999999994], [-96.891084, 32.790566000000034], [-96.89109800000001, 32.792746999999984], [-96.873751, 32.792650999999985], [-96.87384, 32.76755000000001], [-96.887145, 32.76795200000001], [-96.889436, 32.767798], [-96.896129, 32.76675799999999], [-96.90233, 32.76661400000001], [-96.902617, 32.768607000000024], [-96.90561, 32.77862100000001]]]}}, {"id": "1403", "type": "Feature", "properties": {"geoid": "48113010601", "alley_mi": 0.002, "alley_density": 0.001, "area_sqmi": 2.655}, "geometry": {"type": "Polygon", "coordinates": [[[-96.926416, 32.778693999999994], [-96.926241, 32.781405000000014], [-96.926077, 32.782075999999996], [-96.921759, 32.78442699999999], [-96.918902, 32.785719], [-96.918009, 32.78559500000001], [-96.916103, 32.78448900000001], [-96.915381, 32.78425500000001], [-96.914032, 32.78443299999998], [-96.912842, 32.78531899999998], [-96.911172, 32.78811299999999], [-96.910654, 32.789654], [-96.910464, 32.791947], [-96.910066, 32.793007000000024], [-96.908766, 32.794925], [-96.90806, 32.796433], [-96.907156, 32.79726200000001], [-96.906487, 32.79755300000001], [-96.904032, 32.798198000000006], [-96.900872, 32.798024999999974], [-96.898522, 32.79819199999998], [-96.89579, 32.79805699999999], [-96.883992, 32.79811900000001], [-96.873922, 32.797969], [-96.873751, 32.792650999999985], [-96.89109800000001, 32.792746999999984], [-96.891084, 32.790566000000034], [-96.888618, 32.790837999999994], [-96.88684600000002, 32.791510999999986], [-96.885797, 32.79156700000001], [-96.883676, 32.79103800000002], [-96.882238, 32.789838000000024], [-96.882579, 32.78887100000001], [-96.88255900000001, 32.778910999999994], [-96.890864, 32.778886], [-96.89493, 32.778454], [-96.90485, 32.778622999999996], [-96.911654, 32.77858400000002], [-96.913477, 32.778426], [-96.926416, 32.778693999999994]]]}}, {"id": "1408", "type": "Feature", "properties": {"geoid": "48113010602", "alley_mi": 0.0, "alley_density": 0.0, "area_sqmi": 1.11}, "geometry": {"type": "Polygon", "coordinates": [[[-96.927505, 32.767237000000016], [-96.926455, 32.767939000000005], [-96.926081, 32.76887], [-96.926704, 32.77120600000002], [-96.926455, 32.77336099999999], [-96.926052, 32.77500699999999], [-96.926354, 32.776204], [-96.92610000000002, 32.776947], [-96.926095, 32.777523999999985], [-96.926368, 32.77802400000001], [-96.926416, 32.778693999999994], [-96.913871, 32.778426], [-96.911654, 32.77858400000002], [-96.90561, 32.77862100000001], [-96.902617, 32.768607000000024], [-96.90233, 32.76661400000001], [-96.919643, 32.766357000000006], [-96.927377, 32.765629000000004], [-96.926976, 32.76672799999999], [-96.927505, 32.767237000000016]]]}}, {"id": "1410", "type": "Feature", "properties": {"geoid": "48113020200", "alley_mi": 3.602, "alley_density": 0.358, "area_sqmi": 10.057}, "geometry": {"type": "Polygon", "coordinates": [[[-96.762962, 32.67274100000001], [-96.747064, 32.68053099999999], [-96.755057, 32.70032800000001], [-96.744141, 32.70442100000002], [-96.752518, 32.71894400000001], [-96.753835, 32.722102], [-96.754993, 32.72836399999999], [-96.753462, 32.728224999999995], [-96.750983, 32.72640200000001], [-96.749422, 32.726052], [-96.748365, 32.725603], [-96.747964, 32.725247999999986], [-96.747294, 32.72420600000002], [-96.746237, 32.723538000000005], [-96.745463, 32.723541], [-96.743657, 32.724005], [-96.73954800000001, 32.72370200000002], [-96.735471, 32.72403699999999], [-96.733918, 32.723573999999985], [-96.732648, 32.72252400000001], [-96.732071, 32.72132500000002], [-96.731869, 32.718712999999994], [-96.732329, 32.716890000000014], [-96.733262, 32.71485100000002], [-96.735566, 32.711135], [-96.736141, 32.709335], [-96.735779, 32.707635], [-96.734602, 32.705293999999995], [-96.734278, 32.704178999999996], [-96.734221, 32.703289000000005], [-96.734561, 32.701661000000016], [-96.734552, 32.70065899999997], [-96.734118, 32.699912999999995], [-96.733634, 32.69953], [-96.732187, 32.699417], [-96.728624, 32.69838499999998], [-96.727379, 32.698689], [-96.725635, 32.698754], [-96.723524, 32.69720499999999], [-96.721019, 32.696512999999996], [-96.719174, 32.696349999999995], [-96.717266, 32.696445000000004], [-96.714038, 32.69630200000001], [-96.712738, 32.696444], [-96.710868, 32.697688000000014], [-96.70859, 32.69878299999998], [-96.707333, 32.69899399999999], [-96.705574, 32.698887], [-96.704771, 32.69912000000001], [-96.704281, 32.699608999999995], [-96.704232, 32.700633000000025], [-96.704059, 32.70098600000001], [-96.703634, 32.70124800000001], [-96.703005, 32.701331000000025], [-96.702309, 32.700968], [-96.70182, 32.69932], [-96.700715, 32.69872100000001], [-96.700121, 32.69876300000001], [-96.698051, 32.699868000000016], [-96.696494, 32.699966999999994], [-96.69597, 32.699578], [-96.695689, 32.698402000000016], [-96.694595, 32.69723400000001], [-96.694201, 32.697172000000016], [-96.69361, 32.69734299999998], [-96.692656, 32.69795200000002], [-96.692018, 32.69794000000001], [-96.691778, 32.69775700000001], [-96.691477, 32.695416], [-96.691642, 32.693456000000005], [-96.691532, 32.69202699999999], [-96.689826, 32.68107100000002], [-96.693689, 32.68064500000001], [-96.694386, 32.679034], [-96.695244, 32.67804399999999], [-96.695339, 32.67728399999999], [-96.695154, 32.67671], [-96.699468, 32.67535600000001], [-96.70258, 32.674058999999986], [-96.731289, 32.65958500000001], [-96.733848, 32.658534999999986], [-96.735854, 32.657975], [-96.750575, 32.655225], [-96.750485, 32.65669700000003], [-96.750709, 32.65751699999999], [-96.753852, 32.66211999999999], [-96.754498, 32.66269800000002], [-96.75626, 32.663186], [-96.756829, 32.663595000000015], [-96.762962, 32.67274100000001]]]}}, {"id": "1414", "type": "Feature", "properties": {"geoid": "48113000606", "alley_mi": 1.742, "alley_density": 4.28, "area_sqmi": 0.407}, "geometry": {"type": "Polygon", "coordinates": [[[-96.809979, 32.815785], [-96.807884, 32.817478], [-96.807231, 32.81773100000001], [-96.805134, 32.81742800000001], [-96.802338, 32.81739300000002], [-96.802381, 32.819678999999994], [-96.800209, 32.819693000000015], [-96.79998700000002, 32.818970000000014], [-96.79920500000001, 32.81894500000001], [-96.799111, 32.81931200000001], [-96.798861, 32.81926499999998], [-96.797312, 32.820843000000025], [-96.798209, 32.82320800000002], [-96.795694, 32.823189], [-96.792992, 32.822173000000014], [-96.797552, 32.81351299999999], [-96.800259, 32.810656999999985], [-96.80141800000001, 32.80847199999998], [-96.809979, 32.815785]]]}}, {"id": "1434", "type": "Feature", "properties": {"geoid": "48113007812", "alley_mi": 9.578, "alley_density": 8.722, "area_sqmi": 1.098}, "geometry": {"type": "Polygon", "coordinates": [[[-96.756688, 32.889043000000015], [-96.754711, 32.89117700000001], [-96.753188, 32.89403600000001], [-96.751583, 32.896012000000006], [-96.751088, 32.89747100000001], [-96.7511, 32.89951300000001], [-96.750914, 32.90041899999999], [-96.74952, 32.902693], [-96.748986, 32.90254900000001], [-96.746896, 32.900864000000006], [-96.74605000000001, 32.900543], [-96.738351, 32.90041500000002], [-96.739457, 32.89618600000001], [-96.741475, 32.891939], [-96.741749, 32.890934999999985], [-96.741641, 32.875948], [-96.741318, 32.873585], [-96.741444, 32.872301000000014], [-96.741787, 32.872143], [-96.742043, 32.872312], [-96.742249, 32.873167999999986], [-96.742693, 32.873464000000006], [-96.74198200000001, 32.873858000000006], [-96.742154, 32.874057], [-96.742599, 32.874003], [-96.742787, 32.87413600000001], [-96.742946, 32.874875999999986], [-96.743796, 32.875227], [-96.744737, 32.87508400000001], [-96.745614, 32.875597000000006], [-96.745628, 32.876112], [-96.746241, 32.87652], [-96.745957, 32.876894000000014], [-96.746, 32.87707099999999], [-96.746641, 32.87770100000001], [-96.747245, 32.877989000000014], [-96.748655, 32.88019300000001], [-96.749414, 32.880701], [-96.75095, 32.880674000000006], [-96.751179, 32.881298999999984], [-96.751906, 32.88147300000002], [-96.752114, 32.88178799999999], [-96.752944, 32.882227000000015], [-96.752987, 32.88302700000003], [-96.754007, 32.88317], [-96.754365, 32.883403], [-96.754397, 32.88393299999999], [-96.754074, 32.88431], [-96.753743, 32.88438500000001], [-96.752937, 32.88419499999999], [-96.75238, 32.88474500000002], [-96.752055, 32.88680600000001], [-96.752711, 32.887712], [-96.752635, 32.88858900000001], [-96.75343, 32.889065999999985], [-96.754183, 32.889011999999994], [-96.75448, 32.889339], [-96.754683, 32.89005000000001], [-96.754985, 32.89024499999999], [-96.755484, 32.889990999999995], [-96.755437, 32.889479999999985], [-96.755762, 32.88918300000002], [-96.756255, 32.88895800000001], [-96.756688, 32.889043000000015]]]}}, {"id": "1435", "type": "Feature", "properties": {"geoid": "48113009803", "alley_mi": 2.966, "alley_density": 5.299, "area_sqmi": 0.56}, "geometry": {"type": "Polygon", "coordinates": [[[-96.883566, 32.880933999999996], [-96.865705, 32.880792], [-96.865596, 32.880217000000016], [-96.864881, 32.879329000000006], [-96.864583, 32.878691], [-96.86461, 32.87510299999999], [-96.865516, 32.875117999999986], [-96.867961, 32.87572100000002], [-96.876173, 32.875867000000014], [-96.876091, 32.874555], [-96.875352, 32.87352300000001], [-96.875377, 32.86643399999999], [-96.879289, 32.866400000000006], [-96.88030700000002, 32.870427000000014], [-96.883566, 32.880933999999996]]]}}, {"id": "1437", "type": "Feature", "properties": {"geoid": "48113006100", "alley_mi": 6.6, "alley_density": 6.629, "area_sqmi": 0.996}, "geometry": {"type": "Polygon", "coordinates": [[[-96.857183, 32.70581], [-96.840172, 32.705893], [-96.840113, 32.69407899999999], [-96.840378, 32.691217], [-96.846221, 32.691357999999994], [-96.852218, 32.69118699999999], [-96.857138, 32.69123400000002], [-96.857183, 32.70581]]]}}, {"id": "1472", "type": "Feature", "properties": {"geoid": "48113007809", "alley_mi": 4.974, "alley_density": 6.222, "area_sqmi": 0.8}, "geometry": {"type": "Polygon", "coordinates": [[[-96.753803, 32.85962599999999], [-96.751663, 32.86160000000001], [-96.75052, 32.86236399999999], [-96.749116, 32.863014], [-96.744919, 32.86443400000001], [-96.739577, 32.86756200000001], [-96.73846900000001, 32.867137], [-96.738464, 32.86665], [-96.737745, 32.865653000000016], [-96.737001, 32.86512200000001], [-96.736882, 32.864655000000035], [-96.735403, 32.863976000000015], [-96.73448, 32.86327800000001], [-96.7333, 32.86314100000002], [-96.73311, 32.862706], [-96.732783, 32.862432000000005], [-96.732148, 32.862394000000016], [-96.731712, 32.86276], [-96.731186, 32.86255400000002], [-96.731005, 32.861579000000006], [-96.729952, 32.861297], [-96.729689, 32.860992000000024], [-96.729725, 32.86074000000001], [-96.730595, 32.86010999999999], [-96.730599, 32.85993500000001], [-96.72963, 32.860010999999986], [-96.728506, 32.859363], [-96.72664, 32.85910100000002], [-96.725103, 32.858517], [-96.732683, 32.85518099999999], [-96.734875, 32.854389000000005], [-96.736016, 32.854258000000016], [-96.749107, 32.85671599999999], [-96.751318, 32.85776700000001], [-96.753803, 32.85962599999999]]]}}, {"id": "1474", "type": "Feature", "properties": {"geoid": "48113013618", "alley_mi": 7.646, "alley_density": 13.926, "area_sqmi": 0.549}, "geometry": {"type": "Polygon", "coordinates": [[[-96.785893, 32.981169000000016], [-96.785793, 32.983880000000006], [-96.78552, 32.98441400000001], [-96.78430300000001, 32.98568799999999], [-96.784005, 32.986658999999996], [-96.768247, 32.986453999999995], [-96.768214, 32.97835099999999], [-96.779469, 32.97836800000001], [-96.782644, 32.979230000000015], [-96.785752, 32.979279000000005], [-96.785699, 32.980289], [-96.785893, 32.981169000000016]]]}}, {"id": "1475", "type": "Feature", "properties": {"geoid": "48113009900", "alley_mi": 0.0, "alley_density": 0.0, "area_sqmi": 9.439}, "geometry": {"type": "Polygon", "coordinates": [[[-96.932036, 32.88490299999999], [-96.93156400000001, 32.88573400000001], [-96.930339, 32.886684000000024], [-96.929962, 32.887258], [-96.929962, 32.88787000000003], [-96.93099900000001, 32.890087], [-96.93081, 32.890681], [-96.93008, 32.89099800000002], [-96.927818, 32.89113600000001], [-96.927158, 32.89173], [-96.92692300000002, 32.89248199999999], [-96.927135, 32.89341100000003], [-96.928195, 32.89481600000002], [-96.928373, 32.89603999999999], [-96.928537, 32.896061999999986], [-96.928628, 32.89636400000003], [-96.928109, 32.89828900000002], [-96.928068, 32.899545], [-96.927822, 32.89998], [-96.927307, 32.90010399999999], [-96.927519, 32.901381000000015], [-96.926812, 32.90246900000002], [-96.926608, 32.903054000000004], [-96.926655, 32.90360300000001], [-96.92709900000001, 32.90454600000001], [-96.928127, 32.905507], [-96.929949, 32.90599700000001], [-96.931682, 32.907092999999996], [-96.931853, 32.907561], [-96.931243, 32.90845399999999], [-96.931153, 32.90938400000002], [-96.924523, 32.907991999999986], [-96.92120500000001, 32.907774], [-96.899732, 32.90805700000002], [-96.892207, 32.908842], [-96.88030700000002, 32.870427000000014], [-96.879554, 32.86774499999999], [-96.877767, 32.85836199999999], [-96.880749, 32.85833100000001], [-96.880691, 32.85804000000002], [-96.88178300000001, 32.85782699999999], [-96.882885, 32.85719000000001], [-96.884192, 32.85522699999999], [-96.887173, 32.852301000000004], [-96.893201, 32.84780300000001], [-96.89369800000001, 32.848255999999985], [-96.893855, 32.848657], [-96.893723, 32.84996], [-96.894479, 32.850766], [-96.895293, 32.85093500000001], [-96.896567, 32.850490000000015], [-96.897666, 32.850352999999984], [-96.89824700000001, 32.850427999999994], [-96.898746, 32.85071599999998], [-96.89879, 32.851072999999985], [-96.897878, 32.85206399999999], [-96.898153, 32.852908], [-96.899102, 32.85358900000001], [-96.900214, 32.853558], [-96.901094, 32.852352], [-96.901894, 32.85218500000001], [-96.902762, 32.85244599999999], [-96.903374, 32.85282900000001], [-96.903555, 32.853081], [-96.903492, 32.85382499999999], [-96.903711, 32.85414100000001], [-96.905633, 32.85385600000001], [-96.906536, 32.85413900000001], [-96.907004, 32.854577], [-96.907429, 32.85562300000001], [-96.908145, 32.85605600000002], [-96.909023, 32.855965999999995], [-96.910525, 32.85528800000001], [-96.911413, 32.85546], [-96.911946, 32.85611500000003], [-96.912366, 32.85776500000003], [-96.912845, 32.858141], [-96.913303, 32.858141], [-96.913717, 32.857942], [-96.914099, 32.85640299999999], [-96.914902, 32.85600600000001], [-96.915488, 32.85595200000002], [-96.916447, 32.856090999999985], [-96.916743, 32.85631800000001], [-96.91687700000001, 32.85670299999998], [-96.916727, 32.85809599999999], [-96.916845, 32.858403], [-96.917147, 32.85855599999997], [-96.917587, 32.858444000000006], [-96.918416, 32.857643000000024], [-96.91934200000001, 32.85741300000001], [-96.921399, 32.857747], [-96.924972, 32.85861200000001], [-96.925257, 32.858887], [-96.925222, 32.85942300000001], [-96.924541, 32.859921], [-96.92239, 32.860740000000014], [-96.922142, 32.861219000000006], [-96.922158, 32.861737999999995], [-96.922332, 32.86208499999999], [-96.922991, 32.862524], [-96.92475500000002, 32.862812999999974], [-96.925264, 32.863273], [-96.925219, 32.86367999999999], [-96.92416, 32.865328999999996], [-96.924244, 32.865736000000005], [-96.924722, 32.865828], [-96.926291, 32.86535], [-96.926834, 32.86581400000001], [-96.92702, 32.86665599999998], [-96.926661, 32.867261000000006], [-96.92373, 32.86886199999999], [-96.92349, 32.869345999999986], [-96.923528, 32.869981], [-96.923913, 32.87071699999999], [-96.924692, 32.870981000000015], [-96.925568, 32.87066600000001], [-96.926978, 32.869351000000016], [-96.928006, 32.869334999999985], [-96.930748, 32.87044600000001], [-96.93142500000002, 32.871048999999985], [-96.93165, 32.871940000000016], [-96.93134900000001, 32.87312299999998], [-96.929512, 32.876067], [-96.929287, 32.877797], [-96.92941, 32.88021499999997], [-96.928829, 32.881245000000014], [-96.928451, 32.88138899999999], [-96.928073, 32.881803999999995], [-96.927777, 32.882596], [-96.928029, 32.883199999999995], [-96.92861200000002, 32.88352999999998], [-96.930034, 32.883214000000024], [-96.931443, 32.883144000000016], [-96.932036, 32.88425100000001], [-96.932036, 32.88490299999999]]]}}, {"id": "1476", "type": "Feature", "properties": {"geoid": "48113009804", "alley_mi": 0.024, "alley_density": 0.061, "area_sqmi": 0.4}, "geometry": {"type": "Polygon", "coordinates": [[[-96.876173, 32.875867000000014], [-96.867961, 32.87572100000002], [-96.865516, 32.875117999999986], [-96.86461, 32.87510299999999], [-96.864696, 32.86647], [-96.875377, 32.86643399999999], [-96.875352, 32.87352300000001], [-96.876091, 32.874555], [-96.876173, 32.875867000000014]]]}}, {"id": "1479", "type": "Feature", "properties": {"geoid": "48113009103", "alley_mi": 2.151, "alley_density": 4.497, "area_sqmi": 0.478}, "geometry": {"type": "Polygon", "coordinates": [[[-96.710539, 32.738072999999986], [-96.710452, 32.73871900000003], [-96.710001, 32.73969400000001], [-96.706506, 32.744934], [-96.704444, 32.74843000000001], [-96.704211, 32.749152], [-96.700284, 32.749007000000006], [-96.700042, 32.748353999999985], [-96.700022, 32.747213], [-96.700076, 32.734423], [-96.710333, 32.734432999999996], [-96.710539, 32.738072999999986]]]}}, {"id": "1480", "type": "Feature", "properties": {"geoid": "48113001504", "alley_mi": 0.449, "alley_density": 1.889, "area_sqmi": 0.237}, "geometry": {"type": "Polygon", "coordinates": [[[-96.779846, 32.796500999999985], [-96.776509, 32.79930000000001], [-96.777701, 32.80033699999997], [-96.77008900000001, 32.806685000000016], [-96.770196, 32.807943], [-96.766878, 32.807951], [-96.766894, 32.80735600000002], [-96.76753, 32.80672100000001], [-96.772361, 32.802732], [-96.76931100000002, 32.800134], [-96.776875, 32.79391299999999], [-96.779846, 32.796500999999985]]]}}, {"id": "1482", "type": "Feature", "properties": {"geoid": "48113006800", "alley_mi": 2.922, "alley_density": 4.653, "area_sqmi": 0.628}, "geometry": {"type": "Polygon", "coordinates": [[[-96.880628, 32.74956900000001], [-96.880386, 32.749983000000014], [-96.877247, 32.75098200000001], [-96.874004, 32.753597000000006], [-96.856737, 32.762183], [-96.85669600000001, 32.74961299999999], [-96.858749, 32.749502], [-96.878295, 32.74955500000001], [-96.880628, 32.74956900000001]]]}}, {"id": "1483", "type": "Feature", "properties": {"geoid": "48113006900", "alley_mi": 1.834, "alley_density": 2.994, "area_sqmi": 0.612}, "geometry": {"type": "Polygon", "coordinates": [[[-96.874004, 32.753597000000006], [-96.873958, 32.75832499999998], [-96.873771, 32.758866999999995], [-96.872848, 32.75975900000002], [-96.872629, 32.76024700000002], [-96.872412, 32.76365000000001], [-96.872427, 32.76405700000003], [-96.872699, 32.764613999999995], [-96.873791, 32.765733], [-96.87384, 32.76755000000001], [-96.86037700000001, 32.767158], [-96.858863, 32.76697099999997], [-96.856677, 32.766441999999984], [-96.856737, 32.762183], [-96.874004, 32.753597000000006]]]}}, {"id": "1498", "type": "Feature", "properties": {"geoid": "48113009701", "alley_mi": 11.052, "alley_density": 11.215, "area_sqmi": 0.985}, "geometry": {"type": "Polygon", "coordinates": [[[-96.88802100000001, 32.89530499999999], [-96.87034500000001, 32.895255999999996], [-96.870341, 32.88715999999998], [-96.869969, 32.886522], [-96.869426, 32.88613199999999], [-96.867142, 32.88588200000003], [-96.866546, 32.885651], [-96.86605600000001, 32.88523600000001], [-96.865735, 32.884483999999986], [-96.865705, 32.880792], [-96.883566, 32.880933999999996], [-96.88802100000001, 32.89530499999999]]]}}, {"id": "1504", "type": "Feature", "properties": {"geoid": "48113000100", "alley_mi": 7.816, "alley_density": 5.632, "area_sqmi": 1.388}, "geometry": {"type": "Polygon", "coordinates": [[[-96.753008, 32.815674000000016], [-96.752871, 32.81907399999999], [-96.751702, 32.819089000000005], [-96.746464, 32.820313000000006], [-96.742044, 32.820992999999994], [-96.741392, 32.821039000000006], [-96.74093000000002, 32.82082700000001], [-96.740001, 32.821332], [-96.735685, 32.822038000000006], [-96.734837, 32.822325000000006], [-96.732026, 32.82463300000002], [-96.73295, 32.82574899999998], [-96.73323, 32.826548], [-96.73283500000001, 32.827018999999986], [-96.732374, 32.827247], [-96.73217800000002, 32.82722499999998], [-96.731496, 32.825133], [-96.731103, 32.825158], [-96.73003, 32.824043999999994], [-96.722177, 32.82382699999999], [-96.723848, 32.814813], [-96.729986, 32.81069000000002], [-96.731919, 32.808739], [-96.733307, 32.80650000000001], [-96.735034, 32.80822], [-96.7357, 32.808691999999986], [-96.73707500000002, 32.809465], [-96.738218, 32.809762000000006], [-96.739553, 32.80979599999998], [-96.74175300000002, 32.809308], [-96.743833, 32.808725999999986], [-96.745049, 32.80799600000001], [-96.749358, 32.811639], [-96.75064400000001, 32.81195100000001], [-96.751096, 32.81225100000002], [-96.75114, 32.812721], [-96.751694, 32.812711], [-96.7518, 32.81398799999999], [-96.752825, 32.814956], [-96.753008, 32.815674000000016]]]}}, {"id": "1505", "type": "Feature", "properties": {"geoid": "48113000201", "alley_mi": 8.918, "alley_density": 13.141, "area_sqmi": 0.679}, "geometry": {"type": "Polygon", "coordinates": [[[-96.761549, 32.822001], [-96.76136, 32.84178700000001], [-96.752947, 32.84366500000001], [-96.752902, 32.822963], [-96.760114, 32.823092], [-96.760134, 32.822017999999986], [-96.761549, 32.822001]]]}}, {"id": "1506", "type": "Feature", "properties": {"geoid": "48113000202", "alley_mi": 8.379, "alley_density": 13.581, "area_sqmi": 0.617}, "geometry": {"type": "Polygon", "coordinates": [[[-96.770155, 32.82294299999999], [-96.770083, 32.83978499999999], [-96.76136, 32.84178700000001], [-96.761564, 32.829893999999996], [-96.761508, 32.822916000000006], [-96.770155, 32.82294299999999]]]}}, {"id": "1507", "type": "Feature", "properties": {"geoid": "48113000300", "alley_mi": 7.587, "alley_density": 10.825, "area_sqmi": 0.701}, "geometry": {"type": "Polygon", "coordinates": [[[-96.78609, 32.822077], [-96.784897, 32.82428199999999], [-96.783266, 32.827889], [-96.78082, 32.831848000000015], [-96.780385, 32.83320800000001], [-96.780948, 32.83275399999998], [-96.781068, 32.83658199999999], [-96.776459, 32.83658799999999], [-96.774874, 32.837953000000006], [-96.773304, 32.838827], [-96.772193, 32.839269999999985], [-96.770083, 32.83978499999999], [-96.770154, 32.823484000000015], [-96.784481, 32.823411000000014], [-96.784731, 32.82351300000001], [-96.785714, 32.82180599999999], [-96.78609, 32.822077]]]}}, {"id": "1508", "type": "Feature", "properties": {"geoid": "48113000401", "alley_mi": 0.781, "alley_density": 1.001, "area_sqmi": 0.78}, "geometry": {"type": "Polygon", "coordinates": [[[-96.842505, 32.81598399999997], [-96.836366, 32.821281], [-96.829174, 32.815294], [-96.828494, 32.81500900000001], [-96.826867, 32.81485800000001], [-96.826344, 32.81458699999999], [-96.817901, 32.80759400000001], [-96.81623200000001, 32.80067400000001], [-96.815612, 32.798788], [-96.816226, 32.799194], [-96.819269, 32.80296200000002], [-96.820688, 32.804057000000014], [-96.822496, 32.804736999999996], [-96.828352, 32.805666000000016], [-96.830752, 32.80653600000002], [-96.83513, 32.81021400000001], [-96.842505, 32.81598399999997]]]}}, {"id": "1509", "type": "Feature", "properties": {"geoid": "48113000405", "alley_mi": 0.042, "alley_density": 0.247, "area_sqmi": 0.17}, "geometry": {"type": "Polygon", "coordinates": [[[-96.825248, 32.81366500000001], [-96.820147, 32.81830900000003], [-96.817545, 32.81605699999999], [-96.818107, 32.81094700000002], [-96.818106, 32.80905700000002], [-96.817901, 32.80759400000001], [-96.825248, 32.81366500000001]]]}}, {"id": "1510", "type": "Feature", "properties": {"geoid": "48113001001", "alley_mi": 3.126, "alley_density": 12.615, "area_sqmi": 0.248}, "geometry": {"type": "Polygon", "coordinates": [[[-96.785714, 32.82180599999999], [-96.784731, 32.82351300000001], [-96.784481, 32.823411000000014], [-96.770154, 32.823484000000015], [-96.770189, 32.81736599999998], [-96.774706, 32.81723899999999], [-96.774721, 32.82023], [-96.784665, 32.82021099999999], [-96.785714, 32.82180599999999]]]}}, {"id": "1511", "type": "Feature", "properties": {"geoid": "48113001002", "alley_mi": 2.593, "alley_density": 8.276, "area_sqmi": 0.313}, "geometry": {"type": "Polygon", "coordinates": [[[-96.784665, 32.82021099999999], [-96.774721, 32.82023], [-96.774706, 32.81723899999999], [-96.770189, 32.81736599999998], [-96.770192, 32.807608999999985], [-96.784665, 32.82021099999999]]]}}, {"id": "1512", "type": "Feature", "properties": {"geoid": "48113001102", "alley_mi": 4.057, "alley_density": 12.067, "area_sqmi": 0.336}, "geometry": {"type": "Polygon", "coordinates": [[[-96.761878, 32.81175400000002], [-96.761547, 32.814350999999995], [-96.761549, 32.822001], [-96.760134, 32.822017999999986], [-96.760114, 32.823092], [-96.752902, 32.822963], [-96.753008, 32.81556100000002], [-96.752825, 32.814956], [-96.752192, 32.81443], [-96.752921, 32.813834000000014], [-96.758889, 32.81382900000002], [-96.758895, 32.812707000000024], [-96.759127, 32.812707000000024], [-96.761145, 32.810998], [-96.761878, 32.81175400000002]]]}}, {"id": "1513", "type": "Feature", "properties": {"geoid": "48113001204", "alley_mi": 0.916, "alley_density": 4.238, "area_sqmi": 0.216}, "geometry": {"type": "Polygon", "coordinates": [[[-96.75419200000002, 32.79933900000002], [-96.749257, 32.80362100000001], [-96.742764, 32.79795199999999], [-96.744408, 32.79663899999998], [-96.747373, 32.793729000000006], [-96.753026, 32.798639], [-96.75419200000002, 32.79933900000002]]]}}, {"id": "1514", "type": "Feature", "properties": {"geoid": "48113001301", "alley_mi": 1.83, "alley_density": 4.479, "area_sqmi": 0.409}, "geometry": {"type": "Polygon", "coordinates": [[[-96.760713, 32.804954], [-96.753153, 32.810997], [-96.752932, 32.81096], [-96.752706, 32.811694], [-96.751694, 32.812711], [-96.75114, 32.812721], [-96.751096, 32.81225100000002], [-96.75064400000001, 32.81195100000001], [-96.749358, 32.811639], [-96.745049, 32.80799600000001], [-96.74738900000001, 32.80581599999999], [-96.749257, 32.80362100000001], [-96.75419200000002, 32.79933900000002], [-96.760713, 32.804954]]]}}, {"id": "1515", "type": "Feature", "properties": {"geoid": "48113001302", "alley_mi": 2.178, "alley_density": 8.379, "area_sqmi": 0.26}, "geometry": {"type": "Polygon", "coordinates": [[[-96.76931100000002, 32.800134], [-96.76450600000001, 32.80411600000001], [-96.763263, 32.802988000000006], [-96.760713, 32.804954], [-96.756389, 32.801240000000014], [-96.757639, 32.80005499999998], [-96.76368500000001, 32.795198], [-96.76931100000002, 32.800134]]]}}, {"id": "1516", "type": "Feature", "properties": {"geoid": "48113001400", "alley_mi": 3.768, "alley_density": 9.546, "area_sqmi": 0.395}, "geometry": {"type": "Polygon", "coordinates": [[[-96.772361, 32.802732], [-96.76753, 32.80672100000001], [-96.766894, 32.80735600000002], [-96.766878, 32.807951], [-96.764793, 32.80797400000002], [-96.759127, 32.812707000000024], [-96.758895, 32.812707000000024], [-96.758889, 32.81382900000002], [-96.752921, 32.813834000000014], [-96.752192, 32.81443], [-96.7518, 32.81398799999999], [-96.751694, 32.812711], [-96.752706, 32.811694], [-96.752932, 32.81096], [-96.753153, 32.810997], [-96.763263, 32.802988000000006], [-96.76450600000001, 32.80411600000001], [-96.76931100000002, 32.800134], [-96.772361, 32.802732]]]}}, {"id": "1517", "type": "Feature", "properties": {"geoid": "48113001101", "alley_mi": 4.799, "alley_density": 9.613, "area_sqmi": 0.499}, "geometry": {"type": "Polygon", "coordinates": [[[-96.770196, 32.807943], [-96.770155, 32.82294299999999], [-96.761508, 32.822916000000006], [-96.761565, 32.813857000000006], [-96.761903, 32.81211199999999], [-96.761878, 32.81175400000002], [-96.761145, 32.810998], [-96.76485600000001, 32.80794299999998], [-96.770196, 32.807943]]]}}, {"id": "1518", "type": "Feature", "properties": {"geoid": "48113001502", "alley_mi": 0.337, "alley_density": 0.835, "area_sqmi": 0.404}, "geometry": {"type": "Polygon", "coordinates": [[[-96.776875, 32.79391299999999], [-96.76931100000002, 32.800134], [-96.761406, 32.79323899999999], [-96.764118, 32.791021], [-96.764274, 32.79113700000001], [-96.765696, 32.789986], [-96.767239, 32.788478999999995], [-96.768468, 32.78671800000001], [-96.776875, 32.79391299999999]]]}}, {"id": "1519", "type": "Feature", "properties": {"geoid": "48113001503", "alley_mi": 0.539, "alley_density": 2.25, "area_sqmi": 0.24}, "geometry": {"type": "Polygon", "coordinates": [[[-96.783802, 32.79988900000003], [-96.772303, 32.80946899999998], [-96.770192, 32.807608999999985], [-96.77008900000001, 32.806685000000016], [-96.777701, 32.80033699999997], [-96.776509, 32.79930000000001], [-96.779846, 32.796500999999985], [-96.783802, 32.79988900000003]]]}}, {"id": "1520", "type": "Feature", "properties": {"geoid": "48113012209", "alley_mi": 2.405, "alley_density": 3.513, "area_sqmi": 0.685}, "geometry": {"type": "Polygon", "coordinates": [[[-96.718848, 32.80601], [-96.698707, 32.81956], [-96.697027, 32.821483000000015], [-96.69578, 32.823859], [-96.692418, 32.82083899999999], [-96.689698, 32.81741099999999], [-96.697651, 32.813345], [-96.700894, 32.812197999999995], [-96.701962, 32.811598999999994], [-96.713967, 32.801886], [-96.718848, 32.80601]]]}}, {"id": "1523", "type": "Feature", "properties": {"geoid": "48113009303", "alley_mi": 2.507, "alley_density": 1.159, "area_sqmi": 2.162}, "geometry": {"type": "Polygon", "coordinates": [[[-96.736384, 32.72663599999999], [-96.736161, 32.726855], [-96.73518, 32.72717999999999], [-96.734839, 32.727928000000006], [-96.734648, 32.72803899999998], [-96.734081, 32.72784], [-96.733885, 32.72659400000002], [-96.733285, 32.726371999999984], [-96.733108, 32.72688400000001], [-96.7327, 32.726890000000004], [-96.73185, 32.727356], [-96.730652, 32.72748000000001], [-96.72931, 32.72829299999999], [-96.729053, 32.728232999999996], [-96.728942, 32.727971999999994], [-96.729085, 32.72717600000001], [-96.728637, 32.726955], [-96.725556, 32.72776399999999], [-96.725002, 32.72818000000001], [-96.724821, 32.72880200000001], [-96.724068, 32.729227000000016], [-96.724144, 32.72961], [-96.723748, 32.73059699999999], [-96.721489, 32.73181100000001], [-96.722016, 32.73243599999999], [-96.723399, 32.73242499999999], [-96.723861, 32.73265500000002], [-96.723478, 32.734429999999996], [-96.722463, 32.73614100000001], [-96.721972, 32.736655999999996], [-96.721299, 32.737015], [-96.720848, 32.736434999999986], [-96.72058, 32.73639800000002], [-96.717525, 32.73821400000001], [-96.714263, 32.735323], [-96.712935, 32.73388800000001], [-96.711946, 32.734366], [-96.710333, 32.734432999999996], [-96.709945, 32.73282100000001], [-96.708935, 32.731461], [-96.704214, 32.72875699999999], [-96.70029, 32.726868999999986], [-96.700313, 32.719773999999994], [-96.717763, 32.719792000000005], [-96.717733, 32.719251], [-96.71727, 32.717841999999976], [-96.717334, 32.712696], [-96.720754, 32.71265699999999], [-96.723278, 32.712134000000006], [-96.73568, 32.707498000000015], [-96.736077, 32.70865399999998], [-96.736104, 32.709710999999984], [-96.735566, 32.711135], [-96.733262, 32.71485100000002], [-96.732384, 32.716724000000006], [-96.731869, 32.718712999999994], [-96.732052, 32.72121299999999], [-96.73222500000001, 32.721812000000014], [-96.732648, 32.72252400000001], [-96.73404300000001, 32.723626], [-96.733974, 32.72426599999999], [-96.73535, 32.724717000000005], [-96.735136, 32.7254], [-96.736004, 32.725843], [-96.736135, 32.726355], [-96.736384, 32.72663599999999]]]}}, {"id": "1525", "type": "Feature", "properties": {"geoid": "48113011601", "alley_mi": 3.05, "alley_density": 0.774, "area_sqmi": 3.941}, "geometry": {"type": "Polygon", "coordinates": [[[-96.73568, 32.707498000000015], [-96.723278, 32.712134000000006], [-96.720754, 32.71265699999999], [-96.707187, 32.71276700000002], [-96.70019, 32.71319900000001], [-96.700083, 32.713054], [-96.693494, 32.713121999999984], [-96.687545, 32.71217200000001], [-96.685603, 32.71223100000002], [-96.684263, 32.71248400000001], [-96.683437, 32.711891], [-96.683105, 32.71111], [-96.682956, 32.69768099999999], [-96.682639, 32.697072], [-96.68214100000002, 32.696592], [-96.681461, 32.69623199999999], [-96.679722, 32.69580100000001], [-96.679081, 32.69532100000002], [-96.678748, 32.69475599999999], [-96.6786, 32.690710000000024], [-96.677742, 32.689217000000006], [-96.677595, 32.688493000000015], [-96.677586, 32.68058700000001], [-96.677281, 32.67996600000001], [-96.67628, 32.678973], [-96.689314, 32.67777400000002], [-96.695154, 32.67671], [-96.695339, 32.67728399999999], [-96.695244, 32.67804399999999], [-96.694386, 32.679034], [-96.693689, 32.68064500000001], [-96.689826, 32.68107100000002], [-96.691532, 32.69202699999999], [-96.691642, 32.693456000000005], [-96.691477, 32.695416], [-96.691729, 32.697617000000015], [-96.691946, 32.697918], [-96.692732, 32.697935], [-96.69361, 32.69734299999998], [-96.694201, 32.697172000000016], [-96.694595, 32.69723400000001], [-96.695689, 32.698402000000016], [-96.69597, 32.699578], [-96.696494, 32.699966999999994], [-96.698051, 32.699868000000016], [-96.700121, 32.69876300000001], [-96.700715, 32.69872100000001], [-96.70182, 32.69932], [-96.702309, 32.700968], [-96.702607, 32.701228000000015], [-96.703168, 32.70133499999999], [-96.704059, 32.70098600000001], [-96.704232, 32.700633000000025], [-96.704281, 32.699608999999995], [-96.704706, 32.699150999999986], [-96.705574, 32.698887], [-96.707333, 32.69899399999999], [-96.70859, 32.69878299999998], [-96.710868, 32.697688000000014], [-96.712738, 32.696444], [-96.714802, 32.69628800000002], [-96.717266, 32.696445000000004], [-96.719174, 32.696349999999995], [-96.72124, 32.69656], [-96.723524, 32.69720499999999], [-96.725635, 32.698754], [-96.727379, 32.698689], [-96.728624, 32.69838499999998], [-96.732187, 32.699417], [-96.733354, 32.69945700000001], [-96.733915, 32.69971900000001], [-96.734377, 32.70023799999999], [-96.734566, 32.70074300000001], [-96.734561, 32.701661000000016], [-96.734203, 32.70353500000001], [-96.73434800000001, 32.70455800000002], [-96.73568, 32.707498000000015]]]}}, {"id": "1528", "type": "Feature", "properties": {"geoid": "48113004600", "alley_mi": 2.315, "alley_density": 8.37, "area_sqmi": 0.277}, "geometry": {"type": "Polygon", "coordinates": [[[-96.851451, 32.746603], [-96.851443, 32.74955500000001], [-96.837584, 32.74948800000001], [-96.837597, 32.743161], [-96.841152, 32.743374999999986], [-96.851451, 32.746603]]]}}, {"id": "1529", "type": "Feature", "properties": {"geoid": "48113007102", "alley_mi": 9.052, "alley_density": 9.378, "area_sqmi": 0.965}, "geometry": {"type": "Polygon", "coordinates": [[[-96.841151, 32.850735], [-96.840376, 32.85107799999998], [-96.838577, 32.85116000000002], [-96.821311, 32.85117399999999], [-96.82139, 32.845252], [-96.821847, 32.83737300000003], [-96.823153, 32.83392400000001], [-96.823626, 32.83330599999999], [-96.824826, 32.83227900000001], [-96.82554, 32.83080699999999], [-96.8264, 32.82995999999999], [-96.82757800000002, 32.83122099999998], [-96.831639, 32.83662699999999], [-96.834251, 32.839456999999996], [-96.834488, 32.840529999999994], [-96.834491, 32.844117999999995], [-96.835004, 32.84530299999999], [-96.841151, 32.850735]]]}}, {"id": "1530", "type": "Feature", "properties": {"geoid": "48113007301", "alley_mi": 5.239, "alley_density": 7.174, "area_sqmi": 0.73}, "geometry": {"type": "Polygon", "coordinates": [[[-96.822629, 32.86425499999999], [-96.822183, 32.86656200000003], [-96.820904, 32.865806], [-96.819816, 32.86556800000001], [-96.804172, 32.865495000000024], [-96.804258, 32.85981699999999], [-96.806387, 32.859842000000015], [-96.806372, 32.86039400000001], [-96.808584, 32.86042200000001], [-96.808618, 32.85791199999998], [-96.812324, 32.857922000000016], [-96.813168, 32.85117399999999], [-96.821311, 32.85117399999999], [-96.821163, 32.86105499999999], [-96.821491, 32.861966], [-96.822488, 32.86330100000001], [-96.822629, 32.86425499999999]]]}}, {"id": "1531", "type": "Feature", "properties": {"geoid": "48113007302", "alley_mi": 3.985, "alley_density": 2.803, "area_sqmi": 1.422}, "geometry": {"type": "Polygon", "coordinates": [[[-96.855004, 32.861026], [-96.853011, 32.861561999999985], [-96.853014, 32.861711000000014], [-96.845605, 32.863681], [-96.844427, 32.86386099999999], [-96.837445, 32.86404899999999], [-96.832115, 32.86345599999999], [-96.83083100000002, 32.86344], [-96.829559, 32.863779], [-96.828716, 32.864203], [-96.825899, 32.86649799999999], [-96.824305, 32.86688900000001], [-96.822619, 32.86670899999999], [-96.822183, 32.86656200000003], [-96.822629, 32.86425499999999], [-96.822577, 32.863591], [-96.822225, 32.862811], [-96.821428, 32.86185700000001], [-96.821163, 32.86105499999999], [-96.821311, 32.85117399999999], [-96.838577, 32.85116000000002], [-96.840495, 32.851061000000016], [-96.841151, 32.850735], [-96.850207, 32.85855000000001], [-96.85157, 32.859299], [-96.853654, 32.85980300000001], [-96.85448, 32.86033299999998], [-96.855004, 32.861026]]]}}, {"id": "1532", "type": "Feature", "properties": {"geoid": "48113003700", "alley_mi": 0.173, "alley_density": 0.272, "area_sqmi": 0.634}, "geometry": {"type": "Polygon", "coordinates": [[[-96.771248, 32.761296], [-96.761644, 32.76948899999998], [-96.763143, 32.770822999999986], [-96.762075, 32.77183500000001], [-96.75771, 32.768523], [-96.756774, 32.767993999999995], [-96.754559, 32.767013], [-96.752677, 32.76658100000003], [-96.750931, 32.766478], [-96.75016100000002, 32.76582400000001], [-96.752811, 32.76358400000001], [-96.753664, 32.762527000000006], [-96.757038, 32.75947599999999], [-96.758237, 32.76049299999999], [-96.761983, 32.75729500000003], [-96.762321, 32.757576], [-96.76506100000002, 32.75533299999999], [-96.765514, 32.75493100000002], [-96.764591, 32.75368600000001], [-96.764819, 32.753427], [-96.771248, 32.761296]]]}}, {"id": "1533", "type": "Feature", "properties": {"geoid": "48113007810", "alley_mi": 7.44, "alley_density": 8.383, "area_sqmi": 0.887}, "geometry": {"type": "Polygon", "coordinates": [[[-96.74952, 32.902693], [-96.749138, 32.903359], [-96.745937, 32.911913], [-96.743392, 32.91691800000002], [-96.732106, 32.909232], [-96.72685, 32.90603300000001], [-96.726868, 32.90536899999998], [-96.727261, 32.90495499999999], [-96.727677, 32.904801000000006], [-96.727654, 32.90444900000001], [-96.728265, 32.903713], [-96.72810800000002, 32.90319800000002], [-96.728291, 32.902681000000015], [-96.72731, 32.902244999999986], [-96.72735, 32.90204300000001], [-96.727974, 32.90167599999999], [-96.727747, 32.901134], [-96.728738, 32.90129400000001], [-96.731317, 32.901324], [-96.732451, 32.90174500000001], [-96.735112, 32.901783999999985], [-96.735781, 32.901624999999974], [-96.736687, 32.900683], [-96.73734300000001, 32.90046100000001], [-96.74558, 32.90048399999999], [-96.746896, 32.900864000000006], [-96.748986, 32.90254900000001], [-96.74952, 32.902693]]]}}, {"id": "1534", "type": "Feature", "properties": {"geoid": "48113007903", "alley_mi": 6.57, "alley_density": 13.881, "area_sqmi": 0.473}, "geometry": {"type": "Polygon", "coordinates": [[[-96.761399, 32.846536000000015], [-96.760988, 32.84972299999999], [-96.760503, 32.851246], [-96.759518, 32.85331600000002], [-96.758713, 32.854576000000016], [-96.75742, 32.856157], [-96.753803, 32.85962599999999], [-96.751555, 32.857914000000015], [-96.749607, 32.85690399999999], [-96.752521, 32.85447599999999], [-96.752846, 32.85392900000001], [-96.752947, 32.84366500000001], [-96.76136, 32.84178700000001], [-96.761399, 32.846536000000015]]]}}, {"id": "1535", "type": "Feature", "properties": {"geoid": "48113007906", "alley_mi": 5.206, "alley_density": 10.816, "area_sqmi": 0.481}, "geometry": {"type": "Polygon", "coordinates": [[[-96.782991, 32.85991199999999], [-96.783065, 32.865583000000015], [-96.770373, 32.865603], [-96.77047, 32.855895000000004], [-96.77097, 32.852960999999986], [-96.77157100000001, 32.85099700000001], [-96.777006, 32.85109], [-96.776999, 32.85165500000002], [-96.77343, 32.85160700000001], [-96.773104, 32.85551400000001], [-96.776974, 32.85549], [-96.77669, 32.856373999999995], [-96.776693, 32.857577000000006], [-96.780267, 32.85760800000001], [-96.780298, 32.85989600000003], [-96.782991, 32.85991199999999]]]}}, {"id": "1545", "type": "Feature", "properties": {"geoid": "48113008705", "alley_mi": 1.646, "alley_density": 2.105, "area_sqmi": 0.782}, "geometry": {"type": "Polygon", "coordinates": [[[-96.789961, 32.686289999999985], [-96.78794300000001, 32.68694399999999], [-96.772039, 32.69466399999998], [-96.771515, 32.69366800000001], [-96.771533, 32.691055], [-96.77133, 32.69026100000001], [-96.767587, 32.68294400000001], [-96.771657, 32.680787], [-96.77538, 32.68026700000001], [-96.783997, 32.680217999999996], [-96.785238, 32.68032700000001], [-96.785745, 32.680522000000025], [-96.786431, 32.68038300000002], [-96.788722, 32.684418], [-96.789527, 32.685369], [-96.789961, 32.686289999999985]]]}}, {"id": "1546", "type": "Feature", "properties": {"geoid": "48113010701", "alley_mi": 0.153, "alley_density": 0.038, "area_sqmi": 4.0}, "geometry": {"type": "Polygon", "coordinates": [[[-96.927992, 32.764590999999996], [-96.927377, 32.765629000000004], [-96.920675, 32.766286], [-96.896129, 32.76675799999999], [-96.889436, 32.767798], [-96.887145, 32.76795200000001], [-96.87384, 32.76755000000001], [-96.873791, 32.765733], [-96.872699, 32.764613999999995], [-96.872427, 32.76405700000003], [-96.872412, 32.76365000000001], [-96.872629, 32.76024700000002], [-96.872848, 32.75975900000002], [-96.873771, 32.758866999999995], [-96.873958, 32.75832499999998], [-96.874004, 32.753597000000006], [-96.877416, 32.75089400000001], [-96.880386, 32.749983000000014], [-96.880628, 32.74956900000001], [-96.903311, 32.74962600000001], [-96.903387, 32.74796000000002], [-96.903077, 32.74689599999999], [-96.902583, 32.746312999999994], [-96.89865, 32.743150000000014], [-96.89759, 32.74158999999999], [-96.897301, 32.74068500000001], [-96.897223, 32.739637], [-96.897714, 32.737603], [-96.89863600000001, 32.738222], [-96.90382, 32.74306700000001], [-96.90625400000002, 32.744121], [-96.913992, 32.74685699999999], [-96.917376, 32.74778999999999], [-96.921217, 32.74806100000002], [-96.926257, 32.74782399999998], [-96.92612, 32.74907299999998], [-96.926242, 32.75136399999999], [-96.92609, 32.752822999999985], [-96.925634, 32.754354000000006], [-96.925969, 32.755231999999985], [-96.925918, 32.755830999999986], [-96.925225, 32.758748999999995], [-96.924263, 32.76031699999999], [-96.92402000000001, 32.76113], [-96.924621, 32.761742999999974], [-96.92472000000001, 32.76224999999999], [-96.925057, 32.762412999999995], [-96.925913, 32.76215400000003], [-96.926691, 32.762463999999994], [-96.92740400000001, 32.763409999999986], [-96.927992, 32.764590999999996]]]}}, {"id": "1548", "type": "Feature", "properties": {"geoid": "48113004202", "alley_mi": 2.626, "alley_density": 5.335, "area_sqmi": 0.492}, "geometry": {"type": "Polygon", "coordinates": [[[-96.856807, 32.755685], [-96.854674, 32.75624800000001], [-96.851879, 32.757824], [-96.850659, 32.75912999999999], [-96.850439, 32.75961300000001], [-96.850406, 32.760177999999996], [-96.85005, 32.760084], [-96.84907000000001, 32.75926399999999], [-96.847644, 32.759119000000005], [-96.84652, 32.758667999999986], [-96.846699, 32.757143], [-96.846438, 32.7564], [-96.846428, 32.75474199999999], [-96.843538, 32.75287300000001], [-96.842751, 32.753906], [-96.838954, 32.753896000000005], [-96.838942, 32.753209999999996], [-96.837463, 32.753197000000014], [-96.837584, 32.74948800000001], [-96.85669600000001, 32.74961299999999], [-96.856655, 32.75538699999999], [-96.856812, 32.75535999999999], [-96.856807, 32.755685]]]}}, {"id": "1549", "type": "Feature", "properties": {"geoid": "48113004300", "alley_mi": 0.094, "alley_density": 0.053, "area_sqmi": 1.77}, "geometry": {"type": "Polygon", "coordinates": [[[-96.856677, 32.766441999999984], [-96.856519, 32.778714], [-96.847889, 32.778531000000015], [-96.82772, 32.77858299999999], [-96.825742, 32.778821], [-96.822425, 32.779989000000015], [-96.820806, 32.77631799999999], [-96.819293, 32.77397100000002], [-96.817685, 32.770207], [-96.826094, 32.768616999999985], [-96.837043, 32.76728500000002], [-96.838354, 32.76691799999999], [-96.841824, 32.765158], [-96.843634, 32.76446700000001], [-96.845115, 32.764109], [-96.84737, 32.764049], [-96.849052, 32.764293], [-96.856677, 32.766441999999984]]]}}, {"id": "1550", "type": "Feature", "properties": {"geoid": "48113004400", "alley_mi": 3.365, "alley_density": 4.133, "area_sqmi": 0.814}, "geometry": {"type": "Polygon", "coordinates": [[[-96.856807, 32.755685], [-96.856677, 32.766441999999984], [-96.849052, 32.764293], [-96.84737, 32.764049], [-96.84579, 32.764050000000005], [-96.844448, 32.764230000000005], [-96.843149, 32.76461900000002], [-96.838354, 32.76691799999999], [-96.835703, 32.767512], [-96.835573, 32.76505499999999], [-96.835796, 32.763566000000004], [-96.835495, 32.75862699999999], [-96.835461, 32.754073], [-96.837479, 32.754073], [-96.837463, 32.753197000000014], [-96.838942, 32.753209999999996], [-96.838954, 32.753896000000005], [-96.842751, 32.753906], [-96.843538, 32.75287300000001], [-96.846428, 32.75474199999999], [-96.846438, 32.7564], [-96.846699, 32.757143], [-96.84652, 32.758667999999986], [-96.847644, 32.759119000000005], [-96.848911, 32.759201999999995], [-96.84998, 32.760053000000006], [-96.850406, 32.760177999999996], [-96.850439, 32.75961300000001], [-96.850659, 32.75912999999999], [-96.851879, 32.757824], [-96.854674, 32.75624800000001], [-96.85664, 32.75567900000002], [-96.856807, 32.755685]]]}}, {"id": "1551", "type": "Feature", "properties": {"geoid": "48113004500", "alley_mi": 6.552, "alley_density": 8.522, "area_sqmi": 0.769}, "geometry": {"type": "Polygon", "coordinates": [[[-96.874225, 32.734474000000006], [-96.87402800000001, 32.749552], [-96.851443, 32.74955500000001], [-96.851451, 32.746603], [-96.85691700000001, 32.74780200000002], [-96.856879, 32.741259], [-96.869688, 32.74124099999998], [-96.869708, 32.741076], [-96.869197, 32.740678999999986], [-96.86889, 32.73996300000001], [-96.86884, 32.734386000000015], [-96.874052, 32.73434], [-96.874225, 32.734474000000006]]]}}]}