{
"type": "FeatureCollection",
"name": "parking_dallas",
"crs": { "type": "name", "properties": { "name": "urn:ogc:def:crs:OGC:1.3:CRS84" } },
"xy_coordinate_resolution": 1e-05,
"features": [
{ "type": "Feature", "properties": { "area_acres": 8.25 }, "geometry": { "type": "Polygon", "coordinates": [ [ [ -96.85595, 32.90904 ], [ -96.85536, 32.90903 ], [ -96.85536, 32.9094 ], [ -96.85166, 32.9094 ], [ -96.85167, 32.90804 ], [ -96.85184, 32.90804 ], [ -96.85183, 32.90852 ], [ -96.85342, 32.90854 ], [ -96.85342, 32.9086 ], [ -96.85401, 32.90861 ], [ -96.85401, 32.90854 ], [ -96.85572, 32.90856 ], [ -96.85573, 32.90807 ], [ -96.85597, 32.90807 ], [ -96.85595, 32.90904 ] ], [ [ -96.85553, 32.909 ], [ -96.85571, 32.909 ], [ -96.85571, 32.90869 ], [ -96.85553, 32.90869 ], [ -96.85553, 32.909 ] ], [ [ -96.85188, 32.90918 ], [ -96.85216, 32.90918 ], [ -96.85216, 32.90889 ], [ -96.85223, 32.90889 ], [ -96.85217, 32.90877 ], [ -96.85191, 32.90876 ], [ -96.85188, 32.90918 ] ], [ [ -96.85432, 32.90936 ], [ -96.8546, 32.90936 ], [ -96.8546, 32.90883 ], [ -96.85432, 32.90883 ], [ -96.85432, 32.90936 ] ], [ [ -96.85237, 32.90935 ], [ -96.85261, 32.90935 ], [ -96.85261, 32.90895 ], [ -96.85237, 32.90895 ], [ -96.85237, 32.90935 ] ] ] } },
{ "type": "Feature", "properties": { "area_acres": 0.75 }, "geometry": { "type": "Polygon", "coordinates": [ [ [ -96.76807, 32.90959 ], [ -96.76806, 32.90964 ], [ -96.76813, 32.90965 ], [ -96.76811, 32.90978 ], [ -96.76791, 32.90975 ], [ -96.76789, 32.91004 ], [ -96.76722, 32.90997 ], [ -96.76723, 32.90984 ], [ -96.76716, 32.90984 ], [ -96.76716, 32.90954 ], [ -96.76722, 32.90954 ], [ -96.76724, 32.90949 ], [ -96.76807, 32.90959 ] ], [ [ -96.76744, 32.90985 ], [ -96.76761, 32.90986 ], [ -96.76759, 32.90991 ], [ -96.76767, 32.90991 ], [ -96.76766, 32.90986 ], [ -96.76784, 32.90988 ], [ -96.76785, 32.90974 ], [ -96.76746, 32.90972 ], [ -96.76741, 32.90962 ], [ -96.76733, 32.90968 ], [ -96.76732, 32.90976 ], [ -96.76744, 32.90985 ] ] ] } },
{ "type": "Feature", "properties": { "area_acres": 3.68 }, "geometry": { "type": "Polygon", "coordinates": [ [ [ -96.76613, 32.91434 ], [ -96.7662, 32.91436 ], [ -96.76622, 32.91431 ], [ -96.76696, 32.9145 ], [ -96.76698, 32.91444 ], [ -96.76712, 32.91447 ], [ -96.76706, 32.91495 ], [ -96.76684, 32.91555 ], [ -96.76674, 32.91582 ], [ -96.76669, 32.9158 ], [ -96.76667, 32.91586 ], [ -96.76575, 32.91562 ], [ -96.76572, 32.91555 ], [ -96.76613, 32.91434 ] ], [ [ -96.76684, 32.91553 ], [ -96.7668, 32.91554 ], [ -96.76684, 32.91555 ], [ -96.76684, 32.91553 ] ], [ [ -96.76631, 32.91449 ], [ -96.76629, 32.91454 ], [ -96.76634, 32.91455 ], [ -96.76636, 32.91448 ], [ -96.76625, 32.91446 ], [ -96.76631, 32.91449 ] ], [ [ -96.76689, 32.91466 ], [ -96.76691, 32.91468 ], [ -96.76692, 32.91464 ], [ -96.7669, 32.91461 ], [ -96.76689, 32.91466 ] ], [ [ -96.76628, 32.91472 ], [ -96.76617, 32.9147 ], [ -96.76617, 32.91471 ], [ -96.76628, 32.91472 ] ], [ [ -96.76699, 32.91497 ], [ -96.76704, 32.91498 ], [ -96.76705, 32.91495 ], [ -96.76699, 32.91497 ] ], [ [ -96.76632, 32.91504 ], [ -96.76627, 32.91502 ], [ -96.76627, 32.91504 ], [ -96.76632, 32.91504 ] ], [ [ -96.76693, 32.91527 ], [ -96.76694, 32.91525 ], [ -96.7669, 32.91524 ], [ -96.76693, 32.91527 ] ], [ [ -96.76679, 32.91529 ], [ -96.76678, 32.91528 ], [ -96.76673, 32.91537 ], [ -96.76679, 32.91529 ] ], [ [ -96.7667, 32.91554 ], [ -96.76672, 32.91545 ], [ -96.7667, 32.91545 ], [ -96.7667, 32.91554 ] ], [ [ -96.76667, 32.91562 ], [ -96.76666, 32.91561 ], [ -96.76661, 32.91571 ], [ -96.76667, 32.91562 ] ], [ [ -96.76607, 32.91469 ], [ -96.76609, 32.91468 ], [ -96.76605, 32.91466 ], [ -96.76607, 32.91469 ] ], [ [ -96.76589, 32.91508 ], [ -96.76593, 32.91509 ], [ -96.76594, 32.91507 ], [ -96.76589, 32.91508 ] ], [ [ -96.76614, 32.91513 ], [ -96.76614, 32.91512 ], [ -96.76604, 32.91509 ], [ -96.76614, 32.91513 ] ], [ [ -96.76625, 32.91515 ], [ -96.76624, 32.91514 ], [ -96.7662, 32.91523 ], [ -96.76625, 32.91515 ] ], [ [ -96.76585, 32.91532 ], [ -96.76586, 32.91531 ], [ -96.76582, 32.91529 ], [ -96.76585, 32.91532 ] ], [ [ -96.76619, 32.91532 ], [ -96.76618, 32.91531 ], [ -96.76614, 32.9154 ], [ -96.76619, 32.91532 ] ], [ [ -96.7661, 32.91557 ], [ -96.76612, 32.91548 ], [ -96.7661, 32.91548 ], [ -96.7661, 32.91557 ] ], [ [ -96.76598, 32.91555 ], [ -96.76599, 32.91554 ], [ -96.76589, 32.91551 ], [ -96.76598, 32.91555 ] ] ] } },
{ "type": "Feature", "properties": { "area_acres": 0.27 }, "geometry": { "type": "Polygon", "coordinates": [ [ [ -96.76702, 32.91148 ], [ -96.7664, 32.91152 ], [ -96.76639, 32.91134 ], [ -96.76665, 32.91131 ], [ -96.76704, 32.9113 ], [ -96.76702, 32.91148 ] ], [ [ -96.76657, 32.91132 ], [ -96.76658, 32.91137 ], [ -96.76665, 32.91136 ], [ -96.76664, 32.91132 ], [ -96.76657, 32.91132 ] ], [ [ -96.76685, 32.91146 ], [ -96.7669, 32.91146 ], [ -96.76689, 32.91142 ], [ -96.76685, 32.91142 ], [ -96.76685, 32.91146 ] ], [ [ -96.76666, 32.91144 ], [ -96.76663, 32.91148 ], [ -96.76666, 32.91148 ], [ -96.76666, 32.91144 ] ], [ [ -96.76641, 32.91151 ], [ -96.76648, 32.9115 ], [ -96.76647, 32.91145 ], [ -96.76642, 32.91146 ], [ -96.76641, 32.91151 ] ] ] } },
{ "type": "Feature", "properties": { "area_acres": 0.23 }, "geometry": { "type": "Polygon", "coordinates": [ [ [ -96.75395, 32.904 ], [ -96.75398, 32.90351 ], [ -96.75407, 32.90351 ], [ -96.75407, 32.90359 ], [ -96.75416, 32.90359 ], [ -96.75415, 32.90401 ], [ -96.75395, 32.904 ] ] ] } },
{ "type": "Feature", "properties": { "area_acres": 1.53 }, "geometry": { "type": "Polygon", "coordinates": [ [ [ -96.7685, 32.917 ], [ -96.7675, 32.91696 ], [ -96.7675, 32.9169 ], [ -96.76775, 32.91621 ], [ -96.7678, 32.91617 ], [ -96.76794, 32.91621 ], [ -96.76795, 32.91597 ], [ -96.76808, 32.91597 ], [ -96.76807, 32.91566 ], [ -96.76827, 32.91566 ], [ -96.76826, 32.91634 ], [ -96.76846, 32.91634 ], [ -96.76845, 32.91639 ], [ -96.76851, 32.91639 ], [ -96.7685, 32.917 ] ], [ [ -96.7678, 32.91686 ], [ -96.7678, 32.91683 ], [ -96.76837, 32.91687 ], [ -96.76842, 32.91684 ], [ -96.76842, 32.91664 ], [ -96.76805, 32.91667 ], [ -96.7681, 32.91633 ], [ -96.76806, 32.91628 ], [ -96.76783, 32.91632 ], [ -96.76786, 32.91667 ], [ -96.76781, 32.91663 ], [ -96.7677, 32.91666 ], [ -96.7677, 32.91681 ], [ -96.7678, 32.91686 ] ] ] } },
{ "type": "Feature", "properties": { "area_acres": 3.22 }, "geometry": { "type": "Polygon", "coordinates": [ [ [ -96.73049, 32.81378 ], [ -96.73011, 32.8121 ], [ -96.72983, 32.81187 ], [ -96.73011, 32.81164 ], [ -96.73121, 32.81248 ], [ -96.73093, 32.81276 ], [ -96.73133, 32.81308 ], [ -96.73049, 32.81378 ] ], [ [ -96.73022, 32.812 ], [ -96.73035, 32.81187 ], [ -96.73013, 32.81177 ], [ -96.73003, 32.81186 ], [ -96.73022, 32.812 ] ], [ [ -96.73059, 32.81241 ], [ -96.73076, 32.81226 ], [ -96.73051, 32.81207 ], [ -96.73035, 32.81223 ], [ -96.73059, 32.81241 ] ] ] } },
{ "type": "Feature", "properties": { "area_acres": 3.66 }, "geometry": { "type": "Polygon", "coordinates": [ [ [ -96.76854, 32.89489 ], [ -96.76853, 32.89501 ], [ -96.76743, 32.89501 ], [ -96.76746, 32.89385 ], [ -96.76751, 32.89385 ], [ -96.76752, 32.89361 ], [ -96.76758, 32.8936 ], [ -96.76758, 32.89355 ], [ -96.76833, 32.89356 ], [ -96.76831, 32.89347 ], [ -96.76848, 32.89342 ], [ -96.7686, 32.89371 ], [ -96.7686, 32.89489 ], [ -96.76854, 32.89489 ] ], [ [ -96.76811, 32.89478 ], [ -96.76811, 32.89455 ], [ -96.76822, 32.89455 ], [ -96.76822, 32.89446 ], [ -96.76808, 32.89446 ], [ -96.76808, 32.89432 ], [ -96.76797, 32.89432 ], [ -96.76797, 32.89425 ], [ -96.76766, 32.89425 ], [ -96.76766, 32.89478 ], [ -96.76811, 32.89478 ] ] ] } },
{ "type": "Feature", "properties": { "area_acres": 2.89 }, "geometry": { "type": "Polygon", "coordinates": [ [ [ -96.76858, 32.8934 ], [ -96.76792, 32.89355 ], [ -96.76743, 32.89355 ], [ -96.76743, 32.89342 ], [ -96.76713, 32.89341 ], [ -96.76717, 32.89217 ], [ -96.7678, 32.89217 ], [ -96.7678, 32.89259 ], [ -96.76818, 32.8926 ], [ -96.76818, 32.89284 ], [ -96.76849, 32.89284 ], [ -96.7685, 32.8929 ], [ -96.76858, 32.8929 ], [ -96.76858, 32.8934 ] ], [ [ -96.76793, 32.89313 ], [ -96.76793, 32.89322 ], [ -96.76809, 32.89323 ], [ -96.7681, 32.89283 ], [ -96.76749, 32.89282 ], [ -96.7675, 32.89259 ], [ -96.76726, 32.89256 ], [ -96.76724, 32.89312 ], [ -96.76793, 32.89313 ] ] ] } },
{ "type": "Feature", "properties": { "area_acres": 4.32 }, "geometry": { "type": "Polygon", "coordinates": [ [ [ -96.76838, 32.8827 ], [ -96.76943, 32.8827 ], [ -96.76943, 32.88241 ], [ -96.76857, 32.88241 ], [ -96.76841, 32.88228 ], [ -96.76944, 32.88142 ], [ -96.76917, 32.88119 ], [ -96.76921, 32.88115 ], [ -96.76897, 32.88095 ], [ -96.76905, 32.88087 ], [ -96.76961, 32.88132 ], [ -96.76963, 32.88288 ], [ -96.767, 32.88287 ], [ -96.76672, 32.88259 ], [ -96.76681, 32.88252 ], [ -96.7667, 32.88241 ], [ -96.76677, 32.88235 ], [ -96.76718, 32.88269 ], [ -96.76764, 32.88233 ], [ -96.76799, 32.88262 ], [ -96.76815, 32.8825 ], [ -96.76838, 32.8827 ] ] ] } },
{ "type": "Feature", "properties": { "area_acres": 0.66 }, "geometry": { "type": "Polygon", "coordinates": [ [ [ -96.76902, 32.88079 ], [ -96.76856, 32.88039 ], [ -96.76855, 32.8803 ], [ -96.76943, 32.88025 ], [ -96.76943, 32.88074 ], [ -96.76902, 32.88079 ] ], [ [ -96.76876, 32.88041 ], [ -96.76889, 32.88061 ], [ -96.76926, 32.88058 ], [ -96.76923, 32.88037 ], [ -96.76876, 32.88041 ] ] ] } },
{ "type": "Feature", "properties": { "area_acres": 9.89 }, "geometry": { "type": "Polygon", "coordinates": [ [ [ -96.75993, 32.99857 ], [ -96.75981, 32.99857 ], [ -96.75988, 32.99883 ], [ -96.75761, 32.99935 ], [ -96.75758, 32.99924 ], [ -96.7572, 32.99932 ], [ -96.75723, 32.99942 ], [ -96.75671, 32.99953 ], [ -96.75668, 32.99941 ], [ -96.75655, 32.99941 ], [ -96.75658, 32.9978 ], [ -96.7569, 32.9978 ], [ -96.7569, 32.99769 ], [ -96.75852, 32.99772 ], [ -96.75852, 32.99782 ], [ -96.75886, 32.99783 ], [ -96.75886, 32.99772 ], [ -96.7598, 32.99774 ], [ -96.7598, 32.99784 ], [ -96.75995, 32.99784 ], [ -96.75993, 32.99857 ] ], [ [ -96.7584, 32.99858 ], [ -96.75864, 32.99859 ], [ -96.75865, 32.99816 ], [ -96.75836, 32.99815 ], [ -96.75836, 32.9979 ], [ -96.75735, 32.99788 ], [ -96.75733, 32.99858 ], [ -96.75739, 32.99858 ], [ -96.75739, 32.99872 ], [ -96.7584, 32.99873 ], [ -96.7584, 32.99858 ] ] ] } },
{ "type": "Feature", "properties": { "area_acres": 1.03 }, "geometry": { "type": "Polygon", "coordinates": [ [ [ -96.80341, 32.80294 ], [ -96.80392, 32.80211 ], [ -96.80447, 32.80256 ], [ -96.80443, 32.8026 ], [ -96.80449, 32.80265 ], [ -96.80399, 32.80311 ], [ -96.80394, 32.80309 ], [ -96.80388, 32.80316 ], [ -96.80341, 32.80294 ] ], [ [ -96.80395, 32.80259 ], [ -96.80367, 32.80285 ], [ -96.8039, 32.80303 ], [ -96.80436, 32.8026 ], [ -96.804, 32.8024 ], [ -96.80387, 32.80253 ], [ -96.80395, 32.80259 ] ] ] } },
{ "type": "Feature", "properties": { "area_acres": 0.22 }, "geometry": { "type": "MultiPolygon", "coordinates": [ [ [ [ -96.83578, 32.81138 ], [ -96.83592, 32.81164 ], [ -96.83574, 32.81166 ], [ -96.83569, 32.81146 ], [ -96.83578, 32.81138 ] ] ], [ [ [ -96.83607, 32.81169 ], [ -96.83593, 32.81161 ], [ -96.83587, 32.81139 ], [ -96.83604, 32.81142 ], [ -96.83611, 32.81164 ], [ -96.83607, 32.81169 ] ] ] ] } },
{ "type": "Feature", "properties": { "area_acres": 0.51 }, "geometry": { "type": "Polygon", "coordinates": [ [ [ -96.78768, 32.78812 ], [ -96.78726, 32.78769 ], [ -96.78751, 32.78749 ], [ -96.78796, 32.78788 ], [ -96.78792, 32.78798 ], [ -96.78776, 32.78812 ], [ -96.78772, 32.78809 ], [ -96.78768, 32.78812 ] ], [ [ -96.78778, 32.78797 ], [ -96.78784, 32.78792 ], [ -96.78778, 32.78794 ], [ -96.78743, 32.78764 ], [ -96.78778, 32.78797 ] ] ] } },
{ "type": "Feature", "properties": { "area_acres": 1.09 }, "geometry": { "type": "Polygon", "coordinates": [ [ [ -96.81868, 32.95525 ], [ -96.81869, 32.95498 ], [ -96.81862, 32.95498 ], [ -96.81863, 32.95464 ], [ -96.81868, 32.95464 ], [ -96.81863, 32.95435 ], [ -96.8187, 32.95435 ], [ -96.8187, 32.95429 ], [ -96.81911, 32.9543 ], [ -96.81911, 32.95434 ], [ -96.81928, 32.95431 ], [ -96.81931, 32.95515 ], [ -96.81921, 32.95525 ], [ -96.81868, 32.95525 ] ], [ [ -96.81884, 32.95459 ], [ -96.81877, 32.95464 ], [ -96.81877, 32.95505 ], [ -96.81913, 32.95513 ], [ -96.81913, 32.95508 ], [ -96.81918, 32.95508 ], [ -96.81918, 32.95464 ], [ -96.81884, 32.95464 ], [ -96.81884, 32.95459 ] ] ] } },
{ "type": "Feature", "properties": { "area_acres": 2.16 }, "geometry": { "type": "Polygon", "coordinates": [ [ [ -96.77134, 32.97812 ], [ -96.76889, 32.97811 ], [ -96.76893, 32.97807 ], [ -96.76893, 32.97769 ], [ -96.7703, 32.97769 ], [ -96.77094, 32.97794 ], [ -96.77134, 32.97794 ], [ -96.77134, 32.97812 ] ], [ [ -96.7704, 32.97778 ], [ -96.77041, 32.97794 ], [ -96.77084, 32.97795 ], [ -96.7704, 32.97778 ] ] ] } },
{ "type": "Feature", "properties": { "area_acres": 9.36 }, "geometry": { "type": "MultiPolygon", "coordinates": [ [ [ [ -96.94031, 32.70644 ], [ -96.94009, 32.70643 ], [ -96.9401, 32.70648 ], [ -96.9403, 32.70648 ], [ -96.9403, 32.70667 ], [ -96.94016, 32.70666 ], [ -96.94016, 32.70671 ], [ -96.9401, 32.70671 ], [ -96.9401, 32.70684 ], [ -96.93964, 32.70682 ], [ -96.93963, 32.70671 ], [ -96.93969, 32.70672 ], [ -96.9397, 32.70643 ], [ -96.93964, 32.70641 ], [ -96.93941, 32.70588 ], [ -96.93941, 32.70578 ], [ -96.94037, 32.70582 ], [ -96.94031, 32.70644 ] ] ], [ [ [ -96.93838, 32.7078 ], [ -96.93844, 32.70773 ], [ -96.9384, 32.7077 ], [ -96.93842, 32.70766 ], [ -96.93828, 32.70758 ], [ -96.93834, 32.7075 ], [ -96.93814, 32.70737 ], [ -96.93835, 32.7071 ], [ -96.9383, 32.70713 ], [ -96.93813, 32.70703 ], [ -96.93816, 32.70699 ], [ -96.93806, 32.70693 ], [ -96.93803, 32.70669 ], [ -96.93797, 32.70671 ], [ -96.93749, 32.70584 ], [ -96.93755, 32.7057 ], [ -96.93799, 32.70571 ], [ -96.93799, 32.70587 ], [ -96.93764, 32.70584 ], [ -96.93768, 32.7059 ], [ -96.93773, 32.70588 ], [ -96.93798, 32.70647 ], [ -96.93799, 32.70628 ], [ -96.93793, 32.70628 ], [ -96.93795, 32.70589 ], [ -96.9381, 32.70595 ], [ -96.93821, 32.70582 ], [ -96.93875, 32.70585 ], [ -96.93918, 32.706 ], [ -96.93942, 32.70664 ], [ -96.93851, 32.70787 ], [ -96.93838, 32.7078 ] ] ], [ [ [ -96.93857, 32.70832 ], [ -96.9388, 32.70843 ], [ -96.93888, 32.7083 ], [ -96.93995, 32.70887 ], [ -96.93985, 32.70901 ], [ -96.94013, 32.70914 ], [ -96.93988, 32.70937 ], [ -96.93966, 32.70929 ], [ -96.93837, 32.7086 ], [ -96.93857, 32.70832 ] ] ] ] } },
{ "type": "Feature", "properties": { "area_acres": 2.36 }, "geometry": { "type": "Polygon", "coordinates": [ [ [ -96.80255, 32.92951 ], [ -96.80254, 32.92839 ], [ -96.80231, 32.92839 ], [ -96.80231, 32.92822 ], [ -96.80278, 32.92821 ], [ -96.80279, 32.92864 ], [ -96.80338, 32.92864 ], [ -96.80339, 32.92986 ], [ -96.80228, 32.92985 ], [ -96.80227, 32.92973 ], [ -96.80325, 32.92974 ], [ -96.80324, 32.92945 ], [ -96.80255, 32.92951 ] ], [ [ -96.80323, 32.92876 ], [ -96.8027, 32.92876 ], [ -96.8027, 32.92898 ], [ -96.80323, 32.92898 ], [ -96.80323, 32.92876 ] ] ] } },
{ "type": "Feature", "properties": { "area_acres": 4.05 }, "geometry": { "type": "Polygon", "coordinates": [ [ [ -96.80337, 32.92731 ], [ -96.80122, 32.9273 ], [ -96.8012, 32.92624 ], [ -96.80188, 32.92626 ], [ -96.80188, 32.92588 ], [ -96.8029, 32.92607 ], [ -96.8029, 32.92647 ], [ -96.80321, 32.92647 ], [ -96.80337, 32.92657 ], [ -96.80337, 32.92731 ] ], [ [ -96.80212, 32.92651 ], [ -96.80274, 32.92651 ], [ -96.80274, 32.92606 ], [ -96.80212, 32.92606 ], [ -96.80212, 32.92651 ] ], [ [ -96.80145, 32.92689 ], [ -96.80145, 32.92717 ], [ -96.80187, 32.92717 ], [ -96.80187, 32.92711 ], [ -96.80209, 32.92711 ], [ -96.80209, 32.92684 ], [ -96.80188, 32.92684 ], [ -96.80188, 32.92633 ], [ -96.8015, 32.92634 ], [ -96.8015, 32.92689 ], [ -96.80145, 32.92689 ] ], [ [ -96.80266, 32.9272 ], [ -96.80322, 32.9272 ], [ -96.80322, 32.92683 ], [ -96.80266, 32.92683 ], [ -96.80266, 32.9272 ] ] ] } },
{ "type": "Feature", "properties": { "area_acres": 3.54 }, "geometry": { "type": "Polygon", "coordinates": [ [ [ -96.80661, 32.91085 ], [ -96.8066, 32.91174 ], [ -96.80401, 32.91173 ], [ -96.80419, 32.91085 ], [ -96.80661, 32.91085 ] ], [ [ -96.80651, 32.9113 ], [ -96.80413, 32.9113 ], [ -96.80408, 32.91164 ], [ -96.80651, 32.91166 ], [ -96.80651, 32.9113 ] ] ] } },
{ "type": "Feature", "properties": { "area_acres": 8.56 }, "geometry": { "type": "Polygon", "coordinates": [ [ [ -96.80324, 32.95377 ], [ -96.80239, 32.95347 ], [ -96.80194, 32.95315 ], [ -96.80132, 32.95246 ], [ -96.80137, 32.95244 ], [ -96.80119, 32.95222 ], [ -96.80114, 32.95225 ], [ -96.80016, 32.95109 ], [ -96.80031, 32.95106 ], [ -96.80049, 32.95128 ], [ -96.80162, 32.95128 ], [ -96.80162, 32.95106 ], [ -96.80182, 32.95106 ], [ -96.80182, 32.95128 ], [ -96.80326, 32.95128 ], [ -96.80326, 32.95105 ], [ -96.80338, 32.95105 ], [ -96.80349, 32.95228 ], [ -96.80369, 32.95324 ], [ -96.80344, 32.95324 ], [ -96.80344, 32.95297 ], [ -96.8026, 32.95296 ], [ -96.8026, 32.9534 ], [ -96.80254, 32.9534 ], [ -96.80277, 32.95352 ], [ -96.80323, 32.95366 ], [ -96.80324, 32.95377 ] ], [ [ -96.80084, 32.95146 ], [ -96.80091, 32.9516 ], [ -96.80106, 32.9516 ], [ -96.80106, 32.95146 ], [ -96.80084, 32.95146 ] ], [ [ -96.8025, 32.95268 ], [ -96.80337, 32.95269 ], [ -96.80332, 32.95242 ], [ -96.80271, 32.95241 ], [ -96.80271, 32.95232 ], [ -96.80265, 32.95233 ], [ -96.80266, 32.95139 ], [ -96.80256, 32.95139 ], [ -96.80256, 32.95144 ], [ -96.80181, 32.95144 ], [ -96.80177, 32.95213 ], [ -96.80181, 32.95213 ], [ -96.80181, 32.95223 ], [ -96.80175, 32.95224 ], [ -96.80187, 32.95243 ], [ -96.80203, 32.95243 ], [ -96.80203, 32.9528 ], [ -96.80208, 32.95286 ], [ -96.80234, 32.95286 ], [ -96.80234, 32.95282 ], [ -96.8025, 32.95282 ], [ -96.8025, 32.95268 ] ] ] } },
{ "type": "Feature", "properties": { "area_acres": 0.36 }, "geometry": { "type": "Polygon", "coordinates": [ [ [ -96.79956, 32.95045 ], [ -96.7995, 32.95035 ], [ -96.7995, 32.95001 ], [ -96.79992, 32.95001 ], [ -96.79991, 32.95045 ], [ -96.79956, 32.95045 ] ], [ [ -96.79976, 32.95039 ], [ -96.79976, 32.95014 ], [ -96.7996, 32.95014 ], [ -96.7996, 32.95039 ], [ -96.79976, 32.95039 ] ] ] } },
{ "type": "Feature", "properties": { "area_acres": 6.68 }, "geometry": { "type": "Polygon", "coordinates": [ [ [ -96.80625, 32.9538 ], [ -96.80457, 32.9538 ], [ -96.80451, 32.95376 ], [ -96.80441, 32.9538 ], [ -96.80418, 32.95364 ], [ -96.80385, 32.95242 ], [ -96.80423, 32.95241 ], [ -96.80424, 32.95225 ], [ -96.80383, 32.95225 ], [ -96.80378, 32.95151 ], [ -96.80393, 32.95151 ], [ -96.80395, 32.95181 ], [ -96.80402, 32.95181 ], [ -96.80402, 32.95207 ], [ -96.80524, 32.95206 ], [ -96.80542, 32.9527 ], [ -96.80548, 32.95269 ], [ -96.80559, 32.95299 ], [ -96.80559, 32.95322 ], [ -96.80588, 32.95322 ], [ -96.80588, 32.95318 ], [ -96.80615, 32.95316 ], [ -96.80616, 32.95307 ], [ -96.80632, 32.95306 ], [ -96.80632, 32.95369 ], [ -96.80625, 32.9538 ] ], [ [ -96.80461, 32.95369 ], [ -96.80486, 32.95369 ], [ -96.80486, 32.9535 ], [ -96.8048, 32.9535 ], [ -96.80476, 32.95275 ], [ -96.8044, 32.95274 ], [ -96.80438, 32.95305 ], [ -96.80451, 32.95363 ], [ -96.80461, 32.95369 ] ], [ [ -96.80577, 32.95335 ], [ -96.80578, 32.95365 ], [ -96.80619, 32.95364 ], [ -96.80619, 32.95335 ], [ -96.80577, 32.95335 ] ] ] } },
{ "type": "Feature", "properties": { "area_acres": 0.54 }, "geometry": { "type": "Polygon", "coordinates": [ [ [ -96.80372, 32.95091 ], [ -96.80447, 32.9509 ], [ -96.80447, 32.9513 ], [ -96.80373, 32.95131 ], [ -96.80372, 32.95091 ] ], [ [ -96.80438, 32.9512 ], [ -96.80438, 32.951 ], [ -96.80393, 32.951 ], [ -96.80393, 32.9512 ], [ -96.80438, 32.9512 ] ] ] } },
{ "type": "Feature", "properties": { "area_acres": 0.98 }, "geometry": { "type": "Polygon", "coordinates": [ [ [ -96.80375, 32.94997 ], [ -96.80408, 32.94997 ], [ -96.80425, 32.95009 ], [ -96.80449, 32.9501 ], [ -96.8045, 32.95082 ], [ -96.80374, 32.95082 ], [ -96.80375, 32.94997 ] ], [ [ -96.80393, 32.95034 ], [ -96.80421, 32.95034 ], [ -96.80421, 32.95007 ], [ -96.80392, 32.95003 ], [ -96.80393, 32.95034 ] ], [ [ -96.80443, 32.95081 ], [ -96.80443, 32.9504 ], [ -96.80412, 32.95041 ], [ -96.80413, 32.95081 ], [ -96.80443, 32.95081 ] ] ] } },
{ "type": "Feature", "properties": { "area_acres": 1.44 }, "geometry": { "type": "Polygon", "coordinates": [ [ [ -96.77611, 32.77061 ], [ -96.77677, 32.77022 ], [ -96.77754, 32.77111 ], [ -96.77687, 32.77151 ], [ -96.77611, 32.77061 ] ], [ [ -96.77685, 32.77136 ], [ -96.77717, 32.77118 ], [ -96.77676, 32.77069 ], [ -96.77688, 32.77062 ], [ -96.77669, 32.77039 ], [ -96.7763, 32.77063 ], [ -96.77647, 32.77083 ], [ -96.77642, 32.77086 ], [ -96.77649, 32.77094 ], [ -96.77654, 32.7709 ], [ -96.7769, 32.77133 ], [ -96.77685, 32.77136 ] ] ] } },
{ "type": "Feature", "properties": { "area_acres": 1.16 }, "geometry": { "type": "Polygon", "coordinates": [ [ [ -96.83887, 32.98753 ], [ -96.83748, 32.98781 ], [ -96.83748, 32.98714 ], [ -96.83881, 32.98715 ], [ -96.83887, 32.98753 ] ], [ [ -96.83762, 32.98726 ], [ -96.83762, 32.98758 ], [ -96.83781, 32.98759 ], [ -96.83781, 32.98754 ], [ -96.838, 32.98754 ], [ -96.838, 32.98749 ], [ -96.83875, 32.9874 ], [ -96.83875, 32.98726 ], [ -96.83762, 32.98726 ] ] ] } },
{ "type": "Feature", "properties": { "area_acres": 2.2 }, "geometry": { "type": "Polygon", "coordinates": [ [ [ -96.81736, 32.95704 ], [ -96.81736, 32.95668 ], [ -96.81744, 32.95652 ], [ -96.81817, 32.95653 ], [ -96.81817, 32.95638 ], [ -96.81779, 32.95637 ], [ -96.81779, 32.95642 ], [ -96.81761, 32.95642 ], [ -96.81757, 32.95625 ], [ -96.81817, 32.95626 ], [ -96.81818, 32.95603 ], [ -96.81788, 32.95607 ], [ -96.81788, 32.95618 ], [ -96.8175, 32.95617 ], [ -96.81745, 32.9559 ], [ -96.81818, 32.95591 ], [ -96.81818, 32.9558 ], [ -96.81812, 32.9558 ], [ -96.81812, 32.9556 ], [ -96.81818, 32.9556 ], [ -96.81818, 32.95556 ], [ -96.8181, 32.95556 ], [ -96.8181, 32.95561 ], [ -96.81784, 32.95556 ], [ -96.81783, 32.95574 ], [ -96.81768, 32.95574 ], [ -96.81757, 32.95581 ], [ -96.81757, 32.95563 ], [ -96.81764, 32.95561 ], [ -96.81765, 32.95549 ], [ -96.81818, 32.95549 ], [ -96.81833, 32.95556 ], [ -96.81829, 32.95712 ], [ -96.81821, 32.95712 ], [ -96.8182, 32.9572 ], [ -96.81742, 32.95719 ], [ -96.81736, 32.95704 ] ], [ [ -96.81811, 32.95703 ], [ -96.81812, 32.95671 ], [ -96.81743, 32.9567 ], [ -96.81742, 32.95702 ], [ -96.81811, 32.95703 ] ] ] } },
{ "type": "Feature", "properties": { "area_acres": 1.93 }, "geometry": { "type": "Polygon", "coordinates": [ [ [ -96.8195, 32.95947 ], [ -96.81946, 32.95943 ], [ -96.81935, 32.9595 ], [ -96.81877, 32.95964 ], [ -96.81869, 32.95957 ], [ -96.81863, 32.95947 ], [ -96.81868, 32.95945 ], [ -96.8186, 32.95934 ], [ -96.81869, 32.95921 ], [ -96.81852, 32.95903 ], [ -96.81845, 32.95879 ], [ -96.81857, 32.95874 ], [ -96.81857, 32.95869 ], [ -96.81984, 32.9587 ], [ -96.81984, 32.95877 ], [ -96.81991, 32.95877 ], [ -96.81983, 32.95922 ], [ -96.8195, 32.95947 ] ], [ [ -96.81905, 32.95945 ], [ -96.81909, 32.95948 ], [ -96.81928, 32.95944 ], [ -96.81926, 32.95942 ], [ -96.81959, 32.95917 ], [ -96.81917, 32.95879 ], [ -96.8191, 32.95884 ], [ -96.81913, 32.95887 ], [ -96.81879, 32.95913 ], [ -96.81909, 32.95942 ], [ -96.81905, 32.95945 ] ] ] } },
{ "type": "Feature", "properties": { "area_acres": 1.08 }, "geometry": { "type": "Polygon", "coordinates": [ [ [ -96.82018, 32.95662 ], [ -96.82106, 32.95665 ], [ -96.82101, 32.95682 ], [ -96.82085, 32.9568 ], [ -96.82085, 32.95699 ], [ -96.82078, 32.95699 ], [ -96.82074, 32.95728 ], [ -96.82062, 32.95726 ], [ -96.8206, 32.95731 ], [ -96.82006, 32.95726 ], [ -96.82006, 32.9572 ], [ -96.82, 32.9572 ], [ -96.82001, 32.95665 ], [ -96.82018, 32.95662 ] ], [ [ -96.82045, 32.95712 ], [ -96.82046, 32.95666 ], [ -96.82015, 32.95666 ], [ -96.82014, 32.95709 ], [ -96.82045, 32.95712 ] ] ] } },
{ "type": "Feature", "properties": { "area_acres": 1.41 }, "geometry": { "type": "Polygon", "coordinates": [ [ [ -96.81863, 32.96093 ], [ -96.81869, 32.96146 ], [ -96.81836, 32.96147 ], [ -96.81798, 32.96086 ], [ -96.81803, 32.96084 ], [ -96.81789, 32.96057 ], [ -96.81843, 32.96034 ], [ -96.81841, 32.9603 ], [ -96.81854, 32.96025 ], [ -96.81866, 32.96057 ], [ -96.81859, 32.96064 ], [ -96.81869, 32.96092 ], [ -96.81863, 32.96093 ] ], [ [ -96.81835, 32.96076 ], [ -96.81813, 32.96084 ], [ -96.81828, 32.96113 ], [ -96.8185, 32.96105 ], [ -96.81835, 32.96076 ] ] ] } },
{ "type": "Feature", "properties": { "area_acres": 3.59 }, "geometry": { "type": "Polygon", "coordinates": [ [ [ -96.81959, 32.95594 ], [ -96.81937, 32.95572 ], [ -96.8193, 32.95435 ], [ -96.81936, 32.95434 ], [ -96.81936, 32.95427 ], [ -96.82086, 32.95429 ], [ -96.82086, 32.95434 ], [ -96.82092, 32.95434 ], [ -96.82099, 32.95597 ], [ -96.81959, 32.95594 ] ], [ [ -96.82063, 32.95435 ], [ -96.8196, 32.95435 ], [ -96.8196, 32.95443 ], [ -96.81966, 32.95443 ], [ -96.81966, 32.95458 ], [ -96.81953, 32.95458 ], [ -96.81953, 32.95518 ], [ -96.82069, 32.9552 ], [ -96.82069, 32.95476 ], [ -96.82057, 32.95476 ], [ -96.82058, 32.95445 ], [ -96.82063, 32.95445 ], [ -96.82063, 32.95435 ] ], [ [ -96.82064, 32.95536 ], [ -96.81955, 32.95536 ], [ -96.81956, 32.9557 ], [ -96.82065, 32.95571 ], [ -96.82064, 32.95536 ] ] ] } },
{ "type": "Feature", "properties": { "area_acres": 1.49 }, "geometry": { "type": "Polygon", "coordinates": [ [ [ -96.81993, 32.95879 ], [ -96.81999, 32.9575 ], [ -96.82086, 32.95762 ], [ -96.82083, 32.95766 ], [ -96.82097, 32.9577 ], [ -96.82071, 32.95888 ], [ -96.81993, 32.95879 ] ], [ [ -96.82076, 32.95775 ], [ -96.82018, 32.95767 ], [ -96.82011, 32.95802 ], [ -96.82017, 32.95803 ], [ -96.82017, 32.95831 ], [ -96.82011, 32.95831 ], [ -96.82015, 32.95846 ], [ -96.82007, 32.95875 ], [ -96.82053, 32.95881 ], [ -96.82076, 32.95775 ] ] ] } },
{ "type": "Feature", "properties": { "area_acres": 3.12 }, "geometry": { "type": "Polygon", "coordinates": [ [ [ -96.83869, 32.84721 ], [ -96.83915, 32.84674 ], [ -96.83903, 32.84664 ], [ -96.83909, 32.84659 ], [ -96.83915, 32.84663 ], [ -96.83944, 32.84641 ], [ -96.83954, 32.84648 ], [ -96.83972, 32.84633 ], [ -96.84015, 32.84665 ], [ -96.83984, 32.84688 ], [ -96.8402, 32.84716 ], [ -96.83961, 32.84766 ], [ -96.83955, 32.8476 ], [ -96.83931, 32.84779 ], [ -96.83911, 32.84762 ], [ -96.83915, 32.84759 ], [ -96.83869, 32.84721 ] ] ] } },
{ "type": "Feature", "properties": { "area_acres": 2.86 }, "geometry": { "type": "Polygon", "coordinates": [ [ [ -96.83895, 32.84691 ], [ -96.8382, 32.84627 ], [ -96.83809, 32.84636 ], [ -96.83803, 32.84631 ], [ -96.83814, 32.84622 ], [ -96.83804, 32.84613 ], [ -96.83793, 32.84622 ], [ -96.8377, 32.84602 ], [ -96.83704, 32.84657 ], [ -96.83745, 32.84691 ], [ -96.83784, 32.84658 ], [ -96.83806, 32.84677 ], [ -96.838, 32.84682 ], [ -96.83827, 32.84705 ], [ -96.83805, 32.84723 ], [ -96.83835, 32.84749 ], [ -96.83895, 32.84691 ] ] ] } },
{ "type": "Feature", "properties": { "area_acres": 1.86 }, "geometry": { "type": "Polygon", "coordinates": [ [ [ -96.81398, 32.95538 ], [ -96.81398, 32.95531 ], [ -96.81391, 32.9553 ], [ -96.81392, 32.95433 ], [ -96.814, 32.95433 ], [ -96.814, 32.95425 ], [ -96.81527, 32.95426 ], [ -96.81529, 32.95457 ], [ -96.81489, 32.95472 ], [ -96.81492, 32.95476 ], [ -96.81478, 32.95485 ], [ -96.81474, 32.95482 ], [ -96.8145, 32.95492 ], [ -96.81451, 32.95498 ], [ -96.81412, 32.95498 ], [ -96.81411, 32.95538 ], [ -96.81398, 32.95538 ] ], [ [ -96.81486, 32.95442 ], [ -96.81492, 32.95464 ], [ -96.81526, 32.95451 ], [ -96.81517, 32.95437 ], [ -96.81486, 32.95442 ] ], [ [ -96.81412, 32.95464 ], [ -96.8145, 32.95465 ], [ -96.8145, 32.95441 ], [ -96.81412, 32.95441 ], [ -96.81412, 32.95464 ] ] ] } },
{ "type": "Feature", "properties": { "area_acres": 5.31 }, "geometry": { "type": "Polygon", "coordinates": [ [ [ -96.81254, 32.95657 ], [ -96.81248, 32.95657 ], [ -96.81248, 32.95644 ], [ -96.81255, 32.95642 ], [ -96.81247, 32.95632 ], [ -96.81295, 32.95632 ], [ -96.81277, 32.95609 ], [ -96.81271, 32.95612 ], [ -96.8124, 32.95572 ], [ -96.81243, 32.95566 ], [ -96.81233, 32.95553 ], [ -96.81229, 32.9556 ], [ -96.81196, 32.9556 ], [ -96.81186, 32.95544 ], [ -96.81225, 32.95544 ], [ -96.81188, 32.95496 ], [ -96.81185, 32.95501 ], [ -96.81166, 32.95467 ], [ -96.81155, 32.95467 ], [ -96.81156, 32.95471 ], [ -96.81129, 32.95471 ], [ -96.8113, 32.95439 ], [ -96.81058, 32.95439 ], [ -96.81058, 32.95434 ], [ -96.81047, 32.95433 ], [ -96.81047, 32.95426 ], [ -96.81083, 32.95426 ], [ -96.81083, 32.95421 ], [ -96.81329, 32.95422 ], [ -96.81344, 32.95423 ], [ -96.81352, 32.9543 ], [ -96.81356, 32.95442 ], [ -96.81357, 32.95645 ], [ -96.81316, 32.95644 ], [ -96.81316, 32.95661 ], [ -96.81254, 32.95661 ], [ -96.81254, 32.95657 ] ], [ [ -96.81162, 32.95437 ], [ -96.81163, 32.9545 ], [ -96.81192, 32.95486 ], [ -96.81232, 32.95487 ], [ -96.81234, 32.95438 ], [ -96.81162, 32.95437 ] ], [ [ -96.81335, 32.95435 ], [ -96.8125, 32.95437 ], [ -96.81251, 32.9548 ], [ -96.8126, 32.9548 ], [ -96.8126, 32.95486 ], [ -96.81273, 32.95493 ], [ -96.81308, 32.95543 ], [ -96.81333, 32.95543 ], [ -96.81335, 32.95435 ] ], [ [ -96.81291, 32.95532 ], [ -96.81287, 32.95535 ], [ -96.81255, 32.95494 ], [ -96.81202, 32.95495 ], [ -96.81298, 32.95622 ], [ -96.81298, 32.95596 ], [ -96.81307, 32.95596 ], [ -96.81306, 32.95563 ], [ -96.81291, 32.95532 ] ] ] } },
{ "type": "Feature", "properties": { "area_acres": 0.42 }, "geometry": { "type": "Polygon", "coordinates": [ [ [ -96.83579, 32.75267 ], [ -96.83599, 32.75268 ], [ -96.83608, 32.7526 ], [ -96.8361, 32.75249 ], [ -96.83629, 32.75249 ], [ -96.8362, 32.75274 ], [ -96.83607, 32.75282 ], [ -96.83589, 32.75286 ], [ -96.83564, 32.75277 ], [ -96.83552, 32.75262 ], [ -96.83551, 32.75249 ], [ -96.8357, 32.75248 ], [ -96.83579, 32.75267 ] ] ] } },
{ "type": "Feature", "properties": { "area_acres": 0.73 }, "geometry": { "type": "Polygon", "coordinates": [ [ [ -96.80748, 32.93267 ], [ -96.80748, 32.93196 ], [ -96.80795, 32.932 ], [ -96.80794, 32.93267 ], [ -96.80748, 32.93267 ] ], [ [ -96.80778, 32.93249 ], [ -96.80779, 32.93222 ], [ -96.80763, 32.93221 ], [ -96.80763, 32.93249 ], [ -96.80778, 32.93249 ] ] ] } },
{ "type": "Feature", "properties": { "area_acres": 1.55 }, "geometry": { "type": "Polygon", "coordinates": [ [ [ -96.69612, 32.79184 ], [ -96.69599, 32.79119 ], [ -96.69758, 32.79098 ], [ -96.6977, 32.79162 ], [ -96.69612, 32.79184 ] ], [ [ -96.69612, 32.79179 ], [ -96.69636, 32.79176 ], [ -96.6963, 32.79148 ], [ -96.6964, 32.79136 ], [ -96.6972, 32.79125 ], [ -96.69734, 32.79133 ], [ -96.69739, 32.79159 ], [ -96.69761, 32.79156 ], [ -96.69756, 32.79122 ], [ -96.69725, 32.79103 ], [ -96.69626, 32.79118 ], [ -96.69604, 32.79143 ], [ -96.69612, 32.79179 ] ] ] } },
{ "type": "Feature", "properties": { "area_acres": 0.72 }, "geometry": { "type": "Polygon", "coordinates": [ [ [ -96.69786, 32.79163 ], [ -96.69858, 32.79152 ], [ -96.69867, 32.79197 ], [ -96.69796, 32.79208 ], [ -96.69786, 32.79163 ] ], [ [ -96.69792, 32.79172 ], [ -96.69796, 32.79192 ], [ -96.6982, 32.79189 ], [ -96.69816, 32.79169 ], [ -96.69792, 32.79172 ] ] ] } },
{ "type": "Feature", "properties": { "area_acres": 0.98 }, "geometry": { "type": "Polygon", "coordinates": [ [ [ -96.69984, 32.79181 ], [ -96.6988, 32.79195 ], [ -96.6987, 32.79148 ], [ -96.69975, 32.79133 ], [ -96.69984, 32.79181 ] ], [ [ -96.69895, 32.79179 ], [ -96.69944, 32.79174 ], [ -96.69939, 32.79149 ], [ -96.69903, 32.79154 ], [ -96.69902, 32.79149 ], [ -96.69894, 32.7915 ], [ -96.69895, 32.79155 ], [ -96.6989, 32.79156 ], [ -96.69895, 32.79179 ] ] ] } },
{ "type": "Feature", "properties": { "area_acres": 1.18 }, "geometry": { "type": "Polygon", "coordinates": [ [ [ -96.68394, 32.79261 ], [ -96.68471, 32.79261 ], [ -96.68471, 32.79338 ], [ -96.68393, 32.79338 ], [ -96.68394, 32.79261 ] ], [ [ -96.68454, 32.79318 ], [ -96.68454, 32.79275 ], [ -96.68435, 32.79275 ], [ -96.68435, 32.79318 ], [ -96.68454, 32.79318 ] ], [ [ -96.68412, 32.79314 ], [ -96.68417, 32.79293 ], [ -96.68412, 32.79293 ], [ -96.68412, 32.79285 ], [ -96.68396, 32.79285 ], [ -96.68395, 32.79314 ], [ -96.68412, 32.79314 ] ] ] } },
{ "type": "Feature", "properties": { "area_acres": 0.84 }, "geometry": { "type": "Polygon", "coordinates": [ [ [ -96.68603, 32.79657 ], [ -96.68604, 32.79596 ], [ -96.68666, 32.79597 ], [ -96.68665, 32.79661 ], [ -96.68609, 32.79675 ], [ -96.68603, 32.79657 ] ], [ [ -96.68612, 32.79651 ], [ -96.68635, 32.79654 ], [ -96.68637, 32.79605 ], [ -96.68613, 32.79607 ], [ -96.68612, 32.79651 ] ] ] } },
{ "type": "Feature", "properties": { "area_acres": 7.99 }, "geometry": { "type": "Polygon", "coordinates": [ [ [ -96.68513, 32.79449 ], [ -96.68513, 32.79362 ], [ -96.68571, 32.79362 ], [ -96.68571, 32.79357 ], [ -96.68564, 32.79357 ], [ -96.68564, 32.79334 ], [ -96.68571, 32.79334 ], [ -96.68571, 32.79329 ], [ -96.6859, 32.79329 ], [ -96.68591, 32.79267 ], [ -96.68791, 32.79268 ], [ -96.68789, 32.7945 ], [ -96.68513, 32.79449 ] ], [ [ -96.68774, 32.79337 ], [ -96.68637, 32.79335 ], [ -96.68635, 32.79402 ], [ -96.68643, 32.79402 ], [ -96.68643, 32.79431 ], [ -96.68772, 32.79432 ], [ -96.68774, 32.79337 ] ] ] } },
{ "type": "Feature", "properties": { "area_acres": 5.4 }, "geometry": { "type": "Polygon", "coordinates": [ [ [ -96.68593, 32.79599 ], [ -96.68596, 32.79452 ], [ -96.68791, 32.79454 ], [ -96.68788, 32.79602 ], [ -96.68593, 32.79599 ] ], [ [ -96.68701, 32.79489 ], [ -96.68774, 32.79489 ], [ -96.68772, 32.79467 ], [ -96.68703, 32.79466 ], [ -96.68701, 32.79489 ] ], [ [ -96.68623, 32.79534 ], [ -96.68622, 32.79553 ], [ -96.68609, 32.79552 ], [ -96.68609, 32.79559 ], [ -96.68615, 32.79559 ], [ -96.68614, 32.79589 ], [ -96.68672, 32.7959 ], [ -96.68677, 32.79468 ], [ -96.68612, 32.79467 ], [ -96.68616, 32.79489 ], [ -96.68642, 32.7949 ], [ -96.68641, 32.79535 ], [ -96.68623, 32.79534 ] ] ] } },
{ "type": "Feature", "properties": { "area_acres": 0.79 }, "geometry": { "type": "Polygon", "coordinates": [ [ [ -96.69061, 32.79433 ], [ -96.69063, 32.79347 ], [ -96.69106, 32.79348 ], [ -96.69116, 32.79355 ], [ -96.69116, 32.79386 ], [ -96.69126, 32.79416 ], [ -96.69061, 32.79433 ] ], [ [ -96.69066, 32.79406 ], [ -96.69093, 32.79406 ], [ -96.69093, 32.79359 ], [ -96.69067, 32.79359 ], [ -96.69066, 32.79406 ] ] ] } },
{ "type": "Feature", "properties": { "area_acres": 0.6 }, "geometry": { "type": "Polygon", "coordinates": [ [ [ -96.69926, 32.79251 ], [ -96.69983, 32.79252 ], [ -96.69982, 32.79297 ], [ -96.69926, 32.79296 ], [ -96.69926, 32.79251 ] ], [ [ -96.69946, 32.79266 ], [ -96.69948, 32.79278 ], [ -96.69963, 32.79276 ], [ -96.69962, 32.79264 ], [ -96.69946, 32.79266 ] ] ] } },
{ "type": "Feature", "properties": { "area_acres": 1.76 }, "geometry": { "type": "Polygon", "coordinates": [ [ [ -96.69718, 32.79253 ], [ -96.69819, 32.79239 ], [ -96.69818, 32.79328 ], [ -96.69718, 32.79328 ], [ -96.69718, 32.79253 ] ], [ [ -96.6974, 32.79286 ], [ -96.6974, 32.79309 ], [ -96.69798, 32.79309 ], [ -96.69798, 32.79286 ], [ -96.69781, 32.79286 ], [ -96.69781, 32.79276 ], [ -96.69771, 32.79276 ], [ -96.69771, 32.79286 ], [ -96.6974, 32.79286 ] ] ] } },
{ "type": "Feature", "properties": { "area_acres": 0.78 }, "geometry": { "type": "Polygon", "coordinates": [ [ [ -96.69538, 32.79277 ], [ -96.69596, 32.79277 ], [ -96.69598, 32.79355 ], [ -96.6956, 32.79356 ], [ -96.69541, 32.79356 ], [ -96.69538, 32.79277 ] ], [ [ -96.69579, 32.79355 ], [ -96.69579, 32.79323 ], [ -96.69594, 32.79324 ], [ -96.69593, 32.79316 ], [ -96.69578, 32.79316 ], [ -96.69577, 32.79286 ], [ -96.69558, 32.79286 ], [ -96.6956, 32.79356 ], [ -96.69579, 32.79355 ] ] ] } },
{ "type": "Feature", "properties": { "area_acres": 1.83 }, "geometry": { "type": "Polygon", "coordinates": [ [ [ -96.69316, 32.79383 ], [ -96.69328, 32.79383 ], [ -96.69328, 32.79399 ], [ -96.69343, 32.79422 ], [ -96.6934, 32.79474 ], [ -96.69329, 32.79477 ], [ -96.69331, 32.79484 ], [ -96.69299, 32.79492 ], [ -96.69296, 32.79485 ], [ -96.69288, 32.79487 ], [ -96.6926, 32.79427 ], [ -96.69221, 32.79404 ], [ -96.69226, 32.79391 ], [ -96.69256, 32.79392 ], [ -96.69313, 32.79375 ], [ -96.69316, 32.79383 ] ], [ [ -96.69284, 32.79395 ], [ -96.69295, 32.79432 ], [ -96.69317, 32.79427 ], [ -96.69304, 32.7939 ], [ -96.69284, 32.79395 ] ] ] } },
{ "type": "Feature", "properties": { "area_acres": 0.8 }, "geometry": { "type": "Polygon", "coordinates": [ [ [ -96.7731, 32.9089 ], [ -96.77408, 32.90929 ], [ -96.77427, 32.90953 ], [ -96.77297, 32.90939 ], [ -96.7731, 32.9089 ] ], [ [ -96.77389, 32.90941 ], [ -96.77394, 32.90929 ], [ -96.77365, 32.90921 ], [ -96.77368, 32.90915 ], [ -96.77323, 32.90903 ], [ -96.77316, 32.90921 ], [ -96.77389, 32.90941 ] ] ] } },
{ "type": "Feature", "properties": { "area_acres": 0.38 }, "geometry": { "type": "Polygon", "coordinates": [ [ [ -96.82307, 32.76479 ], [ -96.82307, 32.76438 ], [ -96.82353, 32.76438 ], [ -96.82346, 32.76479 ], [ -96.82307, 32.76479 ] ], [ [ -96.82321, 32.76468 ], [ -96.8233, 32.76468 ], [ -96.82335, 32.7646 ], [ -96.82343, 32.76462 ], [ -96.82343, 32.76453 ], [ -96.82321, 32.76449 ], [ -96.82321, 32.76468 ] ] ] } },
{ "type": "Feature", "properties": { "area_acres": 7.13 }, "geometry": { "type": "Polygon", "coordinates": [ [ [ -96.76475, 32.87075 ], [ -96.76417, 32.87067 ], [ -96.76399, 32.87146 ], [ -96.76333, 32.87136 ], [ -96.76356, 32.87026 ], [ -96.76295, 32.87016 ], [ -96.76308, 32.86956 ], [ -96.76358, 32.86965 ], [ -96.76369, 32.86913 ], [ -96.76505, 32.86935 ], [ -96.76475, 32.87075 ] ], [ [ -96.76388, 32.87103 ], [ -96.76378, 32.871 ], [ -96.76373, 32.87123 ], [ -96.76384, 32.87124 ], [ -96.76388, 32.87103 ] ] ] } },
{ "type": "Feature", "properties": { "area_acres": 0.83 }, "geometry": { "type": "Polygon", "coordinates": [ [ [ -96.74795, 32.78368 ], [ -96.74754, 32.78402 ], [ -96.74697, 32.78355 ], [ -96.7472, 32.78335 ], [ -96.74737, 32.78348 ], [ -96.7475, 32.78337 ], [ -96.74757, 32.78342 ], [ -96.74767, 32.78343 ], [ -96.74795, 32.78368 ] ], [ [ -96.74752, 32.78369 ], [ -96.74741, 32.78378 ], [ -96.74748, 32.78384 ], [ -96.74759, 32.78375 ], [ -96.74752, 32.78369 ] ] ] } },
{ "type": "Feature", "properties": { "area_acres": 5.13 }, "geometry": { "type": "Polygon", "coordinates": [ [ [ -96.8127, 32.79108 ], [ -96.81279, 32.79139 ], [ -96.81275, 32.79144 ], [ -96.81293, 32.79147 ], [ -96.81355, 32.7935 ], [ -96.81334, 32.79358 ], [ -96.8122, 32.79234 ], [ -96.81199, 32.79197 ], [ -96.81179, 32.79127 ], [ -96.8127, 32.79108 ] ] ] } },
{ "type": "Feature", "properties": { "area_acres": 1.12 }, "geometry": { "type": "Polygon", "coordinates": [ [ [ -96.81066, 32.79184 ], [ -96.81039, 32.79156 ], [ -96.8114, 32.79096 ], [ -96.81142, 32.79103 ], [ -96.81147, 32.79102 ], [ -96.81156, 32.79129 ], [ -96.81066, 32.79184 ] ] ] } },
{ "type": "Feature", "properties": { "area_acres": 1.5 }, "geometry": { "type": "Polygon", "coordinates": [ [ [ -96.80664, 32.79064 ], [ -96.80598, 32.79006 ], [ -96.80656, 32.78965 ], [ -96.80718, 32.79023 ], [ -96.80664, 32.79064 ] ] ] } },
{ "type": "Feature", "properties": { "area_acres": 0.85 }, "geometry": { "type": "Polygon", "coordinates": [ [ [ -96.80752, 32.78998 ], [ -96.80729, 32.79015 ], [ -96.80666, 32.78958 ], [ -96.80702, 32.78933 ], [ -96.80735, 32.78963 ], [ -96.80752, 32.78998 ] ] ] } },
{ "type": "Feature", "properties": { "area_acres": 1.24 }, "geometry": { "type": "Polygon", "coordinates": [ [ [ -96.81113, 32.78987 ], [ -96.81091, 32.78999 ], [ -96.81015, 32.78906 ], [ -96.81082, 32.78901 ], [ -96.81089, 32.78906 ], [ -96.81102, 32.78948 ], [ -96.81096, 32.78951 ], [ -96.81107, 32.78964 ], [ -96.81113, 32.78987 ] ] ] } },
{ "type": "Feature", "properties": { "area_acres": 0.9 }, "geometry": { "type": "Polygon", "coordinates": [ [ [ -96.80602, 32.78794 ], [ -96.8055, 32.7875 ], [ -96.805, 32.78727 ], [ -96.80539, 32.78699 ], [ -96.80596, 32.78755 ], [ -96.80615, 32.78784 ], [ -96.80602, 32.78794 ] ] ] } },
{ "type": "Feature", "properties": { "area_acres": 2.48 }, "geometry": { "type": "Polygon", "coordinates": [ [ [ -96.76521, 32.87318 ], [ -96.76442, 32.87306 ], [ -96.76466, 32.87211 ], [ -96.76488, 32.87196 ], [ -96.76545, 32.87205 ], [ -96.7655, 32.87218 ], [ -96.76528, 32.87315 ], [ -96.76521, 32.87318 ] ] ] } },
{ "type": "Feature", "properties": { "area_acres": 0.49 }, "geometry": { "type": "Polygon", "coordinates": [ [ [ -96.76292, 32.90904 ], [ -96.76174, 32.90904 ], [ -96.76174, 32.90888 ], [ -96.76292, 32.90888 ], [ -96.76292, 32.90904 ] ] ] } },
{ "type": "Feature", "properties": { "area_acres": 1.04 }, "geometry": { "type": "Polygon", "coordinates": [ [ [ -96.76303, 32.90871 ], [ -96.76205, 32.90871 ], [ -96.76199, 32.90865 ], [ -96.76254, 32.9082 ], [ -96.76268, 32.90819 ], [ -96.76306, 32.90828 ], [ -96.76303, 32.90871 ] ] ] } },
{ "type": "Feature", "properties": { "area_acres": 0.63 }, "geometry": { "type": "Polygon", "coordinates": [ [ [ -96.76363, 32.90896 ], [ -96.76353, 32.90904 ], [ -96.76333, 32.90905 ], [ -96.76324, 32.90897 ], [ -96.76324, 32.90836 ], [ -96.76338, 32.90836 ], [ -96.76364, 32.90847 ], [ -96.76363, 32.90896 ] ] ] } },
{ "type": "Feature", "properties": { "area_acres": 4.61 }, "geometry": { "type": "Polygon", "coordinates": [ [ [ -96.75092, 32.91941 ], [ -96.7507, 32.91928 ], [ -96.75075, 32.91923 ], [ -96.75069, 32.91918 ], [ -96.75065, 32.91922 ], [ -96.75038, 32.91902 ], [ -96.75049, 32.9189 ], [ -96.75038, 32.91876 ], [ -96.75046, 32.91835 ], [ -96.75096, 32.91784 ], [ -96.75179, 32.91745 ], [ -96.75201, 32.9176 ], [ -96.7521, 32.91751 ], [ -96.75215, 32.91755 ], [ -96.75218, 32.91752 ], [ -96.75213, 32.91749 ], [ -96.75222, 32.91739 ], [ -96.75227, 32.91741 ], [ -96.75231, 32.91737 ], [ -96.75247, 32.91749 ], [ -96.75243, 32.91753 ], [ -96.75247, 32.91756 ], [ -96.75133, 32.91864 ], [ -96.75138, 32.91867 ], [ -96.75109, 32.91896 ], [ -96.7513, 32.9191 ], [ -96.751, 32.9194 ], [ -96.75095, 32.91937 ], [ -96.75092, 32.91941 ] ] ] } },
{ "type": "Feature", "properties": { "area_acres": 0.8 }, "geometry": { "type": "Polygon", "coordinates": [ [ [ -96.79894, 32.74888 ], [ -96.79881, 32.74891 ], [ -96.79842, 32.74872 ], [ -96.79829, 32.7484 ], [ -96.79872, 32.74823 ], [ -96.79881, 32.74835 ], [ -96.79885, 32.74834 ], [ -96.79905, 32.74878 ], [ -96.79894, 32.74888 ] ] ] } },
{ "type": "Feature", "properties": { "area_acres": 4.52 }, "geometry": { "type": "Polygon", "coordinates": [ [ [ -96.81365, 32.74429 ], [ -96.8132, 32.7445 ], [ -96.8129, 32.74452 ], [ -96.8129, 32.74446 ], [ -96.81284, 32.74446 ], [ -96.81286, 32.74278 ], [ -96.81334, 32.74261 ], [ -96.81365, 32.74262 ], [ -96.81392, 32.74334 ], [ -96.81401, 32.7438 ], [ -96.81396, 32.74395 ], [ -96.81365, 32.74429 ] ] ] } },
{ "type": "Feature", "properties": { "area_acres": 2.49 }, "geometry": { "type": "Polygon", "coordinates": [ [ [ -96.85593, 32.72603 ], [ -96.85578, 32.72584 ], [ -96.85575, 32.72527 ], [ -96.85579, 32.72519 ], [ -96.85615, 32.725 ], [ -96.85637, 32.7247 ], [ -96.85653, 32.72461 ], [ -96.8567, 32.72463 ], [ -96.85679, 32.72473 ], [ -96.85675, 32.72556 ], [ -96.85593, 32.72603 ] ] ] } },
{ "type": "Feature", "properties": { "area_acres": 0.89 }, "geometry": { "type": "Polygon", "coordinates": [ [ [ -96.85567, 32.72592 ], [ -96.85465, 32.72648 ], [ -96.85461, 32.72643 ], [ -96.85468, 32.72627 ], [ -96.85494, 32.726 ], [ -96.85491, 32.72595 ], [ -96.85554, 32.7256 ], [ -96.85569, 32.72577 ], [ -96.85563, 32.72587 ], [ -96.85567, 32.72592 ] ] ] } },
{ "type": "Feature", "properties": { "area_acres": 3.71 }, "geometry": { "type": "Polygon", "coordinates": [ [ [ -96.87088, 32.7199 ], [ -96.87069, 32.71995 ], [ -96.87052, 32.71993 ], [ -96.87052, 32.72008 ], [ -96.87037, 32.72008 ], [ -96.87037, 32.72014 ], [ -96.86892, 32.72013 ], [ -96.86891, 32.7193 ], [ -96.8706, 32.71932 ], [ -96.87088, 32.7199 ] ] ] } },
{ "type": "Feature", "properties": { "area_acres": 1.32 }, "geometry": { "type": "Polygon", "coordinates": [ [ [ -96.87202, 32.71952 ], [ -96.87098, 32.71986 ], [ -96.87078, 32.71939 ], [ -96.8708, 32.71928 ], [ -96.87221, 32.71929 ], [ -96.87202, 32.71952 ] ] ] } },
{ "type": "Feature", "properties": { "area_acres": 1.59 }, "geometry": { "type": "Polygon", "coordinates": [ [ [ -96.80376, 32.72325 ], [ -96.80332, 32.72311 ], [ -96.80285, 32.7231 ], [ -96.80276, 32.72305 ], [ -96.80309, 32.72237 ], [ -96.80372, 32.7226 ], [ -96.80369, 32.72265 ], [ -96.8038, 32.72271 ], [ -96.80388, 32.72286 ], [ -96.80386, 32.72303 ], [ -96.8039, 32.72304 ], [ -96.80376, 32.72325 ] ] ] } },
{ "type": "Feature", "properties": { "area_acres": 0.77 }, "geometry": { "type": "Polygon", "coordinates": [ [ [ -96.8049, 32.72437 ], [ -96.80455, 32.7243 ], [ -96.8044, 32.72416 ], [ -96.80435, 32.72405 ], [ -96.80438, 32.72375 ], [ -96.80498, 32.72382 ], [ -96.8049, 32.72437 ] ] ] } },
{ "type": "Feature", "properties": { "area_acres": 1.11 }, "geometry": { "type": "Polygon", "coordinates": [ [ [ -96.80527, 32.72203 ], [ -96.8048, 32.72208 ], [ -96.80474, 32.72198 ], [ -96.80466, 32.72199 ], [ -96.80457, 32.72136 ], [ -96.80517, 32.7213 ], [ -96.80527, 32.72203 ] ] ] } },
{ "type": "Feature", "properties": { "area_acres": 0.53 }, "geometry": { "type": "Polygon", "coordinates": [ [ [ -96.80466, 32.72367 ], [ -96.80481, 32.7223 ], [ -96.80495, 32.72231 ], [ -96.805, 32.72235 ], [ -96.80492, 32.72287 ], [ -96.80486, 32.72287 ], [ -96.80482, 32.72318 ], [ -96.80487, 32.72318 ], [ -96.8048, 32.72369 ], [ -96.80466, 32.72367 ] ] ] } },
{ "type": "Feature", "properties": { "area_acres": 10.57 }, "geometry": { "type": "Polygon", "coordinates": [ [ [ -96.80101, 32.708 ], [ -96.80135, 32.70854 ], [ -96.80103, 32.7087 ], [ -96.80115, 32.7089 ], [ -96.8011, 32.70893 ], [ -96.80028, 32.70764 ], [ -96.79938, 32.70806 ], [ -96.8006, 32.70987 ], [ -96.80024, 32.71047 ], [ -96.79988, 32.71088 ], [ -96.79957, 32.71061 ], [ -96.79934, 32.71029 ], [ -96.79974, 32.7101 ], [ -96.7982, 32.7078 ], [ -96.79922, 32.7073 ], [ -96.79959, 32.70784 ], [ -96.80089, 32.70722 ], [ -96.80129, 32.70785 ], [ -96.80101, 32.708 ] ] ] } },
{ "type": "Feature", "properties": { "area_acres": 2.51 }, "geometry": { "type": "Polygon", "coordinates": [ [ [ -96.78871, 32.69334 ], [ -96.78915, 32.69379 ], [ -96.78839, 32.69429 ], [ -96.78817, 32.69457 ], [ -96.78762, 32.6945 ], [ -96.78752, 32.69436 ], [ -96.78772, 32.69401 ], [ -96.78807, 32.69371 ], [ -96.78871, 32.69334 ] ] ] } },
{ "type": "Feature", "properties": { "area_acres": 4.98 }, "geometry": { "type": "Polygon", "coordinates": [ [ [ -96.7928, 32.69473 ], [ -96.79297, 32.69477 ], [ -96.7931, 32.69489 ], [ -96.79353, 32.69589 ], [ -96.79278, 32.69612 ], [ -96.79272, 32.69598 ], [ -96.79255, 32.69603 ], [ -96.79222, 32.69526 ], [ -96.79126, 32.69556 ], [ -96.79103, 32.69503 ], [ -96.79246, 32.69459 ], [ -96.79252, 32.69471 ], [ -96.79265, 32.69467 ], [ -96.79269, 32.69477 ], [ -96.7928, 32.69473 ] ] ] } },
{ "type": "Feature", "properties": { "area_acres": 0.96 }, "geometry": { "type": "Polygon", "coordinates": [ [ [ -96.78994, 32.69296 ], [ -96.7906, 32.69276 ], [ -96.79048, 32.69231 ], [ -96.7904, 32.69233 ], [ -96.79038, 32.69227 ], [ -96.7898, 32.69245 ], [ -96.78983, 32.69253 ], [ -96.78977, 32.69255 ], [ -96.78994, 32.69296 ] ] ] } },
{ "type": "Feature", "properties": { "area_acres": 1.97 }, "geometry": { "type": "Polygon", "coordinates": [ [ [ -96.79031, 32.68481 ], [ -96.79026, 32.68483 ], [ -96.7903, 32.6849 ], [ -96.79023, 32.68498 ], [ -96.78971, 32.68505 ], [ -96.78963, 32.68499 ], [ -96.78958, 32.68501 ], [ -96.78945, 32.68476 ], [ -96.7895, 32.68474 ], [ -96.78936, 32.68456 ], [ -96.78928, 32.68402 ], [ -96.7899, 32.68396 ], [ -96.79012, 32.68442 ], [ -96.79007, 32.68444 ], [ -96.79014, 32.68459 ], [ -96.79019, 32.68457 ], [ -96.79031, 32.68481 ] ] ] } },
{ "type": "Feature", "properties": { "area_acres": 3.88 }, "geometry": { "type": "Polygon", "coordinates": [ [ [ -96.73586, 32.85454 ], [ -96.73325, 32.85674 ], [ -96.73318, 32.85669 ], [ -96.73331, 32.85657 ], [ -96.73316, 32.8565 ], [ -96.73307, 32.85614 ], [ -96.73337, 32.85602 ], [ -96.73346, 32.85594 ], [ -96.73342, 32.8559 ], [ -96.73377, 32.85566 ], [ -96.73372, 32.85562 ], [ -96.7343, 32.85508 ], [ -96.73447, 32.85523 ], [ -96.73505, 32.85475 ], [ -96.73518, 32.85445 ], [ -96.73572, 32.85442 ], [ -96.73586, 32.85454 ] ] ] } },
{ "type": "Feature", "properties": { "area_acres": 0.58 }, "geometry": { "type": "Polygon", "coordinates": [ [ [ -96.73379, 32.85512 ], [ -96.73381, 32.85532 ], [ -96.7335, 32.85545 ], [ -96.73343, 32.85542 ], [ -96.73353, 32.85552 ], [ -96.73344, 32.85559 ], [ -96.73348, 32.85562 ], [ -96.73326, 32.85578 ], [ -96.73311, 32.85576 ], [ -96.73304, 32.85545 ], [ -96.73379, 32.85512 ] ] ] } },
{ "type": "Feature", "properties": { "area_acres": 2.7 }, "geometry": { "type": "Polygon", "coordinates": [ [ [ -96.71262, 32.89893 ], [ -96.71254, 32.89907 ], [ -96.71175, 32.89933 ], [ -96.71167, 32.89923 ], [ -96.71161, 32.89924 ], [ -96.71153, 32.89905 ], [ -96.71145, 32.89908 ], [ -96.71134, 32.89896 ], [ -96.71129, 32.89898 ], [ -96.71111, 32.89856 ], [ -96.7123, 32.89819 ], [ -96.71262, 32.89893 ] ] ] } },
{ "type": "Feature", "properties": { "area_acres": 2.63 }, "geometry": { "type": "Polygon", "coordinates": [ [ [ -96.71219, 32.89746 ], [ -96.71213, 32.89748 ], [ -96.71225, 32.8976 ], [ -96.71123, 32.89793 ], [ -96.71106, 32.89744 ], [ -96.71106, 32.89728 ], [ -96.71116, 32.89724 ], [ -96.71104, 32.89697 ], [ -96.7111, 32.89695 ], [ -96.71105, 32.89683 ], [ -96.71116, 32.89679 ], [ -96.71122, 32.89666 ], [ -96.71159, 32.89655 ], [ -96.71176, 32.89695 ], [ -96.71189, 32.89692 ], [ -96.71219, 32.89746 ] ] ] } },
{ "type": "Feature", "properties": { "area_acres": 10.73 }, "geometry": { "type": "Polygon", "coordinates": [ [ [ -96.7541, 32.77858 ], [ -96.75293, 32.77962 ], [ -96.75285, 32.77963 ], [ -96.75086, 32.77807 ], [ -96.75129, 32.7776 ], [ -96.75182, 32.77743 ], [ -96.7523, 32.77702 ], [ -96.7541, 32.77858 ] ] ] } },
{ "type": "Feature", "properties": { "area_acres": 11.44 }, "geometry": { "type": "Polygon", "coordinates": [ [ [ -96.75546, 32.77734 ], [ -96.75425, 32.77844 ], [ -96.75383, 32.7781 ], [ -96.75309, 32.77727 ], [ -96.75255, 32.77678 ], [ -96.75406, 32.7754 ], [ -96.75453, 32.77571 ], [ -96.75495, 32.77682 ], [ -96.75506, 32.777 ], [ -96.75546, 32.77734 ] ] ] } },
{ "type": "Feature", "properties": { "area_acres": 6.12 }, "geometry": { "type": "Polygon", "coordinates": [ [ [ -96.75196, 32.78042 ], [ -96.74873, 32.77986 ], [ -96.74887, 32.77961 ], [ -96.74985, 32.77868 ], [ -96.75182, 32.78021 ], [ -96.752, 32.78028 ], [ -96.75196, 32.78042 ] ] ] } },
{ "type": "Feature", "properties": { "area_acres": 10.17 }, "geometry": { "type": "Polygon", "coordinates": [ [ [ -96.74828, 32.77986 ], [ -96.74514, 32.77935 ], [ -96.7455, 32.779 ], [ -96.74577, 32.77922 ], [ -96.74598, 32.77905 ], [ -96.74633, 32.77928 ], [ -96.74655, 32.77911 ], [ -96.74684, 32.77933 ], [ -96.74801, 32.77824 ], [ -96.74822, 32.77824 ], [ -96.74929, 32.7773 ], [ -96.74942, 32.77734 ], [ -96.74961, 32.77728 ], [ -96.75017, 32.77772 ], [ -96.74876, 32.77896 ], [ -96.74855, 32.77924 ], [ -96.74828, 32.77986 ] ] ] } },
{ "type": "Feature", "properties": { "area_acres": 7.58 }, "geometry": { "type": "Polygon", "coordinates": [ [ [ -96.75927, 32.77383 ], [ -96.75827, 32.77476 ], [ -96.75764, 32.77427 ], [ -96.75728, 32.77391 ], [ -96.75707, 32.77353 ], [ -96.75693, 32.77311 ], [ -96.75676, 32.77297 ], [ -96.75745, 32.77233 ], [ -96.75927, 32.77383 ] ] ] } },
{ "type": "Feature", "properties": { "area_acres": 4.81 }, "geometry": { "type": "Polygon", "coordinates": [ [ [ -96.76465, 32.77755 ], [ -96.76424, 32.7779 ], [ -96.76172, 32.77579 ], [ -96.76178, 32.77574 ], [ -96.76165, 32.77562 ], [ -96.76202, 32.77532 ], [ -96.76465, 32.77755 ] ] ] } },
{ "type": "Feature", "properties": { "area_acres": 4.57 }, "geometry": { "type": "Polygon", "coordinates": [ [ [ -96.76662, 32.77994 ], [ -96.76651, 32.78011 ], [ -96.76602, 32.77973 ], [ -96.76606, 32.77946 ], [ -96.76597, 32.77938 ], [ -96.76588, 32.77943 ], [ -96.76475, 32.77841 ], [ -96.76533, 32.77798 ], [ -96.76673, 32.77915 ], [ -96.76683, 32.7793 ], [ -96.7669, 32.77944 ], [ -96.76674, 32.7799 ], [ -96.76662, 32.77994 ] ] ] } },
{ "type": "Feature", "properties": { "area_acres": 2.35 }, "geometry": { "type": "Polygon", "coordinates": [ [ [ -96.79591, 32.77514 ], [ -96.795, 32.7759 ], [ -96.79441, 32.77539 ], [ -96.79532, 32.77463 ], [ -96.79591, 32.77514 ] ] ] } },
{ "type": "Feature", "properties": { "area_acres": 2.35 }, "geometry": { "type": "Polygon", "coordinates": [ [ [ -96.79485, 32.77604 ], [ -96.79396, 32.77679 ], [ -96.79335, 32.77628 ], [ -96.79424, 32.77553 ], [ -96.79485, 32.77604 ] ] ] } },
{ "type": "Feature", "properties": { "area_acres": 1.19 }, "geometry": { "type": "Polygon", "coordinates": [ [ [ -96.79666, 32.77452 ], [ -96.79604, 32.77504 ], [ -96.79541, 32.77452 ], [ -96.79575, 32.77425 ], [ -96.79611, 32.77457 ], [ -96.79644, 32.77431 ], [ -96.79666, 32.77452 ] ] ] } },
{ "type": "Feature", "properties": { "area_acres": 1.36 }, "geometry": { "type": "Polygon", "coordinates": [ [ [ -96.80604, 32.77384 ], [ -96.80503, 32.77406 ], [ -96.8049, 32.77363 ], [ -96.80497, 32.77355 ], [ -96.80589, 32.77334 ], [ -96.80604, 32.77384 ] ] ] } },
{ "type": "Feature", "properties": { "area_acres": 2.98 }, "geometry": { "type": "Polygon", "coordinates": [ [ [ -96.85322, 32.64746 ], [ -96.85231, 32.64746 ], [ -96.85232, 32.64608 ], [ -96.8531, 32.64628 ], [ -96.85325, 32.64638 ], [ -96.85322, 32.64746 ] ] ] } },
{ "type": "Feature", "properties": { "area_acres": 4.87 }, "geometry": { "type": "Polygon", "coordinates": [ [ [ -96.84861, 32.64745 ], [ -96.84745, 32.64745 ], [ -96.84745, 32.64668 ], [ -96.84736, 32.64656 ], [ -96.84735, 32.6459 ], [ -96.84862, 32.64587 ], [ -96.84861, 32.64745 ] ] ] } },
{ "type": "Feature", "properties": { "area_acres": 1.49 }, "geometry": { "type": "Polygon", "coordinates": [ [ [ -96.84861, 32.64577 ], [ -96.84744, 32.64579 ], [ -96.84744, 32.64526 ], [ -96.84859, 32.6453 ], [ -96.84861, 32.64577 ] ] ] } },
{ "type": "Feature", "properties": { "area_acres": 7.06 }, "geometry": { "type": "Polygon", "coordinates": [ [ [ -96.80643, 32.93066 ], [ -96.8054, 32.93067 ], [ -96.80514, 32.93043 ], [ -96.80502, 32.93027 ], [ -96.80497, 32.9301 ], [ -96.80505, 32.92912 ], [ -96.80641, 32.92911 ], [ -96.80717, 32.92982 ], [ -96.80719, 32.92996 ], [ -96.80643, 32.93066 ] ] ] } },
{ "type": "Feature", "properties": { "area_acres": 5.57 }, "geometry": { "type": "Polygon", "coordinates": [ [ [ -96.80786, 32.92826 ], [ -96.80801, 32.92832 ], [ -96.80887, 32.92831 ], [ -96.80943, 32.92784 ], [ -96.80943, 32.92704 ], [ -96.80752, 32.92705 ], [ -96.8075, 32.92759 ], [ -96.80786, 32.92826 ] ] ] } },
{ "type": "Feature", "properties": { "area_acres": 1.42 }, "geometry": { "type": "Polygon", "coordinates": [ [ [ -96.80412, 32.77949 ], [ -96.80309, 32.77971 ], [ -96.80301, 32.77918 ], [ -96.80398, 32.77897 ], [ -96.80412, 32.77949 ] ] ] } },
{ "type": "Feature", "properties": { "area_acres": 0.59 }, "geometry": { "type": "Polygon", "coordinates": [ [ [ -96.83481, 32.7906 ], [ -96.83474, 32.79068 ], [ -96.83438, 32.79061 ], [ -96.83449, 32.79013 ], [ -96.83457, 32.79009 ], [ -96.83491, 32.79012 ], [ -96.83481, 32.7906 ] ] ] } },
{ "type": "Feature", "properties": { "area_acres": 0.16 }, "geometry": { "type": "Polygon", "coordinates": [ [ [ -96.83404, 32.79151 ], [ -96.83414, 32.79104 ], [ -96.83427, 32.79105 ], [ -96.83417, 32.79153 ], [ -96.83404, 32.79151 ] ] ] } },
{ "type": "Feature", "properties": { "area_acres": 4.67 }, "geometry": { "type": "Polygon", "coordinates": [ [ [ -96.80632, 32.78486 ], [ -96.80537, 32.78562 ], [ -96.8043, 32.78465 ], [ -96.80522, 32.78382 ], [ -96.80632, 32.78486 ] ] ] } },
{ "type": "Feature", "properties": { "area_acres": 11.05 }, "geometry": { "type": "Polygon", "coordinates": [ [ [ -96.87867, 32.65716 ], [ -96.87883, 32.65781 ], [ -96.87721, 32.65808 ], [ -96.87715, 32.6582 ], [ -96.87722, 32.65864 ], [ -96.8767, 32.65857 ], [ -96.87621, 32.65865 ], [ -96.87606, 32.6588 ], [ -96.87604, 32.65895 ], [ -96.87506, 32.65929 ], [ -96.87414, 32.65946 ], [ -96.87407, 32.65915 ], [ -96.87421, 32.65869 ], [ -96.87455, 32.65836 ], [ -96.87488, 32.65817 ], [ -96.87695, 32.65749 ], [ -96.87867, 32.65716 ] ] ] } },
{ "type": "Feature", "properties": { "area_acres": 1.33 }, "geometry": { "type": "Polygon", "coordinates": [ [ [ -96.77349, 32.83858 ], [ -96.77288, 32.83883 ], [ -96.77285, 32.83795 ], [ -96.77341, 32.83795 ], [ -96.77341, 32.83801 ], [ -96.77358, 32.83807 ], [ -96.77358, 32.83846 ], [ -96.77346, 32.83853 ], [ -96.77349, 32.83858 ] ] ] } },
{ "type": "Feature", "properties": { "area_acres": 1.29 }, "geometry": { "type": "Polygon", "coordinates": [ [ [ -96.79348, 32.78334 ], [ -96.79267, 32.78353 ], [ -96.79256, 32.78311 ], [ -96.79258, 32.78291 ], [ -96.79331, 32.78276 ], [ -96.79348, 32.78334 ] ] ] } },
{ "type": "Feature", "properties": { "area_acres": 1.19 }, "geometry": { "type": "Polygon", "coordinates": [ [ [ -96.79429, 32.78259 ], [ -96.79437, 32.78299 ], [ -96.79425, 32.78317 ], [ -96.79362, 32.78331 ], [ -96.79345, 32.78277 ], [ -96.79429, 32.78259 ] ] ] } },
{ "type": "Feature", "properties": { "area_acres": 2.13 }, "geometry": { "type": "Polygon", "coordinates": [ [ [ -96.79689, 32.78877 ], [ -96.79623, 32.78931 ], [ -96.79542, 32.78861 ], [ -96.79597, 32.78816 ], [ -96.79637, 32.7885 ], [ -96.79646, 32.78841 ], [ -96.79689, 32.78877 ] ] ] } },
{ "type": "Feature", "properties": { "area_acres": 11.8 }, "geometry": { "type": "Polygon", "coordinates": [ [ [ -96.80667, 32.77027 ], [ -96.80602, 32.76998 ], [ -96.80557, 32.76985 ], [ -96.80515, 32.76978 ], [ -96.80465, 32.76978 ], [ -96.80392, 32.76988 ], [ -96.80348, 32.77003 ], [ -96.8028, 32.77035 ], [ -96.80278, 32.77049 ], [ -96.80423, 32.77132 ], [ -96.80538, 32.77179 ], [ -96.80667, 32.77027 ] ] ] } },
{ "type": "Feature", "properties": { "area_acres": 6.29 }, "geometry": { "type": "Polygon", "coordinates": [ [ [ -96.80784, 32.7714 ], [ -96.80856, 32.77169 ], [ -96.80913, 32.7723 ], [ -96.80924, 32.77266 ], [ -96.80929, 32.77265 ], [ -96.80932, 32.77287 ], [ -96.80914, 32.7729 ], [ -96.80919, 32.7731 ], [ -96.80912, 32.77311 ], [ -96.80922, 32.7736 ], [ -96.80928, 32.77359 ], [ -96.80932, 32.77378 ], [ -96.80924, 32.7738 ], [ -96.8094, 32.77445 ], [ -96.80945, 32.77444 ], [ -96.8097, 32.77459 ], [ -96.81017, 32.7745 ], [ -96.81002, 32.77368 ], [ -96.80978, 32.77371 ], [ -96.80978, 32.77353 ], [ -96.80999, 32.7735 ], [ -96.80986, 32.77279 ], [ -96.80965, 32.77281 ], [ -96.80961, 32.77264 ], [ -96.80981, 32.77261 ], [ -96.80963, 32.77201 ], [ -96.80938, 32.77172 ], [ -96.80912, 32.77153 ], [ -96.80818, 32.77102 ], [ -96.80784, 32.7714 ] ] ] } },
{ "type": "Feature", "properties": { "area_acres": 25.13 }, "geometry": { "type": "Polygon", "coordinates": [ [ [ -96.74486, 32.78277 ], [ -96.74277, 32.78277 ], [ -96.74277, 32.78148 ], [ -96.74153, 32.78103 ], [ -96.74155, 32.77926 ], [ -96.74206, 32.77938 ], [ -96.74213, 32.77915 ], [ -96.74532, 32.77972 ], [ -96.74529, 32.78048 ], [ -96.74524, 32.78053 ], [ -96.74486, 32.78053 ], [ -96.74486, 32.78277 ] ] ] } },
{ "type": "Feature", "properties": { "area_acres": 1.52 }, "geometry": { "type": "Polygon", "coordinates": [ [ [ -96.80243, 32.78417 ], [ -96.80163, 32.7848 ], [ -96.80143, 32.78462 ], [ -96.80148, 32.78458 ], [ -96.80123, 32.78435 ], [ -96.80197, 32.78376 ], [ -96.80243, 32.78417 ] ] ] } },
{ "type": "Feature", "properties": { "area_acres": 0.9 }, "geometry": { "type": "Polygon", "coordinates": [ [ [ -96.80308, 32.78364 ], [ -96.80261, 32.78401 ], [ -96.80217, 32.78362 ], [ -96.80264, 32.78325 ], [ -96.80308, 32.78364 ] ] ] } },
{ "type": "Feature", "properties": { "area_acres": 1.72 }, "geometry": { "type": "Polygon", "coordinates": [ [ [ -96.80302, 32.7827 ], [ -96.80209, 32.78348 ], [ -96.80191, 32.78274 ], [ -96.80255, 32.78226 ], [ -96.80302, 32.7827 ] ] ] } },
{ "type": "Feature", "properties": { "area_acres": 1.33 }, "geometry": { "type": "Polygon", "coordinates": [ [ [ -96.80513, 32.78376 ], [ -96.80428, 32.78441 ], [ -96.80416, 32.78428 ], [ -96.80421, 32.78381 ], [ -96.80431, 32.78372 ], [ -96.80428, 32.78369 ], [ -96.80469, 32.78336 ], [ -96.80513, 32.78376 ] ] ] } },
{ "type": "Feature", "properties": { "area_acres": 1.19 }, "geometry": { "type": "Polygon", "coordinates": [ [ [ -96.80686, 32.78442 ], [ -96.80641, 32.78476 ], [ -96.8058, 32.78421 ], [ -96.80624, 32.78386 ], [ -96.80686, 32.78442 ] ] ] } },
{ "type": "Feature", "properties": { "area_acres": 1.26 }, "geometry": { "type": "Polygon", "coordinates": [ [ [ -96.80244, 32.77836 ], [ -96.80156, 32.77855 ], [ -96.80141, 32.77802 ], [ -96.80229, 32.77784 ], [ -96.80244, 32.77836 ] ] ] } },
{ "type": "Feature", "properties": { "area_acres": 1.21 }, "geometry": { "type": "Polygon", "coordinates": [ [ [ -96.77396, 32.78968 ], [ -96.77411, 32.78981 ], [ -96.77406, 32.78985 ], [ -96.77418, 32.78995 ], [ -96.77342, 32.79054 ], [ -96.77307, 32.79025 ], [ -96.77374, 32.7897 ], [ -96.77396, 32.78968 ] ] ] } },
{ "type": "Feature", "properties": { "area_acres": 1.67 }, "geometry": { "type": "Polygon", "coordinates": [ [ [ -96.7755, 32.78889 ], [ -96.77445, 32.78977 ], [ -96.77405, 32.78949 ], [ -96.77514, 32.78858 ], [ -96.77537, 32.78882 ], [ -96.7754, 32.7888 ], [ -96.7755, 32.78889 ] ] ] } },
{ "type": "Feature", "properties": { "area_acres": 0.95 }, "geometry": { "type": "Polygon", "coordinates": [ [ [ -96.78003, 32.79244 ], [ -96.77948, 32.79197 ], [ -96.77955, 32.79191 ], [ -96.77951, 32.79188 ], [ -96.77977, 32.79167 ], [ -96.77982, 32.79171 ], [ -96.77987, 32.79167 ], [ -96.78035, 32.79208 ], [ -96.7802, 32.7922 ], [ -96.78027, 32.79226 ], [ -96.78023, 32.7923 ], [ -96.78026, 32.79233 ], [ -96.78011, 32.79246 ], [ -96.78003, 32.79244 ] ] ] } },
{ "type": "Feature", "properties": { "area_acres": 1.78 }, "geometry": { "type": "Polygon", "coordinates": [ [ [ -96.78071, 32.79286 ], [ -96.78066, 32.79283 ], [ -96.78057, 32.79291 ], [ -96.78025, 32.79265 ], [ -96.78035, 32.79256 ], [ -96.78028, 32.79251 ], [ -96.78113, 32.79179 ], [ -96.78122, 32.79186 ], [ -96.78128, 32.79181 ], [ -96.78162, 32.7921 ], [ -96.78071, 32.79286 ] ] ] } },
{ "type": "Feature", "properties": { "area_acres": 1.23 }, "geometry": { "type": "Polygon", "coordinates": [ [ [ -96.78297, 32.79191 ], [ -96.78228, 32.79247 ], [ -96.78187, 32.79211 ], [ -96.78255, 32.79155 ], [ -96.78297, 32.79191 ] ] ] } },
{ "type": "Feature", "properties": { "area_acres": 1.37 }, "geometry": { "type": "Polygon", "coordinates": [ [ [ -96.78151, 32.79383 ], [ -96.78068, 32.79309 ], [ -96.78103, 32.7928 ], [ -96.78189, 32.79351 ], [ -96.78151, 32.79383 ] ] ] } },
{ "type": "Feature", "properties": { "area_acres": 2.17 }, "geometry": { "type": "Polygon", "coordinates": [ [ [ -96.77516, 32.8391 ], [ -96.77629, 32.83954 ], [ -96.77578, 32.84051 ], [ -96.77558, 32.84043 ], [ -96.77592, 32.83995 ], [ -96.77557, 32.83981 ], [ -96.77551, 32.83991 ], [ -96.77541, 32.83988 ], [ -96.77533, 32.83992 ], [ -96.7748, 32.83969 ], [ -96.77516, 32.8391 ] ] ] } },
{ "type": "Feature", "properties": { "area_acres": 2.72 }, "geometry": { "type": "Polygon", "coordinates": [ [ [ -96.79611, 32.77905 ], [ -96.79511, 32.77926 ], [ -96.79497, 32.77885 ], [ -96.79507, 32.77882 ], [ -96.79493, 32.7784 ], [ -96.79618, 32.77809 ], [ -96.79625, 32.77831 ], [ -96.79591, 32.77839 ], [ -96.79599, 32.77863 ], [ -96.79634, 32.77854 ], [ -96.79643, 32.7788 ], [ -96.79606, 32.77889 ], [ -96.79611, 32.77905 ] ] ] } },
{ "type": "Feature", "properties": { "area_acres": 0.84 }, "geometry": { "type": "Polygon", "coordinates": [ [ [ -96.79141, 32.7838 ], [ -96.79116, 32.78389 ], [ -96.79052, 32.78336 ], [ -96.79126, 32.7832 ], [ -96.79141, 32.7838 ] ] ] } },
{ "type": "Feature", "properties": { "area_acres": 0.72 }, "geometry": { "type": "Polygon", "coordinates": [ [ [ -96.80665, 32.78336 ], [ -96.80625, 32.78367 ], [ -96.80584, 32.7833 ], [ -96.80625, 32.78298 ], [ -96.80665, 32.78336 ] ] ] } },
{ "type": "Feature", "properties": { "area_acres": 0.5 }, "geometry": { "type": "Polygon", "coordinates": [ [ [ -96.80552, 32.78395 ], [ -96.80591, 32.78352 ], [ -96.80618, 32.78378 ], [ -96.80573, 32.78416 ], [ -96.80552, 32.78395 ] ] ] } },
{ "type": "Feature", "properties": { "area_acres": 1.06 }, "geometry": { "type": "Polygon", "coordinates": [ [ [ -96.80441, 32.78248 ], [ -96.80401, 32.78205 ], [ -96.8045, 32.78166 ], [ -96.80477, 32.7819 ], [ -96.80495, 32.78175 ], [ -96.80504, 32.78183 ], [ -96.80484, 32.78199 ], [ -96.80493, 32.78207 ], [ -96.80441, 32.78248 ] ] ] } },
{ "type": "Feature", "properties": { "area_acres": 1.12 }, "geometry": { "type": "Polygon", "coordinates": [ [ [ -96.80325, 32.78172 ], [ -96.80301, 32.78177 ], [ -96.80224, 32.78232 ], [ -96.80205, 32.78175 ], [ -96.80322, 32.78146 ], [ -96.80325, 32.78172 ] ] ] } },
{ "type": "Feature", "properties": { "area_acres": 5.41 }, "geometry": { "type": "Polygon", "coordinates": [ [ [ -96.79434, 32.78929 ], [ -96.79316, 32.7883 ], [ -96.79308, 32.78817 ], [ -96.79305, 32.78794 ], [ -96.79313, 32.78779 ], [ -96.79367, 32.7873 ], [ -96.7952, 32.78861 ], [ -96.79434, 32.78929 ] ] ] } },
{ "type": "Feature", "properties": { "area_acres": 2.23 }, "geometry": { "type": "Polygon", "coordinates": [ [ [ -96.79529, 32.7894 ], [ -96.79569, 32.78974 ], [ -96.79527, 32.79009 ], [ -96.79446, 32.78941 ], [ -96.79531, 32.78869 ], [ -96.79572, 32.78904 ], [ -96.79529, 32.7894 ] ] ] } },
{ "type": "Feature", "properties": { "area_acres": 2.26 }, "geometry": { "type": "Polygon", "coordinates": [ [ [ -96.8018, 32.77267 ], [ -96.80142, 32.77274 ], [ -96.80094, 32.77271 ], [ -96.80063, 32.77264 ], [ -96.80066, 32.77257 ], [ -96.80039, 32.77242 ], [ -96.80105, 32.77177 ], [ -96.80188, 32.77237 ], [ -96.80192, 32.7725 ], [ -96.8018, 32.77267 ] ] ] } },
{ "type": "Feature", "properties": { "area_acres": 3.44 }, "geometry": { "type": "Polygon", "coordinates": [ [ [ -96.79531, 32.92652 ], [ -96.79398, 32.9265 ], [ -96.79392, 32.92639 ], [ -96.79417, 32.92565 ], [ -96.79575, 32.92562 ], [ -96.79544, 32.92642 ], [ -96.79531, 32.92652 ] ] ] } },
{ "type": "Feature", "properties": { "area_acres": 0.86 }, "geometry": { "type": "Polygon", "coordinates": [ [ [ -96.79182, 32.69724 ], [ -96.79109, 32.69737 ], [ -96.79104, 32.69727 ], [ -96.7904, 32.69747 ], [ -96.79033, 32.69733 ], [ -96.79165, 32.69691 ], [ -96.79182, 32.69724 ] ] ] } },
{ "type": "Feature", "properties": { "area_acres": 1.52 }, "geometry": { "type": "Polygon", "coordinates": [ [ [ -96.79102, 32.69669 ], [ -96.78952, 32.69714 ], [ -96.78937, 32.69679 ], [ -96.79087, 32.69633 ], [ -96.79102, 32.69669 ] ] ] } },
{ "type": "Feature", "properties": { "area_acres": 2.58 }, "geometry": { "type": "Polygon", "coordinates": [ [ [ -96.76463, 32.62227 ], [ -96.76383, 32.62292 ], [ -96.76357, 32.62292 ], [ -96.76327, 32.62271 ], [ -96.76326, 32.62255 ], [ -96.7642, 32.62173 ], [ -96.76448, 32.62159 ], [ -96.76465, 32.62158 ], [ -96.76463, 32.62227 ] ] ] } },
{ "type": "Feature", "properties": { "area_acres": 2.75 }, "geometry": { "type": "Polygon", "coordinates": [ [ [ -96.76751, 32.62486 ], [ -96.76659, 32.62534 ], [ -96.76641, 32.62532 ], [ -96.76643, 32.62439 ], [ -96.76733, 32.62395 ], [ -96.76741, 32.62399 ], [ -96.76751, 32.62417 ], [ -96.76751, 32.62486 ] ] ] } },
{ "type": "Feature", "properties": { "area_acres": 3.74 }, "geometry": { "type": "Polygon", "coordinates": [ [ [ -96.76325, 32.62406 ], [ -96.76248, 32.62394 ], [ -96.7617, 32.62331 ], [ -96.76226, 32.62292 ], [ -96.7628, 32.62279 ], [ -96.7635, 32.62343 ], [ -96.76346, 32.62394 ], [ -96.76325, 32.62406 ] ] ] } },
{ "type": "Feature", "properties": { "area_acres": 2.96 }, "geometry": { "type": "Polygon", "coordinates": [ [ [ -96.76473, 32.62361 ], [ -96.76397, 32.62425 ], [ -96.76376, 32.62407 ], [ -96.76376, 32.62344 ], [ -96.76504, 32.62235 ], [ -96.76512, 32.6224 ], [ -96.76503, 32.62276 ], [ -96.76473, 32.62361 ] ] ] } },
{ "type": "Feature", "properties": { "area_acres": 1.44 }, "geometry": { "type": "Polygon", "coordinates": [ [ [ -96.76957, 32.87675 ], [ -96.76962, 32.87607 ], [ -96.76878, 32.87607 ], [ -96.76878, 32.87675 ], [ -96.76957, 32.87675 ] ] ] } },
{ "type": "Feature", "properties": { "area_acres": 0.09 }, "geometry": { "type": "Polygon", "coordinates": [ [ [ -96.8111, 32.8649 ], [ -96.81106, 32.86511 ], [ -96.8109, 32.86511 ], [ -96.8109, 32.8649 ], [ -96.8111, 32.8649 ] ] ] } },
{ "type": "Feature", "properties": { "area_acres": 0.21 }, "geometry": { "type": "Polygon", "coordinates": [ [ [ -96.81046, 32.86539 ], [ -96.81046, 32.86495 ], [ -96.81067, 32.86495 ], [ -96.81067, 32.86532 ], [ -96.81052, 32.86532 ], [ -96.81052, 32.86539 ], [ -96.81046, 32.86539 ] ] ] } },
{ "type": "Feature", "properties": { "area_acres": 0.16 }, "geometry": { "type": "Polygon", "coordinates": [ [ [ -96.8081, 32.86541 ], [ -96.8081, 32.86518 ], [ -96.80842, 32.86518 ], [ -96.80841, 32.86534 ], [ -96.8083, 32.86534 ], [ -96.8083, 32.86541 ], [ -96.8081, 32.86541 ] ] ] } },
{ "type": "Feature", "properties": { "area_acres": 1.79 }, "geometry": { "type": "Polygon", "coordinates": [ [ [ -96.80831, 32.8657 ], [ -96.80767, 32.86569 ], [ -96.80766, 32.86655 ], [ -96.80842, 32.86673 ], [ -96.80838, 32.86575 ], [ -96.80831, 32.8657 ] ] ] } },
{ "type": "Feature", "properties": { "area_acres": 1.2 }, "geometry": { "type": "Polygon", "coordinates": [ [ [ -96.81015, 32.86218 ], [ -96.81015, 32.86188 ], [ -96.80956, 32.86188 ], [ -96.80956, 32.86217 ], [ -96.80912, 32.86217 ], [ -96.80912, 32.86174 ], [ -96.81058, 32.86174 ], [ -96.81058, 32.86218 ], [ -96.81015, 32.86218 ] ] ] } },
{ "type": "Feature", "properties": { "area_acres": 1.46 }, "geometry": { "type": "Polygon", "coordinates": [ [ [ -96.81072, 32.86104 ], [ -96.81071, 32.86163 ], [ -96.81078, 32.86159 ], [ -96.81079, 32.86165 ], [ -96.81162, 32.86164 ], [ -96.8117, 32.86103 ], [ -96.81072, 32.86104 ] ] ] } },
{ "type": "Feature", "properties": { "area_acres": 1.2 }, "geometry": { "type": "Polygon", "coordinates": [ [ [ -96.81037, 32.85997 ], [ -96.81038, 32.8604 ], [ -96.81116, 32.8604 ], [ -96.81116, 32.86014 ], [ -96.81181, 32.86014 ], [ -96.81181, 32.85995 ], [ -96.81037, 32.85997 ] ] ] } },
{ "type": "Feature", "properties": { "area_acres": 0.23 }, "geometry": { "type": "Polygon", "coordinates": [ [ [ -96.82175, 32.84973 ], [ -96.82141, 32.84973 ], [ -96.82141, 32.84947 ], [ -96.82176, 32.84947 ], [ -96.82175, 32.84973 ] ] ] } },
{ "type": "Feature", "properties": { "area_acres": 3.68 }, "geometry": { "type": "Polygon", "coordinates": [ [ [ -96.81819, 32.84978 ], [ -96.81884, 32.84979 ], [ -96.81884, 32.84946 ], [ -96.81914, 32.84946 ], [ -96.81914, 32.84979 ], [ -96.82085, 32.8498 ], [ -96.82086, 32.84939 ], [ -96.82116, 32.84939 ], [ -96.82115, 32.85073 ], [ -96.82093, 32.85073 ], [ -96.82094, 32.85008 ], [ -96.81784, 32.85006 ], [ -96.81785, 32.84935 ], [ -96.81819, 32.84935 ], [ -96.81819, 32.84978 ] ] ] } },
{ "type": "Feature", "properties": { "area_acres": 2.92 }, "geometry": { "type": "Polygon", "coordinates": [ [ [ -96.82069, 32.85108 ], [ -96.8207, 32.85075 ], [ -96.82013, 32.85074 ], [ -96.82013, 32.85031 ], [ -96.81993, 32.85031 ], [ -96.81993, 32.85075 ], [ -96.81803, 32.85074 ], [ -96.81803, 32.85006 ], [ -96.81784, 32.85006 ], [ -96.81783, 32.85106 ], [ -96.82069, 32.85108 ] ] ] } },
{ "type": "Feature", "properties": { "area_acres": 6.16 }, "geometry": { "type": "Polygon", "coordinates": [ [ [ -96.81761, 32.85107 ], [ -96.8144, 32.85106 ], [ -96.81442, 32.85089 ], [ -96.81502, 32.85089 ], [ -96.81502, 32.85056 ], [ -96.81443, 32.85056 ], [ -96.81443, 32.85038 ], [ -96.81507, 32.85038 ], [ -96.81508, 32.85021 ], [ -96.81762, 32.85023 ], [ -96.81761, 32.85107 ] ] ] } },
{ "type": "Feature", "properties": { "area_acres": 2.51 }, "geometry": { "type": "Polygon", "coordinates": [ [ [ -96.8224, 32.84932 ], [ -96.82144, 32.84931 ], [ -96.82146, 32.84851 ], [ -96.82193, 32.84851 ], [ -96.82194, 32.8481 ], [ -96.82243, 32.8481 ], [ -96.8224, 32.84932 ] ] ] } },
{ "type": "Feature", "properties": { "area_acres": 1.98 }, "geometry": { "type": "Polygon", "coordinates": [ [ [ -96.83372, 32.84625 ], [ -96.83372, 32.84613 ], [ -96.83366, 32.84614 ], [ -96.83365, 32.8456 ], [ -96.83372, 32.8456 ], [ -96.83372, 32.84517 ], [ -96.83433, 32.84519 ], [ -96.83433, 32.8454 ], [ -96.83422, 32.8454 ], [ -96.83422, 32.84551 ], [ -96.83448, 32.84551 ], [ -96.83449, 32.84613 ], [ -96.8343, 32.84613 ], [ -96.83432, 32.84625 ], [ -96.83372, 32.84625 ] ] ] } },
{ "type": "Feature", "properties": { "area_acres": 3.63 }, "geometry": { "type": "Polygon", "coordinates": [ [ [ -96.83455, 32.84759 ], [ -96.83608, 32.84674 ], [ -96.83639, 32.84702 ], [ -96.83655, 32.84689 ], [ -96.83759, 32.84778 ], [ -96.83779, 32.8481 ], [ -96.83769, 32.84817 ], [ -96.83699, 32.84759 ], [ -96.83455, 32.84759 ] ] ] } },
{ "type": "Feature", "properties": { "area_acres": 6.24 }, "geometry": { "type": "Polygon", "coordinates": [ [ [ -96.841, 32.84931 ], [ -96.84088, 32.84941 ], [ -96.84099, 32.84951 ], [ -96.84103, 32.84949 ], [ -96.84173, 32.85009 ], [ -96.84145, 32.85032 ], [ -96.84116, 32.85008 ], [ -96.84109, 32.85015 ], [ -96.84143, 32.85044 ], [ -96.84131, 32.85054 ], [ -96.84014, 32.84952 ], [ -96.84024, 32.84943 ], [ -96.84004, 32.84927 ], [ -96.83994, 32.84935 ], [ -96.83896, 32.84845 ], [ -96.839, 32.84842 ], [ -96.83886, 32.84828 ], [ -96.83962, 32.84766 ], [ -96.84035, 32.84829 ], [ -96.84021, 32.84841 ], [ -96.84015, 32.84836 ], [ -96.84001, 32.84848 ], [ -96.841, 32.84931 ] ] ] } },
{ "type": "Feature", "properties": { "area_acres": 3.92 }, "geometry": { "type": "Polygon", "coordinates": [ [ [ -96.83558, 32.84471 ], [ -96.83534, 32.84478 ], [ -96.83524, 32.84474 ], [ -96.83507, 32.84442 ], [ -96.83497, 32.84391 ], [ -96.83501, 32.84374 ], [ -96.83513, 32.84363 ], [ -96.83502, 32.84355 ], [ -96.8358, 32.8429 ], [ -96.83601, 32.84307 ], [ -96.83579, 32.84325 ], [ -96.83648, 32.84384 ], [ -96.83659, 32.84376 ], [ -96.83673, 32.84387 ], [ -96.83632, 32.84419 ], [ -96.83598, 32.84395 ], [ -96.83561, 32.84424 ], [ -96.83589, 32.84447 ], [ -96.83558, 32.84471 ] ] ] } },
{ "type": "Feature", "properties": { "area_acres": 2.86 }, "geometry": { "type": "Polygon", "coordinates": [ [ [ -96.83895, 32.84691 ], [ -96.8382, 32.84627 ], [ -96.83809, 32.84636 ], [ -96.83803, 32.84631 ], [ -96.83814, 32.84622 ], [ -96.83804, 32.84613 ], [ -96.83793, 32.84622 ], [ -96.8377, 32.84602 ], [ -96.83704, 32.84657 ], [ -96.83745, 32.84691 ], [ -96.83784, 32.84658 ], [ -96.83806, 32.84677 ], [ -96.838, 32.84682 ], [ -96.83827, 32.84705 ], [ -96.83805, 32.84723 ], [ -96.83835, 32.84749 ], [ -96.83895, 32.84691 ] ] ] } },
{ "type": "Feature", "properties": { "area_acres": 3.12 }, "geometry": { "type": "Polygon", "coordinates": [ [ [ -96.83869, 32.84721 ], [ -96.83915, 32.84674 ], [ -96.83903, 32.84664 ], [ -96.83909, 32.84659 ], [ -96.83915, 32.84663 ], [ -96.83944, 32.84641 ], [ -96.83954, 32.84648 ], [ -96.83972, 32.84633 ], [ -96.84015, 32.84665 ], [ -96.83984, 32.84688 ], [ -96.8402, 32.84716 ], [ -96.83961, 32.84766 ], [ -96.83955, 32.8476 ], [ -96.83931, 32.84779 ], [ -96.83911, 32.84762 ], [ -96.83915, 32.84759 ], [ -96.83869, 32.84721 ] ] ] } },
{ "type": "Feature", "properties": { "area_acres": 0.69 }, "geometry": { "type": "Polygon", "coordinates": [ [ [ -96.86149, 32.83496 ], [ -96.86103, 32.83454 ], [ -96.86136, 32.83427 ], [ -96.86185, 32.83468 ], [ -96.86149, 32.83496 ] ] ] } },
{ "type": "Feature", "properties": { "area_acres": 2.72 }, "geometry": { "type": "Polygon", "coordinates": [ [ [ -96.87043, 32.83577 ], [ -96.86996, 32.83584 ], [ -96.86975, 32.8358 ], [ -96.86902, 32.83531 ], [ -96.86939, 32.83489 ], [ -96.86979, 32.83457 ], [ -96.87034, 32.83496 ], [ -96.87037, 32.83507 ], [ -96.8701, 32.83566 ], [ -96.87021, 32.83559 ], [ -96.87043, 32.83577 ] ] ] } },
{ "type": "Feature", "properties": { "area_acres": 1.07 }, "geometry": { "type": "Polygon", "coordinates": [ [ [ -96.87357, 32.83518 ], [ -96.87283, 32.83526 ], [ -96.87304, 32.8345 ], [ -96.87319, 32.83455 ], [ -96.87351, 32.83452 ], [ -96.87357, 32.83518 ] ] ] } },
{ "type": "Feature", "properties": { "area_acres": 3.85 }, "geometry": { "type": "Polygon", "coordinates": [ [ [ -96.87324, 32.83293 ], [ -96.87367, 32.83289 ], [ -96.87369, 32.8331 ], [ -96.87406, 32.83306 ], [ -96.87426, 32.83444 ], [ -96.87319, 32.83455 ], [ -96.87304, 32.8345 ], [ -96.87315, 32.83399 ], [ -96.87324, 32.83293 ] ] ] } },
{ "type": "Feature", "properties": { "area_acres": 5.37 }, "geometry": { "type": "Polygon", "coordinates": [ [ [ -96.74011, 32.91134 ], [ -96.74006, 32.91134 ], [ -96.74006, 32.91125 ], [ -96.73991, 32.91125 ], [ -96.7399, 32.91083 ], [ -96.73998, 32.91083 ], [ -96.73997, 32.91072 ], [ -96.73992, 32.91072 ], [ -96.73992, 32.91032 ], [ -96.73998, 32.91032 ], [ -96.73998, 32.91018 ], [ -96.73767, 32.91019 ], [ -96.73767, 32.90959 ], [ -96.73783, 32.90966 ], [ -96.73794, 32.90966 ], [ -96.73789, 32.90939 ], [ -96.73796, 32.90936 ], [ -96.73986, 32.90936 ], [ -96.73986, 32.90942 ], [ -96.73992, 32.90942 ], [ -96.73992, 32.90949 ], [ -96.73986, 32.90949 ], [ -96.73986, 32.90963 ], [ -96.74011, 32.90957 ], [ -96.74011, 32.91134 ] ] ] } },
{ "type": "Feature", "properties": { "area_acres": 0.08 }, "geometry": { "type": "Polygon", "coordinates": [ [ [ -96.83447, 32.75311 ], [ -96.83461, 32.75306 ], [ -96.83478, 32.75274 ], [ -96.83471, 32.75272 ], [ -96.83456, 32.75303 ], [ -96.83444, 32.75307 ], [ -96.83447, 32.75311 ] ] ] } },
{ "type": "Feature", "properties": { "area_acres": 0.44 }, "geometry": { "type": "Polygon", "coordinates": [ [ [ -96.83304, 32.75275 ], [ -96.83305, 32.75252 ], [ -96.83311, 32.75252 ], [ -96.8331, 32.75247 ], [ -96.83353, 32.75247 ], [ -96.83353, 32.75253 ], [ -96.8336, 32.75253 ], [ -96.8336, 32.75275 ], [ -96.83353, 32.75275 ], [ -96.83353, 32.75281 ], [ -96.8331, 32.7528 ], [ -96.83309, 32.75275 ], [ -96.83304, 32.75275 ] ] ] } },
{ "type": "Feature", "properties": { "area_acres": 0.21 }, "geometry": { "type": "Polygon", "coordinates": [ [ [ -96.87634, 32.73321 ], [ -96.8764, 32.73313 ], [ -96.87647, 32.73316 ], [ -96.8766, 32.73328 ], [ -96.87663, 32.73346 ], [ -96.87649, 32.73366 ], [ -96.87632, 32.73376 ], [ -96.8763, 32.73367 ], [ -96.87643, 32.73357 ], [ -96.87649, 32.73343 ], [ -96.87646, 32.7333 ], [ -96.87634, 32.73321 ] ] ] } },
{ "type": "Feature", "properties": { "area_acres": 0.14 }, "geometry": { "type": "Polygon", "coordinates": [ [ [ -96.8766, 32.73406 ], [ -96.87661, 32.73389 ], [ -96.87628, 32.73388 ], [ -96.87627, 32.73405 ], [ -96.8766, 32.73406 ] ] ] } },
{ "type": "Feature", "properties": { "area_acres": 0.39 }, "geometry": { "type": "Polygon", "coordinates": [ [ [ -96.8772, 32.73171 ], [ -96.877, 32.73171 ], [ -96.87698, 32.73247 ], [ -96.87718, 32.73248 ], [ -96.8772, 32.73171 ] ] ] } },
{ "type": "Feature", "properties": { "area_acres": 14.64 }, "geometry": { "type": "Polygon", "coordinates": [ [ [ -96.90523, 32.72776 ], [ -96.90498, 32.72759 ], [ -96.90492, 32.72729 ], [ -96.90524, 32.72676 ], [ -96.9052, 32.72649 ], [ -96.90511, 32.72627 ], [ -96.90487, 32.72603 ], [ -96.90482, 32.72578 ], [ -96.90485, 32.72542 ], [ -96.90509, 32.72507 ], [ -96.90617, 32.72484 ], [ -96.90696, 32.72483 ], [ -96.90741, 32.72494 ], [ -96.90765, 32.72518 ], [ -96.90775, 32.72541 ], [ -96.90652, 32.72576 ], [ -96.90651, 32.72601 ], [ -96.90719, 32.727 ], [ -96.90681, 32.72731 ], [ -96.90652, 32.72769 ], [ -96.90575, 32.72792 ], [ -96.90523, 32.72776 ] ] ] } },
{ "type": "Feature", "properties": { "area_acres": 3.71 }, "geometry": { "type": "Polygon", "coordinates": [ [ [ -96.9017, 32.72427 ], [ -96.90096, 32.72415 ], [ -96.90072, 32.72504 ], [ -96.90072, 32.72571 ], [ -96.90087, 32.72627 ], [ -96.90147, 32.72609 ], [ -96.90138, 32.72562 ], [ -96.9017, 32.72427 ] ] ] } },
{ "type": "Feature", "properties": { "area_acres": 1.45 }, "geometry": { "type": "Polygon", "coordinates": [ [ [ -96.90087, 32.72705 ], [ -96.90075, 32.72748 ], [ -96.90073, 32.72781 ], [ -96.90079, 32.72814 ], [ -96.9012, 32.72812 ], [ -96.9012, 32.72806 ], [ -96.90129, 32.72803 ], [ -96.90129, 32.7277 ], [ -96.90147, 32.72727 ], [ -96.90087, 32.72705 ] ] ] } },
{ "type": "Feature", "properties": { "area_acres": 1.91 }, "geometry": { "type": "Polygon", "coordinates": [ [ [ -96.90622, 32.72195 ], [ -96.90483, 32.72194 ], [ -96.90483, 32.72141 ], [ -96.90623, 32.72142 ], [ -96.90622, 32.72195 ] ] ] } },
{ "type": "Feature", "properties": { "area_acres": 0.4 }, "geometry": { "type": "Polygon", "coordinates": [ [ [ -96.90676, 32.72436 ], [ -96.90676, 32.72449 ], [ -96.90669, 32.72449 ], [ -96.90669, 32.72454 ], [ -96.90592, 32.72454 ], [ -96.90592, 32.72449 ], [ -96.90585, 32.72449 ], [ -96.90585, 32.72436 ], [ -96.90676, 32.72436 ] ] ] } },
{ "type": "Feature", "properties": { "area_acres": 0.71 }, "geometry": { "type": "Polygon", "coordinates": [ [ [ -96.91, 32.72409 ], [ -96.90978, 32.72401 ], [ -96.90945, 32.72359 ], [ -96.90955, 32.72341 ], [ -96.91023, 32.72367 ], [ -96.91, 32.72409 ] ] ] } },
{ "type": "Feature", "properties": { "area_acres": 2.09 }, "geometry": { "type": "Polygon", "coordinates": [ [ [ -96.91023, 32.72333 ], [ -96.90888, 32.72283 ], [ -96.90888, 32.72247 ], [ -96.91023, 32.72247 ], [ -96.91023, 32.72333 ] ] ] } },
{ "type": "Feature", "properties": { "area_acres": 0.29 }, "geometry": { "type": "Polygon", "coordinates": [ [ [ -96.90529, 32.72795 ], [ -96.90515, 32.72808 ], [ -96.90469, 32.72774 ], [ -96.90484, 32.72761 ], [ -96.90529, 32.72795 ] ] ] } },
{ "type": "Feature", "properties": { "area_acres": 0.2 }, "geometry": { "type": "Polygon", "coordinates": [ [ [ -96.90432, 32.72584 ], [ -96.90433, 32.72547 ], [ -96.90412, 32.72547 ], [ -96.90411, 32.72584 ], [ -96.90432, 32.72584 ] ] ] } },
{ "type": "Feature", "properties": { "area_acres": 0.13 }, "geometry": { "type": "Polygon", "coordinates": [ [ [ -96.90238, 32.72606 ], [ -96.90238, 32.72568 ], [ -96.90225, 32.72568 ], [ -96.90225, 32.72606 ], [ -96.90238, 32.72606 ] ] ] } },
{ "type": "Feature", "properties": { "area_acres": 0.46 }, "geometry": { "type": "Polygon", "coordinates": [ [ [ -96.98393, 32.68193 ], [ -96.98275, 32.68192 ], [ -96.98275, 32.68183 ], [ -96.98286, 32.68183 ], [ -96.98286, 32.68176 ], [ -96.98388, 32.68177 ], [ -96.98393, 32.68181 ], [ -96.98393, 32.68193 ] ] ] } },
{ "type": "Feature", "properties": { "area_acres": 0.49 }, "geometry": { "type": "Polygon", "coordinates": [ [ [ -96.98405, 32.68614 ], [ -96.98406, 32.68601 ], [ -96.9825, 32.686 ], [ -96.9825, 32.68613 ], [ -96.98405, 32.68614 ] ] ] } },
{ "type": "Feature", "properties": { "area_acres": 1.74 }, "geometry": { "type": "Polygon", "coordinates": [ [ [ -96.98229, 32.68586 ], [ -96.98226, 32.6823 ], [ -96.98207, 32.6823 ], [ -96.9821, 32.68586 ], [ -96.98229, 32.68586 ] ] ] } },
{ "type": "Feature", "properties": { "area_acres": 0.52 }, "geometry": { "type": "Polygon", "coordinates": [ [ [ -96.79306, 32.71719 ], [ -96.79334, 32.71763 ], [ -96.79296, 32.7178 ], [ -96.79272, 32.71735 ], [ -96.79306, 32.71719 ] ] ] } },
{ "type": "Feature", "properties": { "area_acres": 0.96 }, "geometry": { "type": "Polygon", "coordinates": [ [ [ -96.75076, 32.9132 ], [ -96.75154, 32.91314 ], [ -96.75159, 32.91362 ], [ -96.75081, 32.91368 ], [ -96.75076, 32.9132 ] ] ] } },
{ "type": "Feature", "properties": { "area_acres": 6.44 }, "geometry": { "type": "Polygon", "coordinates": [ [ [ -96.75575, 32.91284 ], [ -96.75514, 32.91226 ], [ -96.7545, 32.91273 ], [ -96.75438, 32.91261 ], [ -96.75405, 32.91286 ], [ -96.75417, 32.91298 ], [ -96.75295, 32.91391 ], [ -96.75327, 32.91411 ], [ -96.75291, 32.91437 ], [ -96.75326, 32.9147 ], [ -96.75575, 32.91284 ] ] ] } },
{ "type": "Feature", "properties": { "area_acres": 3.09 }, "geometry": { "type": "Polygon", "coordinates": [ [ [ -96.75644, 32.91125 ], [ -96.7557, 32.91118 ], [ -96.75569, 32.91107 ], [ -96.7558, 32.91108 ], [ -96.75579, 32.91063 ], [ -96.75562, 32.91061 ], [ -96.7556, 32.91067 ], [ -96.75537, 32.91065 ], [ -96.75545, 32.91044 ], [ -96.7554, 32.91043 ], [ -96.75543, 32.91027 ], [ -96.75538, 32.91026 ], [ -96.7554, 32.90993 ], [ -96.75535, 32.90992 ], [ -96.75535, 32.90964 ], [ -96.75619, 32.90973 ], [ -96.75615, 32.91006 ], [ -96.75619, 32.91007 ], [ -96.7562, 32.91024 ], [ -96.75625, 32.91024 ], [ -96.75635, 32.91047 ], [ -96.75634, 32.91058 ], [ -96.75641, 32.91065 ], [ -96.75649, 32.91093 ], [ -96.75644, 32.91125 ] ] ] } },
{ "type": "Feature", "properties": { "area_acres": 1.41 }, "geometry": { "type": "Polygon", "coordinates": [ [ [ -96.75279, 32.9094 ], [ -96.75283, 32.90976 ], [ -96.75197, 32.90983 ], [ -96.75196, 32.90978 ], [ -96.75186, 32.90978 ], [ -96.75186, 32.90984 ], [ -96.75166, 32.90986 ], [ -96.75165, 32.9098 ], [ -96.75157, 32.9098 ], [ -96.75145, 32.90992 ], [ -96.75117, 32.90991 ], [ -96.75123, 32.90973 ], [ -96.75145, 32.90958 ], [ -96.75143, 32.90952 ], [ -96.75279, 32.9094 ] ] ] } },
{ "type": "Feature", "properties": { "area_acres": 3.05 }, "geometry": { "type": "Polygon", "coordinates": [ [ [ -96.75353, 32.91511 ], [ -96.752, 32.91524 ], [ -96.75205, 32.91601 ], [ -96.75362, 32.91588 ], [ -96.75353, 32.91511 ] ] ] } },
{ "type": "Feature", "properties": { "area_acres": 1.95 }, "geometry": { "type": "Polygon", "coordinates": [ [ [ -96.75685, 32.91156 ], [ -96.75635, 32.91226 ], [ -96.7558, 32.91202 ], [ -96.75583, 32.91198 ], [ -96.75571, 32.91192 ], [ -96.75559, 32.91212 ], [ -96.75537, 32.91202 ], [ -96.75559, 32.91168 ], [ -96.7557, 32.91161 ], [ -96.75575, 32.91163 ], [ -96.75581, 32.91153 ], [ -96.75592, 32.91152 ], [ -96.75613, 32.9113 ], [ -96.75624, 32.91136 ], [ -96.75628, 32.91131 ], [ -96.75685, 32.91156 ] ] ] } },
{ "type": "Feature", "properties": { "area_acres": 4.71 }, "geometry": { "type": "Polygon", "coordinates": [ [ [ -96.7529, 32.91481 ], [ -96.75174, 32.91491 ], [ -96.75172, 32.9148 ], [ -96.75179, 32.9148 ], [ -96.75179, 32.91476 ], [ -96.75133, 32.91479 ], [ -96.7513, 32.91457 ], [ -96.75138, 32.91457 ], [ -96.75136, 32.91441 ], [ -96.75116, 32.91443 ], [ -96.75116, 32.91438 ], [ -96.75109, 32.91438 ], [ -96.75103, 32.91382 ], [ -96.75264, 32.91369 ], [ -96.75263, 32.91358 ], [ -96.75276, 32.91357 ], [ -96.7529, 32.91481 ] ] ] } },
{ "type": "Feature", "properties": { "area_acres": 0.58 }, "geometry": { "type": "Polygon", "coordinates": [ [ [ -96.71967, 32.79906 ], [ -96.71994, 32.79856 ], [ -96.71957, 32.79841 ], [ -96.71929, 32.79891 ], [ -96.71967, 32.79906 ] ] ] } },
{ "type": "Feature", "properties": { "area_acres": 1.72 }, "geometry": { "type": "Polygon", "coordinates": [ [ [ -96.84507, 32.88231 ], [ -96.84343, 32.8823 ], [ -96.84343, 32.88271 ], [ -96.84507, 32.88272 ], [ -96.84507, 32.88231 ] ] ] } },
{ "type": "Feature", "properties": { "area_acres": 2.41 }, "geometry": { "type": "Polygon", "coordinates": [ [ [ -96.76363, 32.88493 ], [ -96.76363, 32.8847 ], [ -96.76449, 32.88471 ], [ -96.76448, 32.88538 ], [ -96.76274, 32.88536 ], [ -96.76274, 32.88554 ], [ -96.76466, 32.88556 ], [ -96.76468, 32.88458 ], [ -96.76274, 32.88456 ], [ -96.76273, 32.88492 ], [ -96.76363, 32.88493 ] ] ] } },
{ "type": "Feature", "properties": { "area_acres": 1.68 }, "geometry": { "type": "Polygon", "coordinates": [ [ [ -96.76516, 32.88602 ], [ -96.76519, 32.8843 ], [ -96.76513, 32.88364 ], [ -96.76506, 32.88364 ], [ -96.76506, 32.88354 ], [ -96.7648, 32.88355 ], [ -96.7648, 32.88361 ], [ -96.76475, 32.88361 ], [ -96.76475, 32.88446 ], [ -96.765, 32.88447 ], [ -96.76496, 32.88601 ], [ -96.76516, 32.88602 ] ] ] } },
{ "type": "Feature", "properties": { "area_acres": 1.52 }, "geometry": { "type": "Polygon", "coordinates": [ [ [ -96.81581, 32.74979 ], [ -96.81638, 32.74979 ], [ -96.81638, 32.75054 ], [ -96.81658, 32.75054 ], [ -96.81658, 32.75085 ], [ -96.81643, 32.75085 ], [ -96.81643, 32.7508 ], [ -96.81634, 32.7508 ], [ -96.81634, 32.75072 ], [ -96.81586, 32.75072 ], [ -96.81586, 32.75059 ], [ -96.81581, 32.75059 ], [ -96.81581, 32.74979 ] ] ] } },
{ "type": "Feature", "properties": { "area_acres": 0.38 }, "geometry": { "type": "Polygon", "coordinates": [ [ [ -96.80838, 32.86038 ], [ -96.80835, 32.86046 ], [ -96.80655, 32.86047 ], [ -96.80659, 32.86038 ], [ -96.80838, 32.86038 ] ] ] } },
{ "type": "Feature", "properties": { "area_acres": 0.19 }, "geometry": { "type": "Polygon", "coordinates": [ [ [ -96.7858, 32.92756 ], [ -96.78532, 32.9275 ], [ -96.78535, 32.92735 ], [ -96.78582, 32.92741 ], [ -96.7858, 32.92756 ] ] ] } },
{ "type": "Feature", "properties": { "area_acres": 0.73 }, "geometry": { "type": "Polygon", "coordinates": [ [ [ -96.77643, 32.92684 ], [ -96.77674, 32.92647 ], [ -96.77596, 32.92637 ], [ -96.77589, 32.9268 ], [ -96.77643, 32.92684 ] ] ] } },
{ "type": "Feature", "properties": { "area_acres": 6.49 }, "geometry": { "type": "Polygon", "coordinates": [ [ [ -96.75016, 32.93336 ], [ -96.7502, 32.93138 ], [ -96.74896, 32.93138 ], [ -96.74896, 32.93224 ], [ -96.74887, 32.93229 ], [ -96.74884, 32.93324 ], [ -96.74897, 32.93336 ], [ -96.75016, 32.93336 ] ] ] } },
{ "type": "Feature", "properties": { "area_acres": 0.23 }, "geometry": { "type": "Polygon", "coordinates": [ [ [ -96.79186, 32.81424 ], [ -96.79197, 32.81404 ], [ -96.79159, 32.8139 ], [ -96.79149, 32.81411 ], [ -96.79186, 32.81424 ] ] ] } },
{ "type": "Feature", "properties": { "area_acres": 0.18 }, "geometry": { "type": "Polygon", "coordinates": [ [ [ -96.80469, 32.86187 ], [ -96.80469, 32.86167 ], [ -96.80509, 32.86168 ], [ -96.80509, 32.86185 ], [ -96.80469, 32.86187 ] ] ] } },
{ "type": "Feature", "properties": { "area_acres": 0.65 }, "geometry": { "type": "Polygon", "coordinates": [ [ [ -96.80346, 32.81917 ], [ -96.80346, 32.81868 ], [ -96.80295, 32.81867 ], [ -96.80295, 32.81917 ], [ -96.80346, 32.81917 ] ] ] } },
{ "type": "Feature", "properties": { "area_acres": 0.28 }, "geometry": { "type": "Polygon", "coordinates": [ [ [ -96.81354, 32.80841 ], [ -96.81375, 32.80824 ], [ -96.81344, 32.80797 ], [ -96.81323, 32.80815 ], [ -96.81354, 32.80841 ] ] ] } },
{ "type": "Feature", "properties": { "area_acres": 1.5 }, "geometry": { "type": "Polygon", "coordinates": [ [ [ -96.78227, 32.86394 ], [ -96.78227, 32.86341 ], [ -96.78133, 32.8634 ], [ -96.78133, 32.86405 ], [ -96.78204, 32.86405 ], [ -96.78204, 32.86398 ], [ -96.78227, 32.86394 ] ] ] } },
{ "type": "Feature", "properties": { "area_acres": 1.07 }, "geometry": { "type": "Polygon", "coordinates": [ [ [ -96.78254, 32.86532 ], [ -96.78254, 32.86495 ], [ -96.78246, 32.8649 ], [ -96.78153, 32.8649 ], [ -96.78153, 32.86532 ], [ -96.78254, 32.86532 ] ] ] } },
{ "type": "Feature", "properties": { "area_acres": 4.77 }, "geometry": { "type": "Polygon", "coordinates": [ [ [ -96.76973, 32.87434 ], [ -96.76975, 32.87269 ], [ -96.76973, 32.87215 ], [ -96.76968, 32.87208 ], [ -96.76914, 32.87208 ], [ -96.76883, 32.87202 ], [ -96.76796, 32.87206 ], [ -96.76797, 32.87256 ], [ -96.76801, 32.87279 ], [ -96.76809, 32.87283 ], [ -96.76844, 32.87283 ], [ -96.76866, 32.87253 ], [ -96.76866, 32.87232 ], [ -96.76935, 32.8723 ], [ -96.76934, 32.87275 ], [ -96.76882, 32.87327 ], [ -96.76882, 32.87351 ], [ -96.76917, 32.87381 ], [ -96.76942, 32.87383 ], [ -96.76952, 32.87393 ], [ -96.76953, 32.87434 ], [ -96.76973, 32.87434 ] ] ] } },
{ "type": "Feature", "properties": { "area_acres": 4.59 }, "geometry": { "type": "Polygon", "coordinates": [ [ [ -96.76667, 32.87518 ], [ -96.76662, 32.87518 ], [ -96.76675, 32.87454 ], [ -96.76696, 32.87426 ], [ -96.76606, 32.87426 ], [ -96.766, 32.87453 ], [ -96.76564, 32.87453 ], [ -96.76535, 32.87578 ], [ -96.76629, 32.87593 ], [ -96.76666, 32.87594 ], [ -96.76666, 32.87581 ], [ -96.76655, 32.87573 ], [ -96.76667, 32.87518 ] ] ] } },
{ "type": "Feature", "properties": { "area_acres": 3.28 }, "geometry": { "type": "Polygon", "coordinates": [ [ [ -96.76962, 32.87558 ], [ -96.76963, 32.87455 ], [ -96.7689, 32.87453 ], [ -96.76842, 32.87485 ], [ -96.76841, 32.87585 ], [ -96.76862, 32.87586 ], [ -96.76889, 32.87558 ], [ -96.76962, 32.87558 ] ] ] } },
{ "type": "Feature", "properties": { "area_acres": 2.42 }, "geometry": { "type": "Polygon", "coordinates": [ [ [ -96.76872, 32.8777 ], [ -96.76872, 32.87697 ], [ -96.76795, 32.87699 ], [ -96.76794, 32.8776 ], [ -96.76745, 32.8776 ], [ -96.76745, 32.87804 ], [ -96.76823, 32.87805 ], [ -96.76828, 32.87794 ], [ -96.76872, 32.8777 ] ] ] } },
{ "type": "Feature", "properties": { "area_acres": 3.81 }, "geometry": { "type": "Polygon", "coordinates": [ [ [ -96.7663, 32.87283 ], [ -96.7677, 32.87277 ], [ -96.76763, 32.87208 ], [ -96.76679, 32.8721 ], [ -96.76618, 32.87204 ], [ -96.76586, 32.87338 ], [ -96.76591, 32.87344 ], [ -96.76692, 32.87343 ], [ -96.76692, 32.87329 ], [ -96.7663, 32.87331 ], [ -96.7663, 32.87283 ] ] ] } },
{ "type": "Feature", "properties": { "area_acres": 0.74 }, "geometry": { "type": "Polygon", "coordinates": [ [ [ -96.80959, 32.82151 ], [ -96.80947, 32.82099 ], [ -96.80949, 32.82081 ], [ -96.80906, 32.82084 ], [ -96.8092, 32.82156 ], [ -96.80959, 32.82151 ] ] ] } },
{ "type": "Feature", "properties": { "area_acres": 0.3 }, "geometry": { "type": "Polygon", "coordinates": [ [ [ -96.81005, 32.82136 ], [ -96.81011, 32.82131 ], [ -96.81012, 32.82109 ], [ -96.81007, 32.82104 ], [ -96.80976, 32.82102 ], [ -96.80974, 32.82134 ], [ -96.81005, 32.82136 ] ] ] } },
{ "type": "Feature", "properties": { "area_acres": 0.94 }, "geometry": { "type": "Polygon", "coordinates": [ [ [ -96.80343, 32.82218 ], [ -96.80343, 32.82179 ], [ -96.80249, 32.82179 ], [ -96.80249, 32.82218 ], [ -96.80343, 32.82218 ] ] ] } },
{ "type": "Feature", "properties": { "area_acres": 0.08 }, "geometry": { "type": "Polygon", "coordinates": [ [ [ -96.8126, 32.82102 ], [ -96.8127, 32.82095 ], [ -96.81248, 32.82076 ], [ -96.81239, 32.82084 ], [ -96.8126, 32.82102 ] ] ] } },
{ "type": "Feature", "properties": { "area_acres": 0.07 }, "geometry": { "type": "Polygon", "coordinates": [ [ [ -96.81237, 32.82082 ], [ -96.81245, 32.82075 ], [ -96.81225, 32.82058 ], [ -96.81217, 32.82064 ], [ -96.81237, 32.82082 ] ] ] } },
{ "type": "Feature", "properties": { "area_acres": 0.05 }, "geometry": { "type": "Polygon", "coordinates": [ [ [ -96.81427, 32.82001 ], [ -96.81452, 32.81981 ], [ -96.81448, 32.81977 ], [ -96.81423, 32.81997 ], [ -96.81427, 32.82001 ] ] ] } },
{ "type": "Feature", "properties": { "area_acres": 0.04 }, "geometry": { "type": "Polygon", "coordinates": [ [ [ -96.81409, 32.81989 ], [ -96.81431, 32.81972 ], [ -96.81435, 32.81976 ], [ -96.81413, 32.81993 ], [ -96.81409, 32.81989 ] ] ] } },
{ "type": "Feature", "properties": { "area_acres": 0.04 }, "geometry": { "type": "Polygon", "coordinates": [ [ [ -96.81408, 32.81988 ], [ -96.81429, 32.81971 ], [ -96.81425, 32.81967 ], [ -96.81404, 32.81985 ], [ -96.81408, 32.81988 ] ] ] } },
{ "type": "Feature", "properties": { "area_acres": 0.03 }, "geometry": { "type": "Polygon", "coordinates": [ [ [ -96.81391, 32.81985 ], [ -96.81411, 32.81968 ], [ -96.81407, 32.81965 ], [ -96.81387, 32.81981 ], [ -96.81391, 32.81985 ] ] ] } },
{ "type": "Feature", "properties": { "area_acres": 0.04 }, "geometry": { "type": "Polygon", "coordinates": [ [ [ -96.81429, 32.82005 ], [ -96.81451, 32.81986 ], [ -96.81456, 32.8199 ], [ -96.81433, 32.82009 ], [ -96.81429, 32.82005 ] ] ] } },
{ "type": "Feature", "properties": { "area_acres": 0.05 }, "geometry": { "type": "Polygon", "coordinates": [ [ [ -96.81331, 32.81903 ], [ -96.81336, 32.819 ], [ -96.81322, 32.81888 ], [ -96.81301, 32.81905 ], [ -96.81305, 32.81908 ], [ -96.81321, 32.81895 ], [ -96.81331, 32.81903 ] ] ] } },
{ "type": "Feature", "properties": { "area_acres": 0.03 }, "geometry": { "type": "Polygon", "coordinates": [ [ [ -96.81342, 32.81897 ], [ -96.81334, 32.81889 ], [ -96.81342, 32.81883 ], [ -96.81351, 32.81891 ], [ -96.81342, 32.81897 ] ] ] } },
{ "type": "Feature", "properties": { "area_acres": 0.03 }, "geometry": { "type": "Polygon", "coordinates": [ [ [ -96.81299, 32.81879 ], [ -96.81317, 32.81864 ], [ -96.81313, 32.81861 ], [ -96.81296, 32.81876 ], [ -96.81299, 32.81879 ] ] ] } },
{ "type": "Feature", "properties": { "area_acres": 0.03 }, "geometry": { "type": "Polygon", "coordinates": [ [ [ -96.81292, 32.8187 ], [ -96.8131, 32.81855 ], [ -96.81305, 32.81852 ], [ -96.81288, 32.81867 ], [ -96.81292, 32.8187 ] ] ] } },
{ "type": "Feature", "properties": { "area_acres": 0.03 }, "geometry": { "type": "Polygon", "coordinates": [ [ [ -96.81283, 32.81862 ], [ -96.81301, 32.81847 ], [ -96.81298, 32.81844 ], [ -96.81279, 32.81859 ], [ -96.81283, 32.81862 ] ] ] } },
{ "type": "Feature", "properties": { "area_acres": 0.03 }, "geometry": { "type": "Polygon", "coordinates": [ [ [ -96.81329, 32.81885 ], [ -96.81337, 32.81878 ], [ -96.81329, 32.81871 ], [ -96.81321, 32.81878 ], [ -96.81329, 32.81885 ] ] ] } },
{ "type": "Feature", "properties": { "area_acres": 0.07 }, "geometry": { "type": "Polygon", "coordinates": [ [ [ -96.81375, 32.81828 ], [ -96.81379, 32.81825 ], [ -96.81331, 32.81784 ], [ -96.81328, 32.81787 ], [ -96.81375, 32.81828 ] ] ] } },
{ "type": "Feature", "properties": { "area_acres": 0.03 }, "geometry": { "type": "Polygon", "coordinates": [ [ [ -96.81283, 32.81786 ], [ -96.8128, 32.81783 ], [ -96.81302, 32.81765 ], [ -96.81305, 32.81769 ], [ -96.81283, 32.81786 ] ] ] } },
{ "type": "Feature", "properties": { "area_acres": 0.04 }, "geometry": { "type": "Polygon", "coordinates": [ [ [ -96.80425, 32.81888 ], [ -96.80427, 32.81893 ], [ -96.80397, 32.81893 ], [ -96.80397, 32.81889 ], [ -96.80425, 32.81888 ] ] ] } },
{ "type": "Feature", "properties": { "area_acres": 0.85 }, "geometry": { "type": "Polygon", "coordinates": [ [ [ -96.84858, 32.82383 ], [ -96.84821, 32.82353 ], [ -96.84767, 32.82397 ], [ -96.84802, 32.82428 ], [ -96.84858, 32.82383 ] ] ] } },
{ "type": "Feature", "properties": { "area_acres": 0.33 }, "geometry": { "type": "Polygon", "coordinates": [ [ [ -96.79634, 32.88106 ], [ -96.79636, 32.88038 ], [ -96.79617, 32.88037 ], [ -96.79616, 32.88106 ], [ -96.79634, 32.88106 ] ] ] } },
{ "type": "Feature", "properties": { "area_acres": 1.01 }, "geometry": { "type": "Polygon", "coordinates": [ [ [ -96.79729, 32.88113 ], [ -96.79779, 32.88113 ], [ -96.7978, 32.88014 ], [ -96.79742, 32.88014 ], [ -96.79742, 32.88047 ], [ -96.79756, 32.88055 ], [ -96.79756, 32.88066 ], [ -96.7974, 32.8807 ], [ -96.7973, 32.88079 ], [ -96.79729, 32.88113 ] ] ] } },
{ "type": "Feature", "properties": { "area_acres": 0.42 }, "geometry": { "type": "Polygon", "coordinates": [ [ [ -96.82459, 32.87828 ], [ -96.82445, 32.87846 ], [ -96.82429, 32.87846 ], [ -96.8243, 32.87841 ], [ -96.82424, 32.87841 ], [ -96.82424, 32.87818 ], [ -96.82429, 32.87818 ], [ -96.8243, 32.87794 ], [ -96.82436, 32.87794 ], [ -96.82436, 32.87785 ], [ -96.82452, 32.87785 ], [ -96.82453, 32.87795 ], [ -96.82459, 32.87795 ], [ -96.82459, 32.87828 ] ] ] } },
{ "type": "Feature", "properties": { "area_acres": 0.51 }, "geometry": { "type": "Polygon", "coordinates": [ [ [ -96.8235, 32.87965 ], [ -96.82395, 32.87962 ], [ -96.82403, 32.87925 ], [ -96.82359, 32.87919 ], [ -96.8235, 32.87957 ], [ -96.8235, 32.87965 ] ] ] } },
{ "type": "Feature", "properties": { "area_acres": 0.16 }, "geometry": { "type": "Polygon", "coordinates": [ [ [ -96.82378, 32.87999 ], [ -96.82379, 32.8797 ], [ -96.82359, 32.87969 ], [ -96.82357, 32.87998 ], [ -96.82378, 32.87999 ] ] ] } },
{ "type": "Feature", "properties": { "area_acres": 0.17 }, "geometry": { "type": "Polygon", "coordinates": [ [ [ -96.82399, 32.87904 ], [ -96.82399, 32.87886 ], [ -96.82362, 32.87885 ], [ -96.82361, 32.87904 ], [ -96.82399, 32.87904 ] ] ] } },
{ "type": "Feature", "properties": { "area_acres": 0.26 }, "geometry": { "type": "Polygon", "coordinates": [ [ [ -96.82241, 32.87987 ], [ -96.82247, 32.87989 ], [ -96.82252, 32.87981 ], [ -96.82275, 32.87903 ], [ -96.82279, 32.87887 ], [ -96.82271, 32.87878 ], [ -96.82241, 32.87987 ] ] ] } },
{ "type": "Feature", "properties": { "area_acres": 0.42 }, "geometry": { "type": "Polygon", "coordinates": [ [ [ -96.82176, 32.87821 ], [ -96.82174, 32.87806 ], [ -96.82286, 32.87807 ], [ -96.82284, 32.87821 ], [ -96.82176, 32.87821 ] ] ] } },
{ "type": "Feature", "properties": { "area_acres": 0.08 }, "geometry": { "type": "Polygon", "coordinates": [ [ [ -96.82471, 32.87791 ], [ -96.82477, 32.87789 ], [ -96.82476, 32.87739 ], [ -96.82471, 32.87741 ], [ -96.82471, 32.87791 ] ] ] } },
{ "type": "Feature", "properties": { "area_acres": 0.1 }, "geometry": { "type": "Polygon", "coordinates": [ [ [ -96.82334, 32.87737 ], [ -96.82341, 32.87743 ], [ -96.82374, 32.87716 ], [ -96.82369, 32.8771 ], [ -96.82334, 32.87737 ] ] ] } },
{ "type": "Feature", "properties": { "area_acres": 2.36 }, "geometry": { "type": "Polygon", "coordinates": [ [ [ -96.82616, 32.90928 ], [ -96.82616, 32.90866 ], [ -96.8271, 32.90866 ], [ -96.82708, 32.90889 ], [ -96.82714, 32.90895 ], [ -96.8279, 32.90895 ], [ -96.8279, 32.90934 ], [ -96.82662, 32.90933 ], [ -96.82662, 32.90927 ], [ -96.82652, 32.90931 ], [ -96.82616, 32.90928 ] ] ] } },
{ "type": "Feature", "properties": { "area_acres": 0.39 }, "geometry": { "type": "Polygon", "coordinates": [ [ [ -96.82596, 32.90906 ], [ -96.82613, 32.90908 ], [ -96.82613, 32.90856 ], [ -96.82578, 32.90862 ], [ -96.82565, 32.9087 ], [ -96.82575, 32.90876 ], [ -96.82596, 32.90906 ] ] ] } },
{ "type": "Feature", "properties": { "area_acres": 0.62 }, "geometry": { "type": "Polygon", "coordinates": [ [ [ -96.82924, 32.90931 ], [ -96.82924, 32.90914 ], [ -96.82896, 32.90914 ], [ -96.82896, 32.90898 ], [ -96.82846, 32.90898 ], [ -96.82846, 32.90913 ], [ -96.82831, 32.90913 ], [ -96.82831, 32.90931 ], [ -96.82924, 32.90931 ] ] ] } },
{ "type": "Feature", "properties": { "area_acres": 0.72 }, "geometry": { "type": "Polygon", "coordinates": [ [ [ -96.82839, 32.90685 ], [ -96.82839, 32.90618 ], [ -96.82861, 32.90618 ], [ -96.82861, 32.90606 ], [ -96.82876, 32.90606 ], [ -96.82876, 32.90696 ], [ -96.8286, 32.90696 ], [ -96.8286, 32.90685 ], [ -96.82839, 32.90685 ] ] ] } },
{ "type": "Feature", "properties": { "area_acres": 0.23 }, "geometry": { "type": "Polygon", "coordinates": [ [ [ -96.82823, 32.90625 ], [ -96.82823, 32.90608 ], [ -96.82769, 32.90608 ], [ -96.82769, 32.90625 ], [ -96.82823, 32.90625 ] ] ] } },
{ "type": "Feature", "properties": { "area_acres": 0.06 }, "geometry": { "type": "Polygon", "coordinates": [ [ [ -96.82712, 32.90733 ], [ -96.82724, 32.90726 ], [ -96.82723, 32.90714 ], [ -96.82717, 32.90716 ], [ -96.82713, 32.90728 ], [ -96.82693, 32.90721 ], [ -96.82698, 32.9073 ], [ -96.82712, 32.90733 ] ] ] } },
{ "type": "Feature", "properties": { "area_acres": 0.03 }, "geometry": { "type": "Polygon", "coordinates": [ [ [ -96.82721, 32.90707 ], [ -96.82724, 32.90702 ], [ -96.82717, 32.907 ], [ -96.82699, 32.90699 ], [ -96.827, 32.90705 ], [ -96.82721, 32.90707 ] ] ] } },
{ "type": "Feature", "properties": { "area_acres": 1.0 }, "geometry": { "type": "Polygon", "coordinates": [ [ [ -96.81039, 32.86501 ], [ -96.81039, 32.86537 ], [ -96.80908, 32.86538 ], [ -96.80907, 32.86488 ], [ -96.80925, 32.86488 ], [ -96.80926, 32.86522 ], [ -96.80958, 32.86522 ], [ -96.80958, 32.86502 ], [ -96.8097, 32.86502 ], [ -96.8097, 32.86491 ], [ -96.80996, 32.86491 ], [ -96.80996, 32.86525 ], [ -96.81027, 32.86525 ], [ -96.81027, 32.86501 ], [ -96.81039, 32.86501 ] ] ] } },
{ "type": "Feature", "properties": { "area_acres": 1.06 }, "geometry": { "type": "Polygon", "coordinates": [ [ [ -96.95865, 32.63914 ], [ -96.95881, 32.63866 ], [ -96.95876, 32.63859 ], [ -96.95849, 32.63855 ], [ -96.95797, 32.63856 ], [ -96.9579, 32.63888 ], [ -96.95801, 32.63899 ], [ -96.95865, 32.63914 ] ] ] } },
{ "type": "Feature", "properties": { "area_acres": 2.13 }, "geometry": { "type": "Polygon", "coordinates": [ [ [ -96.82529, 32.7981 ], [ -96.82493, 32.79745 ], [ -96.82692, 32.79664 ], [ -96.827, 32.79678 ], [ -96.82659, 32.79696 ], [ -96.82674, 32.79723 ], [ -96.82658, 32.79729 ], [ -96.82643, 32.79702 ], [ -96.82553, 32.79734 ], [ -96.82577, 32.79776 ], [ -96.82662, 32.79742 ], [ -96.82649, 32.7976 ], [ -96.82529, 32.7981 ] ] ] } },
{ "type": "Feature", "properties": { "area_acres": 10.4 }, "geometry": { "type": "Polygon", "coordinates": [ [ [ -96.98538, 32.74501 ], [ -96.98523, 32.74291 ], [ -96.9857, 32.74289 ], [ -96.98568, 32.74274 ], [ -96.98615, 32.74277 ], [ -96.98616, 32.74273 ], [ -96.98666, 32.74293 ], [ -96.98709, 32.74333 ], [ -96.98735, 32.74386 ], [ -96.98737, 32.74439 ], [ -96.98728, 32.74465 ], [ -96.98707, 32.74494 ], [ -96.98538, 32.74501 ] ] ] } },
{ "type": "Feature", "properties": { "area_acres": 2.11 }, "geometry": { "type": "Polygon", "coordinates": [ [ [ -96.78188, 32.79525 ], [ -96.78231, 32.79566 ], [ -96.78146, 32.79636 ], [ -96.78093, 32.79591 ], [ -96.78096, 32.79588 ], [ -96.78092, 32.79585 ], [ -96.7817, 32.79521 ], [ -96.78182, 32.79531 ], [ -96.78188, 32.79525 ] ] ] } },
{ "type": "Feature", "properties": { "area_acres": 1.08 }, "geometry": { "type": "Polygon", "coordinates": [ [ [ -96.77921, 32.79408 ], [ -96.77855, 32.79463 ], [ -96.77817, 32.79431 ], [ -96.77883, 32.79376 ], [ -96.77921, 32.79408 ] ] ] } },
{ "type": "Feature", "properties": { "area_acres": 1.36 }, "geometry": { "type": "Polygon", "coordinates": [ [ [ -96.78185, 32.79439 ], [ -96.78152, 32.79466 ], [ -96.78059, 32.7939 ], [ -96.78098, 32.7936 ], [ -96.78185, 32.79439 ] ] ] } },
{ "type": "Feature", "properties": { "area_acres": 0.42 }, "geometry": { "type": "Polygon", "coordinates": [ [ [ -96.95507, 32.64267 ], [ -96.95511, 32.64276 ], [ -96.95497, 32.64281 ], [ -96.95479, 32.64249 ], [ -96.95469, 32.64247 ], [ -96.95448, 32.64254 ], [ -96.95438, 32.64238 ], [ -96.95461, 32.6423 ], [ -96.95489, 32.64233 ], [ -96.95504, 32.64249 ], [ -96.95512, 32.64265 ], [ -96.95507, 32.64267 ] ] ] } },
{ "type": "Feature", "properties": { "area_acres": 0.55 }, "geometry": { "type": "Polygon", "coordinates": [ [ [ -96.95615, 32.64195 ], [ -96.95605, 32.64177 ], [ -96.95571, 32.64185 ], [ -96.9555, 32.64174 ], [ -96.95543, 32.64178 ], [ -96.95558, 32.64188 ], [ -96.95536, 32.64205 ], [ -96.95559, 32.64219 ], [ -96.95578, 32.64219 ], [ -96.95582, 32.64213 ], [ -96.95611, 32.64203 ], [ -96.95615, 32.64195 ] ] ] } },
{ "type": "Feature", "properties": { "area_acres": 4.67 }, "geometry": { "type": "Polygon", "coordinates": [ [ [ -96.82166, 32.80073 ], [ -96.82154, 32.80139 ], [ -96.82084, 32.80103 ], [ -96.821, 32.80087 ], [ -96.81919, 32.79983 ], [ -96.81903, 32.80002 ], [ -96.81862, 32.79979 ], [ -96.81861, 32.79967 ], [ -96.8184, 32.79955 ], [ -96.81864, 32.79924 ], [ -96.8188, 32.79926 ], [ -96.81899, 32.7992 ], [ -96.82166, 32.80073 ] ] ] } },
{ "type": "Feature", "properties": { "area_acres": 0.11 }, "geometry": { "type": "Polygon", "coordinates": [ [ [ -96.80169, 32.77586 ], [ -96.80161, 32.77553 ], [ -96.80148, 32.77556 ], [ -96.80156, 32.77589 ], [ -96.80169, 32.77586 ] ] ] } },
{ "type": "Feature", "properties": { "area_acres": 0.08 }, "geometry": { "type": "Polygon", "coordinates": [ [ [ -96.80071, 32.77672 ], [ -96.8007, 32.77661 ], [ -96.80041, 32.77663 ], [ -96.80041, 32.77673 ], [ -96.80071, 32.77672 ] ] ] } },
{ "type": "Feature", "properties": { "area_acres": 0.36 }, "geometry": { "type": "Polygon", "coordinates": [ [ [ -96.72975, 32.8229 ], [ -96.72992, 32.82286 ], [ -96.72996, 32.82297 ], [ -96.73001, 32.82296 ], [ -96.73018, 32.82337 ], [ -96.73031, 32.82349 ], [ -96.73021, 32.82358 ], [ -96.73003, 32.82338 ], [ -96.72995, 32.8234 ], [ -96.72975, 32.8229 ] ] ] } },
{ "type": "Feature", "properties": { "area_acres": 0.53 }, "geometry": { "type": "Polygon", "coordinates": [ [ [ -96.72765, 32.81431 ], [ -96.72746, 32.81446 ], [ -96.7273, 32.81447 ], [ -96.72723, 32.81439 ], [ -96.72718, 32.81428 ], [ -96.72723, 32.81427 ], [ -96.72723, 32.81407 ], [ -96.72716, 32.81405 ], [ -96.72735, 32.81375 ], [ -96.72763, 32.81398 ], [ -96.72756, 32.81411 ], [ -96.7273, 32.81413 ], [ -96.72731, 32.81418 ], [ -96.72755, 32.81417 ], [ -96.72765, 32.81431 ] ] ] } },
{ "type": "Feature", "properties": { "area_acres": 0.47 }, "geometry": { "type": "Polygon", "coordinates": [ [ [ -96.72929, 32.82027 ], [ -96.72952, 32.82059 ], [ -96.7291, 32.8208 ], [ -96.729, 32.82065 ], [ -96.72926, 32.82052 ], [ -96.72921, 32.82045 ], [ -96.72895, 32.82058 ], [ -96.72884, 32.82043 ], [ -96.7292, 32.82025 ], [ -96.72924, 32.82029 ], [ -96.72929, 32.82027 ] ] ] } },
{ "type": "Feature", "properties": { "area_acres": 0.5 }, "geometry": { "type": "Polygon", "coordinates": [ [ [ -96.72922, 32.82152 ], [ -96.72971, 32.82221 ], [ -96.72952, 32.82232 ], [ -96.72901, 32.82163 ], [ -96.72922, 32.82152 ] ] ] } },
{ "type": "Feature", "properties": { "area_acres": 0.48 }, "geometry": { "type": "Polygon", "coordinates": [ [ [ -96.87228, 32.66259 ], [ -96.87173, 32.66277 ], [ -96.87168, 32.66264 ], [ -96.87145, 32.66261 ], [ -96.87151, 32.66236 ], [ -96.87227, 32.66251 ], [ -96.87228, 32.66259 ] ] ] } },
{ "type": "Feature", "properties": { "area_acres": 2.75 }, "geometry": { "type": "Polygon", "coordinates": [ [ [ -96.87193, 32.66307 ], [ -96.87136, 32.66266 ], [ -96.871, 32.66303 ], [ -96.87043, 32.66269 ], [ -96.87006, 32.66309 ], [ -96.87104, 32.66369 ], [ -96.87141, 32.66365 ], [ -96.87193, 32.66307 ] ] ] } },
{ "type": "Feature", "properties": { "area_acres": 0.35 }, "geometry": { "type": "Polygon", "coordinates": [ [ [ -96.87134, 32.66251 ], [ -96.87082, 32.66247 ], [ -96.87067, 32.66251 ], [ -96.87059, 32.66235 ], [ -96.87078, 32.66227 ], [ -96.87134, 32.66233 ], [ -96.87134, 32.66251 ] ] ] } },
{ "type": "Feature", "properties": { "area_acres": 2.44 }, "geometry": { "type": "Polygon", "coordinates": [ [ [ -96.87412, 32.6639 ], [ -96.87404, 32.6639 ], [ -96.87402, 32.6637 ], [ -96.87334, 32.6637 ], [ -96.87321, 32.66358 ], [ -96.8732, 32.66278 ], [ -96.87279, 32.66276 ], [ -96.87282, 32.66259 ], [ -96.87391, 32.66276 ], [ -96.87412, 32.66295 ], [ -96.87412, 32.6639 ] ] ] } },
{ "type": "Feature", "properties": { "area_acres": 0.87 }, "geometry": { "type": "Polygon", "coordinates": [ [ [ -96.87384, 32.65007 ], [ -96.87359, 32.65007 ], [ -96.87357, 32.64942 ], [ -96.87344, 32.64941 ], [ -96.87343, 32.64901 ], [ -96.87384, 32.64901 ], [ -96.87384, 32.65007 ] ] ] } },
{ "type": "Feature", "properties": { "area_acres": 5.17 }, "geometry": { "type": "Polygon", "coordinates": [ [ [ -96.87399, 32.64887 ], [ -96.87225, 32.64887 ], [ -96.87226, 32.64772 ], [ -96.87398, 32.64771 ], [ -96.87399, 32.64887 ] ] ] } },
{ "type": "Feature", "properties": { "area_acres": 2.48 }, "geometry": { "type": "Polygon", "coordinates": [ [ [ -96.87215, 32.64888 ], [ -96.87215, 32.64777 ], [ -96.87173, 32.64776 ], [ -96.87174, 32.64809 ], [ -96.87097, 32.6481 ], [ -96.87098, 32.64878 ], [ -96.87194, 32.64879 ], [ -96.87215, 32.64888 ] ] ] } },
{ "type": "Feature", "properties": { "area_acres": 0.96 }, "geometry": { "type": "Polygon", "coordinates": [ [ [ -96.87075, 32.64865 ], [ -96.87032, 32.64864 ], [ -96.87032, 32.64778 ], [ -96.87067, 32.64778 ], [ -96.87067, 32.64771 ], [ -96.87075, 32.64774 ], [ -96.87075, 32.64865 ] ] ] } },
{ "type": "Feature", "properties": { "area_acres": 0.04 }, "geometry": { "type": "Polygon", "coordinates": [ [ [ -96.87054, 32.64875 ], [ -96.86997, 32.64874 ], [ -96.86997, 32.64871 ], [ -96.87054, 32.64872 ], [ -96.87054, 32.64875 ] ] ] } },
{ "type": "Feature", "properties": { "area_acres": 0.59 }, "geometry": { "type": "Polygon", "coordinates": [ [ [ -96.89098, 32.648 ], [ -96.89059, 32.648 ], [ -96.89059, 32.64776 ], [ -96.8907, 32.64776 ], [ -96.8907, 32.64765 ], [ -96.89101, 32.64764 ], [ -96.89111, 32.64771 ], [ -96.89112, 32.64844 ], [ -96.89098, 32.64843 ], [ -96.89098, 32.648 ] ] ] } },
{ "type": "Feature", "properties": { "area_acres": 1.75 }, "geometry": { "type": "Polygon", "coordinates": [ [ [ -96.98501, 32.69797 ], [ -96.985, 32.69697 ], [ -96.98432, 32.69697 ], [ -96.98433, 32.69797 ], [ -96.98501, 32.69797 ] ] ] } },
{ "type": "Feature", "properties": { "area_acres": 3.3 }, "geometry": { "type": "Polygon", "coordinates": [ [ [ -96.86834, 32.64925 ], [ -96.86845, 32.64914 ], [ -96.86845, 32.64819 ], [ -96.86836, 32.6482 ], [ -96.86835, 32.64801 ], [ -96.86818, 32.648 ], [ -96.86819, 32.64784 ], [ -96.86811, 32.64784 ], [ -96.8681, 32.6477 ], [ -96.86744, 32.64771 ], [ -96.86744, 32.64889 ], [ -96.86834, 32.64925 ] ] ] } },
{ "type": "Feature", "properties": { "area_acres": 19.65 }, "geometry": { "type": "Polygon", "coordinates": [ [ [ -96.88976, 32.6495 ], [ -96.88976, 32.65001 ], [ -96.88896, 32.65002 ], [ -96.88899, 32.6495 ], [ -96.88816, 32.64949 ], [ -96.88813, 32.65025 ], [ -96.88799, 32.65025 ], [ -96.88799, 32.6515 ], [ -96.88854, 32.65149 ], [ -96.88896, 32.65111 ], [ -96.88911, 32.65081 ], [ -96.88936, 32.65075 ], [ -96.88963, 32.65082 ], [ -96.88978, 32.65112 ], [ -96.89009, 32.65138 ], [ -96.89009, 32.65232 ], [ -96.88962, 32.65241 ], [ -96.88946, 32.65226 ], [ -96.88901, 32.65227 ], [ -96.889, 32.65199 ], [ -96.88881, 32.65181 ], [ -96.88861, 32.65182 ], [ -96.88861, 32.65167 ], [ -96.88799, 32.65166 ], [ -96.888, 32.6527 ], [ -96.88878, 32.6527 ], [ -96.88879, 32.65331 ], [ -96.89065, 32.6533 ], [ -96.89066, 32.65314 ], [ -96.89073, 32.65313 ], [ -96.89076, 32.64948 ], [ -96.88976, 32.6495 ] ] ] } },
{ "type": "Feature", "properties": { "area_acres": 1.67 }, "geometry": { "type": "Polygon", "coordinates": [ [ [ -96.87141, 32.64894 ], [ -96.87094, 32.6489 ], [ -96.87078, 32.64894 ], [ -96.87085, 32.64944 ], [ -96.87078, 32.64944 ], [ -96.87079, 32.64999 ], [ -96.87141, 32.64999 ], [ -96.87141, 32.64894 ] ] ] } },
{ "type": "Feature", "properties": { "area_acres": 1.18 }, "geometry": { "type": "Polygon", "coordinates": [ [ [ -96.82032, 33.00997 ], [ -96.81985, 33.00996 ], [ -96.81973, 33.01006 ], [ -96.81972, 33.01075 ], [ -96.82031, 33.01075 ], [ -96.82032, 33.00997 ] ] ] } },
{ "type": "Feature", "properties": { "area_acres": 0.17 }, "geometry": { "type": "Polygon", "coordinates": [ [ [ -96.81919, 33.00638 ], [ -96.81928, 33.00644 ], [ -96.81932, 33.00641 ], [ -96.81941, 33.00651 ], [ -96.81936, 33.00653 ], [ -96.81947, 33.0067 ], [ -96.8194, 33.00681 ], [ -96.81926, 33.00678 ], [ -96.81926, 33.00665 ], [ -96.81932, 33.00664 ], [ -96.81928, 33.00656 ], [ -96.81924, 33.00659 ], [ -96.81912, 33.00648 ], [ -96.81919, 33.00638 ] ] ] } },
{ "type": "Feature", "properties": { "area_acres": 0.03 }, "geometry": { "type": "Polygon", "coordinates": [ [ [ -96.86604, 32.64108 ], [ -96.86604, 32.64113 ], [ -96.86583, 32.64114 ], [ -96.86583, 32.64108 ], [ -96.86604, 32.64108 ] ] ] } },
{ "type": "Feature", "properties": { "area_acres": 0.03 }, "geometry": { "type": "Polygon", "coordinates": [ [ [ -96.86582, 32.64158 ], [ -96.86582, 32.64141 ], [ -96.86576, 32.64141 ], [ -96.86576, 32.64158 ], [ -96.86582, 32.64158 ] ] ] } },
{ "type": "Feature", "properties": { "area_acres": 0.16 }, "geometry": { "type": "Polygon", "coordinates": [ [ [ -96.86623, 32.64176 ], [ -96.86623, 32.6416 ], [ -96.86585, 32.6416 ], [ -96.86585, 32.64176 ], [ -96.86623, 32.64176 ] ] ] } },
{ "type": "Feature", "properties": { "area_acres": 0.06 }, "geometry": { "type": "Polygon", "coordinates": [ [ [ -96.86612, 32.64102 ], [ -96.86612, 32.64097 ], [ -96.86565, 32.64097 ], [ -96.86565, 32.64102 ], [ -96.86612, 32.64102 ] ] ] } },
{ "type": "Feature", "properties": { "area_acres": 2.89 }, "geometry": { "type": "Polygon", "coordinates": [ [ [ -96.8762, 32.64693 ], [ -96.87614, 32.64732 ], [ -96.87582, 32.64732 ], [ -96.87582, 32.64727 ], [ -96.8756, 32.64727 ], [ -96.87561, 32.64732 ], [ -96.87473, 32.64732 ], [ -96.87447, 32.64708 ], [ -96.87446, 32.64669 ], [ -96.87453, 32.64669 ], [ -96.87453, 32.64663 ], [ -96.87491, 32.64662 ], [ -96.87492, 32.64668 ], [ -96.8756, 32.64662 ], [ -96.87561, 32.64669 ], [ -96.8762, 32.64666 ], [ -96.87637, 32.64679 ], [ -96.8762, 32.64693 ] ] ] } },
{ "type": "Feature", "properties": { "area_acres": 0.79 }, "geometry": { "type": "Polygon", "coordinates": [ [ [ -96.87141, 32.64734 ], [ -96.87066, 32.64733 ], [ -96.87063, 32.64698 ], [ -96.87138, 32.64697 ], [ -96.87139, 32.64657 ], [ -96.87146, 32.64656 ], [ -96.87141, 32.64734 ] ] ] } },
{ "type": "Feature", "properties": { "area_acres": 0.3 }, "geometry": { "type": "Polygon", "coordinates": [ [ [ -96.87064, 32.64626 ], [ -96.87077, 32.64582 ], [ -96.87125, 32.64582 ], [ -96.87126, 32.64576 ], [ -96.87077, 32.64576 ], [ -96.87069, 32.6458 ], [ -96.87056, 32.64574 ], [ -96.87047, 32.64611 ], [ -96.8706, 32.64614 ], [ -96.87057, 32.64624 ], [ -96.87064, 32.64626 ] ] ] } },
{ "type": "Feature", "properties": { "area_acres": 6.41 }, "geometry": { "type": "Polygon", "coordinates": [ [ [ -96.87668, 32.64456 ], [ -96.87464, 32.64453 ], [ -96.87464, 32.64427 ], [ -96.87457, 32.64427 ], [ -96.87457, 32.64405 ], [ -96.87464, 32.64405 ], [ -96.87464, 32.64378 ], [ -96.87765, 32.64378 ], [ -96.87765, 32.64479 ], [ -96.87704, 32.64481 ], [ -96.87668, 32.64456 ] ] ] } },
{ "type": "Feature", "properties": { "area_acres": 1.21 }, "geometry": { "type": "Polygon", "coordinates": [ [ [ -96.87803, 32.64588 ], [ -96.87755, 32.64588 ], [ -96.87755, 32.64532 ], [ -96.87802, 32.64531 ], [ -96.87801, 32.64501 ], [ -96.87835, 32.64501 ], [ -96.87836, 32.64536 ], [ -96.87824, 32.64537 ], [ -96.87825, 32.64574 ], [ -96.87803, 32.64575 ], [ -96.87803, 32.64588 ] ] ] } },
{ "type": "Feature", "properties": { "area_acres": 0.35 }, "geometry": { "type": "Polygon", "coordinates": [ [ [ -96.8759, 32.64543 ], [ -96.87589, 32.64478 ], [ -96.87611, 32.64477 ], [ -96.8761, 32.64543 ], [ -96.8759, 32.64543 ] ] ] } },
{ "type": "Feature", "properties": { "area_acres": 1.22 }, "geometry": { "type": "Polygon", "coordinates": [ [ [ -96.76002, 32.88215 ], [ -96.7599, 32.88213 ], [ -96.75971, 32.88265 ], [ -96.75975, 32.88272 ], [ -96.75969, 32.88275 ], [ -96.75987, 32.88306 ], [ -96.75995, 32.88307 ], [ -96.75999, 32.88312 ], [ -96.76036, 32.88313 ], [ -96.76037, 32.88306 ], [ -96.76047, 32.88306 ], [ -96.76048, 32.88295 ], [ -96.76002, 32.88215 ] ] ] } },
{ "type": "Feature", "properties": { "area_acres": 0.5 }, "geometry": { "type": "Polygon", "coordinates": [ [ [ -96.78635, 32.78374 ], [ -96.78561, 32.7839 ], [ -96.78554, 32.78365 ], [ -96.78628, 32.78349 ], [ -96.78635, 32.78374 ] ] ] } },
{ "type": "Feature", "properties": { "area_acres": 0.37 }, "geometry": { "type": "Polygon", "coordinates": [ [ [ -96.78256, 32.78551 ], [ -96.78251, 32.78533 ], [ -96.78175, 32.78547 ], [ -96.7818, 32.78565 ], [ -96.78256, 32.78551 ] ] ] } },
{ "type": "Feature", "properties": { "area_acres": 0.34 }, "geometry": { "type": "Polygon", "coordinates": [ [ [ -96.84794, 32.8435 ], [ -96.84771, 32.8433 ], [ -96.84802, 32.84306 ], [ -96.84832, 32.84332 ], [ -96.84818, 32.84344 ], [ -96.8481, 32.84337 ], [ -96.84794, 32.8435 ] ] ] } },
{ "type": "Feature", "properties": { "area_acres": 16.76 }, "geometry": { "type": "Polygon", "coordinates": [ [ [ -96.94102, 32.70421 ], [ -96.93995, 32.7042 ], [ -96.93994, 32.70522 ], [ -96.93743, 32.70518 ], [ -96.93743, 32.70514 ], [ -96.93737, 32.70514 ], [ -96.93738, 32.70475 ], [ -96.93743, 32.70475 ], [ -96.93744, 32.70469 ], [ -96.93758, 32.70469 ], [ -96.93757, 32.7037 ], [ -96.93763, 32.7037 ], [ -96.93763, 32.70365 ], [ -96.93777, 32.70365 ], [ -96.93776, 32.70305 ], [ -96.93783, 32.70305 ], [ -96.93783, 32.703 ], [ -96.94103, 32.70302 ], [ -96.94103, 32.70306 ], [ -96.94109, 32.70306 ], [ -96.94108, 32.70415 ], [ -96.94102, 32.70415 ], [ -96.94102, 32.70421 ] ] ] } },
{ "type": "Feature", "properties": { "area_acres": 0.94 }, "geometry": { "type": "Polygon", "coordinates": [ [ [ -96.76868, 32.93405 ], [ -96.76812, 32.93405 ], [ -96.76813, 32.93335 ], [ -96.76862, 32.93334 ], [ -96.76862, 32.93373 ], [ -96.76869, 32.93373 ], [ -96.76868, 32.93405 ] ] ] } },
{ "type": "Feature", "properties": { "area_acres": 0.67 }, "geometry": { "type": "Polygon", "coordinates": [ [ [ -96.76478, 32.93477 ], [ -96.76492, 32.93429 ], [ -96.76543, 32.9344 ], [ -96.76528, 32.93489 ], [ -96.76478, 32.93477 ] ] ] } },
{ "type": "Feature", "properties": { "area_acres": 5.4 }, "geometry": { "type": "Polygon", "coordinates": [ [ [ -96.76529, 32.9082 ], [ -96.76536, 32.90616 ], [ -96.7659, 32.90618 ], [ -96.76588, 32.90694 ], [ -96.76692, 32.90696 ], [ -96.76689, 32.90788 ], [ -96.76596, 32.90786 ], [ -96.76595, 32.90821 ], [ -96.76529, 32.9082 ] ] ] } },
{ "type": "Feature", "properties": { "area_acres": 1.61 }, "geometry": { "type": "Polygon", "coordinates": [ [ [ -96.7737, 32.92585 ], [ -96.77244, 32.92583 ], [ -96.77245, 32.92483 ], [ -96.77278, 32.92483 ], [ -96.77277, 32.92552 ], [ -96.77371, 32.92553 ], [ -96.7737, 32.92585 ] ] ] } },
{ "type": "Feature", "properties": { "area_acres": 6.34 }, "geometry": { "type": "Polygon", "coordinates": [ [ [ -96.75054, 32.93694 ], [ -96.7522, 32.93568 ], [ -96.75248, 32.93589 ], [ -96.75301, 32.93545 ], [ -96.7534, 32.93582 ], [ -96.75274, 32.93634 ], [ -96.75253, 32.93639 ], [ -96.75179, 32.93702 ], [ -96.75175, 32.93708 ], [ -96.75219, 32.93746 ], [ -96.75161, 32.93789 ], [ -96.75054, 32.93694 ] ] ] } },
{ "type": "Feature", "properties": { "area_acres": 19.33 }, "geometry": { "type": "Polygon", "coordinates": [ [ [ -96.74825, 32.93866 ], [ -96.75034, 32.93703 ], [ -96.75184, 32.93836 ], [ -96.75183, 32.9399 ], [ -96.74824, 32.93987 ], [ -96.74825, 32.93866 ] ] ] } },
{ "type": "Feature", "properties": { "area_acres": 1.91 }, "geometry": { "type": "Polygon", "coordinates": [ [ [ -96.89061, 32.65734 ], [ -96.89061, 32.65809 ], [ -96.89048, 32.65829 ], [ -96.88958, 32.6579 ], [ -96.89014, 32.65713 ], [ -96.89061, 32.65734 ] ] ] } },
{ "type": "Feature", "properties": { "area_acres": 0.1 }, "geometry": { "type": "Polygon", "coordinates": [ [ [ -96.91053, 32.77006 ], [ -96.91048, 32.76986 ], [ -96.91029, 32.7699 ], [ -96.91034, 32.7701 ], [ -96.91053, 32.77006 ] ] ] } },
{ "type": "Feature", "properties": { "area_acres": 0.16 }, "geometry": { "type": "Polygon", "coordinates": [ [ [ -96.90637, 32.78189 ], [ -96.90637, 32.78195 ], [ -96.90647, 32.78195 ], [ -96.90647, 32.78205 ], [ -96.90679, 32.78204 ], [ -96.90679, 32.78195 ], [ -96.90689, 32.78195 ], [ -96.90689, 32.78189 ], [ -96.90637, 32.78189 ] ] ] } },
{ "type": "Feature", "properties": { "area_acres": 0.56 }, "geometry": { "type": "Polygon", "coordinates": [ [ [ -96.82659, 32.74885 ], [ -96.82727, 32.74885 ], [ -96.82727, 32.74853 ], [ -96.82659, 32.74853 ], [ -96.82659, 32.74885 ] ] ] } },
{ "type": "Feature", "properties": { "area_acres": 2.35 }, "geometry": { "type": "Polygon", "coordinates": [ [ [ -96.80299, 32.77577 ], [ -96.80271, 32.77475 ], [ -96.8019, 32.77493 ], [ -96.80222, 32.77614 ], [ -96.8024, 32.7761 ], [ -96.80235, 32.7759 ], [ -96.80299, 32.77577 ] ] ] } },
{ "type": "Feature", "properties": { "area_acres": 1.06 }, "geometry": { "type": "Polygon", "coordinates": [ [ [ -96.80156, 32.77305 ], [ -96.80117, 32.77314 ], [ -96.79989, 32.77269 ], [ -96.79978, 32.77251 ], [ -96.79981, 32.77239 ], [ -96.80066, 32.77275 ], [ -96.80112, 32.77283 ], [ -96.80149, 32.77283 ], [ -96.80156, 32.77305 ] ] ] } },
{ "type": "Feature", "properties": { "area_acres": 1.29 }, "geometry": { "type": "Polygon", "coordinates": [ [ [ -96.79877, 32.77798 ], [ -96.79863, 32.77759 ], [ -96.79858, 32.7776 ], [ -96.79856, 32.77755 ], [ -96.79751, 32.77779 ], [ -96.79753, 32.77785 ], [ -96.79749, 32.77786 ], [ -96.79774, 32.77856 ], [ -96.79786, 32.77861 ], [ -96.79773, 32.7782 ], [ -96.79781, 32.77818 ], [ -96.79776, 32.77804 ], [ -96.79817, 32.77793 ], [ -96.79823, 32.7781 ], [ -96.79877, 32.77798 ] ] ] } },
{ "type": "Feature", "properties": { "area_acres": 2.13 }, "geometry": { "type": "Polygon", "coordinates": [ [ [ -96.80161, 32.77784 ], [ -96.80049, 32.77808 ], [ -96.80016, 32.77719 ], [ -96.8006, 32.77709 ], [ -96.80066, 32.77723 ], [ -96.80086, 32.7774 ], [ -96.80134, 32.77755 ], [ -96.80136, 32.77715 ], [ -96.80156, 32.77714 ], [ -96.80149, 32.7776 ], [ -96.80155, 32.77761 ], [ -96.80161, 32.77784 ] ] ] } },
{ "type": "Feature", "properties": { "area_acres": 7.66 }, "geometry": { "type": "Polygon", "coordinates": [ [ [ -96.79988, 32.76882 ], [ -96.79842, 32.76693 ], [ -96.79836, 32.76674 ], [ -96.79775, 32.76591 ], [ -96.79739, 32.76625 ], [ -96.79787, 32.76686 ], [ -96.79793, 32.76682 ], [ -96.79814, 32.7671 ], [ -96.79805, 32.76715 ], [ -96.79783, 32.767 ], [ -96.79788, 32.76696 ], [ -96.79769, 32.76676 ], [ -96.79709, 32.76734 ], [ -96.79963, 32.76915 ], [ -96.79967, 32.76911 ], [ -96.79983, 32.76922 ], [ -96.79979, 32.76925 ], [ -96.80014, 32.76951 ], [ -96.80024, 32.76936 ], [ -96.79972, 32.769 ], [ -96.79988, 32.76882 ] ] ] } },
{ "type": "Feature", "properties": { "area_acres": 0.84 }, "geometry": { "type": "Polygon", "coordinates": [ [ [ -96.79721, 32.77553 ], [ -96.79738, 32.77542 ], [ -96.79704, 32.77521 ], [ -96.79675, 32.77517 ], [ -96.79642, 32.77524 ], [ -96.79627, 32.77532 ], [ -96.79606, 32.77554 ], [ -96.79598, 32.7758 ], [ -96.796, 32.776 ], [ -96.79622, 32.77595 ], [ -96.79621, 32.77575 ], [ -96.79629, 32.77556 ], [ -96.79657, 32.77537 ], [ -96.79696, 32.77538 ], [ -96.79721, 32.77553 ] ] ] } },
{ "type": "Feature", "properties": { "area_acres": 1.22 }, "geometry": { "type": "Polygon", "coordinates": [ [ [ -96.89689, 32.86109 ], [ -96.89631, 32.86109 ], [ -96.89631, 32.86067 ], [ -96.89576, 32.86067 ], [ -96.89576, 32.86049 ], [ -96.89691, 32.8605 ], [ -96.89691, 32.86056 ], [ -96.89696, 32.86056 ], [ -96.89696, 32.86103 ], [ -96.89689, 32.86103 ], [ -96.89689, 32.86109 ] ] ] } },
{ "type": "Feature", "properties": { "area_acres": 0.82 }, "geometry": { "type": "Polygon", "coordinates": [ [ [ -96.89695, 32.85991 ], [ -96.89603, 32.85992 ], [ -96.89603, 32.85982 ], [ -96.89589, 32.85982 ], [ -96.89589, 32.8596 ], [ -96.89688, 32.85959 ], [ -96.89688, 32.85963 ], [ -96.89695, 32.85963 ], [ -96.89695, 32.85991 ] ] ] } },
{ "type": "Feature", "properties": { "area_acres": 1.81 }, "geometry": { "type": "Polygon", "coordinates": [ [ [ -96.87887, 32.85448 ], [ -96.87857, 32.85382 ], [ -96.87843, 32.85375 ], [ -96.87771, 32.85392 ], [ -96.87799, 32.85469 ], [ -96.87887, 32.85448 ] ] ] } },
{ "type": "Feature", "properties": { "area_acres": 2.15 }, "geometry": { "type": "Polygon", "coordinates": [ [ [ -96.87764, 32.85366 ], [ -96.87729, 32.85255 ], [ -96.87782, 32.85242 ], [ -96.87798, 32.8525 ], [ -96.87838, 32.85339 ], [ -96.8783, 32.8535 ], [ -96.87764, 32.85366 ] ] ] } },
{ "type": "Feature", "properties": { "area_acres": 1.06 }, "geometry": { "type": "Polygon", "coordinates": [ [ [ -96.86384, 32.85541 ], [ -96.86331, 32.85596 ], [ -96.8636, 32.85618 ], [ -96.86402, 32.8557 ], [ -96.86444, 32.85559 ], [ -96.86432, 32.85528 ], [ -96.86384, 32.85541 ] ] ] } },
{ "type": "Feature", "properties": { "area_acres": 0.63 }, "geometry": { "type": "Polygon", "coordinates": [ [ [ -96.80707, 32.78045 ], [ -96.80694, 32.78003 ], [ -96.80684, 32.78005 ], [ -96.80681, 32.77996 ], [ -96.80645, 32.78003 ], [ -96.80661, 32.78055 ], [ -96.80707, 32.78045 ] ] ] } },
{ "type": "Feature", "properties": { "area_acres": 2.16 }, "geometry": { "type": "Polygon", "coordinates": [ [ [ -96.80972, 32.7793 ], [ -96.80973, 32.7797 ], [ -96.8096, 32.77995 ], [ -96.80943, 32.7801 ], [ -96.80899, 32.78029 ], [ -96.80874, 32.78031 ], [ -96.80872, 32.78026 ], [ -96.80842, 32.78032 ], [ -96.80836, 32.78013 ], [ -96.80876, 32.78005 ], [ -96.80861, 32.77953 ], [ -96.80972, 32.7793 ] ] ] } },
{ "type": "Feature", "properties": { "area_acres": 1.85 }, "geometry": { "type": "Polygon", "coordinates": [ [ [ -96.79813, 32.80579 ], [ -96.79782, 32.80553 ], [ -96.79702, 32.8062 ], [ -96.79668, 32.80592 ], [ -96.79664, 32.80596 ], [ -96.79752, 32.8067 ], [ -96.79762, 32.80669 ], [ -96.79815, 32.80593 ], [ -96.79813, 32.80579 ] ] ] } },
{ "type": "Feature", "properties": { "area_acres": 0.72 }, "geometry": { "type": "Polygon", "coordinates": [ [ [ -96.79923, 32.80752 ], [ -96.79874, 32.8071 ], [ -96.79921, 32.80672 ], [ -96.79968, 32.80712 ], [ -96.79959, 32.8072 ], [ -96.79954, 32.80715 ], [ -96.79949, 32.80719 ], [ -96.79929, 32.80702 ], [ -96.79906, 32.80722 ], [ -96.79913, 32.80727 ], [ -96.79916, 32.80724 ], [ -96.79936, 32.80741 ], [ -96.79923, 32.80752 ] ] ] } },
{ "type": "Feature", "properties": { "area_acres": 0.75 }, "geometry": { "type": "Polygon", "coordinates": [ [ [ -96.79918, 32.80672 ], [ -96.79847, 32.80613 ], [ -96.79828, 32.80628 ], [ -96.79832, 32.80631 ], [ -96.79827, 32.80635 ], [ -96.79887, 32.80685 ], [ -96.79872, 32.80698 ], [ -96.7988, 32.80704 ], [ -96.79918, 32.80672 ] ] ] } },
{ "type": "Feature", "properties": { "area_acres": 0.47 }, "geometry": { "type": "Polygon", "coordinates": [ [ [ -96.79771, 32.80516 ], [ -96.79785, 32.80504 ], [ -96.7982, 32.80532 ], [ -96.79848, 32.80507 ], [ -96.7986, 32.80517 ], [ -96.79825, 32.80553 ], [ -96.79819, 32.80549 ], [ -96.79814, 32.80552 ], [ -96.79771, 32.80516 ] ] ] } },
{ "type": "Feature", "properties": { "area_acres": 0.28 }, "geometry": { "type": "Polygon", "coordinates": [ [ [ -96.79981, 32.8047 ], [ -96.79954, 32.80516 ], [ -96.79936, 32.80501 ], [ -96.7997, 32.80461 ], [ -96.79981, 32.8047 ] ] ] } },
{ "type": "Feature", "properties": { "area_acres": 0.66 }, "geometry": { "type": "Polygon", "coordinates": [ [ [ -96.79896, 32.80478 ], [ -96.79834, 32.80427 ], [ -96.79862, 32.80403 ], [ -96.79914, 32.80451 ], [ -96.79896, 32.80478 ] ] ] } },
{ "type": "Feature", "properties": { "area_acres": 1.04 }, "geometry": { "type": "Polygon", "coordinates": [ [ [ -96.8009, 32.80634 ], [ -96.80182, 32.80712 ], [ -96.8017, 32.80742 ], [ -96.80065, 32.80655 ], [ -96.8009, 32.80634 ] ] ] } },
{ "type": "Feature", "properties": { "area_acres": 0.31 }, "geometry": { "type": "Polygon", "coordinates": [ [ [ -96.8043, 32.79768 ], [ -96.80447, 32.79754 ], [ -96.80478, 32.79781 ], [ -96.80493, 32.79769 ], [ -96.80498, 32.79774 ], [ -96.80466, 32.79801 ], [ -96.8043, 32.79768 ] ] ] } },
{ "type": "Feature", "properties": { "area_acres": 1.12 }, "geometry": { "type": "Polygon", "coordinates": [ [ [ -96.80384, 32.79802 ], [ -96.80424, 32.7977 ], [ -96.80502, 32.79838 ], [ -96.8048, 32.79856 ], [ -96.80467, 32.79844 ], [ -96.80455, 32.79852 ], [ -96.80418, 32.79832 ], [ -96.80421, 32.79818 ], [ -96.80407, 32.79807 ], [ -96.80397, 32.79814 ], [ -96.80384, 32.79802 ] ] ] } },
{ "type": "Feature", "properties": { "area_acres": 0.32 }, "geometry": { "type": "Polygon", "coordinates": [ [ [ -96.80262, 32.79576 ], [ -96.80249, 32.79618 ], [ -96.80213, 32.796 ], [ -96.80218, 32.79584 ], [ -96.80262, 32.79576 ] ] ] } },
{ "type": "Feature", "properties": { "area_acres": 0.6 }, "geometry": { "type": "Polygon", "coordinates": [ [ [ -96.79592, 32.81022 ], [ -96.79552, 32.80989 ], [ -96.79587, 32.80959 ], [ -96.79627, 32.80993 ], [ -96.79592, 32.81022 ] ] ] } },
{ "type": "Feature", "properties": { "area_acres": 0.37 }, "geometry": { "type": "Polygon", "coordinates": [ [ [ -96.79627, 32.80993 ], [ -96.79549, 32.80924 ], [ -96.79559, 32.80916 ], [ -96.79637, 32.80984 ], [ -96.79627, 32.80993 ] ] ] } },
{ "type": "Feature", "properties": { "area_acres": 0.38 }, "geometry": { "type": "Polygon", "coordinates": [ [ [ -96.80462, 32.79872 ], [ -96.80502, 32.79838 ], [ -96.80514, 32.79848 ], [ -96.80502, 32.79858 ], [ -96.80516, 32.7987 ], [ -96.80487, 32.79894 ], [ -96.80462, 32.79872 ] ] ] } },
{ "type": "Feature", "properties": { "area_acres": 8.97 }, "geometry": { "type": "Polygon", "coordinates": [ [ [ -96.83195, 32.8127 ], [ -96.83186, 32.8127 ], [ -96.83155, 32.81296 ], [ -96.8316, 32.81311 ], [ -96.83187, 32.81334 ], [ -96.83041, 32.81457 ], [ -96.83023, 32.81443 ], [ -96.82998, 32.81439 ], [ -96.82938, 32.81509 ], [ -96.8294, 32.8152 ], [ -96.83013, 32.81582 ], [ -96.83023, 32.81585 ], [ -96.83226, 32.81413 ], [ -96.83248, 32.81335 ], [ -96.83256, 32.81329 ], [ -96.83253, 32.81319 ], [ -96.83195, 32.8127 ] ] ] } },
{ "type": "Feature", "properties": { "area_acres": 2.31 }, "geometry": { "type": "Polygon", "coordinates": [ [ [ -96.82398, 32.80618 ], [ -96.82356, 32.80583 ], [ -96.82336, 32.80559 ], [ -96.82383, 32.8052 ], [ -96.82401, 32.80515 ], [ -96.82481, 32.80533 ], [ -96.82486, 32.80549 ], [ -96.82408, 32.80617 ], [ -96.82398, 32.80618 ] ] ] } },
{ "type": "Feature", "properties": { "area_acres": 1.14 }, "geometry": { "type": "Polygon", "coordinates": [ [ [ -96.80762, 32.79213 ], [ -96.80843, 32.79144 ], [ -96.80802, 32.79102 ], [ -96.80794, 32.79108 ], [ -96.80785, 32.79137 ], [ -96.80752, 32.79179 ], [ -96.80751, 32.79195 ], [ -96.80762, 32.79213 ] ] ] } },
{ "type": "Feature", "properties": { "area_acres": 2.65 }, "geometry": { "type": "Polygon", "coordinates": [ [ [ -96.8106, 32.78725 ], [ -96.81033, 32.78635 ], [ -96.81057, 32.7863 ], [ -96.81055, 32.78623 ], [ -96.81125, 32.78607 ], [ -96.81158, 32.78715 ], [ -96.81143, 32.7872 ], [ -96.81145, 32.78725 ], [ -96.81132, 32.78727 ], [ -96.81096, 32.78722 ], [ -96.81095, 32.78718 ], [ -96.8106, 32.78725 ] ] ] } },
{ "type": "Feature", "properties": { "area_acres": 0.72 }, "geometry": { "type": "Polygon", "coordinates": [ [ [ -96.80938, 32.77874 ], [ -96.80972, 32.7793 ], [ -96.80908, 32.77944 ], [ -96.80898, 32.77903 ], [ -96.80934, 32.77886 ], [ -96.80938, 32.77874 ] ] ] } },
{ "type": "Feature", "properties": { "area_acres": 2.68 }, "geometry": { "type": "Polygon", "coordinates": [ [ [ -96.80678, 32.77501 ], [ -96.8072, 32.77494 ], [ -96.80726, 32.77497 ], [ -96.8076, 32.77449 ], [ -96.80756, 32.77446 ], [ -96.80759, 32.77442 ], [ -96.80728, 32.77406 ], [ -96.80731, 32.77402 ], [ -96.80646, 32.77341 ], [ -96.80643, 32.77381 ], [ -96.80678, 32.77501 ] ] ] } },
{ "type": "Feature", "properties": { "area_acres": 1.42 }, "geometry": { "type": "Polygon", "coordinates": [ [ [ -96.80926, 32.77738 ], [ -96.80933, 32.77773 ], [ -96.80949, 32.778 ], [ -96.80961, 32.77811 ], [ -96.80972, 32.77813 ], [ -96.80984, 32.7781 ], [ -96.81002, 32.77786 ], [ -96.81, 32.77705 ], [ -96.80951, 32.77733 ], [ -96.80926, 32.77738 ] ] ] } },
{ "type": "Feature", "properties": { "area_acres": 1.48 }, "geometry": { "type": "Polygon", "coordinates": [ [ [ -96.80146, 32.78399 ], [ -96.80088, 32.7834 ], [ -96.80166, 32.78286 ], [ -96.80187, 32.78364 ], [ -96.80146, 32.78399 ] ] ] } },
{ "type": "Feature", "properties": { "area_acres": 1.05 }, "geometry": { "type": "Polygon", "coordinates": [ [ [ -96.79637, 32.78681 ], [ -96.79573, 32.78626 ], [ -96.79611, 32.78595 ], [ -96.79675, 32.7865 ], [ -96.79637, 32.78681 ] ] ] } },
{ "type": "Feature", "properties": { "area_acres": 0.42 }, "geometry": { "type": "Polygon", "coordinates": [ [ [ -96.7967, 32.78616 ], [ -96.79634, 32.78585 ], [ -96.79664, 32.7857 ], [ -96.79669, 32.78574 ], [ -96.79673, 32.78571 ], [ -96.797, 32.78599 ], [ -96.79679, 32.78617 ], [ -96.79674, 32.78612 ], [ -96.7967, 32.78616 ] ] ] } },
{ "type": "Feature", "properties": { "area_acres": 0.75 }, "geometry": { "type": "Polygon", "coordinates": [ [ [ -96.7967, 32.78564 ], [ -96.79707, 32.7852 ], [ -96.7975, 32.78558 ], [ -96.79706, 32.78595 ], [ -96.7967, 32.78564 ] ] ] } },
{ "type": "Feature", "properties": { "area_acres": 2.11 }, "geometry": { "type": "Polygon", "coordinates": [ [ [ -96.79367, 32.79338 ], [ -96.7938, 32.79348 ], [ -96.79396, 32.79336 ], [ -96.79431, 32.79364 ], [ -96.7944, 32.79358 ], [ -96.79446, 32.79363 ], [ -96.79502, 32.79318 ], [ -96.79495, 32.79313 ], [ -96.79512, 32.79299 ], [ -96.79514, 32.7929 ], [ -96.79507, 32.79285 ], [ -96.79512, 32.79281 ], [ -96.79476, 32.79252 ], [ -96.79472, 32.79256 ], [ -96.79468, 32.79252 ], [ -96.79367, 32.79338 ] ] ] } },
{ "type": "Feature", "properties": { "area_acres": 0.32 }, "geometry": { "type": "Polygon", "coordinates": [ [ [ -96.79376, 32.79172 ], [ -96.79358, 32.79187 ], [ -96.79362, 32.7919 ], [ -96.79357, 32.79193 ], [ -96.79383, 32.79215 ], [ -96.79392, 32.79206 ], [ -96.79396, 32.79209 ], [ -96.79409, 32.79192 ], [ -96.7939, 32.79177 ], [ -96.79386, 32.7918 ], [ -96.79376, 32.79172 ] ] ] } },
{ "type": "Feature", "properties": { "area_acres": 1.15 }, "geometry": { "type": "Polygon", "coordinates": [ [ [ -96.783, 32.78617 ], [ -96.78286, 32.78568 ], [ -96.78378, 32.7855 ], [ -96.78391, 32.78594 ], [ -96.783, 32.78617 ] ] ] } },
{ "type": "Feature", "properties": { "area_acres": 1.52 }, "geometry": { "type": "Polygon", "coordinates": [ [ [ -96.76384, 32.77504 ], [ -96.76388, 32.77501 ], [ -96.76392, 32.77505 ], [ -96.76456, 32.77449 ], [ -96.76451, 32.77446 ], [ -96.76459, 32.77439 ], [ -96.76463, 32.77443 ], [ -96.76459, 32.77446 ], [ -96.76488, 32.77469 ], [ -96.76515, 32.77446 ], [ -96.76462, 32.77403 ], [ -96.76456, 32.77409 ], [ -96.76451, 32.77404 ], [ -96.76363, 32.77481 ], [ -96.76368, 32.77485 ], [ -96.76364, 32.77488 ], [ -96.76384, 32.77504 ] ] ] } },
{ "type": "Feature", "properties": { "area_acres": 3.39 }, "geometry": { "type": "Polygon", "coordinates": [ [ [ -96.72021, 32.76462 ], [ -96.72021, 32.765 ], [ -96.72073, 32.76499 ], [ -96.72073, 32.76504 ], [ -96.72077, 32.76501 ], [ -96.72098, 32.76516 ], [ -96.72089, 32.76534 ], [ -96.71875, 32.76523 ], [ -96.71875, 32.76516 ], [ -96.71856, 32.76515 ], [ -96.71861, 32.76458 ], [ -96.71868, 32.76459 ], [ -96.71869, 32.76454 ], [ -96.72021, 32.76462 ] ] ] } },
{ "type": "Feature", "properties": { "area_acres": 3.76 }, "geometry": { "type": "Polygon", "coordinates": [ [ [ -96.70897, 32.7338 ], [ -96.70907, 32.73382 ], [ -96.70967, 32.73352 ], [ -96.70868, 32.73208 ], [ -96.7085, 32.73197 ], [ -96.7083, 32.73199 ], [ -96.70791, 32.73218 ], [ -96.7079, 32.73227 ], [ -96.70897, 32.7338 ] ] ] } },
{ "type": "Feature", "properties": { "area_acres": 1.34 }, "geometry": { "type": "Polygon", "coordinates": [ [ [ -96.79681, 32.74831 ], [ -96.79592, 32.74844 ], [ -96.79599, 32.74887 ], [ -96.79593, 32.7489 ], [ -96.79605, 32.74907 ], [ -96.79613, 32.74908 ], [ -96.79693, 32.7487 ], [ -96.79683, 32.74852 ], [ -96.79702, 32.74843 ], [ -96.79684, 32.74837 ], [ -96.79681, 32.74831 ] ] ] } },
{ "type": "Feature", "properties": { "area_acres": 1.82 }, "geometry": { "type": "Polygon", "coordinates": [ [ [ -96.81399, 32.74069 ], [ -96.81384, 32.74072 ], [ -96.81386, 32.74076 ], [ -96.81372, 32.74086 ], [ -96.81369, 32.74083 ], [ -96.81337, 32.74113 ], [ -96.81327, 32.74149 ], [ -96.81328, 32.74154 ], [ -96.81333, 32.74152 ], [ -96.81345, 32.7416 ], [ -96.81343, 32.74167 ], [ -96.81369, 32.74168 ], [ -96.81368, 32.74164 ], [ -96.81435, 32.74123 ], [ -96.81442, 32.74098 ], [ -96.81423, 32.74081 ], [ -96.81399, 32.74069 ] ] ] } },
{ "type": "Feature", "properties": { "area_acres": 2.28 }, "geometry": { "type": "Polygon", "coordinates": [ [ [ -96.88344, 32.88164 ], [ -96.88326, 32.8817 ], [ -96.88326, 32.88165 ], [ -96.88266, 32.88165 ], [ -96.88265, 32.88202 ], [ -96.88271, 32.88203 ], [ -96.88271, 32.88211 ], [ -96.88265, 32.88211 ], [ -96.88265, 32.88249 ], [ -96.88281, 32.88258 ], [ -96.88281, 32.88264 ], [ -96.88353, 32.88265 ], [ -96.88363, 32.88248 ], [ -96.8837, 32.88247 ], [ -96.88344, 32.88164 ] ] ] } },
{ "type": "Feature", "properties": { "area_acres": 3.97 }, "geometry": { "type": "Polygon", "coordinates": [ [ [ -96.86292, 32.84382 ], [ -96.86294, 32.84377 ], [ -96.86183, 32.84326 ], [ -96.86077, 32.84412 ], [ -96.86151, 32.84476 ], [ -96.86164, 32.84474 ], [ -96.86271, 32.84384 ], [ -96.86274, 32.84374 ], [ -96.86292, 32.84382 ] ] ] } },
{ "type": "Feature", "properties": { "area_acres": 0.68 }, "geometry": { "type": "Polygon", "coordinates": [ [ [ -96.83399, 32.82275 ], [ -96.83375, 32.82249 ], [ -96.83356, 32.82205 ], [ -96.83369, 32.82195 ], [ -96.83428, 32.8225 ], [ -96.83399, 32.82275 ] ] ] } },
{ "type": "Feature", "properties": { "area_acres": 0.63 }, "geometry": { "type": "Polygon", "coordinates": [ [ [ -96.83405, 32.822 ], [ -96.83357, 32.82165 ], [ -96.83389, 32.82138 ], [ -96.83438, 32.82172 ], [ -96.83405, 32.822 ] ] ] } },
{ "type": "Feature", "properties": { "area_acres": 1.41 }, "geometry": { "type": "Polygon", "coordinates": [ [ [ -96.83363, 32.82052 ], [ -96.83346, 32.82058 ], [ -96.83312, 32.82086 ], [ -96.83311, 32.82092 ], [ -96.83329, 32.8214 ], [ -96.83346, 32.8215 ], [ -96.83404, 32.82101 ], [ -96.83404, 32.82087 ], [ -96.83363, 32.82052 ] ] ] } },
{ "type": "Feature", "properties": { "area_acres": 0.45 }, "geometry": { "type": "Polygon", "coordinates": [ [ [ -96.91322, 32.87076 ], [ -96.91387, 32.87077 ], [ -96.91386, 32.87049 ], [ -96.91322, 32.8705 ], [ -96.91322, 32.87076 ] ] ] } },
{ "type": "Feature", "properties": { "area_acres": 0.97 }, "geometry": { "type": "Polygon", "coordinates": [ [ [ -96.91322, 32.8705 ], [ -96.91321, 32.86992 ], [ -96.91386, 32.86991 ], [ -96.91386, 32.87049 ], [ -96.91322, 32.8705 ] ] ] } },
{ "type": "Feature", "properties": { "area_acres": 0.82 }, "geometry": { "type": "Polygon", "coordinates": [ [ [ -96.79074, 32.69608 ], [ -96.79071, 32.696 ], [ -96.7908, 32.69597 ], [ -96.79068, 32.69571 ], [ -96.7906, 32.69574 ], [ -96.79049, 32.69549 ], [ -96.79016, 32.69559 ], [ -96.79021, 32.69571 ], [ -96.79016, 32.69572 ], [ -96.79042, 32.69632 ], [ -96.79067, 32.69625 ], [ -96.79074, 32.69608 ] ] ] } },
{ "type": "Feature", "properties": { "area_acres": 2.11 }, "geometry": { "type": "Polygon", "coordinates": [ [ [ -96.81896, 32.73673 ], [ -96.81868, 32.73649 ], [ -96.81691, 32.73794 ], [ -96.81714, 32.73814 ], [ -96.81724, 32.73806 ], [ -96.81729, 32.7381 ], [ -96.81896, 32.73673 ] ] ] } },
{ "type": "Feature", "properties": { "area_acres": 0.71 }, "geometry": { "type": "Polygon", "coordinates": [ [ [ -96.81701, 32.7381 ], [ -96.81687, 32.73798 ], [ -96.81573, 32.73891 ], [ -96.81587, 32.73904 ], [ -96.81701, 32.7381 ] ] ] } },
{ "type": "Feature", "properties": { "area_acres": 1.32 }, "geometry": { "type": "Polygon", "coordinates": [ [ [ -96.78965, 32.68386 ], [ -96.78964, 32.68381 ], [ -96.78975, 32.68377 ], [ -96.78932, 32.6829 ], [ -96.78898, 32.68295 ], [ -96.78899, 32.68299 ], [ -96.78894, 32.683 ], [ -96.7891, 32.6839 ], [ -96.78925, 32.68386 ], [ -96.78926, 32.68391 ], [ -96.78965, 32.68386 ] ] ] } },
{ "type": "Feature", "properties": { "area_acres": 0.77 }, "geometry": { "type": "Polygon", "coordinates": [ [ [ -96.78918, 32.69377 ], [ -96.78897, 32.69362 ], [ -96.78877, 32.69337 ], [ -96.7894, 32.69298 ], [ -96.78947, 32.69299 ], [ -96.78949, 32.69322 ], [ -96.78933, 32.69358 ], [ -96.78918, 32.69377 ] ] ] } },
{ "type": "Feature", "properties": { "area_acres": 3.12 }, "geometry": { "type": "Polygon", "coordinates": [ [ [ -96.78867, 32.69324 ], [ -96.78863, 32.69319 ], [ -96.78851, 32.69325 ], [ -96.78856, 32.69332 ], [ -96.78807, 32.6936 ], [ -96.78804, 32.69356 ], [ -96.78789, 32.69364 ], [ -96.78731, 32.6929 ], [ -96.78737, 32.69287 ], [ -96.78734, 32.69283 ], [ -96.78827, 32.69228 ], [ -96.78831, 32.69233 ], [ -96.78838, 32.6923 ], [ -96.78889, 32.69304 ], [ -96.78883, 32.69308 ], [ -96.78887, 32.69313 ], [ -96.78867, 32.69324 ] ] ] } },
{ "type": "Feature", "properties": { "area_acres": 5.37 }, "geometry": { "type": "Polygon", "coordinates": [ [ [ -96.78795, 32.69366 ], [ -96.78714, 32.69263 ], [ -96.78572, 32.69342 ], [ -96.78655, 32.69443 ], [ -96.78795, 32.69366 ] ] ] } },
{ "type": "Feature", "properties": { "area_acres": 7.32 }, "geometry": { "type": "Polygon", "coordinates": [ [ [ -96.80138, 32.70936 ], [ -96.80185, 32.70912 ], [ -96.80202, 32.70936 ], [ -96.80226, 32.70924 ], [ -96.80311, 32.71034 ], [ -96.80249, 32.71062 ], [ -96.80292, 32.7112 ], [ -96.80277, 32.71127 ], [ -96.80064, 32.71125 ], [ -96.80009, 32.71113 ], [ -96.80052, 32.71065 ], [ -96.80085, 32.71012 ], [ -96.80141, 32.71093 ], [ -96.80218, 32.71055 ], [ -96.80138, 32.70936 ] ] ] } },
{ "type": "Feature", "properties": { "area_acres": 0.84 }, "geometry": { "type": "Polygon", "coordinates": [ [ [ -96.8046, 32.71481 ], [ -96.80463, 32.7138 ], [ -96.80488, 32.7138 ], [ -96.80492, 32.71394 ], [ -96.80491, 32.71478 ], [ -96.80546, 32.71478 ], [ -96.80546, 32.71482 ], [ -96.8046, 32.71481 ] ] ] } },
{ "type": "Feature", "properties": { "area_acres": 1.83 }, "geometry": { "type": "Polygon", "coordinates": [ [ [ -96.80462, 32.71693 ], [ -96.80461, 32.71493 ], [ -96.8054, 32.71494 ], [ -96.80534, 32.71502 ], [ -96.80492, 32.71501 ], [ -96.80491, 32.71675 ], [ -96.80536, 32.71676 ], [ -96.80542, 32.71693 ], [ -96.80462, 32.71693 ] ] ] } },
{ "type": "Feature", "properties": { "area_acres": 0.44 }, "geometry": { "type": "Polygon", "coordinates": [ [ [ -96.80095, 32.80441 ], [ -96.80139, 32.80461 ], [ -96.80171, 32.80411 ], [ -96.80125, 32.8039 ], [ -96.80115, 32.80405 ], [ -96.80159, 32.8042 ], [ -96.80152, 32.8043 ], [ -96.80145, 32.80427 ], [ -96.80134, 32.80445 ], [ -96.80101, 32.8043 ], [ -96.80095, 32.80441 ] ] ] } },
{ "type": "Feature", "properties": { "area_acres": 0.09 }, "geometry": { "type": "Polygon", "coordinates": [ [ [ -96.80088, 32.8044 ], [ -96.80137, 32.80463 ], [ -96.80133, 32.80468 ], [ -96.80087, 32.80448 ], [ -96.80088, 32.8044 ] ] ] } },
{ "type": "Feature", "properties": { "area_acres": 0.22 }, "geometry": { "type": "Polygon", "coordinates": [ [ [ -96.80096, 32.80529 ], [ -96.80116, 32.80499 ], [ -96.80113, 32.80485 ], [ -96.80082, 32.80471 ], [ -96.80059, 32.8051 ], [ -96.80064, 32.80513 ], [ -96.80084, 32.80478 ], [ -96.80109, 32.80489 ], [ -96.80088, 32.80525 ], [ -96.80096, 32.80529 ] ] ] } },
{ "type": "Feature", "properties": { "area_acres": 1.18 }, "geometry": { "type": "Polygon", "coordinates": [ [ [ -96.77394, 32.84045 ], [ -96.77418, 32.84054 ], [ -96.77353, 32.84181 ], [ -96.77334, 32.84171 ], [ -96.77374, 32.84094 ], [ -96.7731, 32.84071 ], [ -96.77319, 32.84051 ], [ -96.7738, 32.84073 ], [ -96.77394, 32.84045 ] ] ] } },
{ "type": "Feature", "properties": { "area_acres": 2.31 }, "geometry": { "type": "Polygon", "coordinates": [ [ [ -96.77353, 32.84181 ], [ -96.77362, 32.84185 ], [ -96.77372, 32.84176 ], [ -96.7741, 32.84106 ], [ -96.77471, 32.84129 ], [ -96.77469, 32.84134 ], [ -96.77499, 32.84145 ], [ -96.77488, 32.84168 ], [ -96.77505, 32.84175 ], [ -96.77543, 32.841 ], [ -96.77418, 32.84054 ], [ -96.77353, 32.84181 ] ] ] } },
{ "type": "Feature", "properties": { "area_acres": 1.39 }, "geometry": { "type": "Polygon", "coordinates": [ [ [ -96.77543, 32.841 ], [ -96.77551, 32.84086 ], [ -96.77479, 32.84058 ], [ -96.77492, 32.84028 ], [ -96.77419, 32.84 ], [ -96.77394, 32.84045 ], [ -96.77543, 32.841 ] ] ] } },
{ "type": "Feature", "properties": { "area_acres": 5.66 }, "geometry": { "type": "Polygon", "coordinates": [ [ [ -96.79068, 32.8053 ], [ -96.79154, 32.80459 ], [ -96.79049, 32.80365 ], [ -96.79023, 32.80351 ], [ -96.78995, 32.80349 ], [ -96.78957, 32.8036 ], [ -96.78912, 32.80398 ], [ -96.79068, 32.8053 ] ] ] } },
{ "type": "Feature", "properties": { "area_acres": 1.53 }, "geometry": { "type": "Polygon", "coordinates": [ [ [ -96.79127, 32.80652 ], [ -96.78975, 32.80519 ], [ -96.78927, 32.80558 ], [ -96.78938, 32.80567 ], [ -96.78973, 32.80537 ], [ -96.79008, 32.80568 ], [ -96.78973, 32.80596 ], [ -96.78996, 32.80615 ], [ -96.79014, 32.80602 ], [ -96.79035, 32.80619 ], [ -96.79049, 32.8061 ], [ -96.79111, 32.80665 ], [ -96.79127, 32.80652 ] ] ] } },
{ "type": "Feature", "properties": { "area_acres": 2.27 }, "geometry": { "type": "Polygon", "coordinates": [ [ [ -96.77063, 32.85076 ], [ -96.77057, 32.8509 ], [ -96.77021, 32.85088 ], [ -96.77016, 32.85081 ], [ -96.77022, 32.85049 ], [ -96.77023, 32.8489 ], [ -96.77113, 32.8489 ], [ -96.77113, 32.84905 ], [ -96.77068, 32.84905 ], [ -96.77066, 32.84943 ], [ -96.77068, 32.84964 ], [ -96.77074, 32.84966 ], [ -96.77056, 32.84999 ], [ -96.77063, 32.85002 ], [ -96.77045, 32.85035 ], [ -96.77069, 32.85044 ], [ -96.7706, 32.85062 ], [ -96.77063, 32.85076 ] ] ] } },
{ "type": "Feature", "properties": { "area_acres": 4.11 }, "geometry": { "type": "Polygon", "coordinates": [ [ [ -96.76987, 32.84988 ], [ -96.76985, 32.85039 ], [ -96.76971, 32.85087 ], [ -96.76812, 32.85088 ], [ -96.76812, 32.84996 ], [ -96.76869, 32.84996 ], [ -96.76883, 32.85 ], [ -96.76924, 32.84989 ], [ -96.76987, 32.84988 ] ] ] } },
{ "type": "Feature", "properties": { "area_acres": 0.17 }, "geometry": { "type": "Polygon", "coordinates": [ [ [ -96.68319, 32.71766 ], [ -96.68328, 32.7175 ], [ -96.68363, 32.71776 ], [ -96.68357, 32.71782 ], [ -96.68346, 32.71778 ], [ -96.68342, 32.71782 ], [ -96.68319, 32.71766 ] ] ] } },
{ "type": "Feature", "properties": { "area_acres": 0.78 }, "geometry": { "type": "Polygon", "coordinates": [ [ [ -96.6854, 32.71898 ], [ -96.68601, 32.71941 ], [ -96.68597, 32.71944 ], [ -96.6858, 32.71945 ], [ -96.6858, 32.7195 ], [ -96.68519, 32.7195 ], [ -96.68519, 32.71945 ], [ -96.68512, 32.71945 ], [ -96.68512, 32.71931 ], [ -96.68518, 32.71931 ], [ -96.68519, 32.71919 ], [ -96.68512, 32.71919 ], [ -96.68516, 32.71901 ], [ -96.68528, 32.71896 ], [ -96.6854, 32.71898 ] ] ] } },
{ "type": "Feature", "properties": { "area_acres": 18.51 }, "geometry": { "type": "Polygon", "coordinates": [ [ [ -96.83045, 32.80399 ], [ -96.83015, 32.80392 ], [ -96.8301, 32.80408 ], [ -96.8286, 32.80374 ], [ -96.82856, 32.80388 ], [ -96.82902, 32.80456 ], [ -96.82966, 32.80524 ], [ -96.82978, 32.80496 ], [ -96.83079, 32.80524 ], [ -96.83082, 32.80515 ], [ -96.8316, 32.80536 ], [ -96.83156, 32.80545 ], [ -96.83256, 32.80573 ], [ -96.8324, 32.80615 ], [ -96.83295, 32.80632 ], [ -96.8328, 32.80584 ], [ -96.83353, 32.80469 ], [ -96.8361, 32.80593 ], [ -96.83653, 32.80531 ], [ -96.83286, 32.80362 ], [ -96.8319, 32.80508 ], [ -96.83062, 32.80447 ], [ -96.83073, 32.80396 ], [ -96.83054, 32.80392 ], [ -96.83045, 32.80399 ] ] ] } },
{ "type": "Feature", "properties": { "area_acres": 8.84 }, "geometry": { "type": "Polygon", "coordinates": [ [ [ -96.82768, 32.8036 ], [ -96.82742, 32.80314 ], [ -96.82738, 32.80319 ], [ -96.8269, 32.80243 ], [ -96.82644, 32.80262 ], [ -96.82575, 32.80251 ], [ -96.82579, 32.80234 ], [ -96.82417, 32.8021 ], [ -96.82411, 32.8024 ], [ -96.82393, 32.80243 ], [ -96.8219, 32.80215 ], [ -96.82201, 32.80155 ], [ -96.82223, 32.80103 ], [ -96.8236, 32.80158 ], [ -96.82475, 32.80188 ], [ -96.82586, 32.80209 ], [ -96.82725, 32.80226 ], [ -96.82796, 32.80351 ], [ -96.82768, 32.8036 ] ] ] } },
{ "type": "Feature", "properties": { "area_acres": 7.48 }, "geometry": { "type": "Polygon", "coordinates": [ [ [ -96.83968, 32.80702 ], [ -96.83962, 32.80686 ], [ -96.83671, 32.80538 ], [ -96.83633, 32.80597 ], [ -96.83667, 32.80613 ], [ -96.83649, 32.80638 ], [ -96.83817, 32.80721 ], [ -96.83866, 32.80733 ], [ -96.83919, 32.8073 ], [ -96.83949, 32.80718 ], [ -96.83968, 32.80702 ] ] ] } },
{ "type": "Feature", "properties": { "area_acres": 1.56 }, "geometry": { "type": "Polygon", "coordinates": [ [ [ -96.84183, 32.80804 ], [ -96.84114, 32.8077 ], [ -96.84069, 32.80873 ], [ -96.84099, 32.80887 ], [ -96.84183, 32.80804 ] ] ] } },
{ "type": "Feature", "properties": { "area_acres": 11.07 }, "geometry": { "type": "Polygon", "coordinates": [ [ [ -96.84505, 32.80943 ], [ -96.84259, 32.80821 ], [ -96.84162, 32.8096 ], [ -96.84423, 32.81065 ], [ -96.84505, 32.80943 ] ] ] } },
{ "type": "Feature", "properties": { "area_acres": 12.94 }, "geometry": { "type": "Polygon", "coordinates": [ [ [ -96.84896, 32.81162 ], [ -96.84897, 32.81145 ], [ -96.84878, 32.81126 ], [ -96.84519, 32.80957 ], [ -96.8444, 32.81072 ], [ -96.84713, 32.81169 ], [ -96.84712, 32.81175 ], [ -96.84851, 32.81212 ], [ -96.84856, 32.812 ], [ -96.84873, 32.81204 ], [ -96.84896, 32.81162 ] ] ] } },
{ "type": "Feature", "properties": { "area_acres": 1.9 }, "geometry": { "type": "Polygon", "coordinates": [ [ [ -96.88705, 32.89628 ], [ -96.88706, 32.89613 ], [ -96.88711, 32.89613 ], [ -96.88711, 32.89601 ], [ -96.88705, 32.89601 ], [ -96.88706, 32.89579 ], [ -96.88712, 32.89579 ], [ -96.88712, 32.89568 ], [ -96.88705, 32.89568 ], [ -96.88706, 32.89544 ], [ -96.88711, 32.89544 ], [ -96.88711, 32.89536 ], [ -96.8877, 32.8954 ], [ -96.88774, 32.89552 ], [ -96.88779, 32.89551 ], [ -96.88793, 32.89596 ], [ -96.88788, 32.89598 ], [ -96.88794, 32.89623 ], [ -96.88781, 32.89628 ], [ -96.88781, 32.89633 ], [ -96.88723, 32.89633 ], [ -96.88723, 32.89628 ], [ -96.88705, 32.89628 ] ] ] } },
{ "type": "Feature", "properties": { "area_acres": 0.51 }, "geometry": { "type": "Polygon", "coordinates": [ [ [ -96.73034, 32.88114 ], [ -96.73014, 32.88111 ], [ -96.73036, 32.88021 ], [ -96.73058, 32.88025 ], [ -96.73034, 32.88114 ] ] ] } },
{ "type": "Feature", "properties": { "area_acres": 0.75 }, "geometry": { "type": "Polygon", "coordinates": [ [ [ -96.87124, 32.99726 ], [ -96.87079, 32.99718 ], [ -96.87061, 32.99778 ], [ -96.87109, 32.99786 ], [ -96.87124, 32.99726 ] ] ] } },
{ "type": "Feature", "properties": { "area_acres": 1.43 }, "geometry": { "type": "Polygon", "coordinates": [ [ [ -96.87, 32.99894 ], [ -96.87, 32.99849 ], [ -96.86876, 32.99849 ], [ -96.86877, 32.99894 ], [ -96.87, 32.99894 ] ] ] } },
{ "type": "Feature", "properties": { "area_acres": 0.33 }, "geometry": { "type": "Polygon", "coordinates": [ [ [ -96.86287, 33.00213 ], [ -96.86266, 33.00205 ], [ -96.8629, 33.00152 ], [ -96.8631, 33.00162 ], [ -96.86287, 33.00213 ] ] ] } },
{ "type": "Feature", "properties": { "area_acres": 1.64 }, "geometry": { "type": "Polygon", "coordinates": [ [ [ -96.85682, 32.99001 ], [ -96.85683, 32.98984 ], [ -96.85807, 32.98984 ], [ -96.85805, 32.99042 ], [ -96.85857, 32.99043 ], [ -96.85857, 32.99059 ], [ -96.85789, 32.99058 ], [ -96.85788, 32.99082 ], [ -96.85769, 32.99082 ], [ -96.85769, 32.99055 ], [ -96.8575, 32.99046 ], [ -96.85751, 32.99001 ], [ -96.85682, 32.99001 ] ] ] } },
{ "type": "Feature", "properties": { "area_acres": 1.15 }, "geometry": { "type": "Polygon", "coordinates": [ [ [ -96.8564, 32.98984 ], [ -96.85639, 32.98996 ], [ -96.85589, 32.99035 ], [ -96.85559, 32.99035 ], [ -96.85513, 32.98996 ], [ -96.85528, 32.98983 ], [ -96.8564, 32.98984 ] ] ] } },
{ "type": "Feature", "properties": { "area_acres": 1.83 }, "geometry": { "type": "Polygon", "coordinates": [ [ [ -96.85523, 32.99127 ], [ -96.85517, 32.99121 ], [ -96.85515, 32.99104 ], [ -96.85519, 32.99091 ], [ -96.85561, 32.99057 ], [ -96.85588, 32.99058 ], [ -96.85646, 32.99107 ], [ -96.85646, 32.99115 ], [ -96.85682, 32.99115 ], [ -96.85682, 32.99127 ], [ -96.85523, 32.99127 ] ] ] } },
{ "type": "Feature", "properties": { "area_acres": 0.62 }, "geometry": { "type": "Polygon", "coordinates": [ [ [ -96.85118, 33.00038 ], [ -96.85161, 33.00038 ], [ -96.85157, 32.99997 ], [ -96.85146, 32.99982 ], [ -96.85129, 32.99971 ], [ -96.85112, 32.99998 ], [ -96.85118, 33.00013 ], [ -96.85118, 33.00038 ] ] ] } },
{ "type": "Feature", "properties": { "area_acres": 0.38 }, "geometry": { "type": "Polygon", "coordinates": [ [ [ -96.83863, 32.99403 ], [ -96.83859, 32.994 ], [ -96.83865, 32.99395 ], [ -96.83865, 32.99384 ], [ -96.8386, 32.99381 ], [ -96.83855, 32.99387 ], [ -96.8384, 32.99376 ], [ -96.83809, 32.99407 ], [ -96.83828, 32.9942 ], [ -96.8384, 32.9942 ], [ -96.83844, 32.99415 ], [ -96.83848, 32.99418 ], [ -96.83863, 32.99403 ] ] ] } },
{ "type": "Feature", "properties": { "area_acres": 0.18 }, "geometry": { "type": "Polygon", "coordinates": [ [ [ -96.85328, 33.01145 ], [ -96.85308, 33.01145 ], [ -96.85308, 33.0111 ], [ -96.85327, 33.0111 ], [ -96.85328, 33.01145 ] ] ] } },
{ "type": "Feature", "properties": { "area_acres": 0.54 }, "geometry": { "type": "Polygon", "coordinates": [ [ [ -96.8541, 33.01094 ], [ -96.8541, 33.01069 ], [ -96.85404, 33.01064 ], [ -96.85339, 33.01063 ], [ -96.85351, 33.01079 ], [ -96.85351, 33.01098 ], [ -96.85393, 33.01099 ], [ -96.8541, 33.01094 ] ] ] } },
{ "type": "Feature", "properties": { "area_acres": 0.48 }, "geometry": { "type": "Polygon", "coordinates": [ [ [ -96.7821, 32.78939 ], [ -96.78239, 32.78917 ], [ -96.78216, 32.78896 ], [ -96.78209, 32.78902 ], [ -96.78188, 32.78883 ], [ -96.78166, 32.789 ], [ -96.7821, 32.78939 ] ] ] } },
{ "type": "Feature", "properties": { "area_acres": 0.48 }, "geometry": { "type": "Polygon", "coordinates": [ [ [ -96.78157, 32.78888 ], [ -96.78194, 32.78856 ], [ -96.78167, 32.78833 ], [ -96.78127, 32.78866 ], [ -96.78157, 32.78888 ] ] ] } },
{ "type": "Feature", "properties": { "area_acres": 2.38 }, "geometry": { "type": "Polygon", "coordinates": [ [ [ -96.78139, 32.78786 ], [ -96.78162, 32.78769 ], [ -96.78158, 32.78764 ], [ -96.78162, 32.78758 ], [ -96.78175, 32.78747 ], [ -96.78187, 32.7875 ], [ -96.78196, 32.78736 ], [ -96.78123, 32.78722 ], [ -96.78071, 32.78719 ], [ -96.78009, 32.78721 ], [ -96.77991, 32.78735 ], [ -96.77993, 32.78742 ], [ -96.78043, 32.78789 ], [ -96.78047, 32.78784 ], [ -96.78053, 32.78789 ], [ -96.78077, 32.78769 ], [ -96.78092, 32.78782 ], [ -96.78115, 32.78763 ], [ -96.78139, 32.78786 ] ] ] } },
{ "type": "Feature", "properties": { "area_acres": 0.99 }, "geometry": { "type": "Polygon", "coordinates": [ [ [ -96.78283, 32.78953 ], [ -96.78257, 32.78929 ], [ -96.78332, 32.78866 ], [ -96.78364, 32.78896 ], [ -96.78283, 32.78953 ] ] ] } },
{ "type": "Feature", "properties": { "area_acres": 0.9 }, "geometry": { "type": "Polygon", "coordinates": [ [ [ -96.78311, 32.79031 ], [ -96.78265, 32.78988 ], [ -96.78305, 32.78958 ], [ -96.78331, 32.78982 ], [ -96.78338, 32.78977 ], [ -96.7836, 32.78998 ], [ -96.78311, 32.79031 ] ] ] } },
{ "type": "Feature", "properties": { "area_acres": 11.25 }, "geometry": { "type": "Polygon", "coordinates": [ [ [ -96.86384, 32.65024 ], [ -96.86204, 32.64943 ], [ -96.85943, 32.64871 ], [ -96.85943, 32.64839 ], [ -96.86079, 32.64837 ], [ -96.86126, 32.64857 ], [ -96.8616, 32.64805 ], [ -96.86443, 32.6493 ], [ -96.86384, 32.65024 ] ] ] } },
{ "type": "Feature", "properties": { "area_acres": 12.09 }, "geometry": { "type": "Polygon", "coordinates": [ [ [ -96.9159, 32.70641 ], [ -96.91376, 32.7064 ], [ -96.91377, 32.70686 ], [ -96.90993, 32.70684 ], [ -96.90993, 32.70664 ], [ -96.91001, 32.70656 ], [ -96.91026, 32.70587 ], [ -96.916, 32.70589 ], [ -96.9159, 32.70641 ] ] ] } },
{ "type": "Feature", "properties": { "area_acres": 2.49 }, "geometry": { "type": "Polygon", "coordinates": [ [ [ -96.91044, 32.71071 ], [ -96.91038, 32.7107 ], [ -96.91041, 32.71064 ], [ -96.90972, 32.71044 ], [ -96.90965, 32.71047 ], [ -96.90961, 32.71068 ], [ -96.90961, 32.71064 ], [ -96.90945, 32.71059 ], [ -96.90942, 32.71065 ], [ -96.90938, 32.71064 ], [ -96.90919, 32.71107 ], [ -96.90925, 32.71109 ], [ -96.90922, 32.71115 ], [ -96.90974, 32.71179 ], [ -96.90978, 32.71176 ], [ -96.90989, 32.71189 ], [ -96.90995, 32.71185 ], [ -96.91012, 32.7115 ], [ -96.91008, 32.71143 ], [ -96.90989, 32.71138 ], [ -96.91002, 32.71106 ], [ -96.91027, 32.71113 ], [ -96.91044, 32.71071 ] ] ] } },
{ "type": "Feature", "properties": { "area_acres": 3.44 }, "geometry": { "type": "Polygon", "coordinates": [ [ [ -96.96276, 32.69397 ], [ -96.96233, 32.69397 ], [ -96.96236, 32.69076 ], [ -96.96277, 32.69076 ], [ -96.96276, 32.69397 ] ] ] } },
{ "type": "Feature", "properties": { "area_acres": 2.04 }, "geometry": { "type": "Polygon", "coordinates": [ [ [ -96.82731, 32.8002 ], [ -96.82728, 32.7995 ], [ -96.82656, 32.79946 ], [ -96.82616, 32.79961 ], [ -96.82663, 32.80043 ], [ -96.82731, 32.8002 ] ] ] } },
{ "type": "Feature", "properties": { "area_acres": 1.39 }, "geometry": { "type": "Polygon", "coordinates": [ [ [ -96.82646, 32.80108 ], [ -96.82603, 32.80102 ], [ -96.82601, 32.80083 ], [ -96.82549, 32.79993 ], [ -96.82586, 32.79977 ], [ -96.82638, 32.80067 ], [ -96.82645, 32.80084 ], [ -96.82646, 32.80108 ] ] ] } },
{ "type": "Feature", "properties": { "area_acres": 0.6 }, "geometry": { "type": "Polygon", "coordinates": [ [ [ -96.82586, 32.80085 ], [ -96.82583, 32.801 ], [ -96.82531, 32.80093 ], [ -96.82431, 32.80072 ], [ -96.82436, 32.80057 ], [ -96.82527, 32.80078 ], [ -96.82586, 32.80085 ] ] ] } },
{ "type": "Feature", "properties": { "area_acres": 0.19 }, "geometry": { "type": "Polygon", "coordinates": [ [ [ -96.78058, 32.76949 ], [ -96.78032, 32.76918 ], [ -96.78016, 32.76927 ], [ -96.78043, 32.76958 ], [ -96.78058, 32.76949 ] ] ] } },
{ "type": "Feature", "properties": { "area_acres": 0.74 }, "geometry": { "type": "Polygon", "coordinates": [ [ [ -96.7253, 32.85227 ], [ -96.7253, 32.85211 ], [ -96.72598, 32.85212 ], [ -96.72598, 32.85207 ], [ -96.72645, 32.85204 ], [ -96.72653, 32.85238 ], [ -96.726, 32.85242 ], [ -96.72599, 32.85228 ], [ -96.7253, 32.85227 ] ] ] } },
{ "type": "Feature", "properties": { "area_acres": 0.92 }, "geometry": { "type": "Polygon", "coordinates": [ [ [ -96.8039, 32.77875 ], [ -96.80375, 32.77821 ], [ -96.80312, 32.77834 ], [ -96.80328, 32.77888 ], [ -96.8039, 32.77875 ] ] ] } },
{ "type": "Feature", "properties": { "area_acres": 0.65 }, "geometry": { "type": "Polygon", "coordinates": [ [ [ -96.79974, 32.77822 ], [ -96.79962, 32.77782 ], [ -96.79904, 32.77794 ], [ -96.79916, 32.77835 ], [ -96.79974, 32.77822 ] ] ] } },
{ "type": "Feature", "properties": { "area_acres": 0.79 }, "geometry": { "type": "Polygon", "coordinates": [ [ [ -96.80506, 32.7785 ], [ -96.80491, 32.77799 ], [ -96.80547, 32.77787 ], [ -96.80563, 32.77838 ], [ -96.80506, 32.7785 ] ] ] } },
{ "type": "Feature", "properties": { "area_acres": 0.51 }, "geometry": { "type": "Polygon", "coordinates": [ [ [ -96.8051, 32.77872 ], [ -96.80527, 32.77925 ], [ -96.80558, 32.77918 ], [ -96.8055, 32.77892 ], [ -96.80558, 32.7789 ], [ -96.80549, 32.77863 ], [ -96.8051, 32.77872 ] ] ] } },
{ "type": "Feature", "properties": { "area_acres": 0.88 }, "geometry": { "type": "Polygon", "coordinates": [ [ [ -96.79569, 32.78818 ], [ -96.79517, 32.78774 ], [ -96.79478, 32.78807 ], [ -96.7953, 32.78851 ], [ -96.79569, 32.78818 ] ] ] } },
{ "type": "Feature", "properties": { "area_acres": 6.73 }, "geometry": { "type": "Polygon", "coordinates": [ [ [ -96.81551, 32.77524 ], [ -96.81542, 32.77501 ], [ -96.81487, 32.77508 ], [ -96.81471, 32.77458 ], [ -96.81394, 32.77471 ], [ -96.81404, 32.77517 ], [ -96.81357, 32.77525 ], [ -96.81356, 32.77649 ], [ -96.81371, 32.77656 ], [ -96.81533, 32.77625 ], [ -96.81508, 32.77533 ], [ -96.81551, 32.77524 ] ] ] } },
{ "type": "Feature", "properties": { "area_acres": 0.9 }, "geometry": { "type": "Polygon", "coordinates": [ [ [ -96.79585, 32.77922 ], [ -96.79598, 32.77972 ], [ -96.79662, 32.7796 ], [ -96.79652, 32.77907 ], [ -96.79585, 32.77922 ] ] ] } },
{ "type": "Feature", "properties": { "area_acres": 1.37 }, "geometry": { "type": "Polygon", "coordinates": [ [ [ -96.80457, 32.77685 ], [ -96.80446, 32.77648 ], [ -96.80357, 32.77667 ], [ -96.80374, 32.77721 ], [ -96.80479, 32.77698 ], [ -96.80473, 32.77681 ], [ -96.80457, 32.77685 ] ] ] } },
{ "type": "Feature", "properties": { "area_acres": 3.8 }, "geometry": { "type": "Polygon", "coordinates": [ [ [ -96.71827, 32.81953 ], [ -96.71795, 32.81978 ], [ -96.71695, 32.82105 ], [ -96.71736, 32.82124 ], [ -96.71777, 32.82126 ], [ -96.71815, 32.82094 ], [ -96.71845, 32.82052 ], [ -96.71858, 32.81978 ], [ -96.71855, 32.81968 ], [ -96.71827, 32.81953 ] ] ] } },
{ "type": "Feature", "properties": { "area_acres": 0.75 }, "geometry": { "type": "Polygon", "coordinates": [ [ [ -96.80726, 32.96423 ], [ -96.80746, 32.96341 ], [ -96.80781, 32.96339 ], [ -96.80773, 32.96393 ], [ -96.80759, 32.96396 ], [ -96.8075, 32.96428 ], [ -96.80726, 32.96423 ] ] ] } },
{ "type": "Feature", "properties": { "area_acres": 0.88 }, "geometry": { "type": "Polygon", "coordinates": [ [ [ -96.81882, 32.96324 ], [ -96.8187, 32.96323 ], [ -96.81875, 32.96321 ], [ -96.81857, 32.96282 ], [ -96.81722, 32.9633 ], [ -96.81715, 32.96337 ], [ -96.81724, 32.96349 ], [ -96.81735, 32.96346 ], [ -96.8174, 32.96352 ], [ -96.81756, 32.96354 ], [ -96.81765, 32.96346 ], [ -96.81764, 32.96331 ], [ -96.8177, 32.96326 ], [ -96.81771, 32.9633 ], [ -96.81794, 32.96324 ], [ -96.81792, 32.96318 ], [ -96.81805, 32.96313 ], [ -96.81808, 32.96318 ], [ -96.8185, 32.96303 ], [ -96.81858, 32.96325 ], [ -96.81867, 32.96332 ], [ -96.81878, 32.96336 ], [ -96.81882, 32.96324 ] ] ] } },
{ "type": "Feature", "properties": { "area_acres": 0.15 }, "geometry": { "type": "Polygon", "coordinates": [ [ [ -96.73247, 32.83152 ], [ -96.7326, 32.83136 ], [ -96.73234, 32.83125 ], [ -96.73223, 32.83142 ], [ -96.73247, 32.83152 ] ] ] } },
{ "type": "Feature", "properties": { "area_acres": 0.18 }, "geometry": { "type": "Polygon", "coordinates": [ [ [ -96.73089, 32.83118 ], [ -96.73093, 32.83106 ], [ -96.73041, 32.83091 ], [ -96.73032, 32.831 ], [ -96.73089, 32.83118 ] ] ] } },
{ "type": "Feature", "properties": { "area_acres": 0.15 }, "geometry": { "type": "Polygon", "coordinates": [ [ [ -96.72401, 32.83848 ], [ -96.72402, 32.83838 ], [ -96.72381, 32.83831 ], [ -96.72367, 32.83817 ], [ -96.72356, 32.83823 ], [ -96.72372, 32.8384 ], [ -96.72401, 32.83848 ] ] ] } },
{ "type": "Feature", "properties": { "area_acres": 0.19 }, "geometry": { "type": "Polygon", "coordinates": [ [ [ -96.72869, 32.85085 ], [ -96.72878, 32.8507 ], [ -96.72838, 32.85053 ], [ -96.72829, 32.85068 ], [ -96.72869, 32.85085 ] ] ] } },
{ "type": "Feature", "properties": { "area_acres": 0.04 }, "geometry": { "type": "Polygon", "coordinates": [ [ [ -96.73055, 32.82696 ], [ -96.73062, 32.82699 ], [ -96.73037, 32.82708 ], [ -96.73032, 32.82703 ], [ -96.73055, 32.82696 ] ] ] } },
{ "type": "Feature", "properties": { "area_acres": 0.28 }, "geometry": { "type": "Polygon", "coordinates": [ [ [ -96.7308, 32.82672 ], [ -96.73078, 32.82655 ], [ -96.73049, 32.82659 ], [ -96.73015, 32.8267 ], [ -96.73024, 32.82686 ], [ -96.7308, 32.82672 ] ] ] } },
{ "type": "Feature", "properties": { "area_acres": 0.23 }, "geometry": { "type": "Polygon", "coordinates": [ [ [ -96.7299, 32.8264 ], [ -96.72981, 32.82602 ], [ -96.7296, 32.82599 ], [ -96.72964, 32.82629 ], [ -96.72972, 32.82647 ], [ -96.7299, 32.8264 ] ] ] } },
{ "type": "Feature", "properties": { "area_acres": 0.35 }, "geometry": { "type": "Polygon", "coordinates": [ [ [ -96.76072, 32.82475 ], [ -96.76072, 32.82442 ], [ -96.76032, 32.82442 ], [ -96.76032, 32.82475 ], [ -96.76072, 32.82475 ] ] ] } },
{ "type": "Feature", "properties": { "area_acres": 4.85 }, "geometry": { "type": "Polygon", "coordinates": [ [ [ -96.73357, 32.92078 ], [ -96.73295, 32.92112 ], [ -96.73231, 32.92127 ], [ -96.73196, 32.92125 ], [ -96.73148, 32.92085 ], [ -96.73141, 32.92051 ], [ -96.73149, 32.92026 ], [ -96.73218, 32.9198 ], [ -96.73357, 32.92078 ] ] ] } },
{ "type": "Feature", "properties": { "area_acres": 6.54 }, "geometry": { "type": "Polygon", "coordinates": [ [ [ -96.73197, 32.92211 ], [ -96.73179, 32.92219 ], [ -96.73181, 32.92334 ], [ -96.73187, 32.92341 ], [ -96.73306, 32.92404 ], [ -96.73326, 32.92396 ], [ -96.73358, 32.92377 ], [ -96.73387, 32.92351 ], [ -96.73411, 32.92318 ], [ -96.73197, 32.92211 ] ] ] } },
{ "type": "Feature", "properties": { "area_acres": 1.52 }, "geometry": { "type": "Polygon", "coordinates": [ [ [ -96.72739, 32.92102 ], [ -96.72768, 32.92058 ], [ -96.7268, 32.92011 ], [ -96.72662, 32.92024 ], [ -96.72639, 32.92054 ], [ -96.72739, 32.92102 ] ] ] } },
{ "type": "Feature", "properties": { "area_acres": 1.41 }, "geometry": { "type": "Polygon", "coordinates": [ [ [ -96.72842, 32.92361 ], [ -96.72843, 32.92403 ], [ -96.72867, 32.92418 ], [ -96.72886, 32.92415 ], [ -96.72925, 32.92392 ], [ -96.72938, 32.92373 ], [ -96.72933, 32.92364 ], [ -96.72928, 32.92366 ], [ -96.72924, 32.92359 ], [ -96.72929, 32.92356 ], [ -96.72912, 32.92331 ], [ -96.72842, 32.92361 ] ] ] } },
{ "type": "Feature", "properties": { "area_acres": 0.18 }, "geometry": { "type": "Polygon", "coordinates": [ [ [ -96.74291, 32.74276 ], [ -96.74308, 32.74262 ], [ -96.74279, 32.7424 ], [ -96.74265, 32.74253 ], [ -96.74291, 32.74276 ] ] ] } },
{ "type": "Feature", "properties": { "area_acres": 0.08 }, "geometry": { "type": "Polygon", "coordinates": [ [ [ -96.7415, 32.74438 ], [ -96.7413, 32.74439 ], [ -96.74131, 32.74454 ], [ -96.7415, 32.74453 ], [ -96.7415, 32.74438 ] ] ] } },
{ "type": "Feature", "properties": { "area_acres": 0.2 }, "geometry": { "type": "Polygon", "coordinates": [ [ [ -96.74141, 32.74508 ], [ -96.74126, 32.74519 ], [ -96.74096, 32.74491 ], [ -96.74111, 32.7448 ], [ -96.74141, 32.74508 ] ] ] } },
{ "type": "Feature", "properties": { "area_acres": 0.12 }, "geometry": { "type": "Polygon", "coordinates": [ [ [ -96.74483, 32.74305 ], [ -96.74469, 32.74316 ], [ -96.74449, 32.74298 ], [ -96.74463, 32.74287 ], [ -96.74483, 32.74305 ] ] ] } },
{ "type": "Feature", "properties": { "area_acres": 0.52 }, "geometry": { "type": "Polygon", "coordinates": [ [ [ -96.76874, 32.8607 ], [ -96.76876, 32.86019 ], [ -96.76913, 32.86019 ], [ -96.76913, 32.8607 ], [ -96.76874, 32.8607 ] ] ] } },
{ "type": "Feature", "properties": { "area_acres": 1.7 }, "geometry": { "type": "Polygon", "coordinates": [ [ [ -96.77135, 32.8464 ], [ -96.77135, 32.84634 ], [ -96.7713, 32.84634 ], [ -96.7713, 32.84574 ], [ -96.77136, 32.84566 ], [ -96.77184, 32.84566 ], [ -96.77184, 32.84573 ], [ -96.77227, 32.84573 ], [ -96.77221, 32.8464 ], [ -96.77135, 32.8464 ] ] ] } },
{ "type": "Feature", "properties": { "area_acres": 0.32 }, "geometry": { "type": "Polygon", "coordinates": [ [ [ -96.77147, 32.84246 ], [ -96.77148, 32.84217 ], [ -96.77166, 32.84218 ], [ -96.77166, 32.84245 ], [ -96.7718, 32.84245 ], [ -96.7718, 32.84262 ], [ -96.77135, 32.84262 ], [ -96.77136, 32.84246 ], [ -96.77147, 32.84246 ] ] ] } },
{ "type": "Feature", "properties": { "area_acres": 0.11 }, "geometry": { "type": "Polygon", "coordinates": [ [ [ -96.77954, 32.79768 ], [ -96.77963, 32.79774 ], [ -96.7793, 32.79801 ], [ -96.77922, 32.79794 ], [ -96.77954, 32.79768 ] ] ] } },
{ "type": "Feature", "properties": { "area_acres": 0.12 }, "geometry": { "type": "Polygon", "coordinates": [ [ [ -96.77957, 32.79765 ], [ -96.77991, 32.79736 ], [ -96.77999, 32.79743 ], [ -96.77965, 32.79771 ], [ -96.77957, 32.79765 ] ] ] } },
{ "type": "Feature", "properties": { "area_acres": 0.06 }, "geometry": { "type": "Polygon", "coordinates": [ [ [ -96.88182, 32.85985 ], [ -96.88196, 32.85945 ], [ -96.88201, 32.85946 ], [ -96.88188, 32.85986 ], [ -96.88182, 32.85985 ] ] ] } },
{ "type": "Feature", "properties": { "area_acres": 0.32 }, "geometry": { "type": "Polygon", "coordinates": [ [ [ -96.7373, 32.78779 ], [ -96.7369, 32.78778 ], [ -96.7369, 32.78747 ], [ -96.7373, 32.78747 ], [ -96.7373, 32.78779 ] ] ] } },
{ "type": "Feature", "properties": { "area_acres": 0.54 }, "geometry": { "type": "Polygon", "coordinates": [ [ [ -96.74426, 32.79016 ], [ -96.74358, 32.79014 ], [ -96.74357, 32.79037 ], [ -96.7438, 32.79037 ], [ -96.7438, 32.7905 ], [ -96.74425, 32.79051 ], [ -96.74426, 32.79016 ] ] ] } },
{ "type": "Feature", "properties": { "area_acres": 0.23 }, "geometry": { "type": "Polygon", "coordinates": [ [ [ -96.74489, 32.79037 ], [ -96.74452, 32.79037 ], [ -96.74452, 32.79013 ], [ -96.74489, 32.79013 ], [ -96.74489, 32.79037 ] ] ] } },
{ "type": "Feature", "properties": { "area_acres": 0.28 }, "geometry": { "type": "Polygon", "coordinates": [ [ [ -96.74525, 32.7905 ], [ -96.74495, 32.79049 ], [ -96.74495, 32.79014 ], [ -96.74526, 32.79014 ], [ -96.74525, 32.7905 ] ] ] } },
{ "type": "Feature", "properties": { "area_acres": 0.06 }, "geometry": { "type": "Polygon", "coordinates": [ [ [ -96.73077, 32.81486 ], [ -96.73109, 32.81513 ], [ -96.73105, 32.81517 ], [ -96.73073, 32.8149 ], [ -96.73077, 32.81486 ] ] ] } },
{ "type": "Feature", "properties": { "area_acres": 0.12 }, "geometry": { "type": "Polygon", "coordinates": [ [ [ -96.73081, 32.8148 ], [ -96.73089, 32.81473 ], [ -96.73124, 32.81503 ], [ -96.73117, 32.8151 ], [ -96.73081, 32.8148 ] ] ] } },
{ "type": "Feature", "properties": { "area_acres": 0.08 }, "geometry": { "type": "Polygon", "coordinates": [ [ [ -96.73094, 32.81468 ], [ -96.7314, 32.81499 ], [ -96.73136, 32.81503 ], [ -96.73094, 32.81468 ] ] ] } },
{ "type": "Feature", "properties": { "area_acres": 0.41 }, "geometry": { "type": "Polygon", "coordinates": [ [ [ -96.83645, 32.75382 ], [ -96.83551, 32.75383 ], [ -96.83551, 32.754 ], [ -96.83645, 32.75399 ], [ -96.83645, 32.75382 ] ] ] } },
{ "type": "Feature", "properties": { "area_acres": 1.48 }, "geometry": { "type": "Polygon", "coordinates": [ [ [ -96.74129, 32.79461 ], [ -96.74197, 32.79431 ], [ -96.74155, 32.79364 ], [ -96.74087, 32.79394 ], [ -96.74129, 32.79461 ] ] ] } },
{ "type": "Feature", "properties": { "area_acres": 2.31 }, "geometry": { "type": "Polygon", "coordinates": [ [ [ -96.79383, 32.78582 ], [ -96.79338, 32.78618 ], [ -96.79334, 32.78615 ], [ -96.79323, 32.7863 ], [ -96.79326, 32.78634 ], [ -96.7933, 32.7863 ], [ -96.79384, 32.78676 ], [ -96.79363, 32.78694 ], [ -96.79291, 32.78635 ], [ -96.79283, 32.78634 ], [ -96.79313, 32.7857 ], [ -96.79349, 32.78532 ], [ -96.79355, 32.78537 ], [ -96.79361, 32.78532 ], [ -96.7939, 32.78557 ], [ -96.79409, 32.78564 ], [ -96.79414, 32.78561 ], [ -96.79431, 32.78577 ], [ -96.79399, 32.78594 ], [ -96.79383, 32.78582 ] ] ] } },
{ "type": "Feature", "properties": { "area_acres": 0.73 }, "geometry": { "type": "Polygon", "coordinates": [ [ [ -96.77155, 32.81509 ], [ -96.77154, 32.81465 ], [ -96.77091, 32.81465 ], [ -96.77092, 32.8151 ], [ -96.77155, 32.81509 ] ] ] } },
{ "type": "Feature", "properties": { "area_acres": 0.35 }, "geometry": { "type": "Polygon", "coordinates": [ [ [ -96.7722, 32.81449 ], [ -96.77191, 32.81449 ], [ -96.77191, 32.81402 ], [ -96.7722, 32.81401 ], [ -96.7722, 32.81449 ] ] ] } },
{ "type": "Feature", "properties": { "area_acres": 0.55 }, "geometry": { "type": "Polygon", "coordinates": [ [ [ -96.77191, 32.81449 ], [ -96.77146, 32.81449 ], [ -96.77146, 32.81402 ], [ -96.77191, 32.81402 ], [ -96.77191, 32.81449 ] ] ] } },
{ "type": "Feature", "properties": { "area_acres": 0.73 }, "geometry": { "type": "Polygon", "coordinates": [ [ [ -96.77529, 32.83546 ], [ -96.7753, 32.83514 ], [ -96.77438, 32.83514 ], [ -96.77436, 32.83546 ], [ -96.77529, 32.83546 ] ] ] } },
{ "type": "Feature", "properties": { "area_acres": 5.33 }, "geometry": { "type": "Polygon", "coordinates": [ [ [ -96.95128, 32.70971 ], [ -96.95135, 32.70901 ], [ -96.95155, 32.70811 ], [ -96.95152, 32.70805 ], [ -96.95076, 32.70798 ], [ -96.95052, 32.70809 ], [ -96.95034, 32.70834 ], [ -96.95012, 32.70933 ], [ -96.95021, 32.70935 ], [ -96.95017, 32.70953 ], [ -96.9503, 32.70973 ], [ -96.95047, 32.70984 ], [ -96.95076, 32.70993 ], [ -96.95102, 32.70993 ], [ -96.95128, 32.70971 ] ] ] } },
{ "type": "Feature", "properties": { "area_acres": 1.54 }, "geometry": { "type": "Polygon", "coordinates": [ [ [ -96.94419, 32.70922 ], [ -96.94318, 32.70918 ], [ -96.94321, 32.70859 ], [ -96.94422, 32.70863 ], [ -96.94419, 32.70922 ] ] ] } },
{ "type": "Feature", "properties": { "area_acres": 0.55 }, "geometry": { "type": "Polygon", "coordinates": [ [ [ -96.94983, 32.71239 ], [ -96.94925, 32.71219 ], [ -96.9491, 32.7125 ], [ -96.94969, 32.71271 ], [ -96.94983, 32.71239 ] ] ] } },
{ "type": "Feature", "properties": { "area_acres": 0.47 }, "geometry": { "type": "Polygon", "coordinates": [ [ [ -96.82443, 32.75793 ], [ -96.82407, 32.75741 ], [ -96.82375, 32.75757 ], [ -96.82398, 32.7579 ], [ -96.82443, 32.75793 ] ] ] } },
{ "type": "Feature", "properties": { "area_acres": 0.51 }, "geometry": { "type": "Polygon", "coordinates": [ [ [ -96.82527, 32.75438 ], [ -96.82527, 32.75385 ], [ -96.825, 32.75385 ], [ -96.825, 32.7541 ], [ -96.8248, 32.7541 ], [ -96.8248, 32.75438 ], [ -96.82527, 32.75438 ] ] ] } },
{ "type": "Feature", "properties": { "area_acres": 1.21 }, "geometry": { "type": "Polygon", "coordinates": [ [ [ -96.82722, 32.75841 ], [ -96.82683, 32.75824 ], [ -96.82643, 32.75888 ], [ -96.82616, 32.7591 ], [ -96.82614, 32.7592 ], [ -96.82672, 32.75923 ], [ -96.82722, 32.75841 ] ] ] } },
{ "type": "Feature", "properties": { "area_acres": 1.18 }, "geometry": { "type": "Polygon", "coordinates": [ [ [ -96.76724, 32.90269 ], [ -96.76721, 32.90242 ], [ -96.76725, 32.90238 ], [ -96.76735, 32.90238 ], [ -96.76734, 32.90269 ], [ -96.76748, 32.90269 ], [ -96.76748, 32.90239 ], [ -96.76788, 32.90239 ], [ -96.76787, 32.90311 ], [ -96.76724, 32.90311 ], [ -96.76705, 32.90269 ], [ -96.76724, 32.90269 ] ] ] } },
{ "type": "Feature", "properties": { "area_acres": 0.29 }, "geometry": { "type": "Polygon", "coordinates": [ [ [ -96.76284, 32.87937 ], [ -96.76299, 32.87969 ], [ -96.76272, 32.87979 ], [ -96.76254, 32.87948 ], [ -96.76284, 32.87937 ] ] ] } },
{ "type": "Feature", "properties": { "area_acres": 0.03 }, "geometry": { "type": "Polygon", "coordinates": [ [ [ -96.78766, 32.66466 ], [ -96.78767, 32.66452 ], [ -96.78776, 32.66453 ], [ -96.78775, 32.66466 ], [ -96.78766, 32.66466 ] ] ] } },
{ "type": "Feature", "properties": { "area_acres": 1.73 }, "geometry": { "type": "Polygon", "coordinates": [ [ [ -96.83556, 32.90052 ], [ -96.83527, 32.90037 ], [ -96.83413, 32.902 ], [ -96.83416, 32.90202 ], [ -96.83438, 32.90211 ], [ -96.83451, 32.90206 ], [ -96.83556, 32.90052 ] ] ] } },
{ "type": "Feature", "properties": { "area_acres": 0.45 }, "geometry": { "type": "Polygon", "coordinates": [ [ [ -96.77253, 32.9192 ], [ -96.77253, 32.91894 ], [ -96.77185, 32.91894 ], [ -96.77185, 32.9192 ], [ -96.77253, 32.9192 ] ] ] } },
{ "type": "Feature", "properties": { "area_acres": 0.82 }, "geometry": { "type": "Polygon", "coordinates": [ [ [ -96.77031, 32.91977 ], [ -96.76979, 32.91978 ], [ -96.76978, 32.91916 ], [ -96.7703, 32.91915 ], [ -96.77031, 32.91977 ] ] ] } },
{ "type": "Feature", "properties": { "area_acres": 0.41 }, "geometry": { "type": "Polygon", "coordinates": [ [ [ -96.7803, 32.9222 ], [ -96.78008, 32.9219 ], [ -96.77969, 32.92211 ], [ -96.7799, 32.9224 ], [ -96.7803, 32.9222 ] ] ] } },
{ "type": "Feature", "properties": { "area_acres": 0.21 }, "geometry": { "type": "Polygon", "coordinates": [ [ [ -96.77735, 32.92003 ], [ -96.77755, 32.92003 ], [ -96.77756, 32.92045 ], [ -96.77738, 32.92046 ], [ -96.77735, 32.92003 ] ] ] } },
{ "type": "Feature", "properties": { "area_acres": 0.19 }, "geometry": { "type": "Polygon", "coordinates": [ [ [ -96.79544, 32.67972 ], [ -96.79542, 32.67933 ], [ -96.79524, 32.67933 ], [ -96.79526, 32.67972 ], [ -96.79544, 32.67972 ] ] ] } },
{ "type": "Feature", "properties": { "area_acres": 0.52 }, "geometry": { "type": "Polygon", "coordinates": [ [ [ -96.80064, 32.68293 ], [ -96.80068, 32.68261 ], [ -96.79996, 32.68274 ], [ -96.80006, 32.68304 ], [ -96.80029, 32.68297 ], [ -96.80064, 32.68293 ] ] ] } },
{ "type": "Feature", "properties": { "area_acres": 0.55 }, "geometry": { "type": "Polygon", "coordinates": [ [ [ -96.79679, 32.68391 ], [ -96.79656, 32.68337 ], [ -96.7962, 32.68348 ], [ -96.79643, 32.68402 ], [ -96.79679, 32.68391 ] ] ] } },
{ "type": "Feature", "properties": { "area_acres": 1.92 }, "geometry": { "type": "Polygon", "coordinates": [ [ [ -96.78799, 32.66698 ], [ -96.78797, 32.66714 ], [ -96.78741, 32.66731 ], [ -96.78715, 32.66726 ], [ -96.78729, 32.66594 ], [ -96.7875, 32.66595 ], [ -96.78799, 32.66698 ] ] ] } },
{ "type": "Feature", "properties": { "area_acres": 0.18 }, "geometry": { "type": "Polygon", "coordinates": [ [ [ -96.79131, 32.75588 ], [ -96.79131, 32.75569 ], [ -96.79094, 32.75569 ], [ -96.79094, 32.75588 ], [ -96.79131, 32.75588 ] ] ] } },
{ "type": "Feature", "properties": { "area_acres": 0.44 }, "geometry": { "type": "Polygon", "coordinates": [ [ [ -96.82361, 32.71372 ], [ -96.82363, 32.71335 ], [ -96.82317, 32.71334 ], [ -96.82315, 32.71371 ], [ -96.82361, 32.71372 ] ] ] } },
{ "type": "Feature", "properties": { "area_acres": 0.6 }, "geometry": { "type": "Polygon", "coordinates": [ [ [ -96.82411, 32.71494 ], [ -96.82411, 32.71459 ], [ -96.82343, 32.71459 ], [ -96.82343, 32.71494 ], [ -96.82411, 32.71494 ] ] ] } },
{ "type": "Feature", "properties": { "area_acres": 0.7 }, "geometry": { "type": "Polygon", "coordinates": [ [ [ -96.81572, 32.71849 ], [ -96.81573, 32.71794 ], [ -96.81524, 32.71793 ], [ -96.81522, 32.71848 ], [ -96.81572, 32.71849 ] ] ] } },
{ "type": "Feature", "properties": { "area_acres": 0.35 }, "geometry": { "type": "Polygon", "coordinates": [ [ [ -96.81518, 32.71876 ], [ -96.81517, 32.71849 ], [ -96.81468, 32.71849 ], [ -96.81468, 32.71876 ], [ -96.81518, 32.71876 ] ] ] } },
{ "type": "Feature", "properties": { "area_acres": 0.57 }, "geometry": { "type": "Polygon", "coordinates": [ [ [ -96.81573, 32.71781 ], [ -96.81574, 32.71739 ], [ -96.81521, 32.71739 ], [ -96.8152, 32.71781 ], [ -96.81573, 32.71781 ] ] ] } },
{ "type": "Feature", "properties": { "area_acres": 2.63 }, "geometry": { "type": "Polygon", "coordinates": [ [ [ -96.80334, 32.92053 ], [ -96.80335, 32.92005 ], [ -96.80243, 32.92004 ], [ -96.80243, 32.92012 ], [ -96.80208, 32.92011 ], [ -96.80206, 32.92149 ], [ -96.80251, 32.9215 ], [ -96.80253, 32.92053 ], [ -96.80334, 32.92053 ] ] ] } },
{ "type": "Feature", "properties": { "area_acres": 1.03 }, "geometry": { "type": "Polygon", "coordinates": [ [ [ -96.80204, 32.65401 ], [ -96.80211, 32.65411 ], [ -96.80211, 32.65424 ], [ -96.80108, 32.65474 ], [ -96.80091, 32.6545 ], [ -96.801, 32.65446 ], [ -96.80098, 32.65442 ], [ -96.8019, 32.65394 ], [ -96.80204, 32.65401 ] ] ] } },
{ "type": "Feature", "properties": { "area_acres": 1.41 }, "geometry": { "type": "Polygon", "coordinates": [ [ [ -96.80316, 32.65447 ], [ -96.80289, 32.65406 ], [ -96.80188, 32.65453 ], [ -96.80215, 32.65494 ], [ -96.80316, 32.65447 ] ] ] } },
{ "type": "Feature", "properties": { "area_acres": 0.89 }, "geometry": { "type": "Polygon", "coordinates": [ [ [ -96.80198, 32.65502 ], [ -96.80171, 32.65462 ], [ -96.80106, 32.65493 ], [ -96.80133, 32.65533 ], [ -96.80198, 32.65502 ] ] ] } },
{ "type": "Feature", "properties": { "area_acres": 0.59 }, "geometry": { "type": "Polygon", "coordinates": [ [ [ -96.80286, 32.65388 ], [ -96.80247, 32.65406 ], [ -96.80244, 32.65402 ], [ -96.8024, 32.65404 ], [ -96.80228, 32.65387 ], [ -96.80223, 32.6539 ], [ -96.80211, 32.65372 ], [ -96.80259, 32.65349 ], [ -96.80286, 32.65388 ] ] ] } },
{ "type": "Feature", "properties": { "area_acres": 1.09 }, "geometry": { "type": "Polygon", "coordinates": [ [ [ -96.81221, 32.7411 ], [ -96.81188, 32.74076 ], [ -96.81099, 32.74136 ], [ -96.81105, 32.74143 ], [ -96.81134, 32.74152 ], [ -96.81162, 32.74134 ], [ -96.81171, 32.74144 ], [ -96.81221, 32.7411 ] ] ] } },
{ "type": "Feature", "properties": { "area_acres": 0.18 }, "geometry": { "type": "Polygon", "coordinates": [ [ [ -96.85309, 32.71321 ], [ -96.85289, 32.71321 ], [ -96.85288, 32.71356 ], [ -96.85309, 32.71356 ], [ -96.85309, 32.71321 ] ] ] } },
{ "type": "Feature", "properties": { "area_acres": 2.11 }, "geometry": { "type": "Polygon", "coordinates": [ [ [ -96.85451, 32.68287 ], [ -96.85402, 32.68274 ], [ -96.85349, 32.68251 ], [ -96.85338, 32.68264 ], [ -96.85373, 32.68325 ], [ -96.85513, 32.68401 ], [ -96.85525, 32.68389 ], [ -96.85523, 32.68353 ], [ -96.85505, 32.68353 ], [ -96.85505, 32.68376 ], [ -96.85433, 32.6834 ], [ -96.85451, 32.68287 ] ] ] } },
{ "type": "Feature", "properties": { "area_acres": 0.15 }, "geometry": { "type": "Polygon", "coordinates": [ [ [ -96.7843, 32.79435 ], [ -96.78455, 32.79414 ], [ -96.78442, 32.79402 ], [ -96.78417, 32.79424 ], [ -96.7843, 32.79435 ] ] ] } },
{ "type": "Feature", "properties": { "area_acres": 1.45 }, "geometry": { "type": "Polygon", "coordinates": [ [ [ -96.77635, 32.87117 ], [ -96.77536, 32.87116 ], [ -96.77535, 32.87173 ], [ -96.77634, 32.87174 ], [ -96.77635, 32.87117 ] ] ] } },
{ "type": "Feature", "properties": { "area_acres": 2.77 }, "geometry": { "type": "Polygon", "coordinates": [ [ [ -96.77512, 32.87173 ], [ -96.77336, 32.87174 ], [ -96.77336, 32.87116 ], [ -96.77343, 32.87116 ], [ -96.77343, 32.87112 ], [ -96.77512, 32.87111 ], [ -96.77512, 32.87173 ] ] ] } },
{ "type": "Feature", "properties": { "area_acres": 2.54 }, "geometry": { "type": "Polygon", "coordinates": [ [ [ -96.77509, 32.87102 ], [ -96.77509, 32.87044 ], [ -96.77337, 32.87044 ], [ -96.77337, 32.87102 ], [ -96.77509, 32.87102 ] ] ] } },
{ "type": "Feature", "properties": { "area_acres": 2.08 }, "geometry": { "type": "Polygon", "coordinates": [ [ [ -96.77316, 32.87172 ], [ -96.77316, 32.87113 ], [ -96.77181, 32.87112 ], [ -96.7718, 32.87172 ], [ -96.77316, 32.87172 ] ] ] } },
{ "type": "Feature", "properties": { "area_acres": 2.08 }, "geometry": { "type": "Polygon", "coordinates": [ [ [ -96.77319, 32.87103 ], [ -96.77319, 32.87045 ], [ -96.77181, 32.87044 ], [ -96.7718, 32.87103 ], [ -96.77319, 32.87103 ] ] ] } },
{ "type": "Feature", "properties": { "area_acres": 2.39 }, "geometry": { "type": "Polygon", "coordinates": [ [ [ -96.77159, 32.87164 ], [ -96.77079, 32.87164 ], [ -96.77079, 32.87049 ], [ -96.7716, 32.87048 ], [ -96.77159, 32.87164 ] ] ] } },
{ "type": "Feature", "properties": { "area_acres": 0.54 }, "geometry": { "type": "Polygon", "coordinates": [ [ [ -96.77393, 32.87024 ], [ -96.77393, 32.86988 ], [ -96.77333, 32.86988 ], [ -96.77333, 32.87023 ], [ -96.77393, 32.87024 ] ] ] } },
{ "type": "Feature", "properties": { "area_acres": 0.25 }, "geometry": { "type": "Polygon", "coordinates": [ [ [ -96.70657, 32.84251 ], [ -96.7064, 32.84241 ], [ -96.70608, 32.8428 ], [ -96.70624, 32.8429 ], [ -96.70657, 32.84251 ] ] ] } },
{ "type": "Feature", "properties": { "area_acres": 0.39 }, "geometry": { "type": "Polygon", "coordinates": [ [ [ -96.71431, 32.83627 ], [ -96.71399, 32.83653 ], [ -96.71394, 32.83677 ], [ -96.71425, 32.83676 ], [ -96.71427, 32.83654 ], [ -96.71458, 32.83647 ], [ -96.71455, 32.83636 ], [ -96.71431, 32.83627 ] ] ] } },
{ "type": "Feature", "properties": { "area_acres": 0.56 }, "geometry": { "type": "Polygon", "coordinates": [ [ [ -96.71573, 32.83106 ], [ -96.71564, 32.83088 ], [ -96.71554, 32.83082 ], [ -96.71528, 32.83081 ], [ -96.71494, 32.83087 ], [ -96.71488, 32.83114 ], [ -96.71529, 32.83113 ], [ -96.71573, 32.83106 ] ] ] } },
{ "type": "Feature", "properties": { "area_acres": 2.0 }, "geometry": { "type": "Polygon", "coordinates": [ [ [ -96.86471, 32.84097 ], [ -96.86537, 32.84039 ], [ -96.86542, 32.84043 ], [ -96.86535, 32.84049 ], [ -96.86603, 32.84103 ], [ -96.8655, 32.84149 ], [ -96.86545, 32.84145 ], [ -96.86532, 32.84156 ], [ -96.86469, 32.84105 ], [ -96.86475, 32.84099 ], [ -96.86471, 32.84097 ] ] ] } },
{ "type": "Feature", "properties": { "area_acres": 3.76 }, "geometry": { "type": "Polygon", "coordinates": [ [ [ -96.86732, 32.84033 ], [ -96.8673, 32.84037 ], [ -96.86751, 32.84049 ], [ -96.8668, 32.84187 ], [ -96.86674, 32.84185 ], [ -96.86669, 32.84195 ], [ -96.86654, 32.84204 ], [ -96.86552, 32.84166 ], [ -96.86721, 32.84026 ], [ -96.86732, 32.84033 ] ] ] } },
{ "type": "Feature", "properties": { "area_acres": 0.39 }, "geometry": { "type": "Polygon", "coordinates": [ [ [ -96.79669, 32.77997 ], [ -96.79662, 32.77975 ], [ -96.79598, 32.77988 ], [ -96.79604, 32.7801 ], [ -96.79669, 32.77997 ] ] ] } },
{ "type": "Feature", "properties": { "area_acres": 0.27 }, "geometry": { "type": "Polygon", "coordinates": [ [ [ -96.79435, 32.77881 ], [ -96.79426, 32.77857 ], [ -96.79386, 32.77867 ], [ -96.79395, 32.77891 ], [ -96.79435, 32.77881 ] ] ] } },
{ "type": "Feature", "properties": { "area_acres": 0.43 }, "geometry": { "type": "Polygon", "coordinates": [ [ [ -96.7932, 32.7818 ], [ -96.79286, 32.78187 ], [ -96.79279, 32.78164 ], [ -96.79286, 32.78157 ], [ -96.79284, 32.7815 ], [ -96.79279, 32.78151 ], [ -96.79274, 32.78135 ], [ -96.79304, 32.78128 ], [ -96.79307, 32.78157 ], [ -96.79313, 32.78155 ], [ -96.7932, 32.7818 ] ] ] } },
{ "type": "Feature", "properties": { "area_acres": 0.81 }, "geometry": { "type": "Polygon", "coordinates": [ [ [ -96.79216, 32.78305 ], [ -96.79169, 32.78315 ], [ -96.79187, 32.78371 ], [ -96.79242, 32.78358 ], [ -96.79234, 32.78323 ], [ -96.79221, 32.78326 ], [ -96.79216, 32.78305 ] ] ] } },
{ "type": "Feature", "properties": { "area_acres": 0.82 }, "geometry": { "type": "Polygon", "coordinates": [ [ [ -96.79083, 32.78309 ], [ -96.79076, 32.78287 ], [ -96.79068, 32.78289 ], [ -96.79059, 32.78259 ], [ -96.79021, 32.78268 ], [ -96.78996, 32.78283 ], [ -96.79031, 32.78321 ], [ -96.79083, 32.78309 ] ] ] } },
{ "type": "Feature", "properties": { "area_acres": 0.21 }, "geometry": { "type": "Polygon", "coordinates": [ [ [ -96.79279, 32.78155 ], [ -96.79244, 32.78165 ], [ -96.79238, 32.78142 ], [ -96.79273, 32.78135 ], [ -96.79279, 32.78155 ] ] ] } },
{ "type": "Feature", "properties": { "area_acres": 0.34 }, "geometry": { "type": "Polygon", "coordinates": [ [ [ -96.79212, 32.78125 ], [ -96.79201, 32.78088 ], [ -96.79163, 32.7811 ], [ -96.7917, 32.78134 ], [ -96.79212, 32.78125 ] ] ] } },
{ "type": "Feature", "properties": { "area_acres": 0.16 }, "geometry": { "type": "Polygon", "coordinates": [ [ [ -96.79229, 32.782 ], [ -96.79205, 32.78205 ], [ -96.79198, 32.78181 ], [ -96.79221, 32.78175 ], [ -96.79229, 32.782 ] ] ] } },
{ "type": "Feature", "properties": { "area_acres": 0.38 }, "geometry": { "type": "Polygon", "coordinates": [ [ [ -96.79224, 32.78281 ], [ -96.79218, 32.78258 ], [ -96.79158, 32.78269 ], [ -96.79165, 32.78293 ], [ -96.79224, 32.78281 ] ] ] } },
{ "type": "Feature", "properties": { "area_acres": 0.18 }, "geometry": { "type": "Polygon", "coordinates": [ [ [ -96.79242, 32.78245 ], [ -96.79213, 32.78251 ], [ -96.79206, 32.78227 ], [ -96.79234, 32.78221 ], [ -96.79242, 32.78245 ] ] ] } },
{ "type": "Feature", "properties": { "area_acres": 1.33 }, "geometry": { "type": "Polygon", "coordinates": [ [ [ -96.79218, 32.77951 ], [ -96.79163, 32.77897 ], [ -96.79097, 32.77938 ], [ -96.79128, 32.77972 ], [ -96.79178, 32.77967 ], [ -96.79218, 32.77951 ] ] ] } },
{ "type": "Feature", "properties": { "area_acres": 1.28 }, "geometry": { "type": "Polygon", "coordinates": [ [ [ -96.802, 32.79242 ], [ -96.80174, 32.79217 ], [ -96.80058, 32.79312 ], [ -96.80098, 32.79325 ], [ -96.802, 32.79242 ] ] ] } },
{ "type": "Feature", "properties": { "area_acres": 0.66 }, "geometry": { "type": "Polygon", "coordinates": [ [ [ -96.80241, 32.79381 ], [ -96.80267, 32.79299 ], [ -96.80216, 32.79255 ], [ -96.80202, 32.79267 ], [ -96.80246, 32.79305 ], [ -96.80224, 32.79378 ], [ -96.80241, 32.79381 ] ] ] } },
{ "type": "Feature", "properties": { "area_acres": 1.28 }, "geometry": { "type": "Polygon", "coordinates": [ [ [ -96.81049, 32.78412 ], [ -96.80993, 32.78423 ], [ -96.80967, 32.78336 ], [ -96.81027, 32.78335 ], [ -96.81049, 32.78412 ] ] ] } },
{ "type": "Feature", "properties": { "area_acres": 4.39 }, "geometry": { "type": "Polygon", "coordinates": [ [ [ -96.80885, 32.78172 ], [ -96.80907, 32.78317 ], [ -96.8095, 32.78316 ], [ -96.80962, 32.78328 ], [ -96.81033, 32.7832 ], [ -96.80994, 32.78194 ], [ -96.80976, 32.78196 ], [ -96.80963, 32.78155 ], [ -96.80885, 32.78172 ] ] ] } },
{ "type": "Feature", "properties": { "area_acres": 0.53 }, "geometry": { "type": "Polygon", "coordinates": [ [ [ -96.80619, 32.78198 ], [ -96.80592, 32.78173 ], [ -96.8057, 32.78178 ], [ -96.80548, 32.78195 ], [ -96.80582, 32.78226 ], [ -96.80619, 32.78198 ] ] ] } },
{ "type": "Feature", "properties": { "area_acres": 0.49 }, "geometry": { "type": "Polygon", "coordinates": [ [ [ -96.80625, 32.78144 ], [ -96.80609, 32.7809 ], [ -96.80575, 32.78097 ], [ -96.80591, 32.78151 ], [ -96.80625, 32.78144 ] ] ] } },
{ "type": "Feature", "properties": { "area_acres": 0.46 }, "geometry": { "type": "Polygon", "coordinates": [ [ [ -96.80343, 32.78402 ], [ -96.80317, 32.78378 ], [ -96.80275, 32.78413 ], [ -96.80301, 32.78434 ], [ -96.80343, 32.78402 ] ] ] } },
{ "type": "Feature", "properties": { "area_acres": 0.65 }, "geometry": { "type": "Polygon", "coordinates": [ [ [ -96.80385, 32.78445 ], [ -96.80345, 32.78408 ], [ -96.80307, 32.78438 ], [ -96.80347, 32.78474 ], [ -96.80385, 32.78445 ] ] ] } },
{ "type": "Feature", "properties": { "area_acres": 1.35 }, "geometry": { "type": "Polygon", "coordinates": [ [ [ -96.80614, 32.78827 ], [ -96.80539, 32.78762 ], [ -96.80522, 32.78792 ], [ -96.80499, 32.78802 ], [ -96.80572, 32.78865 ], [ -96.80614, 32.78827 ] ] ] } },
{ "type": "Feature", "properties": { "area_acres": 0.34 }, "geometry": { "type": "Polygon", "coordinates": [ [ [ -96.80163, 32.78274 ], [ -96.80152, 32.78229 ], [ -96.80117, 32.78252 ], [ -96.80147, 32.78284 ], [ -96.80163, 32.78274 ] ] ] } },
{ "type": "Feature", "properties": { "area_acres": 0.64 }, "geometry": { "type": "Polygon", "coordinates": [ [ [ -96.79731, 32.77945 ], [ -96.79716, 32.77896 ], [ -96.79671, 32.77905 ], [ -96.79679, 32.77954 ], [ -96.79731, 32.77945 ] ] ] } },
{ "type": "Feature", "properties": { "area_acres": 0.69 }, "geometry": { "type": "Polygon", "coordinates": [ [ [ -96.80442, 32.7773 ], [ -96.80381, 32.77743 ], [ -96.80396, 32.77795 ], [ -96.80433, 32.77787 ], [ -96.80425, 32.7776 ], [ -96.8045, 32.77755 ], [ -96.80442, 32.7773 ] ] ] } },
{ "type": "Feature", "properties": { "area_acres": 0.46 }, "geometry": { "type": "Polygon", "coordinates": [ [ [ -96.79375, 32.77566 ], [ -96.7936, 32.77553 ], [ -96.79347, 32.77565 ], [ -96.79308, 32.77532 ], [ -96.79296, 32.77542 ], [ -96.79319, 32.77562 ], [ -96.79312, 32.77567 ], [ -96.79343, 32.77593 ], [ -96.79375, 32.77566 ] ] ] } },
{ "type": "Feature", "properties": { "area_acres": 0.48 }, "geometry": { "type": "Polygon", "coordinates": [ [ [ -96.79343, 32.77593 ], [ -96.79321, 32.77612 ], [ -96.79268, 32.77566 ], [ -96.79287, 32.7755 ], [ -96.79343, 32.77593 ] ] ] } },
{ "type": "Feature", "properties": { "area_acres": 0.38 }, "geometry": { "type": "Polygon", "coordinates": [ [ [ -96.79552, 32.77661 ], [ -96.79507, 32.77698 ], [ -96.79517, 32.77706 ], [ -96.79574, 32.77692 ], [ -96.79552, 32.77661 ] ] ] } },
{ "type": "Feature", "properties": { "area_acres": 0.39 }, "geometry": { "type": "Polygon", "coordinates": [ [ [ -96.79072, 32.77764 ], [ -96.79058, 32.77752 ], [ -96.78987, 32.77794 ], [ -96.78999, 32.77809 ], [ -96.79072, 32.77764 ] ] ] } },
{ "type": "Feature", "properties": { "area_acres": 0.19 }, "geometry": { "type": "Polygon", "coordinates": [ [ [ -96.79277, 32.7752 ], [ -96.79264, 32.7753 ], [ -96.79227, 32.77498 ], [ -96.79246, 32.77493 ], [ -96.79277, 32.7752 ] ] ] } },
{ "type": "Feature", "properties": { "area_acres": 1.01 }, "geometry": { "type": "Polygon", "coordinates": [ [ [ -96.79462, 32.77459 ], [ -96.79422, 32.77424 ], [ -96.79363, 32.77473 ], [ -96.79403, 32.77507 ], [ -96.79462, 32.77459 ] ] ] } },
{ "type": "Feature", "properties": { "area_acres": 3.01 }, "geometry": { "type": "Polygon", "coordinates": [ [ [ -96.79775, 32.76588 ], [ -96.79736, 32.76543 ], [ -96.79665, 32.76482 ], [ -96.79606, 32.76541 ], [ -96.79728, 32.76633 ], [ -96.79775, 32.76588 ] ] ] } },
{ "type": "Feature", "properties": { "area_acres": 0.34 }, "geometry": { "type": "Polygon", "coordinates": [ [ [ -96.78511, 32.78349 ], [ -96.78495, 32.78297 ], [ -96.78527, 32.78289 ], [ -96.78535, 32.78317 ], [ -96.78518, 32.78321 ], [ -96.78525, 32.78346 ], [ -96.78511, 32.78349 ] ] ] } },
{ "type": "Feature", "properties": { "area_acres": 0.19 }, "geometry": { "type": "Polygon", "coordinates": [ [ [ -96.78511, 32.78349 ], [ -96.78495, 32.78353 ], [ -96.78484, 32.78299 ], [ -96.78495, 32.78297 ], [ -96.78511, 32.78349 ] ] ] } },
{ "type": "Feature", "properties": { "area_acres": 0.32 }, "geometry": { "type": "Polygon", "coordinates": [ [ [ -96.78399, 32.78345 ], [ -96.78391, 32.78318 ], [ -96.78347, 32.78328 ], [ -96.78355, 32.78354 ], [ -96.78399, 32.78345 ] ] ] } },
{ "type": "Feature", "properties": { "area_acres": 0.15 }, "geometry": { "type": "Polygon", "coordinates": [ [ [ -96.78548, 32.78421 ], [ -96.78541, 32.78396 ], [ -96.78519, 32.784 ], [ -96.78527, 32.78425 ], [ -96.78548, 32.78421 ] ] ] } },
{ "type": "Feature", "properties": { "area_acres": 0.72 }, "geometry": { "type": "Polygon", "coordinates": [ [ [ -96.78505, 32.78509 ], [ -96.78481, 32.78487 ], [ -96.78386, 32.78507 ], [ -96.78393, 32.78532 ], [ -96.78505, 32.78509 ] ] ] } },
{ "type": "Feature", "properties": { "area_acres": 0.21 }, "geometry": { "type": "Polygon", "coordinates": [ [ [ -96.78343, 32.78433 ], [ -96.78313, 32.78439 ], [ -96.7832, 32.78465 ], [ -96.7835, 32.78459 ], [ -96.78343, 32.78433 ] ] ] } },
{ "type": "Feature", "properties": { "area_acres": 0.44 }, "geometry": { "type": "Polygon", "coordinates": [ [ [ -96.78352, 32.7854 ], [ -96.78349, 32.78529 ], [ -96.78336, 32.78532 ], [ -96.78332, 32.78517 ], [ -96.78273, 32.78529 ], [ -96.78281, 32.78555 ], [ -96.78352, 32.7854 ] ] ] } },
{ "type": "Feature", "properties": { "area_acres": 0.12 }, "geometry": { "type": "Polygon", "coordinates": [ [ [ -96.7829, 32.78519 ], [ -96.78283, 32.78494 ], [ -96.78264, 32.78498 ], [ -96.78271, 32.78523 ], [ -96.7829, 32.78519 ] ] ] } },
{ "type": "Feature", "properties": { "area_acres": 0.14 }, "geometry": { "type": "Polygon", "coordinates": [ [ [ -96.78236, 32.78529 ], [ -96.78229, 32.78504 ], [ -96.78209, 32.78507 ], [ -96.78216, 32.78533 ], [ -96.78236, 32.78529 ] ] ] } },
{ "type": "Feature", "properties": { "area_acres": 0.39 }, "geometry": { "type": "Polygon", "coordinates": [ [ [ -96.78104, 32.78582 ], [ -96.7809, 32.7853 ], [ -96.78058, 32.78536 ], [ -96.78069, 32.78575 ], [ -96.78085, 32.78572 ], [ -96.78089, 32.78585 ], [ -96.78104, 32.78582 ] ] ] } },
{ "type": "Feature", "properties": { "area_acres": 0.53 }, "geometry": { "type": "Polygon", "coordinates": [ [ [ -96.78235, 32.7848 ], [ -96.78209, 32.7843 ], [ -96.78172, 32.78437 ], [ -96.7818, 32.78464 ], [ -96.78193, 32.78461 ], [ -96.78201, 32.78488 ], [ -96.78235, 32.7848 ] ] ] } },
{ "type": "Feature", "properties": { "area_acres": 0.19 }, "geometry": { "type": "Polygon", "coordinates": [ [ [ -96.78186, 32.78491 ], [ -96.78158, 32.78496 ], [ -96.78151, 32.7847 ], [ -96.78178, 32.78465 ], [ -96.78186, 32.78491 ] ] ] } },
{ "type": "Feature", "properties": { "area_acres": 0.35 }, "geometry": { "type": "Polygon", "coordinates": [ [ [ -96.78155, 32.78469 ], [ -96.78148, 32.78442 ], [ -96.78099, 32.78451 ], [ -96.78105, 32.78478 ], [ -96.78155, 32.78469 ] ] ] } },
{ "type": "Feature", "properties": { "area_acres": 0.11 }, "geometry": { "type": "Polygon", "coordinates": [ [ [ -96.78132, 32.78501 ], [ -96.78125, 32.78475 ], [ -96.7811, 32.78478 ], [ -96.78117, 32.78504 ], [ -96.78132, 32.78501 ] ] ] } },
{ "type": "Feature", "properties": { "area_acres": 0.06 }, "geometry": { "type": "Polygon", "coordinates": [ [ [ -96.78039, 32.78404 ], [ -96.78035, 32.78389 ], [ -96.7802, 32.78392 ], [ -96.78024, 32.78407 ], [ -96.78039, 32.78404 ] ] ] } },
{ "type": "Feature", "properties": { "area_acres": 0.39 }, "geometry": { "type": "Polygon", "coordinates": [ [ [ -96.77948, 32.78464 ], [ -96.77939, 32.78433 ], [ -96.77889, 32.78443 ], [ -96.77905, 32.78472 ], [ -96.77948, 32.78464 ] ] ] } },
{ "type": "Feature", "properties": { "area_acres": 0.09 }, "geometry": { "type": "Polygon", "coordinates": [ [ [ -96.78411, 32.78495 ], [ -96.78403, 32.78469 ], [ -96.7839, 32.78472 ], [ -96.78398, 32.78498 ], [ -96.78411, 32.78495 ] ] ] } },
{ "type": "Feature", "properties": { "area_acres": 0.15 }, "geometry": { "type": "Polygon", "coordinates": [ [ [ -96.781, 32.78353 ], [ -96.7809, 32.7832 ], [ -96.78074, 32.78323 ], [ -96.78083, 32.78356 ], [ -96.781, 32.78353 ] ] ] } },
{ "type": "Feature", "properties": { "area_acres": 0.14 }, "geometry": { "type": "Polygon", "coordinates": [ [ [ -96.781, 32.78353 ], [ -96.78116, 32.7835 ], [ -96.78106, 32.78317 ], [ -96.7809, 32.7832 ], [ -96.781, 32.78353 ] ] ] } },
{ "type": "Feature", "properties": { "area_acres": 0.11 }, "geometry": { "type": "Polygon", "coordinates": [ [ [ -96.78162, 32.78299 ], [ -96.78153, 32.78268 ], [ -96.78167, 32.78265 ], [ -96.78175, 32.78296 ], [ -96.78162, 32.78299 ] ] ] } },
{ "type": "Feature", "properties": { "area_acres": 0.13 }, "geometry": { "type": "Polygon", "coordinates": [ [ [ -96.78162, 32.78299 ], [ -96.78147, 32.78302 ], [ -96.78138, 32.78271 ], [ -96.78153, 32.78268 ], [ -96.78162, 32.78299 ] ] ] } },
{ "type": "Feature", "properties": { "area_acres": 0.12 }, "geometry": { "type": "Polygon", "coordinates": [ [ [ -96.78293, 32.78367 ], [ -96.78285, 32.78341 ], [ -96.78269, 32.78344 ], [ -96.78276, 32.7837 ], [ -96.78293, 32.78367 ] ] ] } },
{ "type": "Feature", "properties": { "area_acres": 0.08 }, "geometry": { "type": "Polygon", "coordinates": [ [ [ -96.78431, 32.78445 ], [ -96.78423, 32.78418 ], [ -96.78412, 32.7842 ], [ -96.7842, 32.78447 ], [ -96.78431, 32.78445 ] ] ] } },
{ "type": "Feature", "properties": { "area_acres": 0.44 }, "geometry": { "type": "Polygon", "coordinates": [ [ [ -96.78166, 32.78198 ], [ -96.78156, 32.78163 ], [ -96.78203, 32.78152 ], [ -96.7821, 32.7818 ], [ -96.78202, 32.78181 ], [ -96.78205, 32.7819 ], [ -96.78166, 32.78198 ] ] ] } },
{ "type": "Feature", "properties": { "area_acres": 0.47 }, "geometry": { "type": "Polygon", "coordinates": [ [ [ -96.78057, 32.78219 ], [ -96.78008, 32.78229 ], [ -96.77998, 32.78193 ], [ -96.78048, 32.78183 ], [ -96.78057, 32.78219 ] ] ] } },
{ "type": "Feature", "properties": { "area_acres": 0.25 }, "geometry": { "type": "Polygon", "coordinates": [ [ [ -96.78243, 32.78081 ], [ -96.78204, 32.78051 ], [ -96.78193, 32.78054 ], [ -96.78204, 32.7809 ], [ -96.78243, 32.78081 ] ] ] } },
{ "type": "Feature", "properties": { "area_acres": 0.41 }, "geometry": { "type": "Polygon", "coordinates": [ [ [ -96.78099, 32.78047 ], [ -96.78086, 32.78045 ], [ -96.7806, 32.78068 ], [ -96.78076, 32.78113 ], [ -96.78089, 32.78107 ], [ -96.7808, 32.78077 ], [ -96.78113, 32.78071 ], [ -96.78099, 32.78047 ] ] ] } },
{ "type": "Feature", "properties": { "area_acres": 0.15 }, "geometry": { "type": "Polygon", "coordinates": [ [ [ -96.7818, 32.78417 ], [ -96.78159, 32.78421 ], [ -96.78152, 32.78395 ], [ -96.78173, 32.78391 ], [ -96.7818, 32.78417 ] ] ] } },
{ "type": "Feature", "properties": { "area_acres": 0.12 }, "geometry": { "type": "Polygon", "coordinates": [ [ [ -96.78193, 32.78367 ], [ -96.78168, 32.78372 ], [ -96.78172, 32.78388 ], [ -96.78161, 32.7839 ], [ -96.78154, 32.78366 ], [ -96.78191, 32.7836 ], [ -96.78193, 32.78367 ] ] ] } },
{ "type": "Feature", "properties": { "area_acres": 0.69 }, "geometry": { "type": "Polygon", "coordinates": [ [ [ -96.79024, 32.78232 ], [ -96.79014, 32.78189 ], [ -96.78998, 32.78192 ], [ -96.78937, 32.78234 ], [ -96.7894, 32.78242 ], [ -96.79015, 32.78238 ], [ -96.79024, 32.78232 ] ] ] } },
{ "type": "Feature", "properties": { "area_acres": 0.83 }, "geometry": { "type": "Polygon", "coordinates": [ [ [ -96.79022, 32.78099 ], [ -96.79003, 32.78111 ], [ -96.79022, 32.78133 ], [ -96.78984, 32.78156 ], [ -96.78996, 32.7817 ], [ -96.7898, 32.78172 ], [ -96.78978, 32.78159 ], [ -96.7893, 32.78104 ], [ -96.78941, 32.78097 ], [ -96.78959, 32.78118 ], [ -96.79011, 32.78086 ], [ -96.79022, 32.78099 ] ] ] } },
{ "type": "Feature", "properties": { "area_acres": 0.11 }, "geometry": { "type": "Polygon", "coordinates": [ [ [ -96.78585, 32.78306 ], [ -96.78577, 32.7828 ], [ -96.78562, 32.78284 ], [ -96.7857, 32.78309 ], [ -96.78585, 32.78306 ] ] ] } },
{ "type": "Feature", "properties": { "area_acres": 0.94 }, "geometry": { "type": "Polygon", "coordinates": [ [ [ -96.78588, 32.78259 ], [ -96.78499, 32.78208 ], [ -96.785, 32.78197 ], [ -96.78557, 32.78195 ], [ -96.78588, 32.782 ], [ -96.78599, 32.78244 ], [ -96.78588, 32.78259 ] ] ] } },
{ "type": "Feature", "properties": { "area_acres": 0.16 }, "geometry": { "type": "Polygon", "coordinates": [ [ [ -96.78485, 32.78199 ], [ -96.78453, 32.78205 ], [ -96.78459, 32.78225 ], [ -96.7849, 32.78215 ], [ -96.78485, 32.78199 ] ] ] } },
{ "type": "Feature", "properties": { "area_acres": 0.13 }, "geometry": { "type": "Polygon", "coordinates": [ [ [ -96.78529, 32.78227 ], [ -96.78498, 32.78209 ], [ -96.7849, 32.78212 ], [ -96.78496, 32.78234 ], [ -96.78529, 32.78227 ] ] ] } },
{ "type": "Feature", "properties": { "area_acres": 0.11 }, "geometry": { "type": "Polygon", "coordinates": [ [ [ -96.79171, 32.78182 ], [ -96.79164, 32.78158 ], [ -96.79147, 32.78161 ], [ -96.79154, 32.78185 ], [ -96.79171, 32.78182 ] ] ] } },
{ "type": "Feature", "properties": { "area_acres": 0.11 }, "geometry": { "type": "Polygon", "coordinates": [ [ [ -96.7914, 32.78188 ], [ -96.79132, 32.78163 ], [ -96.79116, 32.78167 ], [ -96.79124, 32.78192 ], [ -96.7914, 32.78188 ] ] ] } },
{ "type": "Feature", "properties": { "area_acres": 0.11 }, "geometry": { "type": "Polygon", "coordinates": [ [ [ -96.79222, 32.78171 ], [ -96.79214, 32.78146 ], [ -96.79198, 32.78149 ], [ -96.79206, 32.78174 ], [ -96.79222, 32.78171 ] ] ] } },
{ "type": "Feature", "properties": { "area_acres": 0.1 }, "geometry": { "type": "Polygon", "coordinates": [ [ [ -96.79187, 32.78209 ], [ -96.79181, 32.78191 ], [ -96.79161, 32.78195 ], [ -96.79166, 32.78213 ], [ -96.79187, 32.78209 ] ] ] } },
{ "type": "Feature", "properties": { "area_acres": 0.66 }, "geometry": { "type": "Polygon", "coordinates": [ [ [ -96.79026, 32.78507 ], [ -96.78994, 32.7848 ], [ -96.78958, 32.78477 ], [ -96.78967, 32.78526 ], [ -96.78985, 32.78541 ], [ -96.79026, 32.78507 ] ] ] } },
{ "type": "Feature", "properties": { "area_acres": 0.4 }, "geometry": { "type": "Polygon", "coordinates": [ [ [ -96.79024, 32.78596 ], [ -96.78986, 32.78565 ], [ -96.78961, 32.78586 ], [ -96.78999, 32.78617 ], [ -96.79024, 32.78596 ] ] ] } },
{ "type": "Feature", "properties": { "area_acres": 0.24 }, "geometry": { "type": "Polygon", "coordinates": [ [ [ -96.78947, 32.7873 ], [ -96.78917, 32.78704 ], [ -96.78899, 32.78718 ], [ -96.78929, 32.78745 ], [ -96.78947, 32.7873 ] ] ] } },
{ "type": "Feature", "properties": { "area_acres": 1.21 }, "geometry": { "type": "Polygon", "coordinates": [ [ [ -96.78034, 32.78595 ], [ -96.78019, 32.78543 ], [ -96.77933, 32.78561 ], [ -96.77948, 32.78612 ], [ -96.78034, 32.78595 ] ] ] } },
{ "type": "Feature", "properties": { "area_acres": 0.18 }, "geometry": { "type": "Polygon", "coordinates": [ [ [ -96.78484, 32.7848 ], [ -96.78476, 32.78453 ], [ -96.78452, 32.78458 ], [ -96.7846, 32.78485 ], [ -96.78484, 32.7848 ] ] ] } },
{ "type": "Feature", "properties": { "area_acres": 0.2 }, "geometry": { "type": "Polygon", "coordinates": [ [ [ -96.78603, 32.78474 ], [ -96.78588, 32.78462 ], [ -96.78582, 32.78463 ], [ -96.78574, 32.78434 ], [ -96.78561, 32.78437 ], [ -96.7857, 32.78469 ], [ -96.78593, 32.78483 ], [ -96.78603, 32.78474 ] ] ] } },
{ "type": "Feature", "properties": { "area_acres": 0.1 }, "geometry": { "type": "Polygon", "coordinates": [ [ [ -96.78643, 32.78402 ], [ -96.78635, 32.78377 ], [ -96.78621, 32.7838 ], [ -96.78629, 32.78405 ], [ -96.78643, 32.78402 ] ] ] } },
{ "type": "Feature", "properties": { "area_acres": 0.28 }, "geometry": { "type": "Polygon", "coordinates": [ [ [ -96.77938, 32.78342 ], [ -96.77929, 32.7831 ], [ -96.77898, 32.78316 ], [ -96.77907, 32.7835 ], [ -96.77938, 32.78342 ] ] ] } },
{ "type": "Feature", "properties": { "area_acres": 0.23 }, "geometry": { "type": "Polygon", "coordinates": [ [ [ -96.77907, 32.7835 ], [ -96.77882, 32.78355 ], [ -96.77873, 32.78324 ], [ -96.77898, 32.78316 ], [ -96.77907, 32.7835 ] ] ] } },
{ "type": "Feature", "properties": { "area_acres": 2.21 }, "geometry": { "type": "Polygon", "coordinates": [ [ [ -96.7783, 32.78166 ], [ -96.77739, 32.78102 ], [ -96.77676, 32.78165 ], [ -96.77715, 32.78191 ], [ -96.77726, 32.7818 ], [ -96.77779, 32.78217 ], [ -96.7783, 32.78166 ] ] ] } },
{ "type": "Feature", "properties": { "area_acres": 3.41 }, "geometry": { "type": "Polygon", "coordinates": [ [ [ -96.77748, 32.78238 ], [ -96.77665, 32.78176 ], [ -96.77562, 32.78278 ], [ -96.77591, 32.78305 ], [ -96.77602, 32.78309 ], [ -96.77696, 32.78291 ], [ -96.77748, 32.78238 ] ] ] } },
{ "type": "Feature", "properties": { "area_acres": 0.11 }, "geometry": { "type": "Polygon", "coordinates": [ [ [ -96.77961, 32.7843 ], [ -96.77954, 32.78403 ], [ -96.77938, 32.78406 ], [ -96.77945, 32.78433 ], [ -96.77961, 32.7843 ] ] ] } },
{ "type": "Feature", "properties": { "area_acres": 0.7 }, "geometry": { "type": "Polygon", "coordinates": [ [ [ -96.78935, 32.78846 ], [ -96.78965, 32.7882 ], [ -96.78911, 32.78776 ], [ -96.78881, 32.78802 ], [ -96.78935, 32.78846 ] ] ] } },
{ "type": "Feature", "properties": { "area_acres": 0.26 }, "geometry": { "type": "Polygon", "coordinates": [ [ [ -96.78826, 32.78773 ], [ -96.78798, 32.7875 ], [ -96.78776, 32.78768 ], [ -96.78804, 32.78791 ], [ -96.78826, 32.78773 ] ] ] } },
{ "type": "Feature", "properties": { "area_acres": 0.23 }, "geometry": { "type": "Polygon", "coordinates": [ [ [ -96.78886, 32.78719 ], [ -96.78863, 32.78699 ], [ -96.78839, 32.78717 ], [ -96.78862, 32.78738 ], [ -96.78886, 32.78719 ] ] ] } },
{ "type": "Feature", "properties": { "area_acres": 0.22 }, "geometry": { "type": "Polygon", "coordinates": [ [ [ -96.78863, 32.78699 ], [ -96.78842, 32.7868 ], [ -96.78818, 32.78698 ], [ -96.78839, 32.78717 ], [ -96.78863, 32.78699 ] ] ] } },
{ "type": "Feature", "properties": { "area_acres": 0.16 }, "geometry": { "type": "Polygon", "coordinates": [ [ [ -96.78734, 32.78628 ], [ -96.78706, 32.78605 ], [ -96.78692, 32.78616 ], [ -96.7872, 32.78639 ], [ -96.78734, 32.78628 ] ] ] } },
{ "type": "Feature", "properties": { "area_acres": 0.32 }, "geometry": { "type": "Polygon", "coordinates": [ [ [ -96.78812, 32.78624 ], [ -96.78788, 32.78603 ], [ -96.78761, 32.78625 ], [ -96.7876, 32.78632 ], [ -96.78777, 32.78645 ], [ -96.78781, 32.78642 ], [ -96.78786, 32.78646 ], [ -96.78812, 32.78624 ] ] ] } },
{ "type": "Feature", "properties": { "area_acres": 0.47 }, "geometry": { "type": "Polygon", "coordinates": [ [ [ -96.78778, 32.78885 ], [ -96.78771, 32.78879 ], [ -96.78766, 32.78883 ], [ -96.78754, 32.78866 ], [ -96.78709, 32.78896 ], [ -96.78737, 32.78923 ], [ -96.78778, 32.78885 ] ] ] } },
{ "type": "Feature", "properties": { "area_acres": 0.3 }, "geometry": { "type": "Polygon", "coordinates": [ [ [ -96.78719, 32.78684 ], [ -96.78691, 32.78702 ], [ -96.78704, 32.78717 ], [ -96.78689, 32.78727 ], [ -96.78665, 32.78701 ], [ -96.78708, 32.78672 ], [ -96.78719, 32.78684 ] ] ] } },
{ "type": "Feature", "properties": { "area_acres": 1.19 }, "geometry": { "type": "Polygon", "coordinates": [ [ [ -96.77584, 32.78118 ], [ -96.77565, 32.78105 ], [ -96.7755, 32.78119 ], [ -96.77514, 32.78093 ], [ -96.77494, 32.78114 ], [ -96.77504, 32.78121 ], [ -96.77475, 32.7815 ], [ -96.77521, 32.78182 ], [ -96.77584, 32.78118 ] ] ] } },
{ "type": "Feature", "properties": { "area_acres": 0.5 }, "geometry": { "type": "Polygon", "coordinates": [ [ [ -96.77811, 32.78257 ], [ -96.77776, 32.78234 ], [ -96.77731, 32.78281 ], [ -96.77739, 32.78285 ], [ -96.77753, 32.78272 ], [ -96.77782, 32.78286 ], [ -96.77811, 32.78257 ] ] ] } },
{ "type": "Feature", "properties": { "area_acres": 0.22 }, "geometry": { "type": "Polygon", "coordinates": [ [ [ -96.77766, 32.78318 ], [ -96.77758, 32.7829 ], [ -96.7773, 32.78295 ], [ -96.77738, 32.78324 ], [ -96.77766, 32.78318 ] ] ] } },
{ "type": "Feature", "properties": { "area_acres": 0.2 }, "geometry": { "type": "Polygon", "coordinates": [ [ [ -96.77781, 32.78376 ], [ -96.77775, 32.7835 ], [ -96.77746, 32.78355 ], [ -96.77752, 32.78381 ], [ -96.77781, 32.78376 ] ] ] } },
{ "type": "Feature", "properties": { "area_acres": 0.71 }, "geometry": { "type": "Polygon", "coordinates": [ [ [ -96.78671, 32.79066 ], [ -96.78642, 32.79043 ], [ -96.78586, 32.79092 ], [ -96.78615, 32.79116 ], [ -96.78671, 32.79066 ] ] ] } },
{ "type": "Feature", "properties": { "area_acres": 1.55 }, "geometry": { "type": "Polygon", "coordinates": [ [ [ -96.78471, 32.79104 ], [ -96.78368, 32.79017 ], [ -96.7835, 32.79036 ], [ -96.78342, 32.79058 ], [ -96.78436, 32.79133 ], [ -96.78471, 32.79104 ] ] ] } },
{ "type": "Feature", "properties": { "area_acres": 1.38 }, "geometry": { "type": "Polygon", "coordinates": [ [ [ -96.77734, 32.79256 ], [ -96.77696, 32.79221 ], [ -96.77613, 32.79287 ], [ -96.77651, 32.79321 ], [ -96.77734, 32.79256 ] ] ] } },
{ "type": "Feature", "properties": { "area_acres": 0.53 }, "geometry": { "type": "Polygon", "coordinates": [ [ [ -96.77785, 32.79209 ], [ -96.77748, 32.79176 ], [ -96.77707, 32.7921 ], [ -96.77731, 32.79231 ], [ -96.77755, 32.79212 ], [ -96.77767, 32.79223 ], [ -96.77785, 32.79209 ] ] ] } },
{ "type": "Feature", "properties": { "area_acres": 0.5 }, "geometry": { "type": "Polygon", "coordinates": [ [ [ -96.77881, 32.79318 ], [ -96.77901, 32.7934 ], [ -96.7794, 32.79309 ], [ -96.77905, 32.79279 ], [ -96.77881, 32.79298 ], [ -96.77893, 32.79308 ], [ -96.77881, 32.79318 ] ] ] } },
{ "type": "Feature", "properties": { "area_acres": 0.43 }, "geometry": { "type": "Polygon", "coordinates": [ [ [ -96.78303, 32.79449 ], [ -96.78278, 32.79427 ], [ -96.78238, 32.79459 ], [ -96.78263, 32.79481 ], [ -96.78303, 32.79449 ] ] ] } },
{ "type": "Feature", "properties": { "area_acres": 0.19 }, "geometry": { "type": "Polygon", "coordinates": [ [ [ -96.80747, 32.78118 ], [ -96.80739, 32.78091 ], [ -96.80713, 32.78097 ], [ -96.80721, 32.78123 ], [ -96.80747, 32.78118 ] ] ] } },
{ "type": "Feature", "properties": { "area_acres": 0.27 }, "geometry": { "type": "Polygon", "coordinates": [ [ [ -96.79821, 32.78045 ], [ -96.79814, 32.78021 ], [ -96.79773, 32.78029 ], [ -96.7978, 32.78054 ], [ -96.79821, 32.78045 ] ] ] } },
{ "type": "Feature", "properties": { "area_acres": 0.56 }, "geometry": { "type": "Polygon", "coordinates": [ [ [ -96.80872, 32.78273 ], [ -96.80823, 32.78283 ], [ -96.80838, 32.78332 ], [ -96.80878, 32.78317 ], [ -96.80872, 32.78273 ] ] ] } },
{ "type": "Feature", "properties": { "area_acres": 0.49 }, "geometry": { "type": "Polygon", "coordinates": [ [ [ -96.79303, 32.77702 ], [ -96.79276, 32.77678 ], [ -96.79234, 32.7771 ], [ -96.7926, 32.77735 ], [ -96.79303, 32.77702 ] ] ] } },
{ "type": "Feature", "properties": { "area_acres": 1.11 }, "geometry": { "type": "Polygon", "coordinates": [ [ [ -96.79407, 32.76735 ], [ -96.79318, 32.76673 ], [ -96.7929, 32.76702 ], [ -96.79378, 32.76764 ], [ -96.79407, 32.76735 ] ] ] } },
{ "type": "Feature", "properties": { "area_acres": 0.92 }, "geometry": { "type": "Polygon", "coordinates": [ [ [ -96.79656, 32.76857 ], [ -96.79586, 32.76808 ], [ -96.79556, 32.76838 ], [ -96.79625, 32.76887 ], [ -96.79656, 32.76857 ] ] ] } },
{ "type": "Feature", "properties": { "area_acres": 0.71 }, "geometry": { "type": "Polygon", "coordinates": [ [ [ -96.79873, 32.76973 ], [ -96.79929, 32.76919 ], [ -96.79957, 32.76939 ], [ -96.79899, 32.76995 ], [ -96.79873, 32.76973 ] ] ] } },
{ "type": "Feature", "properties": { "area_acres": 0.25 }, "geometry": { "type": "Polygon", "coordinates": [ [ [ -96.79335, 32.77217 ], [ -96.79293, 32.77181 ], [ -96.79279, 32.77192 ], [ -96.79321, 32.77229 ], [ -96.79335, 32.77217 ] ] ] } },
{ "type": "Feature", "properties": { "area_acres": 0.59 }, "geometry": { "type": "Polygon", "coordinates": [ [ [ -96.79519, 32.77304 ], [ -96.79476, 32.77262 ], [ -96.79434, 32.77288 ], [ -96.79463, 32.77314 ], [ -96.79519, 32.77304 ] ] ] } },
{ "type": "Feature", "properties": { "area_acres": 0.51 }, "geometry": { "type": "Polygon", "coordinates": [ [ [ -96.7972, 32.77118 ], [ -96.79732, 32.77099 ], [ -96.79683, 32.7707 ], [ -96.79643, 32.77097 ], [ -96.7972, 32.77118 ] ] ] } },
{ "type": "Feature", "properties": { "area_acres": 0.32 }, "geometry": { "type": "Polygon", "coordinates": [ [ [ -96.79214, 32.77009 ], [ -96.79192, 32.7699 ], [ -96.79171, 32.77004 ], [ -96.79166, 32.77016 ], [ -96.79187, 32.77033 ], [ -96.79191, 32.77029 ], [ -96.79195, 32.77033 ], [ -96.79214, 32.77017 ], [ -96.7921, 32.77013 ], [ -96.79214, 32.77009 ] ] ] } },
{ "type": "Feature", "properties": { "area_acres": 0.15 }, "geometry": { "type": "Polygon", "coordinates": [ [ [ -96.79272, 32.76895 ], [ -96.79247, 32.76873 ], [ -96.79233, 32.76884 ], [ -96.79257, 32.76906 ], [ -96.79272, 32.76895 ] ] ] } },
{ "type": "Feature", "properties": { "area_acres": 0.33 }, "geometry": { "type": "Polygon", "coordinates": [ [ [ -96.79289, 32.76927 ], [ -96.79263, 32.76904 ], [ -96.79233, 32.76928 ], [ -96.79258, 32.76951 ], [ -96.79289, 32.76927 ] ] ] } },
{ "type": "Feature", "properties": { "area_acres": 1.01 }, "geometry": { "type": "Polygon", "coordinates": [ [ [ -96.78664, 32.77313 ], [ -96.78613, 32.77288 ], [ -96.78579, 32.77349 ], [ -96.7861, 32.77357 ], [ -96.78633, 32.77357 ], [ -96.78649, 32.7735 ], [ -96.78671, 32.77329 ], [ -96.78664, 32.77313 ] ] ] } },
{ "type": "Feature", "properties": { "area_acres": 0.72 }, "geometry": { "type": "Polygon", "coordinates": [ [ [ -96.79723, 32.76772 ], [ -96.79714, 32.76781 ], [ -96.79702, 32.76772 ], [ -96.79677, 32.76798 ], [ -96.79637, 32.76769 ], [ -96.79662, 32.76744 ], [ -96.79644, 32.76731 ], [ -96.79653, 32.76722 ], [ -96.79723, 32.76772 ] ] ] } },
{ "type": "Feature", "properties": { "area_acres": 2.18 }, "geometry": { "type": "Polygon", "coordinates": [ [ [ -96.77271, 32.7783 ], [ -96.77224, 32.77789 ], [ -96.77118, 32.77877 ], [ -96.77165, 32.77918 ], [ -96.77271, 32.7783 ] ] ] } },
{ "type": "Feature", "properties": { "area_acres": 0.86 }, "geometry": { "type": "Polygon", "coordinates": [ [ [ -96.78169, 32.76578 ], [ -96.78112, 32.76528 ], [ -96.78087, 32.76548 ], [ -96.78072, 32.76534 ], [ -96.78064, 32.76541 ], [ -96.78136, 32.76604 ], [ -96.78169, 32.76578 ] ] ] } },
{ "type": "Feature", "properties": { "area_acres": 1.94 }, "geometry": { "type": "Polygon", "coordinates": [ [ [ -96.76747, 32.76901 ], [ -96.76681, 32.76848 ], [ -96.76613, 32.76908 ], [ -96.76679, 32.76961 ], [ -96.76747, 32.76901 ] ] ] } },
{ "type": "Feature", "properties": { "area_acres": 2.32 }, "geometry": { "type": "Polygon", "coordinates": [ [ [ -96.78921, 32.79816 ], [ -96.78858, 32.79762 ], [ -96.78766, 32.79837 ], [ -96.78805, 32.79871 ], [ -96.78824, 32.79855 ], [ -96.78848, 32.79876 ], [ -96.78921, 32.79816 ] ] ] } },
{ "type": "Feature", "properties": { "area_acres": 0.58 }, "geometry": { "type": "Polygon", "coordinates": [ [ [ -96.78726, 32.78847 ], [ -96.78713, 32.78836 ], [ -96.78686, 32.78858 ], [ -96.78679, 32.7885 ], [ -96.78653, 32.78869 ], [ -96.78649, 32.78866 ], [ -96.78631, 32.78881 ], [ -96.78659, 32.78903 ], [ -96.78696, 32.78872 ], [ -96.78692, 32.78869 ], [ -96.78698, 32.78864 ], [ -96.78702, 32.78866 ], [ -96.78726, 32.78847 ] ] ] } },
{ "type": "Feature", "properties": { "area_acres": 0.2 }, "geometry": { "type": "Polygon", "coordinates": [ [ [ -96.78804, 32.78685 ], [ -96.78778, 32.78662 ], [ -96.7876, 32.78677 ], [ -96.78786, 32.787 ], [ -96.78804, 32.78685 ] ] ] } },
{ "type": "Feature", "properties": { "area_acres": 0.32 }, "geometry": { "type": "Polygon", "coordinates": [ [ [ -96.78741, 32.79908 ], [ -96.78717, 32.79888 ], [ -96.78687, 32.79913 ], [ -96.78711, 32.79934 ], [ -96.78741, 32.79908 ] ] ] } },
{ "type": "Feature", "properties": { "area_acres": 0.78 }, "geometry": { "type": "Polygon", "coordinates": [ [ [ -96.78661, 32.79839 ], [ -96.78644, 32.79825 ], [ -96.78625, 32.79841 ], [ -96.786, 32.7982 ], [ -96.78565, 32.7985 ], [ -96.78608, 32.79885 ], [ -96.78661, 32.79839 ] ] ] } },
{ "type": "Feature", "properties": { "area_acres": 2.24 }, "geometry": { "type": "Polygon", "coordinates": [ [ [ -96.76867, 32.78094 ], [ -96.7674, 32.7806 ], [ -96.7673, 32.78065 ], [ -96.76721, 32.78083 ], [ -96.76726, 32.78101 ], [ -96.76745, 32.78122 ], [ -96.76774, 32.78138 ], [ -96.76833, 32.78161 ], [ -96.76843, 32.78157 ], [ -96.76867, 32.78094 ] ] ] } },
{ "type": "Feature", "properties": { "area_acres": 1.23 }, "geometry": { "type": "Polygon", "coordinates": [ [ [ -96.76838, 32.78177 ], [ -96.76714, 32.78145 ], [ -96.76701, 32.7818 ], [ -96.76826, 32.78212 ], [ -96.76838, 32.78177 ] ] ] } },
{ "type": "Feature", "properties": { "area_acres": 0.28 }, "geometry": { "type": "Polygon", "coordinates": [ [ [ -96.76806, 32.78213 ], [ -96.76777, 32.78205 ], [ -96.76764, 32.7824 ], [ -96.76793, 32.78247 ], [ -96.76806, 32.78213 ] ] ] } },
{ "type": "Feature", "properties": { "area_acres": 0.32 }, "geometry": { "type": "Polygon", "coordinates": [ [ [ -96.7669, 32.78244 ], [ -96.76637, 32.7823 ], [ -96.76629, 32.78251 ], [ -96.76682, 32.78265 ], [ -96.7669, 32.78244 ] ] ] } },
{ "type": "Feature", "properties": { "area_acres": 0.15 }, "geometry": { "type": "Polygon", "coordinates": [ [ [ -96.76818, 32.783 ], [ -96.76837, 32.78305 ], [ -96.76827, 32.78332 ], [ -96.76808, 32.78327 ], [ -96.76818, 32.783 ] ] ] } },
{ "type": "Feature", "properties": { "area_acres": 0.38 }, "geometry": { "type": "Polygon", "coordinates": [ [ [ -96.77313, 32.77317 ], [ -96.77292, 32.77299 ], [ -96.77288, 32.77303 ], [ -96.77279, 32.77296 ], [ -96.77256, 32.77317 ], [ -96.77289, 32.77344 ], [ -96.77311, 32.77325 ], [ -96.77307, 32.77322 ], [ -96.77313, 32.77317 ] ] ] } },
{ "type": "Feature", "properties": { "area_acres": 0.55 }, "geometry": { "type": "Polygon", "coordinates": [ [ [ -96.77463, 32.78862 ], [ -96.77494, 32.78836 ], [ -96.77452, 32.78801 ], [ -96.77421, 32.78826 ], [ -96.77463, 32.78862 ] ] ] } },
{ "type": "Feature", "properties": { "area_acres": 0.66 }, "geometry": { "type": "Polygon", "coordinates": [ [ [ -96.77285, 32.78925 ], [ -96.77235, 32.78883 ], [ -96.77205, 32.78909 ], [ -96.77254, 32.78951 ], [ -96.77285, 32.78925 ] ] ] } },
{ "type": "Feature", "properties": { "area_acres": 0.9 }, "geometry": { "type": "Polygon", "coordinates": [ [ [ -96.77455, 32.79046 ], [ -96.77416, 32.79012 ], [ -96.77339, 32.79072 ], [ -96.77349, 32.79081 ], [ -96.7738, 32.79056 ], [ -96.77409, 32.79083 ], [ -96.77455, 32.79046 ] ] ] } },
{ "type": "Feature", "properties": { "area_acres": 0.38 }, "geometry": { "type": "Polygon", "coordinates": [ [ [ -96.77743, 32.78898 ], [ -96.77706, 32.78866 ], [ -96.77688, 32.78882 ], [ -96.77697, 32.7889 ], [ -96.7769, 32.78896 ], [ -96.77717, 32.78919 ], [ -96.77743, 32.78898 ] ] ] } },
{ "type": "Feature", "properties": { "area_acres": 0.72 }, "geometry": { "type": "Polygon", "coordinates": [ [ [ -96.77592, 32.78925 ], [ -96.77558, 32.78896 ], [ -96.77517, 32.78929 ], [ -96.77523, 32.78934 ], [ -96.77519, 32.78938 ], [ -96.77546, 32.78961 ], [ -96.7755, 32.78958 ], [ -96.77556, 32.78963 ], [ -96.77591, 32.78934 ], [ -96.77586, 32.7893 ], [ -96.77592, 32.78925 ] ] ] } },
{ "type": "Feature", "properties": { "area_acres": 0.54 }, "geometry": { "type": "Polygon", "coordinates": [ [ [ -96.77693, 32.79018 ], [ -96.77658, 32.78988 ], [ -96.77622, 32.79017 ], [ -96.77657, 32.79047 ], [ -96.77693, 32.79018 ] ] ] } },
{ "type": "Feature", "properties": { "area_acres": 0.97 }, "geometry": { "type": "Polygon", "coordinates": [ [ [ -96.77656, 32.78978 ], [ -96.77619, 32.78946 ], [ -96.77561, 32.79002 ], [ -96.7759, 32.79026 ], [ -96.77595, 32.79022 ], [ -96.77599, 32.79026 ], [ -96.77656, 32.78978 ] ] ] } },
{ "type": "Feature", "properties": { "area_acres": 1.19 }, "geometry": { "type": "Polygon", "coordinates": [ [ [ -96.77537, 32.79143 ], [ -96.77501, 32.79111 ], [ -96.77467, 32.79138 ], [ -96.77432, 32.79108 ], [ -96.77428, 32.79112 ], [ -96.77422, 32.79107 ], [ -96.77412, 32.79115 ], [ -96.77423, 32.79125 ], [ -96.7741, 32.79135 ], [ -96.77429, 32.79151 ], [ -96.7745, 32.79148 ], [ -96.77494, 32.79186 ], [ -96.77529, 32.79158 ], [ -96.77524, 32.79154 ], [ -96.77537, 32.79143 ] ] ] } },
{ "type": "Feature", "properties": { "area_acres": 2.01 }, "geometry": { "type": "Polygon", "coordinates": [ [ [ -96.68167, 32.72915 ], [ -96.68167, 32.72864 ], [ -96.68013, 32.72865 ], [ -96.68013, 32.72916 ], [ -96.68167, 32.72915 ] ] ] } },
{ "type": "Feature", "properties": { "area_acres": 0.23 }, "geometry": { "type": "Polygon", "coordinates": [ [ [ -96.66605, 32.71818 ], [ -96.66604, 32.71784 ], [ -96.66578, 32.71784 ], [ -96.66578, 32.71818 ], [ -96.66605, 32.71818 ] ] ] } },
{ "type": "Feature", "properties": { "area_acres": 0.77 }, "geometry": { "type": "Polygon", "coordinates": [ [ [ -96.66739, 32.71304 ], [ -96.66708, 32.7128 ], [ -96.66681, 32.71296 ], [ -96.66646, 32.71294 ], [ -96.66643, 32.71331 ], [ -96.66692, 32.71329 ], [ -96.66739, 32.71304 ] ] ] } },
{ "type": "Feature", "properties": { "area_acres": 0.15 }, "geometry": { "type": "Polygon", "coordinates": [ [ [ -96.73952, 32.77352 ], [ -96.73925, 32.77328 ], [ -96.73916, 32.77335 ], [ -96.73925, 32.77343 ], [ -96.73919, 32.77348 ], [ -96.73938, 32.77364 ], [ -96.73952, 32.77352 ] ] ] } },
{ "type": "Feature", "properties": { "area_acres": 0.36 }, "geometry": { "type": "Polygon", "coordinates": [ [ [ -96.72873, 32.76673 ], [ -96.72874, 32.76655 ], [ -96.72796, 32.76653 ], [ -96.72796, 32.76671 ], [ -96.72873, 32.76673 ] ] ] } },
{ "type": "Feature", "properties": { "area_acres": 0.35 }, "geometry": { "type": "Polygon", "coordinates": [ [ [ -96.70147, 32.75715 ], [ -96.70109, 32.75707 ], [ -96.70099, 32.7574 ], [ -96.70138, 32.75748 ], [ -96.70147, 32.75715 ] ] ] } },
{ "type": "Feature", "properties": { "area_acres": 0.51 }, "geometry": { "type": "Polygon", "coordinates": [ [ [ -96.70283, 32.75916 ], [ -96.7026, 32.7592 ], [ -96.70266, 32.75945 ], [ -96.70201, 32.75956 ], [ -96.70206, 32.75974 ], [ -96.70273, 32.75962 ], [ -96.70271, 32.75955 ], [ -96.7028, 32.75954 ], [ -96.70282, 32.75942 ], [ -96.70289, 32.75941 ], [ -96.70283, 32.75916 ] ] ] } },
{ "type": "Feature", "properties": { "area_acres": 0.4 }, "geometry": { "type": "Polygon", "coordinates": [ [ [ -96.76976, 32.80945 ], [ -96.76945, 32.80945 ], [ -96.76945, 32.80997 ], [ -96.76975, 32.80998 ], [ -96.76976, 32.80945 ] ] ] } },
{ "type": "Feature", "properties": { "area_acres": 0.9 }, "geometry": { "type": "Polygon", "coordinates": [ [ [ -96.77008, 32.80939 ], [ -96.77008, 32.809 ], [ -96.76916, 32.809 ], [ -96.76916, 32.80938 ], [ -96.77008, 32.80939 ] ] ] } },
{ "type": "Feature", "properties": { "area_acres": 2.59 }, "geometry": { "type": "Polygon", "coordinates": [ [ [ -96.77217, 32.80945 ], [ -96.77141, 32.80882 ], [ -96.7708, 32.80933 ], [ -96.77078, 32.80966 ], [ -96.77136, 32.81014 ], [ -96.77217, 32.80945 ] ] ] } },
{ "type": "Feature", "properties": { "area_acres": 1.39 }, "geometry": { "type": "Polygon", "coordinates": [ [ [ -96.78219, 32.79929 ], [ -96.78116, 32.79841 ], [ -96.78084, 32.79866 ], [ -96.78187, 32.79954 ], [ -96.78219, 32.79929 ] ] ] } },
{ "type": "Feature", "properties": { "area_acres": 0.99 }, "geometry": { "type": "Polygon", "coordinates": [ [ [ -96.78145, 32.79943 ], [ -96.78077, 32.79881 ], [ -96.78044, 32.79907 ], [ -96.78112, 32.79969 ], [ -96.78145, 32.79943 ] ] ] } },
{ "type": "Feature", "properties": { "area_acres": 0.4 }, "geometry": { "type": "Polygon", "coordinates": [ [ [ -96.77671, 32.80482 ], [ -96.7763, 32.80446 ], [ -96.77607, 32.80465 ], [ -96.77648, 32.805 ], [ -96.77671, 32.80482 ] ] ] } },
{ "type": "Feature", "properties": { "area_acres": 0.34 }, "geometry": { "type": "Polygon", "coordinates": [ [ [ -96.80278, 32.79645 ], [ -96.8025, 32.79629 ], [ -96.80221, 32.79663 ], [ -96.80239, 32.7968 ], [ -96.80278, 32.79645 ] ] ] } },
{ "type": "Feature", "properties": { "area_acres": 0.32 }, "geometry": { "type": "Polygon", "coordinates": [ [ [ -96.80321, 32.79608 ], [ -96.80302, 32.79592 ], [ -96.80262, 32.79624 ], [ -96.80281, 32.7964 ], [ -96.80321, 32.79608 ] ] ] } },
{ "type": "Feature", "properties": { "area_acres": 0.31 }, "geometry": { "type": "Polygon", "coordinates": [ [ [ -96.80523, 32.79777 ], [ -96.80508, 32.79788 ], [ -96.8051, 32.79802 ], [ -96.80489, 32.79819 ], [ -96.80468, 32.79802 ], [ -96.80511, 32.79767 ], [ -96.80523, 32.79777 ] ] ] } },
{ "type": "Feature", "properties": { "area_acres": 1.89 }, "geometry": { "type": "Polygon", "coordinates": [ [ [ -96.79453, 32.80128 ], [ -96.7943, 32.80108 ], [ -96.79419, 32.80118 ], [ -96.79358, 32.80067 ], [ -96.79354, 32.80212 ], [ -96.7937, 32.80216 ], [ -96.79399, 32.80198 ], [ -96.79398, 32.80166 ], [ -96.79404, 32.80162 ], [ -96.79408, 32.80166 ], [ -96.79453, 32.80128 ] ] ] } },
{ "type": "Feature", "properties": { "area_acres": 0.59 }, "geometry": { "type": "Polygon", "coordinates": [ [ [ -96.8094, 32.8633 ], [ -96.80941, 32.86297 ], [ -96.81009, 32.86297 ], [ -96.81009, 32.86331 ], [ -96.8094, 32.8633 ] ] ] } },
{ "type": "Feature", "properties": { "area_acres": 1.63 }, "geometry": { "type": "Polygon", "coordinates": [ [ [ -96.82155, 32.74639 ], [ -96.82051, 32.74693 ], [ -96.82083, 32.74737 ], [ -96.82187, 32.74683 ], [ -96.82155, 32.74639 ] ] ] } },
{ "type": "Feature", "properties": { "area_acres": 1.88 }, "geometry": { "type": "Polygon", "coordinates": [ [ [ -96.82424, 32.7457 ], [ -96.82424, 32.74514 ], [ -96.82295, 32.74514 ], [ -96.82295, 32.74571 ], [ -96.82424, 32.7457 ] ] ] } },
{ "type": "Feature", "properties": { "area_acres": 1.01 }, "geometry": { "type": "Polygon", "coordinates": [ [ [ -96.82607, 32.74677 ], [ -96.82607, 32.74645 ], [ -96.82481, 32.74645 ], [ -96.82481, 32.74676 ], [ -96.82607, 32.74677 ] ] ] } },
{ "type": "Feature", "properties": { "area_acres": 2.4 }, "geometry": { "type": "Polygon", "coordinates": [ [ [ -96.83386, 32.74393 ], [ -96.83387, 32.74332 ], [ -96.83233, 32.74331 ], [ -96.83232, 32.74392 ], [ -96.83386, 32.74393 ] ] ] } },
{ "type": "Feature", "properties": { "area_acres": 0.53 }, "geometry": { "type": "Polygon", "coordinates": [ [ [ -96.83204, 32.74462 ], [ -96.83205, 32.74425 ], [ -96.8315, 32.74424 ], [ -96.83149, 32.74461 ], [ -96.83204, 32.74462 ] ] ] } },
{ "type": "Feature", "properties": { "area_acres": 0.71 }, "geometry": { "type": "Polygon", "coordinates": [ [ [ -96.82434, 32.74074 ], [ -96.82357, 32.74074 ], [ -96.82357, 32.7411 ], [ -96.82434, 32.7411 ], [ -96.82434, 32.74074 ] ] ] } },
{ "type": "Feature", "properties": { "area_acres": 2.02 }, "geometry": { "type": "Polygon", "coordinates": [ [ [ -96.81985, 32.74408 ], [ -96.81892, 32.74457 ], [ -96.81888, 32.74451 ], [ -96.81871, 32.7446 ], [ -96.81836, 32.74414 ], [ -96.81947, 32.74356 ], [ -96.81985, 32.74408 ] ] ] } },
{ "type": "Feature", "properties": { "area_acres": 1.52 }, "geometry": { "type": "Polygon", "coordinates": [ [ [ -96.81806, 32.74406 ], [ -96.81781, 32.74372 ], [ -96.81668, 32.74431 ], [ -96.81665, 32.74466 ], [ -96.81672, 32.74475 ], [ -96.81806, 32.74406 ] ] ] } },
{ "type": "Feature", "properties": { "area_acres": 0.63 }, "geometry": { "type": "Polygon", "coordinates": [ [ [ -96.82787, 32.74406 ], [ -96.82787, 32.74375 ], [ -96.82707, 32.74375 ], [ -96.82707, 32.74406 ], [ -96.82787, 32.74406 ] ] ] } },
{ "type": "Feature", "properties": { "area_acres": 0.48 }, "geometry": { "type": "Polygon", "coordinates": [ [ [ -96.82711, 32.71364 ], [ -96.82712, 32.71325 ], [ -96.82662, 32.71325 ], [ -96.82662, 32.71363 ], [ -96.82711, 32.71364 ] ] ] } },
{ "type": "Feature", "properties": { "area_acres": 1.46 }, "geometry": { "type": "Polygon", "coordinates": [ [ [ -96.75864, 32.85106 ], [ -96.7581, 32.85105 ], [ -96.75809, 32.85201 ], [ -96.75868, 32.85205 ], [ -96.75869, 32.85117 ], [ -96.75863, 32.85117 ], [ -96.75864, 32.85106 ] ] ] } },
{ "type": "Feature", "properties": { "area_acres": 5.51 }, "geometry": { "type": "Polygon", "coordinates": [ [ [ -96.87813, 32.70109 ], [ -96.87829, 32.70069 ], [ -96.87666, 32.70022 ], [ -96.87669, 32.69967 ], [ -96.87597, 32.69964 ], [ -96.87595, 32.7 ], [ -96.87513, 32.69977 ], [ -96.87514, 32.6996 ], [ -96.87472, 32.69929 ], [ -96.87452, 32.69929 ], [ -96.87452, 32.70003 ], [ -96.87813, 32.70109 ] ] ] } },
{ "type": "Feature", "properties": { "area_acres": 0.44 }, "geometry": { "type": "Polygon", "coordinates": [ [ [ -96.69129, 32.74237 ], [ -96.6912, 32.74222 ], [ -96.69093, 32.74234 ], [ -96.69076, 32.74204 ], [ -96.69052, 32.7421 ], [ -96.69078, 32.74256 ], [ -96.69129, 32.74237 ] ] ] } },
{ "type": "Feature", "properties": { "area_acres": 12.02 }, "geometry": { "type": "Polygon", "coordinates": [ [ [ -96.89679, 32.871 ], [ -96.897, 32.87079 ], [ -96.89628, 32.86855 ], [ -96.89472, 32.86854 ], [ -96.89472, 32.86933 ], [ -96.89457, 32.86933 ], [ -96.89457, 32.87002 ], [ -96.89485, 32.87002 ], [ -96.89484, 32.87074 ], [ -96.89505, 32.87074 ], [ -96.89505, 32.87099 ], [ -96.89679, 32.871 ] ] ] } },
{ "type": "Feature", "properties": { "area_acres": 0.44 }, "geometry": { "type": "Polygon", "coordinates": [ [ [ -96.80538, 32.89528 ], [ -96.80483, 32.89528 ], [ -96.80483, 32.89496 ], [ -96.80538, 32.89496 ], [ -96.80538, 32.89528 ] ] ] } },
{ "type": "Feature", "properties": { "area_acres": 2.47 }, "geometry": { "type": "Polygon", "coordinates": [ [ [ -96.80553, 32.89604 ], [ -96.80554, 32.89537 ], [ -96.80411, 32.89535 ], [ -96.8041, 32.89603 ], [ -96.80553, 32.89604 ] ] ] } },
{ "type": "Feature", "properties": { "area_acres": 2.64 }, "geometry": { "type": "Polygon", "coordinates": [ [ [ -96.80233, 32.89372 ], [ -96.80233, 32.8946 ], [ -96.80292, 32.8946 ], [ -96.80292, 32.89399 ], [ -96.80378, 32.89399 ], [ -96.80378, 32.8935 ], [ -96.80261, 32.8935 ], [ -96.80233, 32.89372 ] ] ] } },
{ "type": "Feature", "properties": { "area_acres": 2.59 }, "geometry": { "type": "Polygon", "coordinates": [ [ [ -96.80487, 32.65621 ], [ -96.80391, 32.65621 ], [ -96.80346, 32.6564 ], [ -96.80365, 32.65671 ], [ -96.80397, 32.65658 ], [ -96.80396, 32.65715 ], [ -96.80486, 32.65716 ], [ -96.80487, 32.65621 ] ] ] } },
{ "type": "Feature", "properties": { "area_acres": 2.82 }, "geometry": { "type": "Polygon", "coordinates": [ [ [ -96.80486, 32.65877 ], [ -96.80486, 32.65724 ], [ -96.80415, 32.65724 ], [ -96.80414, 32.65877 ], [ -96.80486, 32.65877 ] ] ] } },
{ "type": "Feature", "properties": { "area_acres": 1.95 }, "geometry": { "type": "Polygon", "coordinates": [ [ [ -96.80461, 32.66105 ], [ -96.8046, 32.65991 ], [ -96.80474, 32.65991 ], [ -96.80474, 32.65952 ], [ -96.80413, 32.65953 ], [ -96.80415, 32.66105 ], [ -96.80461, 32.66105 ] ] ] } },
{ "type": "Feature", "properties": { "area_acres": 0.05 }, "geometry": { "type": "Polygon", "coordinates": [ [ [ -96.86747, 32.99902 ], [ -96.86741, 32.99902 ], [ -96.86741, 32.99867 ], [ -96.86747, 32.99867 ], [ -96.86747, 32.99902 ] ] ] } },
{ "type": "Feature", "properties": { "area_acres": 0.04 }, "geometry": { "type": "Polygon", "coordinates": [ [ [ -96.86757, 32.99851 ], [ -96.86753, 32.99854 ], [ -96.86729, 32.99835 ], [ -96.86734, 32.99831 ], [ -96.86757, 32.99851 ] ] ] } },
{ "type": "Feature", "properties": { "area_acres": 0.07 }, "geometry": { "type": "Polygon", "coordinates": [ [ [ -96.86704, 32.99853 ], [ -96.8671, 32.99853 ], [ -96.8671, 32.99895 ], [ -96.86704, 32.99895 ], [ -96.86704, 32.99853 ] ] ] } },
{ "type": "Feature", "properties": { "area_acres": 0.03 }, "geometry": { "type": "Polygon", "coordinates": [ [ [ -96.86603, 32.99892 ], [ -96.8661, 32.99892 ], [ -96.86609, 32.99872 ], [ -96.86603, 32.99872 ], [ -96.86603, 32.99892 ] ] ] } },
{ "type": "Feature", "properties": { "area_acres": 0.03 }, "geometry": { "type": "Polygon", "coordinates": [ [ [ -96.8661, 32.9985 ], [ -96.86604, 32.9985 ], [ -96.86604, 32.9983 ], [ -96.8661, 32.9983 ], [ -96.8661, 32.9985 ] ] ] } },
{ "type": "Feature", "properties": { "area_acres": 0.07 }, "geometry": { "type": "Polygon", "coordinates": [ [ [ -96.86576, 32.99895 ], [ -96.86527, 32.99868 ], [ -96.8653, 32.99864 ], [ -96.86579, 32.99891 ], [ -96.86576, 32.99895 ] ] ] } },
{ "type": "Feature", "properties": { "area_acres": 0.05 }, "geometry": { "type": "Polygon", "coordinates": [ [ [ -96.86613, 32.99811 ], [ -96.86617, 32.99807 ], [ -96.86645, 32.9983 ], [ -96.86641, 32.99834 ], [ -96.86613, 32.99811 ] ] ] } },
{ "type": "Feature", "properties": { "area_acres": 0.04 }, "geometry": { "type": "Polygon", "coordinates": [ [ [ -96.86674, 32.99816 ], [ -96.8667, 32.99813 ], [ -96.86646, 32.99833 ], [ -96.8665, 32.99836 ], [ -96.86674, 32.99816 ] ] ] } },
{ "type": "Feature", "properties": { "area_acres": 0.06 }, "geometry": { "type": "Polygon", "coordinates": [ [ [ -96.86673, 32.99809 ], [ -96.86637, 32.9978 ], [ -96.86633, 32.99783 ], [ -96.86669, 32.99813 ], [ -96.86673, 32.99809 ] ] ] } },
{ "type": "Feature", "properties": { "area_acres": 0.03 }, "geometry": { "type": "Polygon", "coordinates": [ [ [ -96.86647, 32.9976 ], [ -96.86639, 32.99778 ], [ -96.86634, 32.99776 ], [ -96.86642, 32.99758 ], [ -96.86647, 32.9976 ] ] ] } },
{ "type": "Feature", "properties": { "area_acres": 0.06 }, "geometry": { "type": "Polygon", "coordinates": [ [ [ -96.86755, 32.99729 ], [ -96.86756, 32.99769 ], [ -96.86761, 32.99769 ], [ -96.86761, 32.99729 ], [ -96.86755, 32.99729 ] ] ] } },
{ "type": "Feature", "properties": { "area_acres": 0.05 }, "geometry": { "type": "Polygon", "coordinates": [ [ [ -96.86757, 32.99776 ], [ -96.86753, 32.99773 ], [ -96.86724, 32.99798 ], [ -96.86728, 32.99802 ], [ -96.86757, 32.99776 ] ] ] } },
{ "type": "Feature", "properties": { "area_acres": 0.04 }, "geometry": { "type": "Polygon", "coordinates": [ [ [ -96.86723, 32.99797 ], [ -96.86719, 32.99801 ], [ -96.86697, 32.99783 ], [ -96.86702, 32.99779 ], [ -96.86723, 32.99797 ] ] ] } },
{ "type": "Feature", "properties": { "area_acres": 0.04 }, "geometry": { "type": "Polygon", "coordinates": [ [ [ -96.86701, 32.99779 ], [ -96.86697, 32.99775 ], [ -96.86718, 32.99758 ], [ -96.86722, 32.99761 ], [ -96.86701, 32.99779 ] ] ] } },
{ "type": "Feature", "properties": { "area_acres": 0.04 }, "geometry": { "type": "Polygon", "coordinates": [ [ [ -96.86726, 32.99788 ], [ -96.86722, 32.99784 ], [ -96.86742, 32.99767 ], [ -96.86746, 32.9977 ], [ -96.86726, 32.99788 ] ] ] } },
{ "type": "Feature", "properties": { "area_acres": 0.03 }, "geometry": { "type": "Polygon", "coordinates": [ [ [ -96.86731, 32.99762 ], [ -96.86737, 32.99762 ], [ -96.86737, 32.99742 ], [ -96.86731, 32.99742 ], [ -96.86731, 32.99762 ] ] ] } },
{ "type": "Feature", "properties": { "area_acres": 0.03 }, "geometry": { "type": "Polygon", "coordinates": [ [ [ -96.86718, 32.99737 ], [ -96.86724, 32.99737 ], [ -96.86724, 32.99757 ], [ -96.86718, 32.99757 ], [ -96.86718, 32.99737 ] ] ] } },
{ "type": "Feature", "properties": { "area_acres": 0.15 }, "geometry": { "type": "Polygon", "coordinates": [ [ [ -96.86835, 32.99753 ], [ -96.86802, 32.99727 ], [ -96.86808, 32.99723 ], [ -96.86825, 32.99723 ], [ -96.8684, 32.99735 ], [ -96.86841, 32.99748 ], [ -96.86835, 32.99753 ] ] ] } },
{ "type": "Feature", "properties": { "area_acres": 1.9 }, "geometry": { "type": "Polygon", "coordinates": [ [ [ -96.98897, 32.93061 ], [ -96.98992, 32.93112 ], [ -96.99035, 32.93057 ], [ -96.9894, 32.93005 ], [ -96.98897, 32.93061 ] ] ] } },
{ "type": "Feature", "properties": { "area_acres": 4.82 }, "geometry": { "type": "Polygon", "coordinates": [ [ [ -96.86796, 32.64607 ], [ -96.86798, 32.64655 ], [ -96.86784, 32.64655 ], [ -96.86778, 32.64666 ], [ -96.86763, 32.64666 ], [ -96.8676, 32.64711 ], [ -96.86742, 32.6471 ], [ -96.86743, 32.64688 ], [ -96.86645, 32.64687 ], [ -96.86636, 32.64683 ], [ -96.86632, 32.64695 ], [ -96.86586, 32.64695 ], [ -96.86586, 32.6469 ], [ -96.86569, 32.6469 ], [ -96.86568, 32.64606 ], [ -96.86777, 32.64604 ], [ -96.86796, 32.64607 ] ] ] } },
{ "type": "Feature", "properties": { "area_acres": 0.91 }, "geometry": { "type": "Polygon", "coordinates": [ [ [ -96.86728, 32.64735 ], [ -96.86654, 32.64736 ], [ -96.86646, 32.6473 ], [ -96.86647, 32.64695 ], [ -96.86728, 32.64694 ], [ -96.86733, 32.64701 ], [ -96.86733, 32.6473 ], [ -96.86728, 32.64735 ] ] ] } },
{ "type": "Feature", "properties": { "area_acres": 0.64 }, "geometry": { "type": "Polygon", "coordinates": [ [ [ -96.86625, 32.6474 ], [ -96.86576, 32.6474 ], [ -96.86575, 32.64734 ], [ -96.8657, 32.64733 ], [ -96.8657, 32.64701 ], [ -96.86588, 32.64695 ], [ -96.86627, 32.64699 ], [ -96.86631, 32.64727 ], [ -96.86625, 32.6474 ] ] ] } },
{ "type": "Feature", "properties": { "area_acres": 1.26 }, "geometry": { "type": "Polygon", "coordinates": [ [ [ -96.86961, 32.64685 ], [ -96.86852, 32.64686 ], [ -96.8684, 32.64672 ], [ -96.8684, 32.64645 ], [ -96.86958, 32.64644 ], [ -96.86963, 32.64648 ], [ -96.86961, 32.64685 ] ] ] } },
{ "type": "Feature", "properties": { "area_acres": 1.04 }, "geometry": { "type": "Polygon", "coordinates": [ [ [ -96.95416, 32.66553 ], [ -96.9536, 32.66549 ], [ -96.95365, 32.6648 ], [ -96.95423, 32.66483 ], [ -96.95416, 32.66553 ] ] ] } },
{ "type": "Feature", "properties": { "area_acres": 0.66 }, "geometry": { "type": "Polygon", "coordinates": [ [ [ -96.95346, 32.66443 ], [ -96.95347, 32.66461 ], [ -96.95195, 32.66457 ], [ -96.95196, 32.66441 ], [ -96.95346, 32.66443 ] ] ] } },
{ "type": "Feature", "properties": { "area_acres": 0.17 }, "geometry": { "type": "Polygon", "coordinates": [ [ [ -96.87399, 32.66879 ], [ -96.87415, 32.66879 ], [ -96.87414, 32.66842 ], [ -96.87395, 32.66842 ], [ -96.87399, 32.66879 ] ] ] } },
{ "type": "Feature", "properties": { "area_acres": 0.12 }, "geometry": { "type": "Polygon", "coordinates": [ [ [ -96.94341, 32.63113 ], [ -96.94341, 32.63089 ], [ -96.94359, 32.63089 ], [ -96.94361, 32.63113 ], [ -96.94341, 32.63113 ] ] ] } },
{ "type": "Feature", "properties": { "area_acres": 0.31 }, "geometry": { "type": "Polygon", "coordinates": [ [ [ -96.76856, 32.98452 ], [ -96.76861, 32.98434 ], [ -96.76911, 32.98439 ], [ -96.76912, 32.98435 ], [ -96.7694, 32.98435 ], [ -96.7694, 32.98448 ], [ -96.76913, 32.98448 ], [ -96.76912, 32.98452 ], [ -96.76856, 32.98452 ] ] ] } },
{ "type": "Feature", "properties": { "area_acres": 0.16 }, "geometry": { "type": "Polygon", "coordinates": [ [ [ -96.80849, 32.95691 ], [ -96.80834, 32.95693 ], [ -96.80828, 32.95654 ], [ -96.80844, 32.95652 ], [ -96.80849, 32.95691 ] ] ] } },
{ "type": "Feature", "properties": { "area_acres": 0.08 }, "geometry": { "type": "Polygon", "coordinates": [ [ [ -96.80835, 32.95635 ], [ -96.80825, 32.95615 ], [ -96.80812, 32.95617 ], [ -96.80816, 32.95637 ], [ -96.80835, 32.95635 ] ] ] } },
{ "type": "Feature", "properties": { "area_acres": 0.14 }, "geometry": { "type": "Polygon", "coordinates": [ [ [ -96.8077, 32.95625 ], [ -96.80738, 32.9563 ], [ -96.80732, 32.95615 ], [ -96.80765, 32.95608 ], [ -96.8077, 32.95625 ] ] ] } },
{ "type": "Feature", "properties": { "area_acres": 1.33 }, "geometry": { "type": "Polygon", "coordinates": [ [ [ -96.75254, 32.7907 ], [ -96.75275, 32.79053 ], [ -96.75191, 32.78982 ], [ -96.75158, 32.7901 ], [ -96.75202, 32.79046 ], [ -96.75173, 32.7907 ], [ -96.75254, 32.7907 ] ] ] } },
{ "type": "Feature", "properties": { "area_acres": 0.97 }, "geometry": { "type": "Polygon", "coordinates": [ [ [ -96.75498, 32.7889 ], [ -96.75566, 32.78836 ], [ -96.75599, 32.78865 ], [ -96.75531, 32.78919 ], [ -96.75498, 32.7889 ] ] ] } },
{ "type": "Feature", "properties": { "area_acres": 1.15 }, "geometry": { "type": "Polygon", "coordinates": [ [ [ -96.94386, 32.64013 ], [ -96.94386, 32.6406 ], [ -96.94452, 32.6406 ], [ -96.94451, 32.64028 ], [ -96.94487, 32.64028 ], [ -96.94529, 32.63997 ], [ -96.94521, 32.63989 ], [ -96.94509, 32.63999 ], [ -96.94502, 32.63996 ], [ -96.94486, 32.64009 ], [ -96.94386, 32.64013 ] ] ] } },
{ "type": "Feature", "properties": { "area_acres": 5.21 }, "geometry": { "type": "Polygon", "coordinates": [ [ [ -96.75482, 32.86363 ], [ -96.75473, 32.86398 ], [ -96.75309, 32.86366 ], [ -96.75359, 32.86183 ], [ -96.75442, 32.86198 ], [ -96.75434, 32.86223 ], [ -96.75451, 32.86226 ], [ -96.75446, 32.86243 ], [ -96.75441, 32.86243 ], [ -96.7544, 32.86249 ], [ -96.75434, 32.86248 ], [ -96.7543, 32.86262 ], [ -96.75442, 32.86264 ], [ -96.7544, 32.86273 ], [ -96.7543, 32.86271 ], [ -96.75422, 32.86304 ], [ -96.75418, 32.86303 ], [ -96.75414, 32.86318 ], [ -96.75424, 32.8632 ], [ -96.75416, 32.8635 ], [ -96.75482, 32.86363 ] ] ] } },
{ "type": "Feature", "properties": { "area_acres": 0.89 }, "geometry": { "type": "Polygon", "coordinates": [ [ [ -96.75241, 32.86207 ], [ -96.75325, 32.86223 ], [ -96.75332, 32.86193 ], [ -96.75337, 32.86194 ], [ -96.75338, 32.8619 ], [ -96.75333, 32.86189 ], [ -96.75331, 32.86179 ], [ -96.75302, 32.86174 ], [ -96.75268, 32.86173 ], [ -96.75267, 32.86178 ], [ -96.75251, 32.86175 ], [ -96.75249, 32.8618 ], [ -96.75244, 32.86179 ], [ -96.75241, 32.86207 ] ] ] } },
{ "type": "Feature", "properties": { "area_acres": 1.52 }, "geometry": { "type": "Polygon", "coordinates": [ [ [ -96.76446, 32.79429 ], [ -96.76393, 32.79383 ], [ -96.76326, 32.79438 ], [ -96.76373, 32.79478 ], [ -96.76379, 32.79473 ], [ -96.76385, 32.79479 ], [ -96.76446, 32.79429 ] ] ] } },
{ "type": "Feature", "properties": { "area_acres": 0.2 }, "geometry": { "type": "Polygon", "coordinates": [ [ [ -96.76305, 32.79454 ], [ -96.76277, 32.79429 ], [ -96.76294, 32.79416 ], [ -96.76322, 32.7944 ], [ -96.76305, 32.79454 ] ] ] } },
{ "type": "Feature", "properties": { "area_acres": 0.61 }, "geometry": { "type": "Polygon", "coordinates": [ [ [ -96.77409, 32.91587 ], [ -96.7737, 32.91585 ], [ -96.77374, 32.91524 ], [ -96.77413, 32.91526 ], [ -96.77409, 32.91587 ] ] ] } },
{ "type": "Feature", "properties": { "area_acres": 0.47 }, "geometry": { "type": "Polygon", "coordinates": [ [ [ -96.78401, 32.92711 ], [ -96.784, 32.9272 ], [ -96.78392, 32.92727 ], [ -96.78334, 32.9272 ], [ -96.7833, 32.92717 ], [ -96.78332, 32.92694 ], [ -96.78392, 32.92699 ], [ -96.78401, 32.92711 ] ] ] } },
{ "type": "Feature", "properties": { "area_acres": 1.24 }, "geometry": { "type": "Polygon", "coordinates": [ [ [ -96.77003, 32.8534 ], [ -96.77014, 32.85292 ], [ -96.76973, 32.85285 ], [ -96.7694, 32.85433 ], [ -96.76973, 32.85438 ], [ -96.76974, 32.85431 ], [ -96.76982, 32.85432 ], [ -96.76988, 32.85407 ], [ -96.76967, 32.85404 ], [ -96.76982, 32.85337 ], [ -96.77003, 32.8534 ] ] ] } },
{ "type": "Feature", "properties": { "area_acres": 2.42 }, "geometry": { "type": "Polygon", "coordinates": [ [ [ -96.77023, 32.90844 ], [ -96.76958, 32.90843 ], [ -96.76959, 32.90807 ], [ -96.76948, 32.90792 ], [ -96.7695, 32.9077 ], [ -96.76962, 32.90771 ], [ -96.76961, 32.90794 ], [ -96.77035, 32.90797 ], [ -96.77092, 32.90839 ], [ -96.77093, 32.90907 ], [ -96.77087, 32.90907 ], [ -96.77087, 32.90912 ], [ -96.77041, 32.90911 ], [ -96.77042, 32.90876 ], [ -96.77031, 32.90874 ], [ -96.77031, 32.90867 ], [ -96.77023, 32.90867 ], [ -96.77023, 32.90844 ] ] ] } },
{ "type": "Feature", "properties": { "area_acres": 1.23 }, "geometry": { "type": "Polygon", "coordinates": [ [ [ -96.77151, 32.90912 ], [ -96.77112, 32.90912 ], [ -96.77112, 32.90907 ], [ -96.77106, 32.90907 ], [ -96.77108, 32.90846 ], [ -96.77188, 32.90861 ], [ -96.77193, 32.90843 ], [ -96.77212, 32.90847 ], [ -96.77191, 32.90912 ], [ -96.77176, 32.909 ], [ -96.77182, 32.90879 ], [ -96.77166, 32.90876 ], [ -96.77159, 32.9088 ], [ -96.77151, 32.90912 ] ] ] } },
{ "type": "Feature", "properties": { "area_acres": 0.11 }, "geometry": { "type": "Polygon", "coordinates": [ [ [ -96.76706, 32.91199 ], [ -96.76697, 32.91198 ], [ -96.76704, 32.91156 ], [ -96.76714, 32.91157 ], [ -96.76706, 32.91199 ] ] ] } },
{ "type": "Feature", "properties": { "area_acres": 0.23 }, "geometry": { "type": "Polygon", "coordinates": [ [ [ -96.76805, 32.9108 ], [ -96.76733, 32.91085 ], [ -96.76734, 32.91091 ], [ -96.76763, 32.91089 ], [ -96.76764, 32.91101 ], [ -96.76806, 32.91097 ], [ -96.76805, 32.9108 ] ] ] } },
{ "type": "Feature", "properties": { "area_acres": 0.33 }, "geometry": { "type": "Polygon", "coordinates": [ [ [ -96.7673, 32.91004 ], [ -96.7672, 32.91003 ], [ -96.76721, 32.90998 ], [ -96.76803, 32.91007 ], [ -96.76803, 32.91012 ], [ -96.76797, 32.91011 ], [ -96.76795, 32.91024 ], [ -96.76728, 32.91017 ], [ -96.7673, 32.91004 ] ] ] } },
{ "type": "Feature", "properties": { "area_acres": 0.09 }, "geometry": { "type": "Polygon", "coordinates": [ [ [ -96.76724, 32.91051 ], [ -96.76794, 32.91046 ], [ -96.76794, 32.91051 ], [ -96.76724, 32.91056 ], [ -96.76724, 32.91051 ] ] ] } },
{ "type": "Feature", "properties": { "area_acres": 0.47 }, "geometry": { "type": "Polygon", "coordinates": [ [ [ -96.7645, 32.78311 ], [ -96.76456, 32.7831 ], [ -96.76469, 32.78276 ], [ -96.7642, 32.78264 ], [ -96.76409, 32.78295 ], [ -96.76427, 32.78299 ], [ -96.76425, 32.78305 ], [ -96.7645, 32.78311 ] ] ] } },
{ "type": "Feature", "properties": { "area_acres": 2.28 }, "geometry": { "type": "Polygon", "coordinates": [ [ [ -96.7641, 32.77988 ], [ -96.76453, 32.78026 ], [ -96.76459, 32.78021 ], [ -96.76468, 32.78024 ], [ -96.76485, 32.78017 ], [ -96.76484, 32.78006 ], [ -96.76497, 32.77995 ], [ -96.76507, 32.77996 ], [ -96.76523, 32.77988 ], [ -96.76525, 32.7798 ], [ -96.76538, 32.7797 ], [ -96.76559, 32.77985 ], [ -96.76582, 32.77973 ], [ -96.76498, 32.77908 ], [ -96.7648, 32.7793 ], [ -96.7641, 32.77988 ] ] ] } },
{ "type": "Feature", "properties": { "area_acres": 0.06 }, "geometry": { "type": "Polygon", "coordinates": [ [ [ -96.76126, 32.78004 ], [ -96.76129, 32.77994 ], [ -96.76106, 32.77989 ], [ -96.76103, 32.77999 ], [ -96.76126, 32.78004 ] ] ] } },
{ "type": "Feature", "properties": { "area_acres": 1.98 }, "geometry": { "type": "Polygon", "coordinates": [ [ [ -96.75463, 32.78008 ], [ -96.75412, 32.7805 ], [ -96.75322, 32.77974 ], [ -96.75372, 32.77932 ], [ -96.75463, 32.78008 ] ] ] } },
{ "type": "Feature", "properties": { "area_acres": 6.18 }, "geometry": { "type": "Polygon", "coordinates": [ [ [ -96.75585, 32.7794 ], [ -96.75707, 32.77838 ], [ -96.75637, 32.77766 ], [ -96.75594, 32.77757 ], [ -96.75565, 32.77757 ], [ -96.75471, 32.77847 ], [ -96.75585, 32.7794 ] ] ] } },
{ "type": "Feature", "properties": { "area_acres": 1.45 }, "geometry": { "type": "Polygon", "coordinates": [ [ [ -96.75426, 32.77958 ], [ -96.7551, 32.77889 ], [ -96.7547, 32.77855 ], [ -96.75386, 32.77924 ], [ -96.75426, 32.77958 ] ] ] } },
{ "type": "Feature", "properties": { "area_acres": 0.21 }, "geometry": { "type": "Polygon", "coordinates": [ [ [ -96.75402, 32.90409 ], [ -96.75401, 32.90451 ], [ -96.7542, 32.90451 ], [ -96.75421, 32.90409 ], [ -96.75402, 32.90409 ] ] ] } },
{ "type": "Feature", "properties": { "area_acres": 0.22 }, "geometry": { "type": "Polygon", "coordinates": [ [ [ -96.77028, 32.91909 ], [ -96.76975, 32.91909 ], [ -96.76974, 32.91885 ], [ -96.77028, 32.91901 ], [ -96.77028, 32.91909 ] ] ] } },
{ "type": "Feature", "properties": { "area_acres": 0.42 }, "geometry": { "type": "Polygon", "coordinates": [ [ [ -96.77089, 32.91934 ], [ -96.7704, 32.91934 ], [ -96.77039, 32.91902 ], [ -96.77088, 32.91901 ], [ -96.77089, 32.91934 ] ] ] } },
{ "type": "Feature", "properties": { "area_acres": 0.37 }, "geometry": { "type": "Polygon", "coordinates": [ [ [ -96.76525, 32.90632 ], [ -96.76461, 32.9063 ], [ -96.76463, 32.90605 ], [ -96.76517, 32.90608 ], [ -96.76516, 32.90619 ], [ -96.76526, 32.90619 ], [ -96.76525, 32.90632 ] ] ] } },
{ "type": "Feature", "properties": { "area_acres": 0.76 }, "geometry": { "type": "Polygon", "coordinates": [ [ [ -96.76828, 32.91628 ], [ -96.76829, 32.91566 ], [ -96.76905, 32.91567 ], [ -96.76905, 32.91598 ], [ -96.76848, 32.91598 ], [ -96.76847, 32.91629 ], [ -96.76828, 32.91628 ] ] ] } },
{ "type": "Feature", "properties": { "area_acres": 1.66 }, "geometry": { "type": "Polygon", "coordinates": [ [ [ -96.82764, 32.78076 ], [ -96.8275, 32.78077 ], [ -96.82687, 32.77991 ], [ -96.82686, 32.77957 ], [ -96.8276, 32.77956 ], [ -96.82764, 32.78076 ] ] ] } },
{ "type": "Feature", "properties": { "area_acres": 1.35 }, "geometry": { "type": "Polygon", "coordinates": [ [ [ -96.8276, 32.77956 ], [ -96.8276, 32.77923 ], [ -96.8274, 32.77894 ], [ -96.82717, 32.77891 ], [ -96.82676, 32.77902 ], [ -96.8266, 32.77915 ], [ -96.82663, 32.77938 ], [ -96.82671, 32.77945 ], [ -96.82726, 32.77956 ], [ -96.8276, 32.77956 ] ] ] } },
{ "type": "Feature", "properties": { "area_acres": 0.31 }, "geometry": { "type": "Polygon", "coordinates": [ [ [ -96.82897, 32.78008 ], [ -96.82867, 32.78008 ], [ -96.82867, 32.77969 ], [ -96.82898, 32.77969 ], [ -96.82897, 32.78008 ] ] ] } },
{ "type": "Feature", "properties": { "area_acres": 0.53 }, "geometry": { "type": "Polygon", "coordinates": [ [ [ -96.82903, 32.77889 ], [ -96.82788, 32.7789 ], [ -96.82788, 32.77872 ], [ -96.82903, 32.77871 ], [ -96.82903, 32.77889 ] ] ] } },
{ "type": "Feature", "properties": { "area_acres": 1.03 }, "geometry": { "type": "Polygon", "coordinates": [ [ [ -96.83014, 32.77954 ], [ -96.82947, 32.77954 ], [ -96.82947, 32.77894 ], [ -96.83014, 32.77894 ], [ -96.83014, 32.77954 ] ] ] } },
{ "type": "Feature", "properties": { "area_acres": 0.69 }, "geometry": { "type": "Polygon", "coordinates": [ [ [ -96.82917, 32.77969 ], [ -96.82916, 32.7801 ], [ -96.82981, 32.78011 ], [ -96.82982, 32.7797 ], [ -96.82917, 32.77969 ] ] ] } },
{ "type": "Feature", "properties": { "area_acres": 0.72 }, "geometry": { "type": "Polygon", "coordinates": [ [ [ -96.82931, 32.77829 ], [ -96.82851, 32.77829 ], [ -96.8285, 32.77794 ], [ -96.82931, 32.77794 ], [ -96.82931, 32.77829 ] ] ] } },
{ "type": "Feature", "properties": { "area_acres": 0.81 }, "geometry": { "type": "Polygon", "coordinates": [ [ [ -96.76892, 32.92249 ], [ -96.76797, 32.92248 ], [ -96.76798, 32.92214 ], [ -96.76893, 32.92216 ], [ -96.76892, 32.92249 ] ] ] } },
{ "type": "Feature", "properties": { "area_acres": 1.51 }, "geometry": { "type": "Polygon", "coordinates": [ [ [ -96.77546, 32.92252 ], [ -96.77702, 32.92254 ], [ -96.77702, 32.92216 ], [ -96.77547, 32.92214 ], [ -96.77546, 32.92252 ] ] ] } },
{ "type": "Feature", "properties": { "area_acres": 1.5 }, "geometry": { "type": "Polygon", "coordinates": [ [ [ -96.7737, 32.92065 ], [ -96.77249, 32.92114 ], [ -96.77239, 32.9211 ], [ -96.7725, 32.92063 ], [ -96.77279, 32.92023 ], [ -96.7737, 32.92065 ] ] ] } },
{ "type": "Feature", "properties": { "area_acres": 0.81 }, "geometry": { "type": "Polygon", "coordinates": [ [ [ -96.76245, 32.78023 ], [ -96.7625, 32.78008 ], [ -96.76262, 32.77998 ], [ -96.7627, 32.78 ], [ -96.76272, 32.77995 ], [ -96.76367, 32.7802 ], [ -96.76356, 32.78038 ], [ -96.7632, 32.78029 ], [ -96.76316, 32.78041 ], [ -96.76245, 32.78023 ] ] ] } },
{ "type": "Feature", "properties": { "area_acres": 0.2 }, "geometry": { "type": "Polygon", "coordinates": [ [ [ -96.78658, 32.80172 ], [ -96.78636, 32.8019 ], [ -96.78616, 32.80172 ], [ -96.78638, 32.80154 ], [ -96.78658, 32.80172 ] ] ] } },
{ "type": "Feature", "properties": { "area_acres": 0.74 }, "geometry": { "type": "Polygon", "coordinates": [ [ [ -96.87947, 32.83535 ], [ -96.8795, 32.83603 ], [ -96.87992, 32.83602 ], [ -96.8799, 32.83534 ], [ -96.87947, 32.83535 ] ] ] } },
{ "type": "Feature", "properties": { "area_acres": 2.15 }, "geometry": { "type": "Polygon", "coordinates": [ [ [ -96.87918, 32.83564 ], [ -96.87828, 32.83565 ], [ -96.87831, 32.83714 ], [ -96.8787, 32.83713 ], [ -96.87868, 32.83623 ], [ -96.87911, 32.83622 ], [ -96.8791, 32.83584 ], [ -96.87918, 32.83584 ], [ -96.87918, 32.83564 ] ] ] } },
{ "type": "Feature", "properties": { "area_acres": 0.08 }, "geometry": { "type": "Polygon", "coordinates": [ [ [ -96.7854, 33.00089 ], [ -96.78534, 33.00113 ], [ -96.78523, 33.00112 ], [ -96.78528, 33.00087 ], [ -96.7854, 33.00089 ] ] ] } },
{ "type": "Feature", "properties": { "area_acres": 1.37 }, "geometry": { "type": "Polygon", "coordinates": [ [ [ -96.83669, 32.8121 ], [ -96.83667, 32.81215 ], [ -96.83691, 32.81298 ], [ -96.83696, 32.81297 ], [ -96.83698, 32.81303 ], [ -96.83717, 32.81299 ], [ -96.83757, 32.81268 ], [ -96.83758, 32.81256 ], [ -96.83694, 32.81206 ], [ -96.83669, 32.8121 ] ] ] } },
{ "type": "Feature", "properties": { "area_acres": 0.78 }, "geometry": { "type": "Polygon", "coordinates": [ [ [ -96.83322, 32.8116 ], [ -96.83314, 32.81162 ], [ -96.83338, 32.81238 ], [ -96.83365, 32.81236 ], [ -96.83363, 32.81231 ], [ -96.83373, 32.81229 ], [ -96.8335, 32.81155 ], [ -96.83343, 32.81157 ], [ -96.83341, 32.81151 ], [ -96.8332, 32.81155 ], [ -96.83322, 32.8116 ] ] ] } },
{ "type": "Feature", "properties": { "area_acres": 0.72 }, "geometry": { "type": "Polygon", "coordinates": [ [ [ -96.82715, 32.78078 ], [ -96.8263, 32.77972 ], [ -96.82648, 32.77961 ], [ -96.82732, 32.78069 ], [ -96.82715, 32.78078 ] ] ] } },
{ "type": "Feature", "properties": { "area_acres": 0.15 }, "geometry": { "type": "Polygon", "coordinates": [ [ [ -96.72101, 32.85156 ], [ -96.72063, 32.85156 ], [ -96.72063, 32.85173 ], [ -96.72089, 32.85173 ], [ -96.72089, 32.85169 ], [ -96.72101, 32.85169 ], [ -96.72101, 32.85156 ] ] ] } },
{ "type": "Feature", "properties": { "area_acres": 0.55 }, "geometry": { "type": "Polygon", "coordinates": [ [ [ -96.71488, 32.84025 ], [ -96.71505, 32.84055 ], [ -96.71494, 32.84068 ], [ -96.71494, 32.84079 ], [ -96.71457, 32.84095 ], [ -96.71453, 32.84067 ], [ -96.71458, 32.84054 ], [ -96.71475, 32.84033 ], [ -96.71488, 32.84025 ] ] ] } },
{ "type": "Feature", "properties": { "area_acres": 1.07 }, "geometry": { "type": "Polygon", "coordinates": [ [ [ -96.71568, 32.84171 ], [ -96.71544, 32.84176 ], [ -96.71505, 32.84172 ], [ -96.71482, 32.84162 ], [ -96.71458, 32.84139 ], [ -96.71515, 32.84116 ], [ -96.71526, 32.84124 ], [ -96.71543, 32.84125 ], [ -96.71568, 32.84171 ] ] ] } },
{ "type": "Feature", "properties": { "area_acres": 0.62 }, "geometry": { "type": "Polygon", "coordinates": [ [ [ -96.78195, 32.79753 ], [ -96.7816, 32.79722 ], [ -96.78119, 32.79755 ], [ -96.78154, 32.79786 ], [ -96.78195, 32.79753 ] ] ] } },
{ "type": "Feature", "properties": { "area_acres": 0.61 }, "geometry": { "type": "Polygon", "coordinates": [ [ [ -96.78518, 32.80013 ], [ -96.78494, 32.79993 ], [ -96.785, 32.79988 ], [ -96.78494, 32.79983 ], [ -96.78537, 32.79947 ], [ -96.78566, 32.79971 ], [ -96.78518, 32.80013 ] ] ] } },
{ "type": "Feature", "properties": { "area_acres": 0.85 }, "geometry": { "type": "Polygon", "coordinates": [ [ [ -96.74916, 32.82346 ], [ -96.74916, 32.82327 ], [ -96.74978, 32.82327 ], [ -96.74978, 32.82364 ], [ -96.74855, 32.82363 ], [ -96.74855, 32.82345 ], [ -96.74916, 32.82346 ] ] ] } },
{ "type": "Feature", "properties": { "area_acres": 1.52 }, "geometry": { "type": "Polygon", "coordinates": [ [ [ -96.75406, 32.83214 ], [ -96.75406, 32.83196 ], [ -96.754, 32.83196 ], [ -96.754, 32.83146 ], [ -96.75314, 32.83146 ], [ -96.75314, 32.83214 ], [ -96.75406, 32.83214 ] ] ] } },
{ "type": "Feature", "properties": { "area_acres": 2.08 }, "geometry": { "type": "Polygon", "coordinates": [ [ [ -96.7712, 32.84567 ], [ -96.77025, 32.84567 ], [ -96.77024, 32.84657 ], [ -96.77088, 32.84657 ], [ -96.77089, 32.84645 ], [ -96.77118, 32.84645 ], [ -96.7712, 32.84567 ] ] ] } },
{ "type": "Feature", "properties": { "area_acres": 0.52 }, "geometry": { "type": "Polygon", "coordinates": [ [ [ -96.77059, 32.84319 ], [ -96.77024, 32.84319 ], [ -96.77023, 32.84376 ], [ -96.77058, 32.84377 ], [ -96.77059, 32.84319 ] ] ] } },
{ "type": "Feature", "properties": { "area_acres": 3.28 }, "geometry": { "type": "Polygon", "coordinates": [ [ [ -96.77149, 32.83797 ], [ -96.77035, 32.83797 ], [ -96.77036, 32.83726 ], [ -96.77086, 32.83726 ], [ -96.77087, 32.83673 ], [ -96.77163, 32.83674 ], [ -96.77164, 32.83775 ], [ -96.77149, 32.83775 ], [ -96.77149, 32.83797 ] ] ] } },
{ "type": "Feature", "properties": { "area_acres": 0.78 }, "geometry": { "type": "Polygon", "coordinates": [ [ [ -96.77388, 32.84325 ], [ -96.77326, 32.84325 ], [ -96.77325, 32.84374 ], [ -96.77387, 32.84374 ], [ -96.77388, 32.84325 ] ] ] } },
{ "type": "Feature", "properties": { "area_acres": 0.95 }, "geometry": { "type": "Polygon", "coordinates": [ [ [ -96.77444, 32.84268 ], [ -96.77341, 32.84267 ], [ -96.77341, 32.84302 ], [ -96.77443, 32.84303 ], [ -96.77443, 32.84297 ], [ -96.77449, 32.84297 ], [ -96.77449, 32.84272 ], [ -96.77444, 32.84272 ], [ -96.77444, 32.84268 ] ] ] } },
{ "type": "Feature", "properties": { "area_acres": 0.43 }, "geometry": { "type": "Polygon", "coordinates": [ [ [ -96.77078, 32.84306 ], [ -96.77078, 32.84274 ], [ -96.77027, 32.84274 ], [ -96.77027, 32.84307 ], [ -96.77078, 32.84306 ] ] ] } },
{ "type": "Feature", "properties": { "area_acres": 0.75 }, "geometry": { "type": "Polygon", "coordinates": [ [ [ -96.78847, 32.82013 ], [ -96.78812, 32.82 ], [ -96.78773, 32.82072 ], [ -96.78803, 32.82083 ], [ -96.78815, 32.82061 ], [ -96.7882, 32.82063 ], [ -96.78847, 32.82013 ] ] ] } },
{ "type": "Feature", "properties": { "area_acres": 0.29 }, "geometry": { "type": "Polygon", "coordinates": [ [ [ -96.78811, 32.82189 ], [ -96.78808, 32.82195 ], [ -96.78842, 32.82207 ], [ -96.78829, 32.82233 ], [ -96.78853, 32.82241 ], [ -96.78869, 32.8221 ], [ -96.78811, 32.82189 ] ] ] } },
{ "type": "Feature", "properties": { "area_acres": 0.15 }, "geometry": { "type": "Polygon", "coordinates": [ [ [ -96.78869, 32.82179 ], [ -96.78861, 32.82194 ], [ -96.78817, 32.82178 ], [ -96.78814, 32.82183 ], [ -96.78872, 32.82205 ], [ -96.78882, 32.82184 ], [ -96.78869, 32.82179 ] ] ] } },
{ "type": "Feature", "properties": { "area_acres": 0.07 }, "geometry": { "type": "Polygon", "coordinates": [ [ [ -96.84853, 32.75397 ], [ -96.84847, 32.75388 ], [ -96.8483, 32.75389 ], [ -96.8483, 32.75406 ], [ -96.84853, 32.75397 ] ] ] } },
{ "type": "Feature", "properties": { "area_acres": 0.38 }, "geometry": { "type": "Polygon", "coordinates": [ [ [ -96.73203, 32.81405 ], [ -96.73229, 32.81383 ], [ -96.73262, 32.81411 ], [ -96.73236, 32.81433 ], [ -96.73203, 32.81405 ] ] ] } },
{ "type": "Feature", "properties": { "area_acres": 1.53 }, "geometry": { "type": "Polygon", "coordinates": [ [ [ -96.82218, 32.74828 ], [ -96.82158, 32.74745 ], [ -96.82106, 32.74771 ], [ -96.82166, 32.74855 ], [ -96.82218, 32.74828 ] ] ] } },
{ "type": "Feature", "properties": { "area_acres": 1.28 }, "geometry": { "type": "Polygon", "coordinates": [ [ [ -96.77095, 32.91347 ], [ -96.76955, 32.91347 ], [ -96.76946, 32.91339 ], [ -96.76945, 32.91313 ], [ -96.77095, 32.91313 ], [ -96.77095, 32.91347 ] ] ] } },
{ "type": "Feature", "properties": { "area_acres": 0.03 }, "geometry": { "type": "Polygon", "coordinates": [ [ [ -96.80617, 32.95718 ], [ -96.80599, 32.95718 ], [ -96.80599, 32.95712 ], [ -96.80617, 32.95712 ], [ -96.80617, 32.95718 ] ] ] } },
{ "type": "Feature", "properties": { "area_acres": 0.06 }, "geometry": { "type": "Polygon", "coordinates": [ [ [ -96.80701, 32.95729 ], [ -96.80706, 32.95723 ], [ -96.80682, 32.95709 ], [ -96.8068, 32.95718 ], [ -96.80701, 32.95729 ] ] ] } },
{ "type": "Feature", "properties": { "area_acres": 0.09 }, "geometry": { "type": "Polygon", "coordinates": [ [ [ -96.80906, 32.95756 ], [ -96.80897, 32.9576 ], [ -96.80878, 32.9573 ], [ -96.80887, 32.95725 ], [ -96.80906, 32.95756 ] ] ] } },
{ "type": "Feature", "properties": { "area_acres": 0.11 }, "geometry": { "type": "Polygon", "coordinates": [ [ [ -96.80677, 32.95802 ], [ -96.80677, 32.95794 ], [ -96.80636, 32.9579 ], [ -96.80636, 32.95802 ], [ -96.80677, 32.95802 ] ] ] } },
{ "type": "Feature", "properties": { "area_acres": 0.18 }, "geometry": { "type": "Polygon", "coordinates": [ [ [ -96.73882, 32.79692 ], [ -96.73872, 32.79679 ], [ -96.73911, 32.7966 ], [ -96.7392, 32.79674 ], [ -96.73882, 32.79692 ] ] ] } },
{ "type": "Feature", "properties": { "area_acres": 1.15 }, "geometry": { "type": "Polygon", "coordinates": [ [ [ -96.74254, 32.79748 ], [ -96.74276, 32.79727 ], [ -96.74173, 32.7965 ], [ -96.74161, 32.79662 ], [ -96.74126, 32.79636 ], [ -96.74116, 32.79646 ], [ -96.74254, 32.79748 ] ] ] } },
{ "type": "Feature", "properties": { "area_acres": 2.64 }, "geometry": { "type": "Polygon", "coordinates": [ [ [ -96.73911, 32.79618 ], [ -96.73893, 32.7957 ], [ -96.73838, 32.79592 ], [ -96.73827, 32.79556 ], [ -96.73813, 32.79559 ], [ -96.73812, 32.79553 ], [ -96.73786, 32.79557 ], [ -96.73788, 32.79563 ], [ -96.73772, 32.79566 ], [ -96.73773, 32.7956 ], [ -96.73761, 32.79558 ], [ -96.7376, 32.79564 ], [ -96.73746, 32.79566 ], [ -96.73763, 32.79629 ], [ -96.73783, 32.79629 ], [ -96.73827, 32.79663 ], [ -96.73855, 32.79641 ], [ -96.73911, 32.79618 ] ] ] } },
{ "type": "Feature", "properties": { "area_acres": 2.3 }, "geometry": { "type": "Polygon", "coordinates": [ [ [ -96.9313, 32.67352 ], [ -96.93269, 32.67352 ], [ -96.9327, 32.67379 ], [ -96.93264, 32.67379 ], [ -96.93261, 32.67402 ], [ -96.93229, 32.67457 ], [ -96.93209, 32.67457 ], [ -96.93208, 32.67402 ], [ -96.93129, 32.67402 ], [ -96.9313, 32.67352 ] ] ] } },
{ "type": "Feature", "properties": { "area_acres": 1.88 }, "geometry": { "type": "Polygon", "coordinates": [ [ [ -96.78574, 32.99762 ], [ -96.78573, 32.9969 ], [ -96.78602, 32.9969 ], [ -96.78602, 32.99672 ], [ -96.78485, 32.99673 ], [ -96.78486, 32.9975 ], [ -96.78568, 32.99749 ], [ -96.78568, 32.99762 ], [ -96.78574, 32.99762 ] ] ] } },
{ "type": "Feature", "properties": { "area_acres": 0.56 }, "geometry": { "type": "Polygon", "coordinates": [ [ [ -96.85907, 32.83404 ], [ -96.85869, 32.83434 ], [ -96.85865, 32.8343 ], [ -96.85861, 32.83434 ], [ -96.85832, 32.83408 ], [ -96.85845, 32.83398 ], [ -96.85842, 32.83394 ], [ -96.85846, 32.83391 ], [ -96.85877, 32.83386 ], [ -96.85889, 32.83389 ], [ -96.85907, 32.83404 ] ] ] } },
{ "type": "Feature", "properties": { "area_acres": 0.2 }, "geometry": { "type": "Polygon", "coordinates": [ [ [ -96.85993, 32.83266 ], [ -96.86018, 32.83303 ], [ -96.86003, 32.83307 ], [ -96.85977, 32.83276 ], [ -96.85993, 32.83266 ] ] ] } },
{ "type": "Feature", "properties": { "area_acres": 0.15 }, "geometry": { "type": "Polygon", "coordinates": [ [ [ -96.85961, 32.83275 ], [ -96.85972, 32.83261 ], [ -96.85947, 32.83232 ], [ -96.85942, 32.83235 ], [ -96.85951, 32.83246 ], [ -96.85941, 32.83252 ], [ -96.85961, 32.83275 ] ] ] } },
{ "type": "Feature", "properties": { "area_acres": 0.12 }, "geometry": { "type": "Polygon", "coordinates": [ [ [ -96.859, 32.832 ], [ -96.85885, 32.83181 ], [ -96.85901, 32.83172 ], [ -96.85917, 32.83191 ], [ -96.859, 32.832 ] ] ] } },
{ "type": "Feature", "properties": { "area_acres": 0.37 }, "geometry": { "type": "Polygon", "coordinates": [ [ [ -96.85729, 32.8317 ], [ -96.85668, 32.83117 ], [ -96.85682, 32.83106 ], [ -96.85743, 32.83159 ], [ -96.85729, 32.8317 ] ] ] } },
{ "type": "Feature", "properties": { "area_acres": 0.89 }, "geometry": { "type": "Polygon", "coordinates": [ [ [ -96.72961, 32.88479 ], [ -96.72945, 32.88448 ], [ -96.72945, 32.88431 ], [ -96.73009, 32.88416 ], [ -96.73025, 32.88464 ], [ -96.72961, 32.88479 ] ] ] } },
{ "type": "Feature", "properties": { "area_acres": 1.61 }, "geometry": { "type": "Polygon", "coordinates": [ [ [ -96.7305, 32.88625 ], [ -96.73055, 32.88723 ], [ -96.73039, 32.88768 ], [ -96.72996, 32.8877 ], [ -96.7301, 32.8873 ], [ -96.73006, 32.88626 ], [ -96.7305, 32.88625 ] ] ] } },
{ "type": "Feature", "properties": { "area_acres": 0.31 }, "geometry": { "type": "Polygon", "coordinates": [ [ [ -96.72422, 32.91003 ], [ -96.72349, 32.91002 ], [ -96.72349, 32.91018 ], [ -96.72422, 32.9102 ], [ -96.72422, 32.91003 ] ] ] } },
{ "type": "Feature", "properties": { "area_acres": 2.76 }, "geometry": { "type": "Polygon", "coordinates": [ [ [ -96.81831, 32.90293 ], [ -96.81581, 32.90292 ], [ -96.81581, 32.90237 ], [ -96.81494, 32.90237 ], [ -96.81494, 32.90292 ], [ -96.81448, 32.90291 ], [ -96.81448, 32.90308 ], [ -96.81789, 32.90309 ], [ -96.81789, 32.90303 ], [ -96.81831, 32.90303 ], [ -96.81831, 32.90293 ] ] ] } },
{ "type": "Feature", "properties": { "area_acres": 0.22 }, "geometry": { "type": "Polygon", "coordinates": [ [ [ -96.87512, 32.87218 ], [ -96.87512, 32.8717 ], [ -96.87494, 32.8717 ], [ -96.87494, 32.87218 ], [ -96.87512, 32.87218 ] ] ] } },
{ "type": "Feature", "properties": { "area_acres": 2.41 }, "geometry": { "type": "Polygon", "coordinates": [ [ [ -96.78348, 32.88593 ], [ -96.7829, 32.88593 ], [ -96.7829, 32.88432 ], [ -96.78348, 32.88432 ], [ -96.78348, 32.88593 ] ] ] } },
{ "type": "Feature", "properties": { "area_acres": 0.31 }, "geometry": { "type": "Polygon", "coordinates": [ [ [ -96.86162, 32.85793 ], [ -96.86143, 32.85781 ], [ -96.8618, 32.85741 ], [ -96.86198, 32.85752 ], [ -96.86162, 32.85793 ] ] ] } },
{ "type": "Feature", "properties": { "area_acres": 1.13 }, "geometry": { "type": "Polygon", "coordinates": [ [ [ -96.74485, 32.79404 ], [ -96.74457, 32.79428 ], [ -96.74553, 32.79502 ], [ -96.74582, 32.79476 ], [ -96.74485, 32.79404 ] ] ] } },
{ "type": "Feature", "properties": { "area_acres": 0.11 }, "geometry": { "type": "Polygon", "coordinates": [ [ [ -96.76896, 32.92055 ], [ -96.76868, 32.92055 ], [ -96.76867, 32.9204 ], [ -96.76897, 32.92041 ], [ -96.76896, 32.92055 ] ] ] } },
{ "type": "Feature", "properties": { "area_acres": 0.41 }, "geometry": { "type": "Polygon", "coordinates": [ [ [ -96.90219, 32.89664 ], [ -96.90219, 32.89712 ], [ -96.90266, 32.89714 ], [ -96.90266, 32.89695 ], [ -96.90242, 32.89695 ], [ -96.90243, 32.89664 ], [ -96.90219, 32.89664 ] ] ] } },
{ "type": "Feature", "properties": { "area_acres": 1.9 }, "geometry": { "type": "Polygon", "coordinates": [ [ [ -96.80181, 32.77063 ], [ -96.80291, 32.7713 ], [ -96.80282, 32.77143 ], [ -96.80219, 32.77113 ], [ -96.80204, 32.77134 ], [ -96.80184, 32.77137 ], [ -96.80158, 32.77171 ], [ -96.80148, 32.77175 ], [ -96.80107, 32.77145 ], [ -96.80127, 32.77124 ], [ -96.80169, 32.77097 ], [ -96.80159, 32.77084 ], [ -96.80181, 32.77063 ] ] ] } },
{ "type": "Feature", "properties": { "area_acres": 0.35 }, "geometry": { "type": "Polygon", "coordinates": [ [ [ -96.80877, 32.77344 ], [ -96.80881, 32.77361 ], [ -96.80801, 32.77374 ], [ -96.80797, 32.77358 ], [ -96.80877, 32.77344 ] ] ] } },
{ "type": "Feature", "properties": { "area_acres": 0.72 }, "geometry": { "type": "Polygon", "coordinates": [ [ [ -96.80564, 32.77466 ], [ -96.80507, 32.77478 ], [ -96.80493, 32.77432 ], [ -96.8055, 32.7742 ], [ -96.80564, 32.77466 ] ] ] } },
{ "type": "Feature", "properties": { "area_acres": 0.51 }, "geometry": { "type": "Polygon", "coordinates": [ [ [ -96.77267, 32.88104 ], [ -96.77266, 32.88072 ], [ -96.77204, 32.88073 ], [ -96.77204, 32.88105 ], [ -96.77267, 32.88104 ] ] ] } },
{ "type": "Feature", "properties": { "area_acres": 0.15 }, "geometry": { "type": "Polygon", "coordinates": [ [ [ -96.80793, 32.77731 ], [ -96.80788, 32.77715 ], [ -96.80752, 32.77723 ], [ -96.80756, 32.77737 ], [ -96.80793, 32.77731 ] ] ] } },
{ "type": "Feature", "properties": { "area_acres": 0.85 }, "geometry": { "type": "Polygon", "coordinates": [ [ [ -96.80825, 32.77724 ], [ -96.80819, 32.77725 ], [ -96.80838, 32.77791 ], [ -96.80862, 32.77786 ], [ -96.80873, 32.77823 ], [ -96.8091, 32.77822 ], [ -96.80856, 32.77738 ], [ -96.80841, 32.77741 ], [ -96.80825, 32.77724 ] ] ] } },
{ "type": "Feature", "properties": { "area_acres": 0.8 }, "geometry": { "type": "Polygon", "coordinates": [ [ [ -96.79797, 32.79186 ], [ -96.79736, 32.79237 ], [ -96.79706, 32.7921 ], [ -96.79767, 32.7916 ], [ -96.79797, 32.79186 ] ] ] } },
{ "type": "Feature", "properties": { "area_acres": 1.47 }, "geometry": { "type": "Polygon", "coordinates": [ [ [ -96.79625, 32.79301 ], [ -96.79562, 32.79247 ], [ -96.79603, 32.79213 ], [ -96.79639, 32.79244 ], [ -96.79653, 32.79232 ], [ -96.79695, 32.79268 ], [ -96.79625, 32.79301 ] ] ] } },
{ "type": "Feature", "properties": { "area_acres": 0.26 }, "geometry": { "type": "Polygon", "coordinates": [ [ [ -96.79465, 32.79062 ], [ -96.79426, 32.7903 ], [ -96.79411, 32.79043 ], [ -96.79449, 32.79075 ], [ -96.79465, 32.79062 ] ] ] } },
{ "type": "Feature", "properties": { "area_acres": 3.83 }, "geometry": { "type": "Polygon", "coordinates": [ [ [ -96.80385, 32.90852 ], [ -96.80278, 32.90854 ], [ -96.80276, 32.90919 ], [ -96.80226, 32.90919 ], [ -96.80226, 32.90858 ], [ -96.80235, 32.90812 ], [ -96.8025, 32.90802 ], [ -96.8027, 32.90775 ], [ -96.80392, 32.90771 ], [ -96.80385, 32.90852 ] ] ] } },
{ "type": "Feature", "properties": { "area_acres": 4.76 }, "geometry": { "type": "Polygon", "coordinates": [ [ [ -96.80526, 32.9093 ], [ -96.80494, 32.90929 ], [ -96.80495, 32.90883 ], [ -96.80429, 32.90883 ], [ -96.80436, 32.90747 ], [ -96.80646, 32.90748 ], [ -96.80646, 32.90785 ], [ -96.80528, 32.90784 ], [ -96.80526, 32.9093 ] ] ] } },
{ "type": "Feature", "properties": { "area_acres": 2.02 }, "geometry": { "type": "Polygon", "coordinates": [ [ [ -96.72891, 32.92307 ], [ -96.72861, 32.9226 ], [ -96.72844, 32.92247 ], [ -96.72805, 32.92242 ], [ -96.72784, 32.92232 ], [ -96.72753, 32.92246 ], [ -96.72757, 32.9225 ], [ -96.72751, 32.92253 ], [ -96.72796, 32.92292 ], [ -96.72825, 32.92338 ], [ -96.7284, 32.9234 ], [ -96.72888, 32.92318 ], [ -96.72891, 32.92307 ] ] ] } },
{ "type": "Feature", "properties": { "area_acres": 4.12 }, "geometry": { "type": "Polygon", "coordinates": [ [ [ -96.73414, 32.92314 ], [ -96.7343, 32.92273 ], [ -96.73433, 32.92244 ], [ -96.73414, 32.92215 ], [ -96.73393, 32.92194 ], [ -96.73362, 32.92175 ], [ -96.73317, 32.92173 ], [ -96.73237, 32.92205 ], [ -96.73232, 32.92215 ], [ -96.73238, 32.92226 ], [ -96.73414, 32.92314 ] ] ] } },
{ "type": "Feature", "properties": { "area_acres": 2.11 }, "geometry": { "type": "Polygon", "coordinates": [ [ [ -96.73178, 32.92342 ], [ -96.73165, 32.92343 ], [ -96.73158, 32.92352 ], [ -96.73163, 32.92414 ], [ -96.73242, 32.92452 ], [ -96.73269, 32.92422 ], [ -96.73301, 32.92408 ], [ -96.73178, 32.92342 ] ] ] } },
{ "type": "Feature", "properties": { "area_acres": 1.48 }, "geometry": { "type": "Polygon", "coordinates": [ [ [ -96.72622, 32.92106 ], [ -96.72624, 32.92126 ], [ -96.72668, 32.92146 ], [ -96.72733, 32.92146 ], [ -96.72737, 32.92141 ], [ -96.72738, 32.92121 ], [ -96.72732, 32.92115 ], [ -96.7263, 32.92068 ], [ -96.72622, 32.92106 ] ] ] } },
{ "type": "Feature", "properties": { "area_acres": 1.43 }, "geometry": { "type": "Polygon", "coordinates": [ [ [ -96.72788, 32.9206 ], [ -96.72801, 32.92051 ], [ -96.72801, 32.91982 ], [ -96.72748, 32.91984 ], [ -96.72685, 32.92008 ], [ -96.72788, 32.9206 ] ] ] } },
{ "type": "Feature", "properties": { "area_acres": 1.19 }, "geometry": { "type": "Polygon", "coordinates": [ [ [ -96.72775, 32.91971 ], [ -96.72774, 32.91912 ], [ -96.72768, 32.91907 ], [ -96.72736, 32.91906 ], [ -96.72709, 32.91909 ], [ -96.72702, 32.91914 ], [ -96.72701, 32.91925 ], [ -96.72718, 32.91981 ], [ -96.72775, 32.91971 ] ] ] } },
{ "type": "Feature", "properties": { "area_acres": 0.22 }, "geometry": { "type": "Polygon", "coordinates": [ [ [ -96.72542, 32.91911 ], [ -96.72522, 32.91925 ], [ -96.72496, 32.91899 ], [ -96.72515, 32.91886 ], [ -96.72542, 32.91911 ] ] ] } },
{ "type": "Feature", "properties": { "area_acres": 1.8 }, "geometry": { "type": "Polygon", "coordinates": [ [ [ -96.81761, 32.93155 ], [ -96.81643, 32.93154 ], [ -96.81644, 32.9307 ], [ -96.817, 32.93071 ], [ -96.81699, 32.93116 ], [ -96.81761, 32.93117 ], [ -96.81761, 32.93155 ] ] ] } },
{ "type": "Feature", "properties": { "area_acres": 4.94 }, "geometry": { "type": "Polygon", "coordinates": [ [ [ -96.81149, 32.92811 ], [ -96.81149, 32.92743 ], [ -96.81205, 32.92743 ], [ -96.81206, 32.92688 ], [ -96.81196, 32.92687 ], [ -96.81196, 32.92645 ], [ -96.81295, 32.92645 ], [ -96.81296, 32.92812 ], [ -96.81149, 32.92811 ] ] ] } },
{ "type": "Feature", "properties": { "area_acres": 0.12 }, "geometry": { "type": "Polygon", "coordinates": [ [ [ -96.81728, 32.94222 ], [ -96.8168, 32.94221 ], [ -96.8168, 32.94211 ], [ -96.81728, 32.94212 ], [ -96.81728, 32.94222 ] ] ] } },
{ "type": "Feature", "properties": { "area_acres": 0.88 }, "geometry": { "type": "Polygon", "coordinates": [ [ [ -96.81898, 32.94275 ], [ -96.8184, 32.94274 ], [ -96.81836, 32.94221 ], [ -96.81902, 32.94222 ], [ -96.81906, 32.94243 ], [ -96.81898, 32.94275 ] ] ] } },
{ "type": "Feature", "properties": { "area_acres": 0.71 }, "geometry": { "type": "Polygon", "coordinates": [ [ [ -96.7584, 32.88172 ], [ -96.75757, 32.88172 ], [ -96.75754, 32.88139 ], [ -96.75839, 32.88139 ], [ -96.7584, 32.88172 ] ] ] } },
{ "type": "Feature", "properties": { "area_acres": 0.51 }, "geometry": { "type": "Polygon", "coordinates": [ [ [ -96.75838, 32.88487 ], [ -96.75781, 32.88473 ], [ -96.75777, 32.88451 ], [ -96.75852, 32.88452 ], [ -96.75838, 32.88487 ] ] ] } },
{ "type": "Feature", "properties": { "area_acres": 0.19 }, "geometry": { "type": "Polygon", "coordinates": [ [ [ -96.81573, 32.94293 ], [ -96.81509, 32.94292 ], [ -96.8151, 32.94281 ], [ -96.81573, 32.94281 ], [ -96.81573, 32.94293 ] ] ] } },
{ "type": "Feature", "properties": { "area_acres": 6.82 }, "geometry": { "type": "Polygon", "coordinates": [ [ [ -96.79616, 33.00107 ], [ -96.7959, 33.00106 ], [ -96.79552, 33.00096 ], [ -96.7953, 33.0014 ], [ -96.79489, 33.0013 ], [ -96.7943, 33.0013 ], [ -96.79427, 32.9994 ], [ -96.79466, 32.99891 ], [ -96.79487, 32.9989 ], [ -96.7951, 32.99932 ], [ -96.79516, 32.99957 ], [ -96.79534, 32.99956 ], [ -96.79535, 33.00018 ], [ -96.79526, 33.00054 ], [ -96.7955, 33.00055 ], [ -96.79627, 33.00075 ], [ -96.79616, 33.00107 ] ] ] } },
{ "type": "Feature", "properties": { "area_acres": 2.98 }, "geometry": { "type": "Polygon", "coordinates": [ [ [ -96.80713, 32.78537 ], [ -96.80717, 32.78514 ], [ -96.80712, 32.78503 ], [ -96.80693, 32.78487 ], [ -96.80666, 32.78484 ], [ -96.80546, 32.78582 ], [ -96.8053, 32.78618 ], [ -96.80561, 32.78643 ], [ -96.80677, 32.78541 ], [ -96.80692, 32.78553 ], [ -96.80713, 32.78537 ] ] ] } },
{ "type": "Feature", "properties": { "area_acres": 2.7 }, "geometry": { "type": "Polygon", "coordinates": [ [ [ -96.80241, 32.984 ], [ -96.80206, 32.98435 ], [ -96.80178, 32.98437 ], [ -96.80102, 32.98382 ], [ -96.80095, 32.98337 ], [ -96.80121, 32.98313 ], [ -96.8014, 32.98311 ], [ -96.80208, 32.98344 ], [ -96.80188, 32.98364 ], [ -96.80241, 32.984 ] ] ] } },
{ "type": "Feature", "properties": { "area_acres": 0.14 }, "geometry": { "type": "Polygon", "coordinates": [ [ [ -96.79271, 32.78113 ], [ -96.7925, 32.78117 ], [ -96.79242, 32.78093 ], [ -96.79263, 32.78088 ], [ -96.79271, 32.78113 ] ] ] } },
{ "type": "Feature", "properties": { "area_acres": 0.21 }, "geometry": { "type": "Polygon", "coordinates": [ [ [ -96.79328, 32.781 ], [ -96.79296, 32.78107 ], [ -96.79289, 32.78083 ], [ -96.79321, 32.78076 ], [ -96.79328, 32.781 ] ] ] } },
{ "type": "Feature", "properties": { "area_acres": 0.11 }, "geometry": { "type": "Polygon", "coordinates": [ [ [ -96.79025, 32.78132 ], [ -96.79008, 32.78111 ], [ -96.79021, 32.78103 ], [ -96.79038, 32.78124 ], [ -96.79025, 32.78132 ] ] ] } },
{ "type": "Feature", "properties": { "area_acres": 0.43 }, "geometry": { "type": "Polygon", "coordinates": [ [ [ -96.79321, 32.7783 ], [ -96.79304, 32.77834 ], [ -96.79291, 32.77793 ], [ -96.79263, 32.77816 ], [ -96.79292, 32.7784 ], [ -96.79289, 32.77843 ], [ -96.79298, 32.77851 ], [ -96.79299, 32.7786 ], [ -96.79329, 32.77854 ], [ -96.79321, 32.7783 ] ] ] } },
{ "type": "Feature", "properties": { "area_acres": 0.16 }, "geometry": { "type": "Polygon", "coordinates": [ [ [ -96.79468, 32.78 ], [ -96.79463, 32.77983 ], [ -96.79428, 32.7799 ], [ -96.79433, 32.78007 ], [ -96.79468, 32.78 ] ] ] } },
{ "type": "Feature", "properties": { "area_acres": 0.68 }, "geometry": { "type": "Polygon", "coordinates": [ [ [ -96.80963, 32.78155 ], [ -96.80954, 32.78123 ], [ -96.80875, 32.7814 ], [ -96.80885, 32.78172 ], [ -96.80963, 32.78155 ] ] ] } },
{ "type": "Feature", "properties": { "area_acres": 0.29 }, "geometry": { "type": "Polygon", "coordinates": [ [ [ -96.81004, 32.785 ], [ -96.8105, 32.7849 ], [ -96.81054, 32.78506 ], [ -96.81006, 32.78516 ], [ -96.81005, 32.78511 ], [ -96.80996, 32.78513 ], [ -96.80987, 32.78482 ], [ -96.80998, 32.78479 ], [ -96.81004, 32.785 ] ] ] } },
{ "type": "Feature", "properties": { "area_acres": 2.83 }, "geometry": { "type": "Polygon", "coordinates": [ [ [ -96.80853, 32.78643 ], [ -96.80848, 32.78685 ], [ -96.80824, 32.78702 ], [ -96.80691, 32.78579 ], [ -96.80746, 32.7854 ], [ -96.80853, 32.78643 ] ] ] } },
{ "type": "Feature", "properties": { "area_acres": 0.96 }, "geometry": { "type": "Polygon", "coordinates": [ [ [ -96.80801, 32.78463 ], [ -96.80756, 32.78428 ], [ -96.80714, 32.78467 ], [ -96.80732, 32.7848 ], [ -96.80719, 32.78492 ], [ -96.80746, 32.78513 ], [ -96.80801, 32.78463 ] ] ] } },
{ "type": "Feature", "properties": { "area_acres": 0.26 }, "geometry": { "type": "Polygon", "coordinates": [ [ [ -96.80429, 32.78819 ], [ -96.80404, 32.78798 ], [ -96.80448, 32.7876 ], [ -96.8045, 32.78761 ], [ -96.80429, 32.78819 ] ] ] } },
{ "type": "Feature", "properties": { "area_acres": 0.37 }, "geometry": { "type": "Polygon", "coordinates": [ [ [ -96.8025, 32.79235 ], [ -96.80285, 32.79209 ], [ -96.8026, 32.79186 ], [ -96.80225, 32.79212 ], [ -96.8025, 32.79235 ] ] ] } },
{ "type": "Feature", "properties": { "area_acres": 0.12 }, "geometry": { "type": "Polygon", "coordinates": [ [ [ -96.80532, 32.79001 ], [ -96.80514, 32.79 ], [ -96.80516, 32.78972 ], [ -96.80526, 32.78972 ], [ -96.80526, 32.78978 ], [ -96.80534, 32.78979 ], [ -96.80532, 32.79001 ] ] ] } },
{ "type": "Feature", "properties": { "area_acres": 0.12 }, "geometry": { "type": "Polygon", "coordinates": [ [ [ -96.80035, 32.79309 ], [ -96.80004, 32.79307 ], [ -96.80006, 32.7929 ], [ -96.80027, 32.79291 ], [ -96.80026, 32.79297 ], [ -96.80036, 32.79298 ], [ -96.80035, 32.79309 ] ] ] } },
{ "type": "Feature", "properties": { "area_acres": 0.24 }, "geometry": { "type": "Polygon", "coordinates": [ [ [ -96.79884, 32.79314 ], [ -96.7987, 32.79303 ], [ -96.79904, 32.79274 ], [ -96.79925, 32.79291 ], [ -96.79914, 32.79301 ], [ -96.79907, 32.79295 ], [ -96.79884, 32.79314 ] ] ] } },
{ "type": "Feature", "properties": { "area_acres": 0.22 }, "geometry": { "type": "Polygon", "coordinates": [ [ [ -96.79976, 32.79273 ], [ -96.79951, 32.79253 ], [ -96.79929, 32.79271 ], [ -96.79949, 32.79288 ], [ -96.79954, 32.79284 ], [ -96.79958, 32.79288 ], [ -96.79976, 32.79273 ] ] ] } },
{ "type": "Feature", "properties": { "area_acres": 0.36 }, "geometry": { "type": "Polygon", "coordinates": [ [ [ -96.80855, 32.79054 ], [ -96.80811, 32.79085 ], [ -96.80798, 32.79072 ], [ -96.80802, 32.79069 ], [ -96.80798, 32.79064 ], [ -96.80806, 32.79058 ], [ -96.80801, 32.79052 ], [ -96.80812, 32.79044 ], [ -96.80805, 32.79038 ], [ -96.8081, 32.79034 ], [ -96.80828, 32.79052 ], [ -96.80843, 32.79042 ], [ -96.80855, 32.79054 ] ] ] } },
{ "type": "Feature", "properties": { "area_acres": 0.14 }, "geometry": { "type": "Polygon", "coordinates": [ [ [ -96.80528, 32.79713 ], [ -96.80503, 32.79733 ], [ -96.80491, 32.79722 ], [ -96.8052, 32.79698 ], [ -96.80525, 32.79702 ], [ -96.8052, 32.79706 ], [ -96.80528, 32.79713 ] ] ] } },
{ "type": "Feature", "properties": { "area_acres": 0.23 }, "geometry": { "type": "Polygon", "coordinates": [ [ [ -96.8027, 32.79514 ], [ -96.80234, 32.79483 ], [ -96.80244, 32.79469 ], [ -96.80284, 32.79503 ], [ -96.8027, 32.79514 ] ] ] } },
{ "type": "Feature", "properties": { "area_acres": 0.31 }, "geometry": { "type": "Polygon", "coordinates": [ [ [ -96.80511, 32.79684 ], [ -96.80502, 32.79675 ], [ -96.80509, 32.7967 ], [ -96.80507, 32.79643 ], [ -96.80482, 32.79622 ], [ -96.80496, 32.7961 ], [ -96.8052, 32.79632 ], [ -96.80523, 32.79675 ], [ -96.80511, 32.79684 ] ] ] } },
{ "type": "Feature", "properties": { "area_acres": 0.23 }, "geometry": { "type": "Polygon", "coordinates": [ [ [ -96.8035, 32.79491 ], [ -96.80344, 32.79487 ], [ -96.80308, 32.79517 ], [ -96.80295, 32.79506 ], [ -96.80335, 32.79473 ], [ -96.80353, 32.79488 ], [ -96.8035, 32.79491 ] ] ] } },
{ "type": "Feature", "properties": { "area_acres": 0.22 }, "geometry": { "type": "Polygon", "coordinates": [ [ [ -96.8036, 32.79715 ], [ -96.80349, 32.79724 ], [ -96.80337, 32.79714 ], [ -96.80314, 32.79733 ], [ -96.80303, 32.79724 ], [ -96.80337, 32.79695 ], [ -96.8036, 32.79715 ] ] ] } },
{ "type": "Feature", "properties": { "area_acres": 0.21 }, "geometry": { "type": "Polygon", "coordinates": [ [ [ -96.80634, 32.80046 ], [ -96.80612, 32.80064 ], [ -96.8059, 32.80045 ], [ -96.80613, 32.80027 ], [ -96.80634, 32.80046 ] ] ] } },
{ "type": "Feature", "properties": { "area_acres": 0.2 }, "geometry": { "type": "Polygon", "coordinates": [ [ [ -96.80719, 32.79706 ], [ -96.8074, 32.79689 ], [ -96.80719, 32.7967 ], [ -96.80697, 32.79687 ], [ -96.80719, 32.79706 ] ] ] } },
{ "type": "Feature", "properties": { "area_acres": 0.24 }, "geometry": { "type": "Polygon", "coordinates": [ [ [ -96.80679, 32.79684 ], [ -96.80657, 32.79667 ], [ -96.80683, 32.79644 ], [ -96.80705, 32.79662 ], [ -96.80679, 32.79684 ] ] ] } },
{ "type": "Feature", "properties": { "area_acres": 0.15 }, "geometry": { "type": "Polygon", "coordinates": [ [ [ -96.80858, 32.79682 ], [ -96.80834, 32.79662 ], [ -96.80842, 32.79655 ], [ -96.80853, 32.79663 ], [ -96.80864, 32.79654 ], [ -96.80873, 32.79662 ], [ -96.80875, 32.79668 ], [ -96.80858, 32.79682 ] ] ] } },
{ "type": "Feature", "properties": { "area_acres": 0.23 }, "geometry": { "type": "Polygon", "coordinates": [ [ [ -96.80793, 32.79861 ], [ -96.80759, 32.7989 ], [ -96.80739, 32.79873 ], [ -96.80781, 32.79851 ], [ -96.80793, 32.79861 ] ] ] } },
{ "type": "Feature", "properties": { "area_acres": 0.29 }, "geometry": { "type": "Polygon", "coordinates": [ [ [ -96.80704, 32.79786 ], [ -96.80692, 32.79776 ], [ -96.80657, 32.79805 ], [ -96.80689, 32.79832 ], [ -96.80702, 32.79822 ], [ -96.80682, 32.79804 ], [ -96.80704, 32.79786 ] ] ] } },
{ "type": "Feature", "properties": { "area_acres": 0.07 }, "geometry": { "type": "Polygon", "coordinates": [ [ [ -96.80685, 32.79707 ], [ -96.80679, 32.79702 ], [ -96.80659, 32.79719 ], [ -96.80673, 32.7973 ], [ -96.80678, 32.79726 ], [ -96.8067, 32.7972 ], [ -96.80685, 32.79707 ] ] ] } },
{ "type": "Feature", "properties": { "area_acres": 0.24 }, "geometry": { "type": "Polygon", "coordinates": [ [ [ -96.80717, 32.79852 ], [ -96.807, 32.79838 ], [ -96.80733, 32.7981 ], [ -96.8075, 32.79824 ], [ -96.80717, 32.79852 ] ] ] } },
{ "type": "Feature", "properties": { "area_acres": 0.15 }, "geometry": { "type": "Polygon", "coordinates": [ [ [ -96.80764, 32.79956 ], [ -96.80736, 32.79931 ], [ -96.80749, 32.79921 ], [ -96.80774, 32.79943 ], [ -96.80764, 32.79956 ] ] ] } },
{ "type": "Feature", "properties": { "area_acres": 0.69 }, "geometry": { "type": "Polygon", "coordinates": [ [ [ -96.80783, 32.8003 ], [ -96.80753, 32.80007 ], [ -96.80699, 32.80051 ], [ -96.80703, 32.80055 ], [ -96.80698, 32.80059 ], [ -96.8072, 32.80078 ], [ -96.80783, 32.8003 ] ] ] } },
{ "type": "Feature", "properties": { "area_acres": 0.1 }, "geometry": { "type": "Polygon", "coordinates": [ [ [ -96.80628, 32.80093 ], [ -96.80622, 32.80074 ], [ -96.80602, 32.80079 ], [ -96.80608, 32.80097 ], [ -96.80628, 32.80093 ] ] ] } },
{ "type": "Feature", "properties": { "area_acres": 0.28 }, "geometry": { "type": "Polygon", "coordinates": [ [ [ -96.80293, 32.79814 ], [ -96.80258, 32.79805 ], [ -96.80247, 32.79833 ], [ -96.80283, 32.79842 ], [ -96.80293, 32.79814 ] ] ] } },
{ "type": "Feature", "properties": { "area_acres": 0.57 }, "geometry": { "type": "Polygon", "coordinates": [ [ [ -96.80351, 32.80006 ], [ -96.80339, 32.79995 ], [ -96.80404, 32.79943 ], [ -96.80451, 32.79984 ], [ -96.80428, 32.80003 ], [ -96.80418, 32.79994 ], [ -96.80429, 32.79985 ], [ -96.80404, 32.79963 ], [ -96.80351, 32.80006 ] ] ] } },
{ "type": "Feature", "properties": { "area_acres": 0.08 }, "geometry": { "type": "Polygon", "coordinates": [ [ [ -96.80234, 32.79816 ], [ -96.80216, 32.79812 ], [ -96.80222, 32.79796 ], [ -96.80239, 32.798 ], [ -96.80234, 32.79816 ] ] ] } },
{ "type": "Feature", "properties": { "area_acres": 0.42 }, "geometry": { "type": "Polygon", "coordinates": [ [ [ -96.80205, 32.79819 ], [ -96.80179, 32.79813 ], [ -96.80167, 32.79848 ], [ -96.80157, 32.79845 ], [ -96.80148, 32.79872 ], [ -96.80165, 32.79876 ], [ -96.80171, 32.79857 ], [ -96.80191, 32.79861 ], [ -96.80205, 32.79819 ] ] ] } },
{ "type": "Feature", "properties": { "area_acres": 0.4 }, "geometry": { "type": "Polygon", "coordinates": [ [ [ -96.81206, 32.80188 ], [ -96.812, 32.80189 ], [ -96.81199, 32.80183 ], [ -96.81227, 32.80182 ], [ -96.81252, 32.80191 ], [ -96.81269, 32.80212 ], [ -96.81271, 32.80242 ], [ -96.81254, 32.8024 ], [ -96.81254, 32.80221 ], [ -96.81246, 32.80208 ], [ -96.81226, 32.80198 ], [ -96.81208, 32.80198 ], [ -96.81206, 32.80188 ] ] ] } },
{ "type": "Feature", "properties": { "area_acres": 1.61 }, "geometry": { "type": "Polygon", "coordinates": [ [ [ -96.8149, 32.80339 ], [ -96.81459, 32.80312 ], [ -96.81434, 32.80332 ], [ -96.81389, 32.80293 ], [ -96.81353, 32.80322 ], [ -96.81361, 32.8033 ], [ -96.81357, 32.80333 ], [ -96.81416, 32.80386 ], [ -96.81422, 32.80381 ], [ -96.81428, 32.80386 ], [ -96.8149, 32.80339 ] ] ] } },
{ "type": "Feature", "properties": { "area_acres": 0.26 }, "geometry": { "type": "Polygon", "coordinates": [ [ [ -96.801, 32.79696 ], [ -96.80113, 32.79706 ], [ -96.80124, 32.79689 ], [ -96.80147, 32.79694 ], [ -96.80152, 32.79678 ], [ -96.80108, 32.7967 ], [ -96.801, 32.79696 ] ] ] } },
{ "type": "Feature", "properties": { "area_acres": 0.07 }, "geometry": { "type": "Polygon", "coordinates": [ [ [ -96.8011, 32.79831 ], [ -96.80094, 32.79821 ], [ -96.80099, 32.79809 ], [ -96.80115, 32.79814 ], [ -96.8011, 32.79831 ] ] ] } },
{ "type": "Feature", "properties": { "area_acres": 0.07 }, "geometry": { "type": "Polygon", "coordinates": [ [ [ -96.80123, 32.79782 ], [ -96.80088, 32.79769 ], [ -96.80091, 32.79763 ], [ -96.80126, 32.79776 ], [ -96.80123, 32.79782 ] ] ] } },
{ "type": "Feature", "properties": { "area_acres": 0.07 }, "geometry": { "type": "Polygon", "coordinates": [ [ [ -96.80088, 32.79803 ], [ -96.80071, 32.79797 ], [ -96.80078, 32.79783 ], [ -96.80095, 32.79789 ], [ -96.80088, 32.79803 ] ] ] } },
{ "type": "Feature", "properties": { "area_acres": 0.09 }, "geometry": { "type": "Polygon", "coordinates": [ [ [ -96.80322, 32.79822 ], [ -96.8031, 32.79818 ], [ -96.803, 32.79843 ], [ -96.80313, 32.79847 ], [ -96.80322, 32.79822 ] ] ] } },
{ "type": "Feature", "properties": { "area_acres": 0.17 }, "geometry": { "type": "Polygon", "coordinates": [ [ [ -96.80231, 32.7975 ], [ -96.80224, 32.7978 ], [ -96.80244, 32.79785 ], [ -96.80252, 32.79754 ], [ -96.80231, 32.7975 ] ] ] } },
{ "type": "Feature", "properties": { "area_acres": 0.15 }, "geometry": { "type": "Polygon", "coordinates": [ [ [ -96.80274, 32.79765 ], [ -96.80251, 32.7976 ], [ -96.80244, 32.79785 ], [ -96.80267, 32.79789 ], [ -96.80274, 32.79765 ] ] ] } },
{ "type": "Feature", "properties": { "area_acres": 0.42 }, "geometry": { "type": "Polygon", "coordinates": [ [ [ -96.8009, 32.79757 ], [ -96.80062, 32.79735 ], [ -96.80091, 32.79709 ], [ -96.80113, 32.79727 ], [ -96.80106, 32.79734 ], [ -96.80101, 32.7973 ], [ -96.80086, 32.79743 ], [ -96.8013, 32.7976 ], [ -96.80126, 32.79774 ], [ -96.80088, 32.79762 ], [ -96.8009, 32.79757 ] ] ] } },
{ "type": "Feature", "properties": { "area_acres": 0.2 }, "geometry": { "type": "Polygon", "coordinates": [ [ [ -96.8015, 32.79805 ], [ -96.80141, 32.79834 ], [ -96.80132, 32.79832 ], [ -96.80146, 32.79788 ], [ -96.80173, 32.79795 ], [ -96.80171, 32.798 ], [ -96.80179, 32.79802 ], [ -96.80176, 32.79811 ], [ -96.8015, 32.79805 ] ] ] } },
{ "type": "Feature", "properties": { "area_acres": 0.17 }, "geometry": { "type": "Polygon", "coordinates": [ [ [ -96.80635, 32.80114 ], [ -96.80596, 32.80124 ], [ -96.80602, 32.8014 ], [ -96.8064, 32.8013 ], [ -96.80635, 32.80114 ] ] ] } },
{ "type": "Feature", "properties": { "area_acres": 0.12 }, "geometry": { "type": "Polygon", "coordinates": [ [ [ -96.80644, 32.80152 ], [ -96.80647, 32.80163 ], [ -96.80607, 32.80175 ], [ -96.80609, 32.80182 ], [ -96.8066, 32.80165 ], [ -96.80653, 32.80149 ], [ -96.80644, 32.80152 ] ] ] } },
{ "type": "Feature", "properties": { "area_acres": 0.28 }, "geometry": { "type": "Polygon", "coordinates": [ [ [ -96.80694, 32.8015 ], [ -96.80684, 32.80124 ], [ -96.80649, 32.80138 ], [ -96.8066, 32.80165 ], [ -96.80694, 32.8015 ] ] ] } },
{ "type": "Feature", "properties": { "area_acres": 0.13 }, "geometry": { "type": "Polygon", "coordinates": [ [ [ -96.80142, 32.80246 ], [ -96.80125, 32.80238 ], [ -96.8014, 32.80215 ], [ -96.80157, 32.80223 ], [ -96.80142, 32.80246 ] ] ] } },
{ "type": "Feature", "properties": { "area_acres": 0.43 }, "geometry": { "type": "Polygon", "coordinates": [ [ [ -96.80202, 32.80219 ], [ -96.80182, 32.8021 ], [ -96.80201, 32.8018 ], [ -96.80176, 32.80169 ], [ -96.80174, 32.80146 ], [ -96.80187, 32.80149 ], [ -96.80227, 32.80183 ], [ -96.80202, 32.80219 ] ] ] } },
{ "type": "Feature", "properties": { "area_acres": 0.15 }, "geometry": { "type": "Polygon", "coordinates": [ [ [ -96.8122, 32.79772 ], [ -96.81226, 32.79755 ], [ -96.81257, 32.79762 ], [ -96.81251, 32.79779 ], [ -96.8122, 32.79772 ] ] ] } },
{ "type": "Feature", "properties": { "area_acres": 0.66 }, "geometry": { "type": "Polygon", "coordinates": [ [ [ -96.81271, 32.7975 ], [ -96.81163, 32.79659 ], [ -96.81149, 32.79671 ], [ -96.81257, 32.79762 ], [ -96.81271, 32.7975 ] ] ] } },
{ "type": "Feature", "properties": { "area_acres": 0.42 }, "geometry": { "type": "Polygon", "coordinates": [ [ [ -96.7956, 32.79602 ], [ -96.79532, 32.79578 ], [ -96.79567, 32.79548 ], [ -96.79595, 32.79572 ], [ -96.7956, 32.79602 ] ] ] } },
{ "type": "Feature", "properties": { "area_acres": 0.09 }, "geometry": { "type": "Polygon", "coordinates": [ [ [ -96.81042, 32.79604 ], [ -96.8102, 32.79622 ], [ -96.81011, 32.79614 ], [ -96.81033, 32.79596 ], [ -96.81042, 32.79604 ] ] ] } },
{ "type": "Feature", "properties": { "area_acres": 0.22 }, "geometry": { "type": "Polygon", "coordinates": [ [ [ -96.80937, 32.79511 ], [ -96.80925, 32.795 ], [ -96.80878, 32.79539 ], [ -96.80886, 32.79546 ], [ -96.80937, 32.79511 ] ] ] } },
{ "type": "Feature", "properties": { "area_acres": 0.22 }, "geometry": { "type": "Polygon", "coordinates": [ [ [ -96.79565, 32.80426 ], [ -96.79553, 32.80417 ], [ -96.79507, 32.80457 ], [ -96.79518, 32.80466 ], [ -96.79565, 32.80426 ] ] ] } },
{ "type": "Feature", "properties": { "area_acres": 0.13 }, "geometry": { "type": "Polygon", "coordinates": [ [ [ -96.79708, 32.80444 ], [ -96.79681, 32.80421 ], [ -96.79691, 32.80413 ], [ -96.79712, 32.80431 ], [ -96.79716, 32.80427 ], [ -96.79722, 32.80433 ], [ -96.79708, 32.80444 ] ] ] } },
{ "type": "Feature", "properties": { "area_acres": 0.08 }, "geometry": { "type": "Polygon", "coordinates": [ [ [ -96.79674, 32.80376 ], [ -96.79652, 32.80357 ], [ -96.79661, 32.8035 ], [ -96.79683, 32.80368 ], [ -96.79674, 32.80376 ] ] ] } },
{ "type": "Feature", "properties": { "area_acres": 0.4 }, "geometry": { "type": "Polygon", "coordinates": [ [ [ -96.7963, 32.80387 ], [ -96.79638, 32.80372 ], [ -96.79634, 32.80369 ], [ -96.79648, 32.80357 ], [ -96.79687, 32.8039 ], [ -96.79681, 32.80394 ], [ -96.79696, 32.80407 ], [ -96.7967, 32.80428 ], [ -96.79655, 32.80416 ], [ -96.79661, 32.80412 ], [ -96.79655, 32.80407 ], [ -96.79672, 32.80393 ], [ -96.79647, 32.80372 ], [ -96.7963, 32.80387 ] ] ] } },
{ "type": "Feature", "properties": { "area_acres": 0.27 }, "geometry": { "type": "Polygon", "coordinates": [ [ [ -96.79631, 32.80531 ], [ -96.79651, 32.80514 ], [ -96.79682, 32.80541 ], [ -96.79661, 32.80558 ], [ -96.79631, 32.80531 ] ] ] } },
{ "type": "Feature", "properties": { "area_acres": 0.37 }, "geometry": { "type": "Polygon", "coordinates": [ [ [ -96.79728, 32.80505 ], [ -96.79688, 32.80538 ], [ -96.79681, 32.80531 ], [ -96.79675, 32.80536 ], [ -96.79651, 32.80514 ], [ -96.79666, 32.80502 ], [ -96.79683, 32.80517 ], [ -96.79714, 32.80493 ], [ -96.79728, 32.80505 ] ] ] } },
{ "type": "Feature", "properties": { "area_acres": 0.29 }, "geometry": { "type": "Polygon", "coordinates": [ [ [ -96.79388, 32.80672 ], [ -96.79409, 32.80655 ], [ -96.79443, 32.80684 ], [ -96.79426, 32.80698 ], [ -96.79418, 32.80691 ], [ -96.79415, 32.80694 ], [ -96.79388, 32.80672 ] ] ] } },
{ "type": "Feature", "properties": { "area_acres": 0.06 }, "geometry": { "type": "Polygon", "coordinates": [ [ [ -96.79792, 32.80746 ], [ -96.79779, 32.80758 ], [ -96.79768, 32.80749 ], [ -96.79782, 32.80737 ], [ -96.79792, 32.80746 ] ] ] } },
{ "type": "Feature", "properties": { "area_acres": 0.15 }, "geometry": { "type": "Polygon", "coordinates": [ [ [ -96.80055, 32.80447 ], [ -96.80019, 32.80431 ], [ -96.80026, 32.80419 ], [ -96.80063, 32.80435 ], [ -96.80055, 32.80447 ] ] ] } },
{ "type": "Feature", "properties": { "area_acres": 0.1 }, "geometry": { "type": "Polygon", "coordinates": [ [ [ -96.79888, 32.80616 ], [ -96.79871, 32.80601 ], [ -96.79885, 32.8059 ], [ -96.79899, 32.806 ], [ -96.79888, 32.80616 ] ] ] } },
{ "type": "Feature", "properties": { "area_acres": 0.32 }, "geometry": { "type": "Polygon", "coordinates": [ [ [ -96.79905, 32.8056 ], [ -96.79892, 32.80571 ], [ -96.79874, 32.80556 ], [ -96.79861, 32.80572 ], [ -96.79899, 32.806 ], [ -96.79918, 32.80572 ], [ -96.79905, 32.8056 ] ] ] } },
{ "type": "Feature", "properties": { "area_acres": 0.08 }, "geometry": { "type": "Polygon", "coordinates": [ [ [ -96.79941, 32.80531 ], [ -96.79925, 32.80516 ], [ -96.79938, 32.80506 ], [ -96.7995, 32.80516 ], [ -96.79941, 32.80531 ] ] ] } },
{ "type": "Feature", "properties": { "area_acres": 0.14 }, "geometry": { "type": "Polygon", "coordinates": [ [ [ -96.79933, 32.80545 ], [ -96.79903, 32.80517 ], [ -96.79912, 32.8051 ], [ -96.79941, 32.80531 ], [ -96.79933, 32.80545 ] ] ] } },
{ "type": "Feature", "properties": { "area_acres": 0.38 }, "geometry": { "type": "Polygon", "coordinates": [ [ [ -96.79836, 32.80741 ], [ -96.7981, 32.80718 ], [ -96.79814, 32.80715 ], [ -96.7981, 32.80711 ], [ -96.79835, 32.80691 ], [ -96.79866, 32.80718 ], [ -96.79836, 32.80741 ] ] ] } },
{ "type": "Feature", "properties": { "area_acres": 0.29 }, "geometry": { "type": "Polygon", "coordinates": [ [ [ -96.80113, 32.80849 ], [ -96.80111, 32.80853 ], [ -96.80116, 32.80855 ], [ -96.80079, 32.80926 ], [ -96.80066, 32.80921 ], [ -96.80107, 32.80843 ], [ -96.80113, 32.80849 ] ] ] } },
{ "type": "Feature", "properties": { "area_acres": 0.32 }, "geometry": { "type": "Polygon", "coordinates": [ [ [ -96.80082, 32.81049 ], [ -96.80116, 32.80996 ], [ -96.80107, 32.80991 ], [ -96.80118, 32.80978 ], [ -96.80111, 32.80975 ], [ -96.80065, 32.81041 ], [ -96.80082, 32.81049 ] ] ] } },
{ "type": "Feature", "properties": { "area_acres": 0.12 }, "geometry": { "type": "Polygon", "coordinates": [ [ [ -96.79979, 32.81136 ], [ -96.7999, 32.81143 ], [ -96.80016, 32.81117 ], [ -96.80005, 32.8111 ], [ -96.79979, 32.81136 ] ] ] } },
{ "type": "Feature", "properties": { "area_acres": 0.12 }, "geometry": { "type": "Polygon", "coordinates": [ [ [ -96.79392, 32.81099 ], [ -96.794, 32.81084 ], [ -96.79426, 32.81094 ], [ -96.79418, 32.81108 ], [ -96.79392, 32.81099 ] ] ] } },
{ "type": "Feature", "properties": { "area_acres": 0.27 }, "geometry": { "type": "Polygon", "coordinates": [ [ [ -96.79475, 32.81139 ], [ -96.79494, 32.81103 ], [ -96.79508, 32.81108 ], [ -96.79515, 32.81094 ], [ -96.79526, 32.81098 ], [ -96.79512, 32.81126 ], [ -96.79505, 32.81124 ], [ -96.79493, 32.81146 ], [ -96.79475, 32.81139 ] ] ] } },
{ "type": "Feature", "properties": { "area_acres": 0.14 }, "geometry": { "type": "Polygon", "coordinates": [ [ [ -96.79359, 32.8103 ], [ -96.79305, 32.8101 ], [ -96.79309, 32.81002 ], [ -96.79363, 32.81022 ], [ -96.79359, 32.8103 ] ] ] } },
{ "type": "Feature", "properties": { "area_acres": 0.31 }, "geometry": { "type": "Polygon", "coordinates": [ [ [ -96.79555, 32.81025 ], [ -96.79556, 32.81042 ], [ -96.79534, 32.81083 ], [ -96.79523, 32.81079 ], [ -96.79519, 32.81087 ], [ -96.79512, 32.81085 ], [ -96.79539, 32.81035 ], [ -96.79542, 32.81014 ], [ -96.79546, 32.81017 ], [ -96.79544, 32.81026 ], [ -96.79555, 32.81025 ] ] ] } },
{ "type": "Feature", "properties": { "area_acres": 0.21 }, "geometry": { "type": "Polygon", "coordinates": [ [ [ -96.79462, 32.81008 ], [ -96.79439, 32.81051 ], [ -96.79422, 32.81044 ], [ -96.79442, 32.81006 ], [ -96.79455, 32.81011 ], [ -96.79458, 32.81004 ], [ -96.79462, 32.81008 ] ] ] } },
{ "type": "Feature", "properties": { "area_acres": 1.0 }, "geometry": { "type": "Polygon", "coordinates": [ [ [ -96.79389, 32.81046 ], [ -96.79381, 32.81062 ], [ -96.7929, 32.81027 ], [ -96.79294, 32.81031 ], [ -96.79268, 32.8108 ], [ -96.79263, 32.81078 ], [ -96.79236, 32.81138 ], [ -96.79219, 32.81132 ], [ -96.7929, 32.81009 ], [ -96.79389, 32.81046 ] ] ] } },
{ "type": "Feature", "properties": { "area_acres": 1.49 }, "geometry": { "type": "Polygon", "coordinates": [ [ [ -96.7922, 32.81329 ], [ -96.79223, 32.81324 ], [ -96.79231, 32.81326 ], [ -96.79262, 32.81266 ], [ -96.7922, 32.81246 ], [ -96.79257, 32.81176 ], [ -96.79244, 32.81171 ], [ -96.7917, 32.81311 ], [ -96.7922, 32.81329 ] ] ] } },
{ "type": "Feature", "properties": { "area_acres": 0.05 }, "geometry": { "type": "Polygon", "coordinates": [ [ [ -96.79178, 32.81424 ], [ -96.79174, 32.81432 ], [ -96.79152, 32.81424 ], [ -96.79156, 32.81416 ], [ -96.79178, 32.81424 ] ] ] } },
{ "type": "Feature", "properties": { "area_acres": 0.26 }, "geometry": { "type": "Polygon", "coordinates": [ [ [ -96.79045, 32.81694 ], [ -96.7899, 32.81673 ], [ -96.78982, 32.81688 ], [ -96.79036, 32.81709 ], [ -96.79045, 32.81694 ] ] ] } },
{ "type": "Feature", "properties": { "area_acres": 0.46 }, "geometry": { "type": "Polygon", "coordinates": [ [ [ -96.79117, 32.81875 ], [ -96.79082, 32.81861 ], [ -96.79104, 32.8182 ], [ -96.7914, 32.81833 ], [ -96.79117, 32.81875 ] ] ] } },
{ "type": "Feature", "properties": { "area_acres": 0.12 }, "geometry": { "type": "Polygon", "coordinates": [ [ [ -96.79413, 32.81756 ], [ -96.79389, 32.81747 ], [ -96.79384, 32.81757 ], [ -96.79377, 32.81754 ], [ -96.79388, 32.81734 ], [ -96.79419, 32.81745 ], [ -96.79413, 32.81756 ] ] ] } },
{ "type": "Feature", "properties": { "area_acres": 0.29 }, "geometry": { "type": "Polygon", "coordinates": [ [ [ -96.79383, 32.81657 ], [ -96.79375, 32.81674 ], [ -96.79328, 32.81657 ], [ -96.79319, 32.81673 ], [ -96.79373, 32.81692 ], [ -96.7939, 32.8166 ], [ -96.79383, 32.81657 ] ] ] } },
{ "type": "Feature", "properties": { "area_acres": 0.46 }, "geometry": { "type": "Polygon", "coordinates": [ [ [ -96.79301, 32.81607 ], [ -96.79284, 32.81601 ], [ -96.79259, 32.81652 ], [ -96.79316, 32.81673 ], [ -96.79323, 32.81659 ], [ -96.79295, 32.81649 ], [ -96.79296, 32.81636 ], [ -96.79287, 32.81633 ], [ -96.79301, 32.81607 ] ] ] } },
{ "type": "Feature", "properties": { "area_acres": 0.32 }, "geometry": { "type": "Polygon", "coordinates": [ [ [ -96.7917, 32.82024 ], [ -96.7919, 32.81987 ], [ -96.79162, 32.81976 ], [ -96.79142, 32.82014 ], [ -96.7917, 32.82024 ] ] ] } },
{ "type": "Feature", "properties": { "area_acres": 0.08 }, "geometry": { "type": "Polygon", "coordinates": [ [ [ -96.7884, 32.82267 ], [ -96.78813, 32.82257 ], [ -96.78818, 32.82247 ], [ -96.78845, 32.82258 ], [ -96.7884, 32.82267 ] ] ] } },
{ "type": "Feature", "properties": { "area_acres": 0.09 }, "geometry": { "type": "Polygon", "coordinates": [ [ [ -96.78756, 32.82146 ], [ -96.78748, 32.82161 ], [ -96.7873, 32.82154 ], [ -96.78738, 32.82139 ], [ -96.78756, 32.82146 ] ] ] } },
{ "type": "Feature", "properties": { "area_acres": 0.18 }, "geometry": { "type": "Polygon", "coordinates": [ [ [ -96.78745, 32.82126 ], [ -96.78758, 32.82101 ], [ -96.78782, 32.8211 ], [ -96.78768, 32.82135 ], [ -96.78745, 32.82126 ] ] ] } },
{ "type": "Feature", "properties": { "area_acres": 0.2 }, "geometry": { "type": "Polygon", "coordinates": [ [ [ -96.78818, 32.82123 ], [ -96.7876, 32.82101 ], [ -96.78768, 32.82086 ], [ -96.788, 32.82099 ], [ -96.78796, 32.82106 ], [ -96.78821, 32.82116 ], [ -96.78818, 32.82123 ] ] ] } },
{ "type": "Feature", "properties": { "area_acres": 0.21 }, "geometry": { "type": "Polygon", "coordinates": [ [ [ -96.78724, 32.82165 ], [ -96.78783, 32.82187 ], [ -96.78777, 32.82198 ], [ -96.78718, 32.82176 ], [ -96.78724, 32.82165 ] ] ] } },
{ "type": "Feature", "properties": { "area_acres": 0.1 }, "geometry": { "type": "Polygon", "coordinates": [ [ [ -96.78738, 32.82139 ], [ -96.78745, 32.82126 ], [ -96.78772, 32.82137 ], [ -96.78765, 32.82149 ], [ -96.78738, 32.82139 ] ] ] } },
{ "type": "Feature", "properties": { "area_acres": 0.07 }, "geometry": { "type": "Polygon", "coordinates": [ [ [ -96.78724, 32.82165 ], [ -96.7873, 32.82154 ], [ -96.78751, 32.82162 ], [ -96.78745, 32.82173 ], [ -96.78724, 32.82165 ] ] ] } },
{ "type": "Feature", "properties": { "area_acres": 0.06 }, "geometry": { "type": "Polygon", "coordinates": [ [ [ -96.78771, 32.82066 ], [ -96.78765, 32.82064 ], [ -96.78782, 32.82031 ], [ -96.78788, 32.82033 ], [ -96.78771, 32.82066 ] ] ] } },
{ "type": "Feature", "properties": { "area_acres": 0.19 }, "geometry": { "type": "Polygon", "coordinates": [ [ [ -96.78741, 32.82013 ], [ -96.78723, 32.82048 ], [ -96.7874, 32.82055 ], [ -96.78759, 32.8202 ], [ -96.78741, 32.82013 ] ] ] } },
{ "type": "Feature", "properties": { "area_acres": 0.58 }, "geometry": { "type": "Polygon", "coordinates": [ [ [ -96.78792, 32.82024 ], [ -96.78804, 32.82003 ], [ -96.78799, 32.82001 ], [ -96.78789, 32.82019 ], [ -96.78765, 32.82009 ], [ -96.78782, 32.81977 ], [ -96.7881, 32.81988 ], [ -96.78827, 32.81956 ], [ -96.7881, 32.8195 ], [ -96.78798, 32.81972 ], [ -96.78779, 32.81965 ], [ -96.78791, 32.81943 ], [ -96.78781, 32.81939 ], [ -96.78745, 32.82007 ], [ -96.78792, 32.82024 ] ] ] } },
{ "type": "Feature", "properties": { "area_acres": 0.6 }, "geometry": { "type": "Polygon", "coordinates": [ [ [ -96.78669, 32.82199 ], [ -96.78715, 32.82115 ], [ -96.78709, 32.82113 ], [ -96.78735, 32.82076 ], [ -96.78723, 32.82071 ], [ -96.78719, 32.82079 ], [ -96.78715, 32.82077 ], [ -96.78652, 32.82192 ], [ -96.78669, 32.82199 ] ] ] } },
{ "type": "Feature", "properties": { "area_acres": 0.54 }, "geometry": { "type": "Polygon", "coordinates": [ [ [ -96.78882, 32.82184 ], [ -96.78907, 32.82137 ], [ -96.78852, 32.82117 ], [ -96.78838, 32.82143 ], [ -96.78879, 32.82159 ], [ -96.78869, 32.82179 ], [ -96.78882, 32.82184 ] ] ] } },
{ "type": "Feature", "properties": { "area_acres": 0.14 }, "geometry": { "type": "Polygon", "coordinates": [ [ [ -96.78698, 32.82315 ], [ -96.78718, 32.82323 ], [ -96.78705, 32.82345 ], [ -96.78685, 32.82338 ], [ -96.78698, 32.82315 ] ] ] } },
{ "type": "Feature", "properties": { "area_acres": 0.14 }, "geometry": { "type": "Polygon", "coordinates": [ [ [ -96.78684, 32.82295 ], [ -96.78725, 32.8231 ], [ -96.78718, 32.82322 ], [ -96.78678, 32.82306 ], [ -96.78684, 32.82295 ] ] ] } },
{ "type": "Feature", "properties": { "area_acres": 0.14 }, "geometry": { "type": "Polygon", "coordinates": [ [ [ -96.78725, 32.8231 ], [ -96.78684, 32.82295 ], [ -96.7869, 32.82284 ], [ -96.78731, 32.82299 ], [ -96.78725, 32.8231 ] ] ] } },
{ "type": "Feature", "properties": { "area_acres": 0.76 }, "geometry": { "type": "Polygon", "coordinates": [ [ [ -96.78796, 32.82345 ], [ -96.78739, 32.82323 ], [ -96.78716, 32.82366 ], [ -96.78773, 32.82388 ], [ -96.78796, 32.82345 ] ] ] } },
{ "type": "Feature", "properties": { "area_acres": 0.25 }, "geometry": { "type": "Polygon", "coordinates": [ [ [ -96.78619, 32.82405 ], [ -96.78585, 32.82392 ], [ -96.78598, 32.82368 ], [ -96.78632, 32.8238 ], [ -96.78619, 32.82405 ] ] ] } },
{ "type": "Feature", "properties": { "area_acres": 0.26 }, "geometry": { "type": "Polygon", "coordinates": [ [ [ -96.78652, 32.82342 ], [ -96.78618, 32.8233 ], [ -96.7863, 32.82305 ], [ -96.78665, 32.82317 ], [ -96.78652, 32.82342 ] ] ] } },
{ "type": "Feature", "properties": { "area_acres": 0.98 }, "geometry": { "type": "Polygon", "coordinates": [ [ [ -96.78969, 32.82431 ], [ -96.78901, 32.82407 ], [ -96.78931, 32.82347 ], [ -96.7895, 32.82353 ], [ -96.78939, 32.82375 ], [ -96.79001, 32.82397 ], [ -96.78969, 32.82431 ] ] ] } },
{ "type": "Feature", "properties": { "area_acres": 0.62 }, "geometry": { "type": "Polygon", "coordinates": [ [ [ -96.78858, 32.82358 ], [ -96.78807, 32.82338 ], [ -96.78785, 32.82377 ], [ -96.78836, 32.82397 ], [ -96.78858, 32.82358 ] ] ] } },
{ "type": "Feature", "properties": { "area_acres": 0.25 }, "geometry": { "type": "Polygon", "coordinates": [ [ [ -96.79189, 32.82302 ], [ -96.79157, 32.82358 ], [ -96.79161, 32.82362 ], [ -96.79211, 32.82312 ], [ -96.79189, 32.82302 ] ] ] } },
{ "type": "Feature", "properties": { "area_acres": 0.21 }, "geometry": { "type": "Polygon", "coordinates": [ [ [ -96.78515, 32.82704 ], [ -96.78521, 32.82692 ], [ -96.78497, 32.82683 ], [ -96.78479, 32.82717 ], [ -96.78499, 32.82716 ], [ -96.78515, 32.82704 ] ] ] } },
{ "type": "Feature", "properties": { "area_acres": 0.13 }, "geometry": { "type": "Polygon", "coordinates": [ [ [ -96.78505, 32.82768 ], [ -96.78466, 32.82754 ], [ -96.78472, 32.82743 ], [ -96.78511, 32.82757 ], [ -96.78505, 32.82768 ] ] ] } },
{ "type": "Feature", "properties": { "area_acres": 0.14 }, "geometry": { "type": "Polygon", "coordinates": [ [ [ -96.78445, 32.82873 ], [ -96.78416, 32.82861 ], [ -96.78424, 32.82846 ], [ -96.78453, 32.82857 ], [ -96.78445, 32.82873 ] ] ] } },
{ "type": "Feature", "properties": { "area_acres": 1.35 }, "geometry": { "type": "Polygon", "coordinates": [ [ [ -96.8494, 32.88236 ], [ -96.8494, 32.88225 ], [ -96.8499, 32.88226 ], [ -96.8499, 32.8822 ], [ -96.85011, 32.88221 ], [ -96.85012, 32.88189 ], [ -96.84977, 32.88189 ], [ -96.84977, 32.88213 ], [ -96.8494, 32.88213 ], [ -96.84942, 32.88144 ], [ -96.84901, 32.88143 ], [ -96.849, 32.88235 ], [ -96.8494, 32.88236 ] ] ] } },
{ "type": "Feature", "properties": { "area_acres": 0.15 }, "geometry": { "type": "Polygon", "coordinates": [ [ [ -96.8492, 32.88075 ], [ -96.8492, 32.88067 ], [ -96.84931, 32.88067 ], [ -96.84931, 32.88051 ], [ -96.84907, 32.88051 ], [ -96.84902, 32.88055 ], [ -96.84902, 32.88075 ], [ -96.8492, 32.88075 ] ] ] } },
{ "type": "Feature", "properties": { "area_acres": 0.61 }, "geometry": { "type": "Polygon", "coordinates": [ [ [ -96.7841, 32.82955 ], [ -96.78435, 32.82908 ], [ -96.78393, 32.82892 ], [ -96.78368, 32.8294 ], [ -96.7841, 32.82955 ] ] ] } },
{ "type": "Feature", "properties": { "area_acres": 0.1 }, "geometry": { "type": "Polygon", "coordinates": [ [ [ -96.78314, 32.7839 ], [ -96.783, 32.78393 ], [ -96.78293, 32.78367 ], [ -96.78307, 32.78364 ], [ -96.78314, 32.7839 ] ] ] } },
{ "type": "Feature", "properties": { "area_acres": 0.12 }, "geometry": { "type": "Polygon", "coordinates": [ [ [ -96.78135, 32.78521 ], [ -96.78142, 32.78549 ], [ -96.78159, 32.78546 ], [ -96.78151, 32.78518 ], [ -96.78135, 32.78521 ] ] ] } },
{ "type": "Feature", "properties": { "area_acres": 0.28 }, "geometry": { "type": "Polygon", "coordinates": [ [ [ -96.83273, 32.84082 ], [ -96.83273, 32.84055 ], [ -96.83232, 32.84055 ], [ -96.83232, 32.84082 ], [ -96.83273, 32.84082 ] ] ] } },
{ "type": "Feature", "properties": { "area_acres": 0.28 }, "geometry": { "type": "Polygon", "coordinates": [ [ [ -96.83375, 32.84027 ], [ -96.83334, 32.84027 ], [ -96.83334, 32.84 ], [ -96.83375, 32.84 ], [ -96.83375, 32.84027 ] ] ] } },
{ "type": "Feature", "properties": { "area_acres": 1.6 }, "geometry": { "type": "Polygon", "coordinates": [ [ [ -96.75618, 32.77666 ], [ -96.75532, 32.77605 ], [ -96.75505, 32.77629 ], [ -96.7553, 32.77685 ], [ -96.75568, 32.77713 ], [ -96.75618, 32.77666 ] ] ] } },
{ "type": "Feature", "properties": { "area_acres": 3.26 }, "geometry": { "type": "Polygon", "coordinates": [ [ [ -96.75631, 32.77333 ], [ -96.75437, 32.77509 ], [ -96.7548, 32.77542 ], [ -96.75646, 32.77392 ], [ -96.75617, 32.77369 ], [ -96.75645, 32.77344 ], [ -96.75631, 32.77333 ] ] ] } },
{ "type": "Feature", "properties": { "area_acres": 0.49 }, "geometry": { "type": "Polygon", "coordinates": [ [ [ -96.75802, 32.77528 ], [ -96.75831, 32.77507 ], [ -96.7587, 32.77541 ], [ -96.75835, 32.77561 ], [ -96.75802, 32.77528 ] ] ] } },
{ "type": "Feature", "properties": { "area_acres": 1.1 }, "geometry": { "type": "Polygon", "coordinates": [ [ [ -96.761, 32.77511 ], [ -96.76059, 32.77476 ], [ -96.76116, 32.77429 ], [ -96.76122, 32.7743 ], [ -96.7616, 32.77462 ], [ -96.7611, 32.77509 ], [ -96.76106, 32.77506 ], [ -96.761, 32.77511 ] ] ] } },
{ "type": "Feature", "properties": { "area_acres": 0.45 }, "geometry": { "type": "Polygon", "coordinates": [ [ [ -96.76116, 32.77426 ], [ -96.7606, 32.77474 ], [ -96.76033, 32.77451 ], [ -96.76047, 32.77439 ], [ -96.76059, 32.77448 ], [ -96.76101, 32.77413 ], [ -96.76116, 32.77426 ] ] ] } },
{ "type": "Feature", "properties": { "area_acres": 1.17 }, "geometry": { "type": "Polygon", "coordinates": [ [ [ -96.76933, 32.77511 ], [ -96.76889, 32.77548 ], [ -96.76881, 32.77542 ], [ -96.7687, 32.7755 ], [ -96.76827, 32.77514 ], [ -96.76882, 32.77468 ], [ -96.76933, 32.77511 ] ] ] } },
{ "type": "Feature", "properties": { "area_acres": 1.89 }, "geometry": { "type": "Polygon", "coordinates": [ [ [ -96.76348, 32.7733 ], [ -96.76271, 32.77401 ], [ -96.76223, 32.77365 ], [ -96.76231, 32.77358 ], [ -96.76218, 32.77348 ], [ -96.76272, 32.77299 ], [ -96.76284, 32.77308 ], [ -96.763, 32.77294 ], [ -96.76348, 32.7733 ] ] ] } },
{ "type": "Feature", "properties": { "area_acres": 0.34 }, "geometry": { "type": "Polygon", "coordinates": [ [ [ -96.76556, 32.7748 ], [ -96.76525, 32.77506 ], [ -96.76499, 32.77485 ], [ -96.7653, 32.77459 ], [ -96.76556, 32.7748 ] ] ] } },
{ "type": "Feature", "properties": { "area_acres": 0.44 }, "geometry": { "type": "Polygon", "coordinates": [ [ [ -96.7658, 32.77513 ], [ -96.76549, 32.77488 ], [ -96.76516, 32.77516 ], [ -96.76547, 32.77541 ], [ -96.7658, 32.77513 ] ] ] } },
{ "type": "Feature", "properties": { "area_acres": 0.34 }, "geometry": { "type": "Polygon", "coordinates": [ [ [ -96.76479, 32.77543 ], [ -96.76512, 32.77571 ], [ -96.76487, 32.77592 ], [ -96.76458, 32.77568 ], [ -96.76479, 32.77543 ] ] ] } },
{ "type": "Feature", "properties": { "area_acres": 0.16 }, "geometry": { "type": "Polygon", "coordinates": [ [ [ -96.74814, 32.76369 ], [ -96.74786, 32.76345 ], [ -96.74772, 32.76356 ], [ -96.74801, 32.7638 ], [ -96.74814, 32.76369 ] ] ] } },
{ "type": "Feature", "properties": { "area_acres": 0.41 }, "geometry": { "type": "Polygon", "coordinates": [ [ [ -96.74918, 32.76276 ], [ -96.74893, 32.76256 ], [ -96.74854, 32.7629 ], [ -96.74878, 32.7631 ], [ -96.74918, 32.76276 ] ] ] } },
{ "type": "Feature", "properties": { "area_acres": 3.03 }, "geometry": { "type": "Polygon", "coordinates": [ [ [ -96.74742, 32.76039 ], [ -96.74574, 32.76178 ], [ -96.74532, 32.76142 ], [ -96.74569, 32.76112 ], [ -96.74572, 32.76114 ], [ -96.74686, 32.76016 ], [ -96.74678, 32.76009 ], [ -96.74693, 32.75997 ], [ -96.74742, 32.76039 ] ] ] } },
{ "type": "Feature", "properties": { "area_acres": 0.67 }, "geometry": { "type": "Polygon", "coordinates": [ [ [ -96.7534, 32.73572 ], [ -96.75248, 32.73574 ], [ -96.75249, 32.73599 ], [ -96.7528, 32.73598 ], [ -96.7528, 32.73622 ], [ -96.75301, 32.73621 ], [ -96.75301, 32.73614 ], [ -96.75295, 32.73614 ], [ -96.75295, 32.736 ], [ -96.75316, 32.73599 ], [ -96.75316, 32.73593 ], [ -96.75341, 32.73592 ], [ -96.7534, 32.73572 ] ] ] } },
{ "type": "Feature", "properties": { "area_acres": 0.41 }, "geometry": { "type": "Polygon", "coordinates": [ [ [ -96.76351, 32.75334 ], [ -96.76319, 32.75307 ], [ -96.76358, 32.75273 ], [ -96.76374, 32.75287 ], [ -96.76354, 32.75304 ], [ -96.7637, 32.75318 ], [ -96.76351, 32.75334 ] ] ] } },
{ "type": "Feature", "properties": { "area_acres": 0.76 }, "geometry": { "type": "Polygon", "coordinates": [ [ [ -96.75736, 32.75179 ], [ -96.75757, 32.75162 ], [ -96.75766, 32.7517 ], [ -96.75779, 32.75159 ], [ -96.75807, 32.75181 ], [ -96.75824, 32.75167 ], [ -96.75787, 32.75135 ], [ -96.7577, 32.75149 ], [ -96.75742, 32.75126 ], [ -96.75708, 32.75155 ], [ -96.75736, 32.75179 ] ] ] } },
{ "type": "Feature", "properties": { "area_acres": 2.0 }, "geometry": { "type": "Polygon", "coordinates": [ [ [ -96.75204, 32.7555 ], [ -96.75117, 32.75476 ], [ -96.75029, 32.75549 ], [ -96.75057, 32.75573 ], [ -96.75108, 32.75531 ], [ -96.75167, 32.75581 ], [ -96.75204, 32.7555 ] ] ] } },
{ "type": "Feature", "properties": { "area_acres": 0.22 }, "geometry": { "type": "Polygon", "coordinates": [ [ [ -96.74973, 32.75275 ], [ -96.74964, 32.75268 ], [ -96.74958, 32.75273 ], [ -96.74948, 32.75264 ], [ -96.74977, 32.75239 ], [ -96.74996, 32.75255 ], [ -96.74973, 32.75275 ] ] ] } },
{ "type": "Feature", "properties": { "area_acres": 0.54 }, "geometry": { "type": "Polygon", "coordinates": [ [ [ -96.75401, 32.7502 ], [ -96.75427, 32.75042 ], [ -96.75476, 32.75002 ], [ -96.7545, 32.7498 ], [ -96.75401, 32.7502 ] ] ] } },
{ "type": "Feature", "properties": { "area_acres": 1.33 }, "geometry": { "type": "Polygon", "coordinates": [ [ [ -96.75889, 32.74859 ], [ -96.75839, 32.74817 ], [ -96.75777, 32.7487 ], [ -96.75826, 32.74911 ], [ -96.75889, 32.74859 ] ] ] } },
{ "type": "Feature", "properties": { "area_acres": 0.24 }, "geometry": { "type": "Polygon", "coordinates": [ [ [ -96.74854, 32.7732 ], [ -96.74874, 32.77303 ], [ -96.74847, 32.7728 ], [ -96.74827, 32.77297 ], [ -96.74854, 32.7732 ] ] ] } },
{ "type": "Feature", "properties": { "area_acres": 0.8 }, "geometry": { "type": "Polygon", "coordinates": [ [ [ -96.7536, 32.76871 ], [ -96.75292, 32.76812 ], [ -96.75333, 32.76779 ], [ -96.75345, 32.7679 ], [ -96.75329, 32.76803 ], [ -96.75384, 32.76852 ], [ -96.7536, 32.76871 ] ] ] } },
{ "type": "Feature", "properties": { "area_acres": 0.52 }, "geometry": { "type": "Polygon", "coordinates": [ [ [ -96.74167, 32.77441 ], [ -96.74137, 32.77391 ], [ -96.74142, 32.77389 ], [ -96.74139, 32.77384 ], [ -96.74197, 32.7736 ], [ -96.74206, 32.77374 ], [ -96.74161, 32.77394 ], [ -96.74185, 32.77433 ], [ -96.74167, 32.77441 ] ] ] } },
{ "type": "Feature", "properties": { "area_acres": 0.14 }, "geometry": { "type": "Polygon", "coordinates": [ [ [ -96.74312, 32.76957 ], [ -96.74282, 32.76933 ], [ -96.74292, 32.76924 ], [ -96.74322, 32.76948 ], [ -96.74312, 32.76957 ] ] ] } },
{ "type": "Feature", "properties": { "area_acres": 0.47 }, "geometry": { "type": "Polygon", "coordinates": [ [ [ -96.74477, 32.76766 ], [ -96.74439, 32.76795 ], [ -96.74458, 32.76818 ], [ -96.74508, 32.76792 ], [ -96.74477, 32.76766 ] ] ] } },
{ "type": "Feature", "properties": { "area_acres": 0.44 }, "geometry": { "type": "Polygon", "coordinates": [ [ [ -96.74484, 32.76708 ], [ -96.7445, 32.76737 ], [ -96.7448, 32.76762 ], [ -96.74514, 32.76732 ], [ -96.74484, 32.76708 ] ] ] } },
{ "type": "Feature", "properties": { "area_acres": 0.18 }, "geometry": { "type": "Polygon", "coordinates": [ [ [ -96.73757, 32.76177 ], [ -96.73721, 32.76165 ], [ -96.73725, 32.76155 ], [ -96.73734, 32.76158 ], [ -96.73739, 32.76148 ], [ -96.7376, 32.76155 ], [ -96.73758, 32.76159 ], [ -96.73764, 32.76161 ], [ -96.73757, 32.76177 ] ] ] } },
{ "type": "Feature", "properties": { "area_acres": 0.93 }, "geometry": { "type": "Polygon", "coordinates": [ [ [ -96.78043, 32.79621 ], [ -96.78004, 32.79654 ], [ -96.78059, 32.797 ], [ -96.78098, 32.79667 ], [ -96.78043, 32.79621 ] ] ] } },
{ "type": "Feature", "properties": { "area_acres": 0.31 }, "geometry": { "type": "Polygon", "coordinates": [ [ [ -96.77901, 32.7934 ], [ -96.77838, 32.7928 ], [ -96.77826, 32.79289 ], [ -96.77893, 32.79347 ], [ -96.77901, 32.7934 ] ] ] } },
{ "type": "Feature", "properties": { "area_acres": 0.33 }, "geometry": { "type": "Polygon", "coordinates": [ [ [ -96.77079, 32.7957 ], [ -96.77026, 32.79526 ], [ -96.77012, 32.79538 ], [ -96.77065, 32.79583 ], [ -96.77079, 32.7957 ] ] ] } },
{ "type": "Feature", "properties": { "area_acres": 13.32 }, "geometry": { "type": "Polygon", "coordinates": [ [ [ -96.75659, 32.78163 ], [ -96.75621, 32.78161 ], [ -96.75313, 32.78108 ], [ -96.75312, 32.78112 ], [ -96.74709, 32.78007 ], [ -96.74708, 32.7801 ], [ -96.74609, 32.77993 ], [ -96.74606, 32.78004 ], [ -96.74531, 32.77991 ], [ -96.74539, 32.77939 ], [ -96.7563, 32.78125 ], [ -96.75625, 32.78146 ], [ -96.75752, 32.78168 ], [ -96.76156, 32.78272 ], [ -96.76152, 32.78283 ], [ -96.75748, 32.78179 ], [ -96.75659, 32.78163 ] ] ] } },
{ "type": "Feature", "properties": { "area_acres": 1.21 }, "geometry": { "type": "Polygon", "coordinates": [ [ [ -96.76167, 32.78268 ], [ -96.76511, 32.78361 ], [ -96.76515, 32.7835 ], [ -96.76172, 32.78256 ], [ -96.76167, 32.78268 ] ] ] } },
{ "type": "Feature", "properties": { "area_acres": 4.13 }, "geometry": { "type": "Polygon", "coordinates": [ [ [ -96.76209, 32.78381 ], [ -96.76417, 32.7837 ], [ -96.76422, 32.78355 ], [ -96.76492, 32.78369 ], [ -96.76509, 32.78366 ], [ -96.76511, 32.78361 ], [ -96.76167, 32.78268 ], [ -96.76162, 32.78297 ], [ -96.76234, 32.78316 ], [ -96.76209, 32.78381 ] ] ] } },
{ "type": "Feature", "properties": { "area_acres": 0.33 }, "geometry": { "type": "Polygon", "coordinates": [ [ [ -96.7705, 32.78402 ], [ -96.77098, 32.78414 ], [ -96.77108, 32.78387 ], [ -96.77069, 32.78377 ], [ -96.7705, 32.78402 ] ] ] } },
{ "type": "Feature", "properties": { "area_acres": 0.07 }, "geometry": { "type": "Polygon", "coordinates": [ [ [ -96.76838, 32.783 ], [ -96.76821, 32.78295 ], [ -96.76827, 32.7828 ], [ -96.76844, 32.78284 ], [ -96.76838, 32.783 ] ] ] } },
{ "type": "Feature", "properties": { "area_acres": 0.1 }, "geometry": { "type": "Polygon", "coordinates": [ [ [ -96.76822, 32.78278 ], [ -96.76813, 32.78303 ], [ -96.76799, 32.78299 ], [ -96.76807, 32.78275 ], [ -96.76822, 32.78278 ] ] ] } },
{ "type": "Feature", "properties": { "area_acres": 0.15 }, "geometry": { "type": "Polygon", "coordinates": [ [ [ -96.76617, 32.78284 ], [ -96.76623, 32.78268 ], [ -96.76657, 32.78278 ], [ -96.76651, 32.78293 ], [ -96.76617, 32.78284 ] ] ] } },
{ "type": "Feature", "properties": { "area_acres": 0.1 }, "geometry": { "type": "Polygon", "coordinates": [ [ [ -96.77917, 32.77925 ], [ -96.77902, 32.77915 ], [ -96.77918, 32.77899 ], [ -96.77933, 32.7791 ], [ -96.77917, 32.77925 ] ] ] } },
{ "type": "Feature", "properties": { "area_acres": 1.57 }, "geometry": { "type": "Polygon", "coordinates": [ [ [ -96.77857, 32.77894 ], [ -96.77809, 32.77942 ], [ -96.77801, 32.77936 ], [ -96.77816, 32.7792 ], [ -96.77795, 32.77905 ], [ -96.77789, 32.77911 ], [ -96.77765, 32.77894 ], [ -96.77745, 32.77913 ], [ -96.77827, 32.7797 ], [ -96.77831, 32.77966 ], [ -96.77835, 32.77969 ], [ -96.77859, 32.77945 ], [ -96.77877, 32.77958 ], [ -96.77901, 32.77934 ], [ -96.77906, 32.77937 ], [ -96.77913, 32.77929 ], [ -96.77867, 32.77894 ], [ -96.77862, 32.77898 ], [ -96.77857, 32.77894 ] ] ] } },
{ "type": "Feature", "properties": { "area_acres": 0.18 }, "geometry": { "type": "Polygon", "coordinates": [ [ [ -96.77137, 32.78185 ], [ -96.77128, 32.78201 ], [ -96.77164, 32.78211 ], [ -96.77174, 32.78194 ], [ -96.77137, 32.78185 ] ] ] } },
{ "type": "Feature", "properties": { "area_acres": 0.62 }, "geometry": { "type": "Polygon", "coordinates": [ [ [ -96.78372, 32.79233 ], [ -96.78359, 32.79222 ], [ -96.78403, 32.79186 ], [ -96.78417, 32.79197 ], [ -96.78447, 32.79172 ], [ -96.78466, 32.79189 ], [ -96.78421, 32.79226 ], [ -96.78401, 32.79209 ], [ -96.78372, 32.79233 ] ] ] } },
{ "type": "Feature", "properties": { "area_acres": 0.48 }, "geometry": { "type": "Polygon", "coordinates": [ [ [ -96.83113, 32.91947 ], [ -96.83093, 32.91947 ], [ -96.83093, 32.91848 ], [ -96.83113, 32.91848 ], [ -96.83113, 32.91947 ] ] ] } },
{ "type": "Feature", "properties": { "area_acres": 1.32 }, "geometry": { "type": "Polygon", "coordinates": [ [ [ -96.83046, 32.91759 ], [ -96.83046, 32.91691 ], [ -96.8297, 32.9169 ], [ -96.82969, 32.91758 ], [ -96.83046, 32.91759 ] ] ] } },
{ "type": "Feature", "properties": { "area_acres": 2.92 }, "geometry": { "type": "Polygon", "coordinates": [ [ [ -96.8337, 32.91757 ], [ -96.83372, 32.91559 ], [ -96.83315, 32.91558 ], [ -96.83313, 32.91757 ], [ -96.8337, 32.91757 ] ] ] } },
{ "type": "Feature", "properties": { "area_acres": 0.81 }, "geometry": { "type": "Polygon", "coordinates": [ [ [ -96.85868, 32.86281 ], [ -96.85847, 32.863 ], [ -96.85847, 32.86327 ], [ -96.85865, 32.86327 ], [ -96.85865, 32.86322 ], [ -96.85873, 32.86327 ], [ -96.85881, 32.8632 ], [ -96.85903, 32.86339 ], [ -96.85961, 32.86291 ], [ -96.85952, 32.86283 ], [ -96.85921, 32.86308 ], [ -96.85898, 32.86288 ], [ -96.85887, 32.86297 ], [ -96.85868, 32.86281 ] ] ] } },
{ "type": "Feature", "properties": { "area_acres": 0.23 }, "geometry": { "type": "Polygon", "coordinates": [ [ [ -96.85896, 32.86212 ], [ -96.85854, 32.86244 ], [ -96.85858, 32.86247 ], [ -96.85853, 32.86251 ], [ -96.85861, 32.86259 ], [ -96.85908, 32.86223 ], [ -96.85896, 32.86212 ] ] ] } },
{ "type": "Feature", "properties": { "area_acres": 3.22 }, "geometry": { "type": "Polygon", "coordinates": [ [ [ -96.8581, 32.86127 ], [ -96.85765, 32.86142 ], [ -96.85762, 32.86136 ], [ -96.85734, 32.86143 ], [ -96.85747, 32.86175 ], [ -96.85737, 32.86178 ], [ -96.85766, 32.86253 ], [ -96.85652, 32.86284 ], [ -96.85658, 32.86299 ], [ -96.85836, 32.86251 ], [ -96.85835, 32.8619 ], [ -96.85827, 32.86168 ], [ -96.85841, 32.86156 ], [ -96.8581, 32.86127 ] ] ] } },
{ "type": "Feature", "properties": { "area_acres": 0.14 }, "geometry": { "type": "Polygon", "coordinates": [ [ [ -96.8585, 32.86179 ], [ -96.8584, 32.86178 ], [ -96.85838, 32.86235 ], [ -96.85848, 32.86235 ], [ -96.8585, 32.86179 ] ] ] } },
{ "type": "Feature", "properties": { "area_acres": 1.04 }, "geometry": { "type": "Polygon", "coordinates": [ [ [ -96.86194, 32.86314 ], [ -96.86131, 32.86363 ], [ -96.86016, 32.86258 ], [ -96.8603, 32.86246 ], [ -96.8613, 32.86336 ], [ -96.86163, 32.8631 ], [ -96.86169, 32.86316 ], [ -96.86184, 32.86304 ], [ -96.86194, 32.86314 ] ] ] } },
{ "type": "Feature", "properties": { "area_acres": 3.63 }, "geometry": { "type": "Polygon", "coordinates": [ [ [ -96.86118, 32.86168 ], [ -96.86074, 32.86201 ], [ -96.86069, 32.86197 ], [ -96.86001, 32.86249 ], [ -96.85951, 32.86203 ], [ -96.85992, 32.86171 ], [ -96.85956, 32.86138 ], [ -96.86025, 32.86084 ], [ -96.86118, 32.86168 ] ] ] } },
{ "type": "Feature", "properties": { "area_acres": 1.14 }, "geometry": { "type": "Polygon", "coordinates": [ [ [ -96.86898, 32.85387 ], [ -96.86764, 32.854 ], [ -96.86759, 32.85368 ], [ -96.86893, 32.85354 ], [ -96.86898, 32.85387 ] ] ] } },
{ "type": "Feature", "properties": { "area_acres": 0.45 }, "geometry": { "type": "Polygon", "coordinates": [ [ [ -96.8725, 32.85436 ], [ -96.87236, 32.85448 ], [ -96.87162, 32.85386 ], [ -96.87176, 32.85374 ], [ -96.8725, 32.85436 ] ] ] } },
{ "type": "Feature", "properties": { "area_acres": 0.49 }, "geometry": { "type": "Polygon", "coordinates": [ [ [ -96.85596, 32.87016 ], [ -96.85595, 32.87054 ], [ -96.85577, 32.87054 ], [ -96.85577, 32.87048 ], [ -96.85539, 32.87047 ], [ -96.8554, 32.87014 ], [ -96.85596, 32.87016 ] ] ] } },
{ "type": "Feature", "properties": { "area_acres": 1.17 }, "geometry": { "type": "Polygon", "coordinates": [ [ [ -96.85531, 32.8822 ], [ -96.85415, 32.8822 ], [ -96.85415, 32.88259 ], [ -96.85531, 32.88259 ], [ -96.85531, 32.8822 ] ] ] } },
{ "type": "Feature", "properties": { "area_acres": 2.92 }, "geometry": { "type": "Polygon", "coordinates": [ [ [ -96.81742, 32.91093 ], [ -96.81811, 32.91093 ], [ -96.81811, 32.91246 ], [ -96.81769, 32.91246 ], [ -96.81769, 32.91274 ], [ -96.81742, 32.91274 ], [ -96.81742, 32.91093 ] ] ] } },
{ "type": "Feature", "properties": { "area_acres": 0.91 }, "geometry": { "type": "Polygon", "coordinates": [ [ [ -96.81757, 32.91337 ], [ -96.81757, 32.9133 ], [ -96.81807, 32.9133 ], [ -96.81807, 32.91292 ], [ -96.81769, 32.91292 ], [ -96.81769, 32.91274 ], [ -96.81734, 32.91274 ], [ -96.81734, 32.91337 ], [ -96.81757, 32.91337 ] ] ] } },
{ "type": "Feature", "properties": { "area_acres": 1.38 }, "geometry": { "type": "Polygon", "coordinates": [ [ [ -96.81684, 32.91071 ], [ -96.81684, 32.9097 ], [ -96.81594, 32.9097 ], [ -96.81594, 32.91023 ], [ -96.81672, 32.91023 ], [ -96.81672, 32.91071 ], [ -96.81684, 32.91071 ] ] ] } },
{ "type": "Feature", "properties": { "area_acres": 0.46 }, "geometry": { "type": "Polygon", "coordinates": [ [ [ -96.8589, 32.90882 ], [ -96.8589, 32.90877 ], [ -96.86018, 32.90879 ], [ -96.86018, 32.90885 ], [ -96.86032, 32.90885 ], [ -96.86032, 32.90895 ], [ -96.85928, 32.90894 ], [ -96.85928, 32.90883 ], [ -96.8589, 32.90882 ] ] ] } },
{ "type": "Feature", "properties": { "area_acres": 0.22 }, "geometry": { "type": "Polygon", "coordinates": [ [ [ -96.85985, 32.90943 ], [ -96.85905, 32.90943 ], [ -96.85905, 32.90932 ], [ -96.85985, 32.90932 ], [ -96.85985, 32.90943 ] ] ] } },
{ "type": "Feature", "properties": { "area_acres": 0.31 }, "geometry": { "type": "Polygon", "coordinates": [ [ [ -96.85925, 32.90929 ], [ -96.85883, 32.90929 ], [ -96.85883, 32.90913 ], [ -96.859, 32.90913 ], [ -96.85901, 32.90891 ], [ -96.85926, 32.90892 ], [ -96.85925, 32.90929 ] ] ] } },
{ "type": "Feature", "properties": { "area_acres": 0.13 }, "geometry": { "type": "Polygon", "coordinates": [ [ [ -96.85865, 32.90889 ], [ -96.8589, 32.90889 ], [ -96.85889, 32.90911 ], [ -96.85865, 32.9091 ], [ -96.85865, 32.90889 ] ] ] } },
{ "type": "Feature", "properties": { "area_acres": 1.78 }, "geometry": { "type": "Polygon", "coordinates": [ [ [ -96.85747, 32.90941 ], [ -96.85747, 32.90886 ], [ -96.85781, 32.90886 ], [ -96.85781, 32.90891 ], [ -96.85791, 32.90891 ], [ -96.85791, 32.90877 ], [ -96.85868, 32.90878 ], [ -96.85868, 32.90882 ], [ -96.85857, 32.90882 ], [ -96.85856, 32.90932 ], [ -96.85885, 32.90932 ], [ -96.85885, 32.90942 ], [ -96.85747, 32.90941 ] ] ] } },
{ "type": "Feature", "properties": { "area_acres": 0.87 }, "geometry": { "type": "Polygon", "coordinates": [ [ [ -96.85735, 32.90886 ], [ -96.85672, 32.90885 ], [ -96.85671, 32.9094 ], [ -96.85727, 32.90941 ], [ -96.85727, 32.90928 ], [ -96.85734, 32.90928 ], [ -96.85735, 32.90886 ] ] ] } },
{ "type": "Feature", "properties": { "area_acres": 0.66 }, "geometry": { "type": "Polygon", "coordinates": [ [ [ -96.87526, 32.90985 ], [ -96.87366, 32.90992 ], [ -96.87367, 32.91008 ], [ -96.87527, 32.91001 ], [ -96.87526, 32.90985 ] ] ] } },
{ "type": "Feature", "properties": { "area_acres": 6.69 }, "geometry": { "type": "Polygon", "coordinates": [ [ [ -96.87544, 32.91181 ], [ -96.8755, 32.91005 ], [ -96.87531, 32.91006 ], [ -96.87528, 32.91075 ], [ -96.87345, 32.91084 ], [ -96.87352, 32.91226 ], [ -96.87544, 32.91181 ] ] ] } },
{ "type": "Feature", "properties": { "area_acres": 0.25 }, "geometry": { "type": "Polygon", "coordinates": [ [ [ -96.86224, 32.91014 ], [ -96.86195, 32.91014 ], [ -96.86195, 32.9098 ], [ -96.86224, 32.9098 ], [ -96.86224, 32.91014 ] ] ] } },
{ "type": "Feature", "properties": { "area_acres": 4.76 }, "geometry": { "type": "Polygon", "coordinates": [ [ [ -96.84151, 32.92318 ], [ -96.84152, 32.92247 ], [ -96.83918, 32.92246 ], [ -96.83918, 32.92277 ], [ -96.83925, 32.92292 ], [ -96.83999, 32.92344 ], [ -96.84033, 32.92345 ], [ -96.84083, 32.92324 ], [ -96.84151, 32.92318 ] ] ] } },
{ "type": "Feature", "properties": { "area_acres": 3.74 }, "geometry": { "type": "Polygon", "coordinates": [ [ [ -96.84315, 32.92271 ], [ -96.84207, 32.92315 ], [ -96.84164, 32.92317 ], [ -96.84164, 32.92127 ], [ -96.84232, 32.92126 ], [ -96.84237, 32.92206 ], [ -96.84231, 32.92219 ], [ -96.8423, 32.92266 ], [ -96.84315, 32.92267 ], [ -96.84315, 32.92271 ] ] ] } },
{ "type": "Feature", "properties": { "area_acres": 0.2 }, "geometry": { "type": "Polygon", "coordinates": [ [ [ -96.87066, 32.85364 ], [ -96.8702, 32.8537 ], [ -96.87017, 32.85354 ], [ -96.87063, 32.85348 ], [ -96.87066, 32.85364 ] ] ] } },
{ "type": "Feature", "properties": { "area_acres": 0.12 }, "geometry": { "type": "Polygon", "coordinates": [ [ [ -96.76815, 32.68522 ], [ -96.76805, 32.68509 ], [ -96.76779, 32.68526 ], [ -96.76789, 32.68537 ], [ -96.76815, 32.68522 ] ] ] } },
{ "type": "Feature", "properties": { "area_acres": 0.58 }, "geometry": { "type": "Polygon", "coordinates": [ [ [ -96.77646, 32.8378 ], [ -96.77693, 32.83691 ], [ -96.77715, 32.837 ], [ -96.77671, 32.83783 ], [ -96.77656, 32.83777 ], [ -96.77653, 32.83783 ], [ -96.77646, 32.8378 ] ] ] } },
{ "type": "Feature", "properties": { "area_acres": 0.14 }, "geometry": { "type": "Polygon", "coordinates": [ [ [ -96.77702, 32.83817 ], [ -96.77693, 32.83832 ], [ -96.77664, 32.83821 ], [ -96.77673, 32.83805 ], [ -96.77702, 32.83817 ] ] ] } },
{ "type": "Feature", "properties": { "area_acres": 5.11 }, "geometry": { "type": "Polygon", "coordinates": [ [ [ -96.76362, 32.88729 ], [ -96.76281, 32.88694 ], [ -96.76284, 32.88572 ], [ -96.76254, 32.88571 ], [ -96.76254, 32.88557 ], [ -96.76473, 32.88561 ], [ -96.76468, 32.88733 ], [ -96.76371, 32.88732 ], [ -96.76372, 32.88691 ], [ -96.76432, 32.88692 ], [ -96.76434, 32.88632 ], [ -96.76392, 32.88631 ], [ -96.76392, 32.88617 ], [ -96.76421, 32.88618 ], [ -96.76422, 32.88592 ], [ -96.76314, 32.8859 ], [ -96.76314, 32.88617 ], [ -96.76343, 32.88618 ], [ -96.76342, 32.8863 ], [ -96.76306, 32.8863 ], [ -96.76304, 32.88688 ], [ -96.76363, 32.88689 ], [ -96.76362, 32.88729 ] ] ] } },
{ "type": "Feature", "properties": { "area_acres": 0.03 }, "geometry": { "type": "Polygon", "coordinates": [ [ [ -96.86848, 33.0001 ], [ -96.86848, 32.99985 ], [ -96.86853, 32.99985 ], [ -96.86853, 33.0001 ], [ -96.86848, 33.0001 ] ] ] } },
{ "type": "Feature", "properties": { "area_acres": 0.05 }, "geometry": { "type": "Polygon", "coordinates": [ [ [ -96.86854, 33.0004 ], [ -96.86848, 33.0004 ], [ -96.86848, 33.00013 ], [ -96.86854, 33.00013 ], [ -96.86854, 33.0004 ] ] ] } },
{ "type": "Feature", "properties": { "area_acres": 0.03 }, "geometry": { "type": "Polygon", "coordinates": [ [ [ -96.86847, 32.99953 ], [ -96.86853, 32.99953 ], [ -96.86853, 32.99973 ], [ -96.86847, 32.99973 ], [ -96.86847, 32.99953 ] ] ] } },
{ "type": "Feature", "properties": { "area_acres": 0.03 }, "geometry": { "type": "Polygon", "coordinates": [ [ [ -96.86882, 32.9998 ], [ -96.86882, 32.99955 ], [ -96.86887, 32.99955 ], [ -96.86887, 32.9998 ], [ -96.86882, 32.9998 ] ] ] } },
{ "type": "Feature", "properties": { "area_acres": 0.63 }, "geometry": { "type": "Polygon", "coordinates": [ [ [ -96.82893, 32.77428 ], [ -96.82822, 32.77444 ], [ -96.82812, 32.77412 ], [ -96.82882, 32.77396 ], [ -96.82893, 32.77428 ] ] ] } },
{ "type": "Feature", "properties": { "area_acres": 0.9 }, "geometry": { "type": "Polygon", "coordinates": [ [ [ -96.786, 32.76652 ], [ -96.78662, 32.76588 ], [ -96.78635, 32.76569 ], [ -96.78628, 32.76569 ], [ -96.78568, 32.76626 ], [ -96.78569, 32.7663 ], [ -96.786, 32.76652 ] ] ] } },
{ "type": "Feature", "properties": { "area_acres": 0.65 }, "geometry": { "type": "Polygon", "coordinates": [ [ [ -96.79697, 32.76969 ], [ -96.79711, 32.76979 ], [ -96.79667, 32.77025 ], [ -96.79636, 32.77004 ], [ -96.79686, 32.76952 ], [ -96.79702, 32.76963 ], [ -96.79697, 32.76969 ] ] ] } },
{ "type": "Feature", "properties": { "area_acres": 0.14 }, "geometry": { "type": "Polygon", "coordinates": [ [ [ -96.77666, 32.77715 ], [ -96.77634, 32.77693 ], [ -96.77622, 32.77705 ], [ -96.77639, 32.77717 ], [ -96.77645, 32.77712 ], [ -96.77659, 32.77722 ], [ -96.77666, 32.77715 ] ] ] } },
{ "type": "Feature", "properties": { "area_acres": 0.21 }, "geometry": { "type": "Polygon", "coordinates": [ [ [ -96.87416, 32.82815 ], [ -96.87378, 32.82826 ], [ -96.87369, 32.82804 ], [ -96.87397, 32.82796 ], [ -96.874, 32.82804 ], [ -96.87411, 32.82801 ], [ -96.87416, 32.82815 ] ] ] } },
{ "type": "Feature", "properties": { "area_acres": 0.21 }, "geometry": { "type": "Polygon", "coordinates": [ [ [ -96.87371, 32.82717 ], [ -96.87324, 32.8273 ], [ -96.87317, 32.82714 ], [ -96.87364, 32.82701 ], [ -96.87371, 32.82717 ] ] ] } },
{ "type": "Feature", "properties": { "area_acres": 0.49 }, "geometry": { "type": "Polygon", "coordinates": [ [ [ -96.86397, 32.85739 ], [ -96.86359, 32.85705 ], [ -96.86338, 32.85722 ], [ -96.86374, 32.85753 ], [ -96.8637, 32.85757 ], [ -96.86326, 32.85717 ], [ -96.86364, 32.85687 ], [ -96.86374, 32.85696 ], [ -96.86378, 32.85693 ], [ -96.86415, 32.85725 ], [ -96.86397, 32.85739 ] ] ] } },
{ "type": "Feature", "properties": { "area_acres": 0.24 }, "geometry": { "type": "Polygon", "coordinates": [ [ [ -96.74834, 32.67145 ], [ -96.74817, 32.67139 ], [ -96.74841, 32.67093 ], [ -96.74858, 32.67099 ], [ -96.74834, 32.67145 ] ] ] } },
{ "type": "Feature", "properties": { "area_acres": 0.34 }, "geometry": { "type": "Polygon", "coordinates": [ [ [ -96.75724, 32.67684 ], [ -96.75709, 32.67623 ], [ -96.7573, 32.67619 ], [ -96.75745, 32.6768 ], [ -96.75724, 32.67684 ] ] ] } },
{ "type": "Feature", "properties": { "area_acres": 0.26 }, "geometry": { "type": "Polygon", "coordinates": [ [ [ -96.75551, 32.67756 ], [ -96.75533, 32.67759 ], [ -96.75519, 32.67703 ], [ -96.75537, 32.677 ], [ -96.75551, 32.67756 ] ] ] } },
{ "type": "Feature", "properties": { "area_acres": 0.3 }, "geometry": { "type": "Polygon", "coordinates": [ [ [ -96.75811, 32.6774 ], [ -96.75795, 32.6777 ], [ -96.75778, 32.67763 ], [ -96.75791, 32.67739 ], [ -96.75783, 32.67711 ], [ -96.75802, 32.67707 ], [ -96.75811, 32.6774 ] ] ] } },
{ "type": "Feature", "properties": { "area_acres": 0.21 }, "geometry": { "type": "Polygon", "coordinates": [ [ [ -96.75519, 32.68063 ], [ -96.75545, 32.68028 ], [ -96.75539, 32.68026 ], [ -96.75531, 32.68036 ], [ -96.75519, 32.68032 ], [ -96.75496, 32.68057 ], [ -96.75506, 32.6807 ], [ -96.75519, 32.68063 ] ] ] } },
{ "type": "Feature", "properties": { "area_acres": 0.31 }, "geometry": { "type": "Polygon", "coordinates": [ [ [ -96.75531, 32.68008 ], [ -96.75512, 32.68011 ], [ -96.75456, 32.67998 ], [ -96.75451, 32.68015 ], [ -96.75517, 32.68028 ], [ -96.75522, 32.68015 ], [ -96.75533, 32.68013 ], [ -96.75531, 32.68008 ] ] ] } },
{ "type": "Feature", "properties": { "area_acres": 0.23 }, "geometry": { "type": "Polygon", "coordinates": [ [ [ -96.75586, 32.67978 ], [ -96.75618, 32.67965 ], [ -96.75614, 32.67949 ], [ -96.75581, 32.67962 ], [ -96.7558, 32.67967 ], [ -96.75574, 32.67964 ], [ -96.75564, 32.67976 ], [ -96.7558, 32.67986 ], [ -96.75586, 32.67978 ] ] ] } },
{ "type": "Feature", "properties": { "area_acres": 0.16 }, "geometry": { "type": "Polygon", "coordinates": [ [ [ -96.78677, 32.69487 ], [ -96.78652, 32.69464 ], [ -96.78667, 32.69453 ], [ -96.78692, 32.69476 ], [ -96.78677, 32.69487 ] ] ] } },
{ "type": "Feature", "properties": { "area_acres": 0.32 }, "geometry": { "type": "Polygon", "coordinates": [ [ [ -96.78289, 32.6897 ], [ -96.78224, 32.69001 ], [ -96.78214, 32.68987 ], [ -96.78279, 32.68956 ], [ -96.78289, 32.6897 ] ] ] } },
{ "type": "Feature", "properties": { "area_acres": 0.32 }, "geometry": { "type": "Polygon", "coordinates": [ [ [ -96.78302, 32.68989 ], [ -96.78237, 32.6902 ], [ -96.78227, 32.69006 ], [ -96.78293, 32.68975 ], [ -96.78302, 32.68989 ] ] ] } },
{ "type": "Feature", "properties": { "area_acres": 0.54 }, "geometry": { "type": "Polygon", "coordinates": [ [ [ -96.79639, 32.6888 ], [ -96.79684, 32.68867 ], [ -96.79667, 32.68825 ], [ -96.79622, 32.68838 ], [ -96.79639, 32.6888 ] ] ] } },
{ "type": "Feature", "properties": { "area_acres": 0.18 }, "geometry": { "type": "Polygon", "coordinates": [ [ [ -96.86521, 32.71409 ], [ -96.86562, 32.71409 ], [ -96.86562, 32.71426 ], [ -96.86521, 32.71426 ], [ -96.86521, 32.71409 ] ] ] } },
{ "type": "Feature", "properties": { "area_acres": 0.19 }, "geometry": { "type": "Polygon", "coordinates": [ [ [ -96.75302, 32.82249 ], [ -96.75325, 32.82249 ], [ -96.75325, 32.82232 ], [ -96.75313, 32.82232 ], [ -96.75313, 32.82221 ], [ -96.75321, 32.82221 ], [ -96.75321, 32.82208 ], [ -96.75302, 32.82208 ], [ -96.75302, 32.82249 ] ] ] } },
{ "type": "Feature", "properties": { "area_acres": 0.74 }, "geometry": { "type": "Polygon", "coordinates": [ [ [ -96.75368, 32.8229 ], [ -96.7535, 32.8229 ], [ -96.75347, 32.8227 ], [ -96.75353, 32.82256 ], [ -96.75353, 32.82208 ], [ -96.75405, 32.82211 ], [ -96.75405, 32.8225 ], [ -96.75367, 32.82249 ], [ -96.75368, 32.8229 ] ] ] } },
{ "type": "Feature", "properties": { "area_acres": 0.19 }, "geometry": { "type": "Polygon", "coordinates": [ [ [ -96.94805, 32.63116 ], [ -96.94783, 32.63085 ], [ -96.94801, 32.63077 ], [ -96.94822, 32.63108 ], [ -96.94805, 32.63116 ] ] ] } },
{ "type": "Feature", "properties": { "area_acres": 0.84 }, "geometry": { "type": "Polygon", "coordinates": [ [ [ -96.87944, 32.90895 ], [ -96.87943, 32.90836 ], [ -96.87981, 32.90835 ], [ -96.87981, 32.90875 ], [ -96.87989, 32.90875 ], [ -96.87989, 32.90918 ], [ -96.87951, 32.90919 ], [ -96.8795, 32.90895 ], [ -96.87944, 32.90895 ] ] ] } },
{ "type": "Feature", "properties": { "area_acres": 0.46 }, "geometry": { "type": "Polygon", "coordinates": [ [ [ -96.87853, 32.90925 ], [ -96.87852, 32.90833 ], [ -96.87873, 32.90833 ], [ -96.87874, 32.90916 ], [ -96.8786, 32.90916 ], [ -96.8786, 32.90925 ], [ -96.87853, 32.90925 ] ] ] } },
{ "type": "Feature", "properties": { "area_acres": 0.88 }, "geometry": { "type": "Polygon", "coordinates": [ [ [ -96.80331, 33.00335 ], [ -96.80287, 33.00351 ], [ -96.80255, 33.00291 ], [ -96.80313, 33.00273 ], [ -96.80323, 33.00293 ], [ -96.80311, 33.00297 ], [ -96.80331, 33.00335 ] ] ] } },
{ "type": "Feature", "properties": { "area_acres": 0.3 }, "geometry": { "type": "Polygon", "coordinates": [ [ [ -96.82072, 32.84899 ], [ -96.82072, 32.8491 ], [ -96.81961, 32.84909 ], [ -96.81961, 32.84898 ], [ -96.82072, 32.84899 ] ] ] } },
{ "type": "Feature", "properties": { "area_acres": 1.48 }, "geometry": { "type": "Polygon", "coordinates": [ [ [ -96.76458, 32.88868 ], [ -96.76324, 32.88868 ], [ -96.76325, 32.88834 ], [ -96.76377, 32.88835 ], [ -96.76378, 32.88818 ], [ -96.76458, 32.88818 ], [ -96.76458, 32.88868 ] ] ] } },
{ "type": "Feature", "properties": { "area_acres": 0.37 }, "geometry": { "type": "Polygon", "coordinates": [ [ [ -96.8519, 32.86147 ], [ -96.85194, 32.86157 ], [ -96.852, 32.86156 ], [ -96.85206, 32.86174 ], [ -96.85159, 32.86186 ], [ -96.85151, 32.86163 ], [ -96.85142, 32.86165 ], [ -96.8514, 32.8616 ], [ -96.8519, 32.86147 ] ] ] } },
{ "type": "Feature", "properties": { "area_acres": 0.04 }, "geometry": { "type": "Polygon", "coordinates": [ [ [ -96.85191, 32.86145 ], [ -96.85198, 32.86143 ], [ -96.85191, 32.86124 ], [ -96.85184, 32.86126 ], [ -96.85191, 32.86145 ] ] ] } },
{ "type": "Feature", "properties": { "area_acres": 0.66 }, "geometry": { "type": "Polygon", "coordinates": [ [ [ -96.85289, 32.86074 ], [ -96.85204, 32.86098 ], [ -96.85211, 32.8607 ], [ -96.85201, 32.86068 ], [ -96.85193, 32.86099 ], [ -96.85205, 32.86111 ], [ -96.85232, 32.86103 ], [ -96.85239, 32.8612 ], [ -96.85285, 32.86108 ], [ -96.85284, 32.86104 ], [ -96.85297, 32.861 ], [ -96.85291, 32.86085 ], [ -96.85277, 32.86086 ], [ -96.85291, 32.86082 ], [ -96.85289, 32.86074 ] ] ] } },
{ "type": "Feature", "properties": { "area_acres": 0.21 }, "geometry": { "type": "Polygon", "coordinates": [ [ [ -96.76033, 32.93695 ], [ -96.75988, 32.93695 ], [ -96.75988, 32.93677 ], [ -96.76033, 32.93677 ], [ -96.76033, 32.93695 ] ] ] } },
{ "type": "Feature", "properties": { "area_acres": 0.54 }, "geometry": { "type": "Polygon", "coordinates": [ [ [ -96.76102, 32.93733 ], [ -96.76102, 32.9382 ], [ -96.76098, 32.9382 ], [ -96.76098, 32.9383 ], [ -96.7608, 32.9383 ], [ -96.7608, 32.93734 ], [ -96.76102, 32.93733 ] ] ] } },
{ "type": "Feature", "properties": { "area_acres": 1.31 }, "geometry": { "type": "Polygon", "coordinates": [ [ [ -96.79469, 32.80511 ], [ -96.79416, 32.80468 ], [ -96.79409, 32.80474 ], [ -96.79387, 32.80457 ], [ -96.79384, 32.80413 ], [ -96.79389, 32.80408 ], [ -96.79407, 32.8041 ], [ -96.79499, 32.80487 ], [ -96.79469, 32.80511 ] ] ] } },
{ "type": "Feature", "properties": { "area_acres": 0.24 }, "geometry": { "type": "Polygon", "coordinates": [ [ [ -96.78476, 32.82015 ], [ -96.78453, 32.81998 ], [ -96.78472, 32.81974 ], [ -96.78493, 32.81987 ], [ -96.78476, 32.82015 ] ] ] } },
{ "type": "Feature", "properties": { "area_acres": 0.49 }, "geometry": { "type": "Polygon", "coordinates": [ [ [ -96.83184, 32.64669 ], [ -96.83116, 32.6474 ], [ -96.83097, 32.64736 ], [ -96.83106, 32.6472 ], [ -96.83134, 32.64697 ], [ -96.83167, 32.64658 ], [ -96.83184, 32.64669 ] ] ] } },
{ "type": "Feature", "properties": { "area_acres": 0.87 }, "geometry": { "type": "Polygon", "coordinates": [ [ [ -96.84669, 32.63432 ], [ -96.84625, 32.63432 ], [ -96.84624, 32.63355 ], [ -96.84668, 32.63354 ], [ -96.84669, 32.63432 ] ] ] } },
{ "type": "Feature", "properties": { "area_acres": 1.74 }, "geometry": { "type": "Polygon", "coordinates": [ [ [ -96.68805, 32.78197 ], [ -96.68805, 32.78115 ], [ -96.68888, 32.78115 ], [ -96.68888, 32.78197 ], [ -96.68805, 32.78197 ] ] ] } },
{ "type": "Feature", "properties": { "area_acres": 3.75 }, "geometry": { "type": "Polygon", "coordinates": [ [ [ -96.69246, 32.7783 ], [ -96.69246, 32.77912 ], [ -96.69067, 32.77912 ], [ -96.69066, 32.77831 ], [ -96.69246, 32.7783 ] ] ] } },
{ "type": "Feature", "properties": { "area_acres": 1.46 }, "geometry": { "type": "Polygon", "coordinates": [ [ [ -96.70666, 32.75728 ], [ -96.70534, 32.75727 ], [ -96.70535, 32.75652 ], [ -96.70566, 32.75652 ], [ -96.70566, 32.75695 ], [ -96.70666, 32.75695 ], [ -96.70666, 32.75728 ] ] ] } },
{ "type": "Feature", "properties": { "area_acres": 0.74 }, "geometry": { "type": "Polygon", "coordinates": [ [ [ -96.67229, 32.75134 ], [ -96.67229, 32.75083 ], [ -96.67291, 32.75083 ], [ -96.67291, 32.75111 ], [ -96.67281, 32.75111 ], [ -96.67281, 32.75134 ], [ -96.67229, 32.75134 ] ] ] } },
{ "type": "Feature", "properties": { "area_acres": 0.64 }, "geometry": { "type": "Polygon", "coordinates": [ [ [ -96.6736, 32.75152 ], [ -96.67361, 32.75095 ], [ -96.67404, 32.75096 ], [ -96.67403, 32.75153 ], [ -96.6736, 32.75152 ] ] ] } },
{ "type": "Feature", "properties": { "area_acres": 0.28 }, "geometry": { "type": "Polygon", "coordinates": [ [ [ -96.6583, 32.75901 ], [ -96.6583, 32.75916 ], [ -96.65762, 32.75916 ], [ -96.65762, 32.759 ], [ -96.6583, 32.75901 ] ] ] } },
{ "type": "Feature", "properties": { "area_acres": 3.55 }, "geometry": { "type": "Polygon", "coordinates": [ [ [ -96.65698, 32.71214 ], [ -96.65578, 32.71214 ], [ -96.65578, 32.71088 ], [ -96.65636, 32.71088 ], [ -96.65636, 32.71107 ], [ -96.65698, 32.71107 ], [ -96.65698, 32.71214 ] ] ] } },
{ "type": "Feature", "properties": { "area_acres": 1.18 }, "geometry": { "type": "Polygon", "coordinates": [ [ [ -96.65493, 32.71104 ], [ -96.65493, 32.71029 ], [ -96.65553, 32.71028 ], [ -96.65553, 32.71104 ], [ -96.65493, 32.71104 ] ] ] } },
{ "type": "Feature", "properties": { "area_acres": 0.3 }, "geometry": { "type": "Polygon", "coordinates": [ [ [ -96.65607, 32.73758 ], [ -96.65678, 32.73764 ], [ -96.65677, 32.7378 ], [ -96.65605, 32.73775 ], [ -96.65607, 32.73758 ] ] ] } },
{ "type": "Feature", "properties": { "area_acres": 0.26 }, "geometry": { "type": "Polygon", "coordinates": [ [ [ -96.67394, 32.72256 ], [ -96.67394, 32.72206 ], [ -96.67414, 32.72206 ], [ -96.67414, 32.72256 ], [ -96.67394, 32.72256 ] ] ] } },
{ "type": "Feature", "properties": { "area_acres": 0.65 }, "geometry": { "type": "Polygon", "coordinates": [ [ [ -96.69003, 32.7088 ], [ -96.68965, 32.7088 ], [ -96.68965, 32.70819 ], [ -96.6897, 32.70819 ], [ -96.6897, 32.70812 ], [ -96.69003, 32.70812 ], [ -96.69003, 32.7088 ] ] ] } },
{ "type": "Feature", "properties": { "area_acres": 1.06 }, "geometry": { "type": "Polygon", "coordinates": [ [ [ -96.67413, 32.71922 ], [ -96.67413, 32.71938 ], [ -96.67158, 32.71939 ], [ -96.67158, 32.71923 ], [ -96.67413, 32.71922 ] ] ] } },
{ "type": "Feature", "properties": { "area_acres": 0.36 }, "geometry": { "type": "Polygon", "coordinates": [ [ [ -96.65668, 32.7232 ], [ -96.65668, 32.72256 ], [ -96.6569, 32.72256 ], [ -96.6569, 32.7232 ], [ -96.65668, 32.7232 ] ] ] } },
{ "type": "Feature", "properties": { "area_acres": 1.89 }, "geometry": { "type": "Polygon", "coordinates": [ [ [ -96.66343, 32.71814 ], [ -96.66464, 32.71814 ], [ -96.66464, 32.71875 ], [ -96.66343, 32.71875 ], [ -96.66343, 32.71814 ] ] ] } },
{ "type": "Feature", "properties": { "area_acres": 0.35 }, "geometry": { "type": "Polygon", "coordinates": [ [ [ -96.64023, 32.74084 ], [ -96.64004, 32.74084 ], [ -96.64005, 32.7401 ], [ -96.64023, 32.7401 ], [ -96.64023, 32.74084 ] ] ] } },
{ "type": "Feature", "properties": { "area_acres": 0.6 }, "geometry": { "type": "Polygon", "coordinates": [ [ [ -96.85061, 32.78427 ], [ -96.85062, 32.78365 ], [ -96.851, 32.78365 ], [ -96.85098, 32.78427 ], [ -96.85061, 32.78427 ] ] ] } },
{ "type": "Feature", "properties": { "area_acres": 0.73 }, "geometry": { "type": "Polygon", "coordinates": [ [ [ -96.85546, 32.78798 ], [ -96.85525, 32.78799 ], [ -96.85525, 32.78792 ], [ -96.85506, 32.78792 ], [ -96.85506, 32.78725 ], [ -96.85546, 32.78725 ], [ -96.85546, 32.78798 ] ] ] } },
{ "type": "Feature", "properties": { "area_acres": 0.17 }, "geometry": { "type": "Polygon", "coordinates": [ [ [ -96.84938, 32.709 ], [ -96.84925, 32.709 ], [ -96.84926, 32.7089 ], [ -96.84917, 32.7089 ], [ -96.84919, 32.70864 ], [ -96.8494, 32.70864 ], [ -96.84938, 32.709 ] ] ] } },
{ "type": "Feature", "properties": { "area_acres": 0.35 }, "geometry": { "type": "Polygon", "coordinates": [ [ [ -96.8546, 32.70539 ], [ -96.85483, 32.70524 ], [ -96.8549, 32.70513 ], [ -96.85494, 32.70489 ], [ -96.85513, 32.70489 ], [ -96.8551, 32.70516 ], [ -96.85489, 32.70543 ], [ -96.85472, 32.70552 ], [ -96.8546, 32.70539 ] ] ] } },
{ "type": "Feature", "properties": { "area_acres": 0.62 }, "geometry": { "type": "Polygon", "coordinates": [ [ [ -96.85531, 32.70808 ], [ -96.85506, 32.70815 ], [ -96.85472, 32.70729 ], [ -96.85497, 32.70722 ], [ -96.85531, 32.70808 ] ] ] } },
{ "type": "Feature", "properties": { "area_acres": 0.83 }, "geometry": { "type": "Polygon", "coordinates": [ [ [ -96.8528, 32.71283 ], [ -96.85377, 32.71213 ], [ -96.85397, 32.71233 ], [ -96.85323, 32.71286 ], [ -96.85293, 32.71296 ], [ -96.8528, 32.71283 ] ] ] } },
{ "type": "Feature", "properties": { "area_acres": 0.2 }, "geometry": { "type": "Polygon", "coordinates": [ [ [ -96.81469, 32.74098 ], [ -96.81452, 32.74085 ], [ -96.81481, 32.74061 ], [ -96.81497, 32.74074 ], [ -96.81469, 32.74098 ] ] ] } },
{ "type": "Feature", "properties": { "area_acres": 1.19 }, "geometry": { "type": "Polygon", "coordinates": [ [ [ -96.78336, 32.91857 ], [ -96.78336, 32.91804 ], [ -96.78313, 32.91804 ], [ -96.78313, 32.91792 ], [ -96.78225, 32.91791 ], [ -96.78225, 32.91824 ], [ -96.78296, 32.91824 ], [ -96.78296, 32.91857 ], [ -96.78336, 32.91857 ] ] ] } },
{ "type": "Feature", "properties": { "area_acres": 0.2 }, "geometry": { "type": "Polygon", "coordinates": [ [ [ -96.77139, 32.69918 ], [ -96.77149, 32.69932 ], [ -96.77109, 32.69952 ], [ -96.77099, 32.69937 ], [ -96.77139, 32.69918 ] ] ] } },
{ "type": "Feature", "properties": { "area_acres": 0.52 }, "geometry": { "type": "Polygon", "coordinates": [ [ [ -96.77075, 32.69905 ], [ -96.77069, 32.69908 ], [ -96.77071, 32.69911 ], [ -96.77047, 32.69924 ], [ -96.77036, 32.69909 ], [ -96.76994, 32.69931 ], [ -96.76984, 32.69916 ], [ -96.77056, 32.69879 ], [ -96.77075, 32.69905 ] ] ] } },
{ "type": "Feature", "properties": { "area_acres": 0.8 }, "geometry": { "type": "Polygon", "coordinates": [ [ [ -96.7932, 32.66924 ], [ -96.79249, 32.66928 ], [ -96.79245, 32.66865 ], [ -96.79265, 32.66865 ], [ -96.79266, 32.6689 ], [ -96.79318, 32.66888 ], [ -96.7932, 32.66924 ] ] ] } },
{ "type": "Feature", "properties": { "area_acres": 0.5 }, "geometry": { "type": "Polygon", "coordinates": [ [ [ -96.77361, 32.69748 ], [ -96.77334, 32.69708 ], [ -96.77298, 32.69725 ], [ -96.77289, 32.69711 ], [ -96.77343, 32.69685 ], [ -96.77379, 32.6974 ], [ -96.77361, 32.69748 ] ] ] } },
{ "type": "Feature", "properties": { "area_acres": 2.0 }, "geometry": { "type": "Polygon", "coordinates": [ [ [ -96.81669, 32.69866 ], [ -96.81669, 32.69923 ], [ -96.81596, 32.69923 ], [ -96.81596, 32.699 ], [ -96.8155, 32.699 ], [ -96.8155, 32.69893 ], [ -96.81508, 32.69893 ], [ -96.81508, 32.699 ], [ -96.81482, 32.699 ], [ -96.81482, 32.69866 ], [ -96.81669, 32.69866 ] ] ] } },
{ "type": "Feature", "properties": { "area_acres": 0.58 }, "geometry": { "type": "Polygon", "coordinates": [ [ [ -96.78814, 32.80842 ], [ -96.78865, 32.808 ], [ -96.78892, 32.80827 ], [ -96.78847, 32.80863 ], [ -96.78822, 32.80842 ], [ -96.78818, 32.80845 ], [ -96.78814, 32.80842 ] ] ] } },
{ "type": "Feature", "properties": { "area_acres": 0.73 }, "geometry": { "type": "Polygon", "coordinates": [ [ [ -96.78672, 32.80812 ], [ -96.78646, 32.80789 ], [ -96.7871, 32.80737 ], [ -96.78737, 32.8076 ], [ -96.78672, 32.80812 ] ] ] } },
{ "type": "Feature", "properties": { "area_acres": 0.64 }, "geometry": { "type": "Polygon", "coordinates": [ [ [ -96.8397, 32.82262 ], [ -96.84023, 32.82217 ], [ -96.84051, 32.8224 ], [ -96.83998, 32.82285 ], [ -96.8397, 32.82262 ] ] ] } },
{ "type": "Feature", "properties": { "area_acres": 0.17 }, "geometry": { "type": "Polygon", "coordinates": [ [ [ -96.85124, 32.81972 ], [ -96.85075, 32.81971 ], [ -96.85076, 32.81957 ], [ -96.85118, 32.81958 ], [ -96.85118, 32.81962 ], [ -96.85124, 32.81962 ], [ -96.85124, 32.81972 ] ] ] } },
{ "type": "Feature", "properties": { "area_acres": 0.73 }, "geometry": { "type": "Polygon", "coordinates": [ [ [ -96.85067, 32.82043 ], [ -96.85073, 32.81997 ], [ -96.85082, 32.81997 ], [ -96.85082, 32.81991 ], [ -96.85122, 32.81992 ], [ -96.85122, 32.81996 ], [ -96.85128, 32.81996 ], [ -96.85127, 32.82036 ], [ -96.85121, 32.82036 ], [ -96.85121, 32.82043 ], [ -96.85067, 32.82043 ] ] ] } },
{ "type": "Feature", "properties": { "area_acres": 1.5 }, "geometry": { "type": "Polygon", "coordinates": [ [ [ -96.85074, 32.81773 ], [ -96.85127, 32.81773 ], [ -96.85127, 32.81871 ], [ -96.85051, 32.81871 ], [ -96.85051, 32.81843 ], [ -96.85074, 32.81843 ], [ -96.85074, 32.81773 ] ] ] } },
{ "type": "Feature", "properties": { "area_acres": 0.25 }, "geometry": { "type": "Polygon", "coordinates": [ [ [ -96.84998, 32.81826 ], [ -96.84979, 32.81815 ], [ -96.84979, 32.8177 ], [ -96.84998, 32.8177 ], [ -96.84998, 32.81826 ] ] ] } },
{ "type": "Feature", "properties": { "area_acres": 0.85 }, "geometry": { "type": "Polygon", "coordinates": [ [ [ -96.84761, 32.81746 ], [ -96.84711, 32.81745 ], [ -96.84712, 32.81695 ], [ -96.84707, 32.81693 ], [ -96.84707, 32.81683 ], [ -96.84766, 32.81684 ], [ -96.84766, 32.81707 ], [ -96.84761, 32.81707 ], [ -96.84766, 32.81712 ], [ -96.84761, 32.81746 ] ] ] } },
{ "type": "Feature", "properties": { "area_acres": 0.87 }, "geometry": { "type": "Polygon", "coordinates": [ [ [ -96.83374, 32.81113 ], [ -96.83389, 32.81101 ], [ -96.83395, 32.81105 ], [ -96.83394, 32.81099 ], [ -96.83449, 32.81087 ], [ -96.83451, 32.81093 ], [ -96.83459, 32.81091 ], [ -96.83472, 32.8113 ], [ -96.83451, 32.81135 ], [ -96.83447, 32.81125 ], [ -96.83375, 32.8114 ], [ -96.8337, 32.81123 ], [ -96.83377, 32.81121 ], [ -96.83374, 32.81113 ] ] ] } },
{ "type": "Feature", "properties": { "area_acres": 0.27 }, "geometry": { "type": "Polygon", "coordinates": [ [ [ -96.84235, 32.81215 ], [ -96.84239, 32.81221 ], [ -96.84221, 32.81228 ], [ -96.84225, 32.81236 ], [ -96.84173, 32.81256 ], [ -96.84165, 32.81242 ], [ -96.84235, 32.81215 ] ] ] } },
{ "type": "Feature", "properties": { "area_acres": 0.66 }, "geometry": { "type": "Polygon", "coordinates": [ [ [ -96.77429, 32.86635 ], [ -96.77429, 32.8659 ], [ -96.77435, 32.8659 ], [ -96.77435, 32.86586 ], [ -96.77467, 32.86586 ], [ -96.77467, 32.8666 ], [ -96.7745, 32.8666 ], [ -96.7745, 32.86654 ], [ -96.77434, 32.86651 ], [ -96.77433, 32.86635 ], [ -96.77429, 32.86635 ] ] ] } },
{ "type": "Feature", "properties": { "area_acres": 0.48 }, "geometry": { "type": "Polygon", "coordinates": [ [ [ -96.77304, 32.80331 ], [ -96.77317, 32.80342 ], [ -96.77358, 32.80307 ], [ -96.77375, 32.80321 ], [ -96.77382, 32.80315 ], [ -96.77375, 32.80309 ], [ -96.77393, 32.80294 ], [ -96.77371, 32.80276 ], [ -96.77304, 32.80331 ] ] ] } },
{ "type": "Feature", "properties": { "area_acres": 0.28 }, "geometry": { "type": "Polygon", "coordinates": [ [ [ -96.86366, 32.89544 ], [ -96.86366, 32.89561 ], [ -96.863, 32.89561 ], [ -96.863, 32.89544 ], [ -96.86366, 32.89544 ] ] ] } },
{ "type": "Feature", "properties": { "area_acres": 1.05 }, "geometry": { "type": "Polygon", "coordinates": [ [ [ -96.86549, 32.83585 ], [ -96.86492, 32.83637 ], [ -96.86436, 32.83595 ], [ -96.86461, 32.83572 ], [ -96.86487, 32.83587 ], [ -96.86512, 32.83564 ], [ -96.86515, 32.83567 ], [ -96.8652, 32.83563 ], [ -96.86549, 32.83585 ] ] ] } },
{ "type": "Feature", "properties": { "area_acres": 1.0 }, "geometry": { "type": "Polygon", "coordinates": [ [ [ -96.81281, 32.81059 ], [ -96.81239, 32.81023 ], [ -96.81183, 32.81071 ], [ -96.81222, 32.81103 ], [ -96.81233, 32.81093 ], [ -96.81237, 32.81096 ], [ -96.81281, 32.81059 ] ] ] } },
{ "type": "Feature", "properties": { "area_acres": 0.84 }, "geometry": { "type": "Polygon", "coordinates": [ [ [ -96.81164, 32.8106 ], [ -96.81091, 32.81006 ], [ -96.81119, 32.80983 ], [ -96.81193, 32.81036 ], [ -96.81164, 32.8106 ] ] ] } },
{ "type": "Feature", "properties": { "area_acres": 0.11 }, "geometry": { "type": "Polygon", "coordinates": [ [ [ -96.80221, 32.80955 ], [ -96.80205, 32.80953 ], [ -96.8021, 32.80926 ], [ -96.80226, 32.80928 ], [ -96.80221, 32.80955 ] ] ] } },
{ "type": "Feature", "properties": { "area_acres": 0.22 }, "geometry": { "type": "Polygon", "coordinates": [ [ [ -96.78282, 32.94979 ], [ -96.78264, 32.94979 ], [ -96.78264, 32.94929 ], [ -96.78282, 32.94929 ], [ -96.78282, 32.94979 ] ] ] } },
{ "type": "Feature", "properties": { "area_acres": 0.76 }, "geometry": { "type": "Polygon", "coordinates": [ [ [ -96.78336, 32.9493 ], [ -96.7829, 32.9493 ], [ -96.7829, 32.94866 ], [ -96.78336, 32.94866 ], [ -96.78336, 32.9493 ] ] ] } },
{ "type": "Feature", "properties": { "area_acres": 1.28 }, "geometry": { "type": "Polygon", "coordinates": [ [ [ -96.78202, 32.94827 ], [ -96.7791, 32.94827 ], [ -96.7791, 32.9481 ], [ -96.78202, 32.9481 ], [ -96.78202, 32.94827 ] ] ] } },
{ "type": "Feature", "properties": { "area_acres": 1.03 }, "geometry": { "type": "Polygon", "coordinates": [ [ [ -96.81083, 32.92094 ], [ -96.80953, 32.92093 ], [ -96.80953, 32.92062 ], [ -96.81084, 32.92063 ], [ -96.81083, 32.92094 ] ] ] } },
{ "type": "Feature", "properties": { "area_acres": 0.32 }, "geometry": { "type": "Polygon", "coordinates": [ [ [ -96.86563, 32.84977 ], [ -96.86542, 32.84963 ], [ -96.86575, 32.84927 ], [ -96.86596, 32.84941 ], [ -96.86563, 32.84977 ] ] ] } },
{ "type": "Feature", "properties": { "area_acres": 0.13 }, "geometry": { "type": "Polygon", "coordinates": [ [ [ -96.83404, 32.82707 ], [ -96.83395, 32.82692 ], [ -96.83424, 32.82678 ], [ -96.83434, 32.82693 ], [ -96.83416, 32.82695 ], [ -96.8342, 32.827 ], [ -96.83404, 32.82707 ] ] ] } },
{ "type": "Feature", "properties": { "area_acres": 2.22 }, "geometry": { "type": "Polygon", "coordinates": [ [ [ -96.98432, 32.92595 ], [ -96.98429, 32.92746 ], [ -96.98505, 32.92747 ], [ -96.98504, 32.9266 ], [ -96.98468, 32.92659 ], [ -96.98464, 32.92656 ], [ -96.98465, 32.92595 ], [ -96.98432, 32.92595 ] ] ] } },
{ "type": "Feature", "properties": { "area_acres": 6.88 }, "geometry": { "type": "Polygon", "coordinates": [ [ [ -96.98639, 32.92812 ], [ -96.98561, 32.92812 ], [ -96.9856, 32.92661 ], [ -96.98568, 32.92655 ], [ -96.98619, 32.92654 ], [ -96.98625, 32.92632 ], [ -96.98635, 32.9262 ], [ -96.98639, 32.92623 ], [ -96.98771, 32.92624 ], [ -96.98778, 32.92627 ], [ -96.98714, 32.92712 ], [ -96.98719, 32.92715 ], [ -96.98656, 32.92798 ], [ -96.98651, 32.92796 ], [ -96.98639, 32.92812 ] ] ] } },
{ "type": "Feature", "properties": { "area_acres": 2.2 }, "geometry": { "type": "Polygon", "coordinates": [ [ [ -96.98543, 32.92838 ], [ -96.98676, 32.92909 ], [ -96.98678, 32.92905 ], [ -96.98684, 32.92908 ], [ -96.9872, 32.92858 ], [ -96.98654, 32.92822 ], [ -96.98545, 32.92821 ], [ -96.98543, 32.92838 ] ] ] } },
{ "type": "Feature", "properties": { "area_acres": 0.4 }, "geometry": { "type": "Polygon", "coordinates": [ [ [ -96.92378, 32.86811 ], [ -96.9236, 32.86803 ], [ -96.92321, 32.86867 ], [ -96.9234, 32.86876 ], [ -96.92378, 32.86811 ] ] ] } },
{ "type": "Feature", "properties": { "area_acres": 4.08 }, "geometry": { "type": "Polygon", "coordinates": [ [ [ -96.99004, 32.92589 ], [ -96.98807, 32.92589 ], [ -96.98804, 32.92606 ], [ -96.98819, 32.92615 ], [ -96.98812, 32.92625 ], [ -96.98927, 32.92687 ], [ -96.98935, 32.92677 ], [ -96.98978, 32.927 ], [ -96.99013, 32.92649 ], [ -96.99023, 32.92619 ], [ -96.99026, 32.92608 ], [ -96.99007, 32.92607 ], [ -96.99004, 32.92589 ] ] ] } },
{ "type": "Feature", "properties": { "area_acres": 11.95 }, "geometry": { "type": "Polygon", "coordinates": [ [ [ -96.98964, 32.92793 ], [ -96.98989, 32.92808 ], [ -96.98978, 32.9283 ], [ -96.99065, 32.92877 ], [ -96.99038, 32.92913 ], [ -96.99043, 32.92916 ], [ -96.99039, 32.92921 ], [ -96.98999, 32.929 ], [ -96.98995, 32.92905 ], [ -96.98989, 32.92902 ], [ -96.98951, 32.92952 ], [ -96.99012, 32.92982 ], [ -96.99016, 32.92978 ], [ -96.99025, 32.9298 ], [ -96.99026, 32.9299 ], [ -96.99096, 32.9299 ], [ -96.99097, 32.92986 ], [ -96.99108, 32.92985 ], [ -96.9913, 32.92974 ], [ -96.99136, 32.92967 ], [ -96.99139, 32.92589 ], [ -96.99098, 32.92588 ], [ -96.99097, 32.92605 ], [ -96.99077, 32.92607 ], [ -96.99061, 32.9266 ], [ -96.99026, 32.92712 ], [ -96.99031, 32.92715 ], [ -96.99027, 32.9272 ], [ -96.99047, 32.92732 ], [ -96.99036, 32.92745 ], [ -96.99011, 32.9273 ], [ -96.98964, 32.92793 ] ] ] } },
{ "type": "Feature", "properties": { "area_acres": 0.76 }, "geometry": { "type": "Polygon", "coordinates": [ [ [ -96.98822, 32.92698 ], [ -96.98832, 32.92684 ], [ -96.98837, 32.92687 ], [ -96.98853, 32.92665 ], [ -96.98848, 32.92663 ], [ -96.98852, 32.92656 ], [ -96.98804, 32.92631 ], [ -96.98773, 32.92673 ], [ -96.98822, 32.92698 ] ] ] } },
{ "type": "Feature", "properties": { "area_acres": 1.14 }, "geometry": { "type": "Polygon", "coordinates": [ [ [ -96.98727, 32.92845 ], [ -96.98768, 32.928 ], [ -96.987, 32.92765 ], [ -96.98663, 32.92815 ], [ -96.98719, 32.92845 ], [ -96.98727, 32.92845 ] ] ] } },
{ "type": "Feature", "properties": { "area_acres": 1.55 }, "geometry": { "type": "Polygon", "coordinates": [ [ [ -96.98779, 32.92799 ], [ -96.98817, 32.92819 ], [ -96.9882, 32.92815 ], [ -96.98827, 32.92818 ], [ -96.98893, 32.92732 ], [ -96.98888, 32.9273 ], [ -96.98892, 32.92724 ], [ -96.98853, 32.92702 ], [ -96.98779, 32.92799 ] ] ] } },
{ "type": "Feature", "properties": { "area_acres": 0.03 }, "geometry": { "type": "Polygon", "coordinates": [ [ [ -96.78617, 32.99258 ], [ -96.7859, 32.99258 ], [ -96.7859, 32.99253 ], [ -96.78617, 32.99253 ], [ -96.78617, 32.99258 ] ] ] } },
{ "type": "Feature", "properties": { "area_acres": 0.09 }, "geometry": { "type": "Polygon", "coordinates": [ [ [ -96.78506, 32.99208 ], [ -96.785, 32.99208 ], [ -96.785, 32.99267 ], [ -96.78506, 32.99267 ], [ -96.78506, 32.99208 ] ] ] } },
{ "type": "Feature", "properties": { "area_acres": 0.09 }, "geometry": { "type": "Polygon", "coordinates": [ [ [ -96.785, 32.99208 ], [ -96.78494, 32.99208 ], [ -96.78494, 32.99267 ], [ -96.785, 32.99267 ], [ -96.785, 32.99208 ] ] ] } },
{ "type": "Feature", "properties": { "area_acres": 0.04 }, "geometry": { "type": "Polygon", "coordinates": [ [ [ -96.7862, 32.99244 ], [ -96.7862, 32.99239 ], [ -96.78587, 32.99239 ], [ -96.78587, 32.99244 ], [ -96.7862, 32.99244 ] ] ] } },
{ "type": "Feature", "properties": { "area_acres": 0.03 }, "geometry": { "type": "Polygon", "coordinates": [ [ [ -96.78621, 32.99244 ], [ -96.78621, 32.99264 ], [ -96.78627, 32.99264 ], [ -96.78627, 32.99244 ], [ -96.78621, 32.99244 ] ] ] } },
{ "type": "Feature", "properties": { "area_acres": 0.03 }, "geometry": { "type": "Polygon", "coordinates": [ [ [ -96.78616, 32.99265 ], [ -96.78616, 32.99269 ], [ -96.78593, 32.99269 ], [ -96.78593, 32.99265 ], [ -96.78616, 32.99265 ] ] ] } },
{ "type": "Feature", "properties": { "area_acres": 0.04 }, "geometry": { "type": "Polygon", "coordinates": [ [ [ -96.78592, 32.99203 ], [ -96.78592, 32.99208 ], [ -96.78562, 32.99208 ], [ -96.78562, 32.99203 ], [ -96.78592, 32.99203 ] ] ] } },
{ "type": "Feature", "properties": { "area_acres": 0.03 }, "geometry": { "type": "Polygon", "coordinates": [ [ [ -96.78541, 32.99209 ], [ -96.78541, 32.99204 ], [ -96.78515, 32.99204 ], [ -96.78515, 32.99209 ], [ -96.78541, 32.99209 ] ] ] } },
{ "type": "Feature", "properties": { "area_acres": 0.08 }, "geometry": { "type": "Polygon", "coordinates": [ [ [ -96.78519, 32.9921 ], [ -96.78513, 32.9921 ], [ -96.78513, 32.99262 ], [ -96.78519, 32.99262 ], [ -96.78519, 32.9921 ] ] ] } },
{ "type": "Feature", "properties": { "area_acres": 0.04 }, "geometry": { "type": "Polygon", "coordinates": [ [ [ -96.78579, 32.99264 ], [ -96.78579, 32.99269 ], [ -96.78546, 32.99269 ], [ -96.78546, 32.99264 ], [ -96.78579, 32.99264 ] ] ] } },
{ "type": "Feature", "properties": { "area_acres": 0.26 }, "geometry": { "type": "Polygon", "coordinates": [ [ [ -96.8035, 32.81939 ], [ -96.80409, 32.81939 ], [ -96.80409, 32.81952 ], [ -96.80414, 32.81952 ], [ -96.80414, 32.81929 ], [ -96.80408, 32.81929 ], [ -96.80408, 32.81924 ], [ -96.8035, 32.81923 ], [ -96.8035, 32.81939 ] ] ] } },
{ "type": "Feature", "properties": { "area_acres": 0.72 }, "geometry": { "type": "Polygon", "coordinates": [ [ [ -96.87704, 32.66273 ], [ -96.87721, 32.6628 ], [ -96.87747, 32.6628 ], [ -96.87748, 32.66322 ], [ -96.8778, 32.66328 ], [ -96.8778, 32.66336 ], [ -96.87704, 32.66334 ], [ -96.87704, 32.66273 ] ] ] } },
{ "type": "Feature", "properties": { "area_acres": 0.42 }, "geometry": { "type": "Polygon", "coordinates": [ [ [ -96.68338, 32.75582 ], [ -96.68301, 32.75581 ], [ -96.68302, 32.75538 ], [ -96.68339, 32.75538 ], [ -96.68338, 32.75582 ] ] ] } },
{ "type": "Feature", "properties": { "area_acres": 0.21 }, "geometry": { "type": "Polygon", "coordinates": [ [ [ -96.68301, 32.75603 ], [ -96.68301, 32.75582 ], [ -96.68341, 32.75582 ], [ -96.68337, 32.75603 ], [ -96.68301, 32.75603 ] ] ] } },
{ "type": "Feature", "properties": { "area_acres": 0.66 }, "geometry": { "type": "Polygon", "coordinates": [ [ [ -96.87699, 32.87402 ], [ -96.87619, 32.87401 ], [ -96.87619, 32.87369 ], [ -96.87699, 32.8737 ], [ -96.87699, 32.87402 ] ] ] } },
{ "type": "Feature", "properties": { "area_acres": 0.1 }, "geometry": { "type": "Polygon", "coordinates": [ [ [ -96.82497, 32.79676 ], [ -96.82492, 32.79667 ], [ -96.82528, 32.79652 ], [ -96.82533, 32.79661 ], [ -96.82497, 32.79676 ] ] ] } },
{ "type": "Feature", "properties": { "area_acres": 0.93 }, "geometry": { "type": "Polygon", "coordinates": [ [ [ -96.76883, 32.88082 ], [ -96.76857, 32.88082 ], [ -96.76789, 32.88107 ], [ -96.76772, 32.88092 ], [ -96.76777, 32.88089 ], [ -96.76773, 32.88083 ], [ -96.76819, 32.88063 ], [ -96.76822, 32.88067 ], [ -96.76826, 32.88065 ], [ -96.76817, 32.88054 ], [ -96.76823, 32.88051 ], [ -96.76821, 32.88047 ], [ -96.76837, 32.88042 ], [ -96.76838, 32.88047 ], [ -96.76851, 32.8804 ], [ -96.76892, 32.88074 ], [ -96.76883, 32.88082 ] ] ] } },
{ "type": "Feature", "properties": { "area_acres": 2.23 }, "geometry": { "type": "Polygon", "coordinates": [ [ [ -96.76775, 32.88123 ], [ -96.76673, 32.88208 ], [ -96.76657, 32.88215 ], [ -96.76629, 32.88166 ], [ -96.76668, 32.88129 ], [ -96.76731, 32.88084 ], [ -96.76775, 32.88123 ] ] ] } },
{ "type": "Feature", "properties": { "area_acres": 9.62 }, "geometry": { "type": "Polygon", "coordinates": [ [ [ -96.98621, 32.93908 ], [ -96.98785, 32.93997 ], [ -96.98741, 32.94048 ], [ -96.98755, 32.94056 ], [ -96.98757, 32.94063 ], [ -96.98725, 32.941 ], [ -96.98678, 32.9412 ], [ -96.98651, 32.94144 ], [ -96.98644, 32.94144 ], [ -96.98501, 32.94073 ], [ -96.98501, 32.94065 ], [ -96.98621, 32.93908 ] ] ] } },
{ "type": "Feature", "properties": { "area_acres": 0.63 }, "geometry": { "type": "Polygon", "coordinates": [ [ [ -96.75595, 32.88818 ], [ -96.75594, 32.88881 ], [ -96.75555, 32.8888 ], [ -96.75556, 32.88818 ], [ -96.75595, 32.88818 ] ] ] } },
{ "type": "Feature", "properties": { "area_acres": 2.46 }, "geometry": { "type": "Polygon", "coordinates": [ [ [ -96.75648, 32.88814 ], [ -96.75556, 32.88806 ], [ -96.75544, 32.88815 ], [ -96.75545, 32.88822 ], [ -96.75474, 32.8882 ], [ -96.75464, 32.8881 ], [ -96.75465, 32.88792 ], [ -96.75378, 32.88791 ], [ -96.75365, 32.88779 ], [ -96.75366, 32.88763 ], [ -96.7529, 32.88761 ], [ -96.75282, 32.88756 ], [ -96.75283, 32.88733 ], [ -96.75377, 32.88735 ], [ -96.75386, 32.88744 ], [ -96.75386, 32.88763 ], [ -96.75473, 32.88765 ], [ -96.75481, 32.88773 ], [ -96.75481, 32.88793 ], [ -96.75551, 32.88794 ], [ -96.75559, 32.888 ], [ -96.75559, 32.88795 ], [ -96.75649, 32.88797 ], [ -96.75648, 32.88814 ] ] ] } },
{ "type": "Feature", "properties": { "area_acres": 0.1 }, "geometry": { "type": "Polygon", "coordinates": [ [ [ -96.95535, 32.64122 ], [ -96.95522, 32.64128 ], [ -96.95517, 32.64101 ], [ -96.9553, 32.64093 ], [ -96.95535, 32.64122 ] ] ] } },
{ "type": "Feature", "properties": { "area_acres": 2.62 }, "geometry": { "type": "Polygon", "coordinates": [ [ [ -96.79462, 32.93086 ], [ -96.79382, 32.93112 ], [ -96.79382, 32.93126 ], [ -96.79367, 32.93152 ], [ -96.79315, 32.93166 ], [ -96.79334, 32.93203 ], [ -96.79491, 32.93162 ], [ -96.79462, 32.93086 ] ] ] } },
{ "type": "Feature", "properties": { "area_acres": 0.1 }, "geometry": { "type": "Polygon", "coordinates": [ [ [ -96.79156, 32.7683 ], [ -96.79145, 32.76838 ], [ -96.79124, 32.76818 ], [ -96.79135, 32.7681 ], [ -96.79156, 32.7683 ] ] ] } },
{ "type": "Feature", "properties": { "area_acres": 0.08 }, "geometry": { "type": "Polygon", "coordinates": [ [ [ -96.79236, 32.76865 ], [ -96.79228, 32.76872 ], [ -96.79205, 32.76851 ], [ -96.79214, 32.76844 ], [ -96.79236, 32.76865 ] ] ] } },
{ "type": "Feature", "properties": { "area_acres": 0.96 }, "geometry": { "type": "Polygon", "coordinates": [ [ [ -96.79333, 32.76633 ], [ -96.79308, 32.76658 ], [ -96.79233, 32.76605 ], [ -96.79262, 32.76575 ], [ -96.79332, 32.76625 ], [ -96.79333, 32.76633 ] ] ] } },
{ "type": "Feature", "properties": { "area_acres": 1.2 }, "geometry": { "type": "Polygon", "coordinates": [ [ [ -96.79769, 32.76676 ], [ -96.79739, 32.76637 ], [ -96.7973, 32.76637 ], [ -96.79668, 32.76698 ], [ -96.79713, 32.7673 ], [ -96.79769, 32.76676 ] ] ] } },
{ "type": "Feature", "properties": { "area_acres": 1.96 }, "geometry": { "type": "Polygon", "coordinates": [ [ [ -96.89187, 32.88081 ], [ -96.89192, 32.87803 ], [ -96.89185, 32.87799 ], [ -96.89165, 32.87806 ], [ -96.8916, 32.88092 ], [ -96.89182, 32.88092 ], [ -96.89182, 32.88082 ], [ -96.89187, 32.88081 ] ] ] } },
{ "type": "Feature", "properties": { "area_acres": 2.44 }, "geometry": { "type": "Polygon", "coordinates": [ [ [ -96.8944, 32.88043 ], [ -96.89508, 32.88043 ], [ -96.89508, 32.88022 ], [ -96.8959, 32.88022 ], [ -96.8959, 32.879 ], [ -96.89522, 32.879 ], [ -96.89522, 32.87911 ], [ -96.89532, 32.87911 ], [ -96.89532, 32.88012 ], [ -96.8944, 32.88012 ], [ -96.8944, 32.88043 ] ] ] } },
{ "type": "Feature", "properties": { "area_acres": 0.29 }, "geometry": { "type": "Polygon", "coordinates": [ [ [ -96.89356, 32.87817 ], [ -96.89356, 32.87821 ], [ -96.89366, 32.87821 ], [ -96.89366, 32.87817 ], [ -96.89405, 32.87818 ], [ -96.89405, 32.87834 ], [ -96.89356, 32.8783 ], [ -96.89356, 32.87834 ], [ -96.8933, 32.87833 ], [ -96.8933, 32.87817 ], [ -96.89356, 32.87817 ] ] ] } },
{ "type": "Feature", "properties": { "area_acres": 0.28 }, "geometry": { "type": "Polygon", "coordinates": [ [ [ -96.8847, 32.89251 ], [ -96.88455, 32.89201 ], [ -96.88433, 32.89206 ], [ -96.88449, 32.89256 ], [ -96.8847, 32.89251 ] ] ] } },
{ "type": "Feature", "properties": { "area_acres": 2.39 }, "geometry": { "type": "Polygon", "coordinates": [ [ [ -96.98648, 32.93108 ], [ -96.98628, 32.93136 ], [ -96.9877, 32.93208 ], [ -96.98811, 32.9315 ], [ -96.98714, 32.931 ], [ -96.98692, 32.93131 ], [ -96.98648, 32.93108 ] ] ] } },
{ "type": "Feature", "properties": { "area_acres": 1.04 }, "geometry": { "type": "Polygon", "coordinates": [ [ [ -96.98734, 32.93068 ], [ -96.98748, 32.9305 ], [ -96.98846, 32.93101 ], [ -96.98811, 32.9315 ], [ -96.98774, 32.93131 ], [ -96.98797, 32.93101 ], [ -96.98734, 32.93068 ] ] ] } },
{ "type": "Feature", "properties": { "area_acres": 1.63 }, "geometry": { "type": "Polygon", "coordinates": [ [ [ -96.98854, 32.93109 ], [ -96.98951, 32.9316 ], [ -96.98947, 32.93165 ], [ -96.98952, 32.93168 ], [ -96.9892, 32.9321 ], [ -96.98915, 32.93207 ], [ -96.98919, 32.93202 ], [ -96.98905, 32.93194 ], [ -96.98902, 32.93198 ], [ -96.98824, 32.93157 ], [ -96.98828, 32.93153 ], [ -96.98823, 32.93151 ], [ -96.98854, 32.93109 ] ] ] } },
{ "type": "Feature", "properties": { "area_acres": 0.8 }, "geometry": { "type": "Polygon", "coordinates": [ [ [ -96.98873, 32.92992 ], [ -96.98868, 32.92999 ], [ -96.98862, 32.92996 ], [ -96.9883, 32.9304 ], [ -96.98834, 32.93042 ], [ -96.9883, 32.93048 ], [ -96.98865, 32.93066 ], [ -96.989, 32.93026 ], [ -96.98906, 32.9301 ], [ -96.98873, 32.92992 ] ] ] } },
{ "type": "Feature", "properties": { "area_acres": 2.05 }, "geometry": { "type": "Polygon", "coordinates": [ [ [ -96.83613, 32.8163 ], [ -96.83517, 32.8155 ], [ -96.83564, 32.81507 ], [ -96.83661, 32.81587 ], [ -96.83613, 32.8163 ] ] ] } },
{ "type": "Feature", "properties": { "area_acres": 0.93 }, "geometry": { "type": "Polygon", "coordinates": [ [ [ -96.82792, 32.8007 ], [ -96.82771, 32.80067 ], [ -96.82759, 32.80058 ], [ -96.82709, 32.801 ], [ -96.8275, 32.80121 ], [ -96.82792, 32.80125 ], [ -96.82792, 32.8007 ] ] ] } },
{ "type": "Feature", "properties": { "area_acres": 1.22 }, "geometry": { "type": "Polygon", "coordinates": [ [ [ -96.80938, 32.80945 ], [ -96.80966, 32.8092 ], [ -96.81015, 32.80955 ], [ -96.8104, 32.80929 ], [ -96.81077, 32.80951 ], [ -96.8105, 32.80979 ], [ -96.81038, 32.80968 ], [ -96.81004, 32.80995 ], [ -96.80938, 32.80945 ] ] ] } },
{ "type": "Feature", "properties": { "area_acres": 0.24 }, "geometry": { "type": "Polygon", "coordinates": [ [ [ -96.81569, 32.80578 ], [ -96.81557, 32.80589 ], [ -96.81513, 32.80552 ], [ -96.81526, 32.80541 ], [ -96.81569, 32.80578 ] ] ] } },
{ "type": "Feature", "properties": { "area_acres": 0.06 }, "geometry": { "type": "Polygon", "coordinates": [ [ [ -96.81281, 32.80501 ], [ -96.8127, 32.80492 ], [ -96.81282, 32.80482 ], [ -96.81293, 32.80492 ], [ -96.81281, 32.80501 ] ] ] } },
{ "type": "Feature", "properties": { "area_acres": 0.15 }, "geometry": { "type": "Polygon", "coordinates": [ [ [ -96.81311, 32.80506 ], [ -96.81283, 32.80481 ], [ -96.81294, 32.80471 ], [ -96.81323, 32.80496 ], [ -96.81311, 32.80506 ] ] ] } },
{ "type": "Feature", "properties": { "area_acres": 0.17 }, "geometry": { "type": "Polygon", "coordinates": [ [ [ -96.83951, 32.82355 ], [ -96.83938, 32.82366 ], [ -96.83904, 32.82337 ], [ -96.83913, 32.82329 ], [ -96.83951, 32.82355 ] ] ] } },
{ "type": "Feature", "properties": { "area_acres": 0.23 }, "geometry": { "type": "Polygon", "coordinates": [ [ [ -96.8399, 32.82437 ], [ -96.83981, 32.82444 ], [ -96.83923, 32.82396 ], [ -96.83932, 32.82388 ], [ -96.8399, 32.82437 ] ] ] } },
{ "type": "Feature", "properties": { "area_acres": 0.15 }, "geometry": { "type": "Polygon", "coordinates": [ [ [ -96.81859, 32.80736 ], [ -96.81828, 32.80763 ], [ -96.81816, 32.80753 ], [ -96.81847, 32.80727 ], [ -96.81859, 32.80736 ] ] ] } },
{ "type": "Feature", "properties": { "area_acres": 0.16 }, "geometry": { "type": "Polygon", "coordinates": [ [ [ -96.81925, 32.80822 ], [ -96.81908, 32.80836 ], [ -96.81886, 32.80817 ], [ -96.81902, 32.80803 ], [ -96.81925, 32.80822 ] ] ] } },
{ "type": "Feature", "properties": { "area_acres": 0.22 }, "geometry": { "type": "Polygon", "coordinates": [ [ [ -96.82021, 32.81349 ], [ -96.82011, 32.81358 ], [ -96.8196, 32.81317 ], [ -96.81969, 32.81309 ], [ -96.82021, 32.81349 ] ] ] } },
{ "type": "Feature", "properties": { "area_acres": 0.15 }, "geometry": { "type": "Polygon", "coordinates": [ [ [ -96.76501, 32.91272 ], [ -96.76503, 32.9125 ], [ -96.765, 32.91223 ], [ -96.76487, 32.91225 ], [ -96.76489, 32.9127 ], [ -96.76501, 32.91272 ] ] ] } },
{ "type": "Feature", "properties": { "area_acres": 0.7 }, "geometry": { "type": "Polygon", "coordinates": [ [ [ -96.78728, 32.92293 ], [ -96.78721, 32.9226 ], [ -96.78803, 32.92249 ], [ -96.7881, 32.92281 ], [ -96.78728, 32.92293 ] ] ] } },
{ "type": "Feature", "properties": { "area_acres": 0.33 }, "geometry": { "type": "Polygon", "coordinates": [ [ [ -96.79225, 32.99768 ], [ -96.79222, 32.99739 ], [ -96.79175, 32.99738 ], [ -96.79182, 32.99767 ], [ -96.79225, 32.99768 ] ] ] } },
{ "type": "Feature", "properties": { "area_acres": 0.31 }, "geometry": { "type": "Polygon", "coordinates": [ [ [ -96.85711, 32.86136 ], [ -96.85712, 32.86153 ], [ -96.8565, 32.8617 ], [ -96.85644, 32.86154 ], [ -96.85711, 32.86136 ] ] ] } },
{ "type": "Feature", "properties": { "area_acres": 0.33 }, "geometry": { "type": "Polygon", "coordinates": [ [ [ -96.86407, 32.85532 ], [ -96.86404, 32.85523 ], [ -96.8634, 32.85542 ], [ -96.86313, 32.85563 ], [ -96.86308, 32.85571 ], [ -96.8631, 32.85588 ], [ -96.86327, 32.85591 ], [ -96.8632, 32.85571 ], [ -96.86338, 32.85555 ], [ -96.86407, 32.85532 ] ] ] } },
{ "type": "Feature", "properties": { "area_acres": 0.47 }, "geometry": { "type": "Polygon", "coordinates": [ [ [ -96.8473, 32.90288 ], [ -96.84725, 32.90288 ], [ -96.84724, 32.90293 ], [ -96.84696, 32.90293 ], [ -96.84696, 32.90288 ], [ -96.84691, 32.90288 ], [ -96.84692, 32.90245 ], [ -96.84731, 32.90245 ], [ -96.8473, 32.90288 ] ] ] } },
{ "type": "Feature", "properties": { "area_acres": 0.2 }, "geometry": { "type": "Polygon", "coordinates": [ [ [ -96.88055, 32.90604 ], [ -96.88037, 32.90604 ], [ -96.88037, 32.90563 ], [ -96.88055, 32.90563 ], [ -96.88055, 32.90604 ] ] ] } },
{ "type": "Feature", "properties": { "area_acres": 0.56 }, "geometry": { "type": "Polygon", "coordinates": [ [ [ -96.87077, 32.87696 ], [ -96.87077, 32.87714 ], [ -96.86952, 32.87712 ], [ -96.86952, 32.87694 ], [ -96.87077, 32.87696 ] ] ] } },
{ "type": "Feature", "properties": { "area_acres": 0.23 }, "geometry": { "type": "Polygon", "coordinates": [ [ [ -96.86537, 32.88014 ], [ -96.86523, 32.88021 ], [ -96.86489, 32.87973 ], [ -96.86502, 32.87966 ], [ -96.86537, 32.88014 ] ] ] } },
{ "type": "Feature", "properties": { "area_acres": 0.24 }, "geometry": { "type": "Polygon", "coordinates": [ [ [ -96.87575, 32.88878 ], [ -96.87575, 32.8882 ], [ -96.87592, 32.8882 ], [ -96.87591, 32.88878 ], [ -96.87575, 32.88878 ] ] ] } },
{ "type": "Feature", "properties": { "area_acres": 0.24 }, "geometry": { "type": "Polygon", "coordinates": [ [ [ -96.8091, 32.72019 ], [ -96.8091, 32.72 ], [ -96.80866, 32.71999 ], [ -96.80865, 32.72021 ], [ -96.8091, 32.72019 ] ] ] } },
{ "type": "Feature", "properties": { "area_acres": 1.09 }, "geometry": { "type": "Polygon", "coordinates": [ [ [ -96.78105, 32.79742 ], [ -96.78059, 32.79702 ], [ -96.78102, 32.79667 ], [ -96.78115, 32.79678 ], [ -96.78131, 32.79665 ], [ -96.78165, 32.79694 ], [ -96.78105, 32.79742 ] ] ] } },
{ "type": "Feature", "properties": { "area_acres": 2.48 }, "geometry": { "type": "Polygon", "coordinates": [ [ [ -96.84531, 32.81253 ], [ -96.84518, 32.81248 ], [ -96.84513, 32.81264 ], [ -96.84479, 32.81309 ], [ -96.84449, 32.81271 ], [ -96.84458, 32.81254 ], [ -96.84446, 32.8124 ], [ -96.8449, 32.81156 ], [ -96.84502, 32.8116 ], [ -96.84499, 32.81166 ], [ -96.84503, 32.8117 ], [ -96.84512, 32.81163 ], [ -96.84567, 32.81184 ], [ -96.84531, 32.81253 ] ] ] } },
{ "type": "Feature", "properties": { "area_acres": 0.7 }, "geometry": { "type": "Polygon", "coordinates": [ [ [ -96.75008, 32.8784 ], [ -96.74909, 32.87751 ], [ -96.74925, 32.87738 ], [ -96.75024, 32.87827 ], [ -96.75008, 32.8784 ] ] ] } },
{ "type": "Feature", "properties": { "area_acres": 0.22 }, "geometry": { "type": "Polygon", "coordinates": [ [ [ -96.86232, 32.86465 ], [ -96.86201, 32.86437 ], [ -96.86214, 32.86427 ], [ -96.86244, 32.86455 ], [ -96.86255, 32.86456 ], [ -96.86252, 32.86466 ], [ -96.86246, 32.86465 ], [ -96.86245, 32.86469 ], [ -96.86232, 32.86465 ] ] ] } },
{ "type": "Feature", "properties": { "area_acres": 0.1 }, "geometry": { "type": "Polygon", "coordinates": [ [ [ -96.86818, 32.86767 ], [ -96.86797, 32.86757 ], [ -96.86806, 32.86743 ], [ -96.86827, 32.86752 ], [ -96.86818, 32.86767 ] ] ] } },
{ "type": "Feature", "properties": { "area_acres": 0.66 }, "geometry": { "type": "Polygon", "coordinates": [ [ [ -96.86621, 32.86841 ], [ -96.86619, 32.86788 ], [ -96.8664, 32.86788 ], [ -96.8664, 32.86746 ], [ -96.86654, 32.86746 ], [ -96.86657, 32.86835 ], [ -96.86651, 32.86835 ], [ -96.86651, 32.86841 ], [ -96.86621, 32.86841 ] ] ] } },
{ "type": "Feature", "properties": { "area_acres": 2.7 }, "geometry": { "type": "Polygon", "coordinates": [ [ [ -96.86504, 32.86803 ], [ -96.865, 32.86786 ], [ -96.86493, 32.86786 ], [ -96.86493, 32.86747 ], [ -96.865, 32.86747 ], [ -96.865, 32.86732 ], [ -96.86493, 32.86732 ], [ -96.86496, 32.86676 ], [ -96.86513, 32.86659 ], [ -96.86557, 32.86658 ], [ -96.8656, 32.86735 ], [ -96.86576, 32.86735 ], [ -96.86576, 32.86789 ], [ -96.86604, 32.86788 ], [ -96.86605, 32.86799 ], [ -96.86504, 32.86803 ] ] ] } },
{ "type": "Feature", "properties": { "area_acres": 0.24 }, "geometry": { "type": "Polygon", "coordinates": [ [ [ -96.74205, 32.92289 ], [ -96.74205, 32.92245 ], [ -96.74184, 32.92245 ], [ -96.74184, 32.92289 ], [ -96.74205, 32.92289 ] ] ] } },
{ "type": "Feature", "properties": { "area_acres": 0.79 }, "geometry": { "type": "Polygon", "coordinates": [ [ [ -96.74182, 32.92288 ], [ -96.74182, 32.92251 ], [ -96.74175, 32.92251 ], [ -96.74176, 32.92247 ], [ -96.74153, 32.92247 ], [ -96.7415, 32.92252 ], [ -96.7415, 32.92246 ], [ -96.74089, 32.92246 ], [ -96.74089, 32.92256 ], [ -96.74127, 32.92257 ], [ -96.74127, 32.92285 ], [ -96.7409, 32.92285 ], [ -96.7409, 32.92296 ], [ -96.74135, 32.92296 ], [ -96.74135, 32.92287 ], [ -96.74182, 32.92288 ] ] ] } },
{ "type": "Feature", "properties": { "area_acres": 0.13 }, "geometry": { "type": "Polygon", "coordinates": [ [ [ -96.74942, 32.76405 ], [ -96.74927, 32.76388 ], [ -96.74943, 32.76375 ], [ -96.74961, 32.76389 ], [ -96.74942, 32.76405 ] ] ] } },
{ "type": "Feature", "properties": { "area_acres": 3.48 }, "geometry": { "type": "Polygon", "coordinates": [ [ [ -96.81093, 32.8658 ], [ -96.8109, 32.86673 ], [ -96.81098, 32.86673 ], [ -96.81096, 32.86731 ], [ -96.80877, 32.86729 ], [ -96.80882, 32.86677 ], [ -96.80897, 32.86677 ], [ -96.80896, 32.86713 ], [ -96.81052, 32.86711 ], [ -96.81052, 32.86673 ], [ -96.81032, 32.86673 ], [ -96.81032, 32.86636 ], [ -96.81038, 32.86636 ], [ -96.81038, 32.8663 ], [ -96.8107, 32.8663 ], [ -96.8107, 32.86594 ], [ -96.80899, 32.86588 ], [ -96.80898, 32.86636 ], [ -96.80878, 32.86636 ], [ -96.80877, 32.86584 ], [ -96.80885, 32.86584 ], [ -96.809, 32.86572 ], [ -96.80996, 32.86572 ], [ -96.81061, 32.86578 ], [ -96.8106, 32.86582 ], [ -96.81093, 32.8658 ] ] ] } },
{ "type": "Feature", "properties": { "area_acres": 0.05 }, "geometry": { "type": "Polygon", "coordinates": [ [ [ -96.78302, 32.78266 ], [ -96.7827, 32.78272 ], [ -96.78272, 32.78277 ], [ -96.78304, 32.78272 ], [ -96.78302, 32.78266 ] ] ] } },
{ "type": "Feature", "properties": { "area_acres": 0.28 }, "geometry": { "type": "Polygon", "coordinates": [ [ [ -96.77298, 32.70818 ], [ -96.77282, 32.70825 ], [ -96.77246, 32.7077 ], [ -96.77256, 32.70766 ], [ -96.7726, 32.70772 ], [ -96.77266, 32.70769 ], [ -96.77298, 32.70818 ] ] ] } },
{ "type": "Feature", "properties": { "area_acres": 0.13 }, "geometry": { "type": "Polygon", "coordinates": [ [ [ -96.7913, 32.78221 ], [ -96.79151, 32.78217 ], [ -96.79143, 32.78194 ], [ -96.79123, 32.78198 ], [ -96.7913, 32.78221 ] ] ] } },
{ "type": "Feature", "properties": { "area_acres": 0.09 }, "geometry": { "type": "Polygon", "coordinates": [ [ [ -96.79151, 32.78217 ], [ -96.79165, 32.78214 ], [ -96.79158, 32.7819 ], [ -96.79144, 32.78193 ], [ -96.79151, 32.78217 ] ] ] } },
{ "type": "Feature", "properties": { "area_acres": 0.08 }, "geometry": { "type": "Polygon", "coordinates": [ [ [ -96.79234, 32.78323 ], [ -96.79232, 32.78303 ], [ -96.79216, 32.78305 ], [ -96.79221, 32.78326 ], [ -96.79234, 32.78323 ] ] ] } },
{ "type": "Feature", "properties": { "area_acres": 0.59 }, "geometry": { "type": "Polygon", "coordinates": [ [ [ -96.80669, 32.86198 ], [ -96.80841, 32.86198 ], [ -96.80841, 32.86211 ], [ -96.80669, 32.86211 ], [ -96.80669, 32.86198 ] ] ] } },
{ "type": "Feature", "properties": { "area_acres": 0.42 }, "geometry": { "type": "Polygon", "coordinates": [ [ [ -96.80784, 32.86235 ], [ -96.80669, 32.86235 ], [ -96.80669, 32.86221 ], [ -96.80784, 32.86221 ], [ -96.80784, 32.86235 ] ] ] } },
{ "type": "Feature", "properties": { "area_acres": 0.15 }, "geometry": { "type": "Polygon", "coordinates": [ [ [ -96.8111, 32.86173 ], [ -96.8111, 32.86188 ], [ -96.81072, 32.86188 ], [ -96.81072, 32.86173 ], [ -96.8111, 32.86173 ] ] ] } },
{ "type": "Feature", "properties": { "area_acres": 0.2 }, "geometry": { "type": "Polygon", "coordinates": [ [ [ -96.80939, 32.8635 ], [ -96.80921, 32.8635 ], [ -96.80921, 32.86308 ], [ -96.80939, 32.86308 ], [ -96.80939, 32.8635 ] ] ] } },
{ "type": "Feature", "properties": { "area_acres": 0.76 }, "geometry": { "type": "Polygon", "coordinates": [ [ [ -96.83001, 32.77807 ], [ -96.83001, 32.77812 ], [ -96.82953, 32.77813 ], [ -96.82953, 32.77807 ], [ -96.82949, 32.77807 ], [ -96.82952, 32.77761 ], [ -96.83, 32.7776 ], [ -96.83, 32.77766 ], [ -96.83007, 32.77765 ], [ -96.83007, 32.77807 ], [ -96.83001, 32.77807 ] ] ] } },
{ "type": "Feature", "properties": { "area_acres": 2.47 }, "geometry": { "type": "Polygon", "coordinates": [ [ [ -96.8348, 32.83086 ], [ -96.83441, 32.83054 ], [ -96.83445, 32.8305 ], [ -96.83436, 32.83043 ], [ -96.83537, 32.82956 ], [ -96.83547, 32.82964 ], [ -96.83551, 32.8296 ], [ -96.83587, 32.8299 ], [ -96.83582, 32.82993 ], [ -96.83591, 32.83001 ], [ -96.8349, 32.83087 ], [ -96.83484, 32.83082 ], [ -96.8348, 32.83086 ] ] ] } },
{ "type": "Feature", "properties": { "area_acres": 1.0 }, "geometry": { "type": "Polygon", "coordinates": [ [ [ -96.77657, 32.96169 ], [ -96.77657, 32.9612 ], [ -96.77577, 32.96119 ], [ -96.77578, 32.96169 ], [ -96.77657, 32.96169 ] ] ] } },
{ "type": "Feature", "properties": { "area_acres": 0.03 }, "geometry": { "type": "Polygon", "coordinates": [ [ [ -96.81123, 32.82313 ], [ -96.81127, 32.82317 ], [ -96.81102, 32.82317 ], [ -96.81102, 32.82312 ], [ -96.81123, 32.82313 ] ] ] } },
{ "type": "Feature", "properties": { "area_acres": 0.09 }, "geometry": { "type": "Polygon", "coordinates": [ [ [ -96.82807, 32.99037 ], [ -96.82795, 32.99039 ], [ -96.82783, 32.99014 ], [ -96.82795, 32.99011 ], [ -96.82807, 32.99037 ] ] ] } },
{ "type": "Feature", "properties": { "area_acres": 0.08 }, "geometry": { "type": "Polygon", "coordinates": [ [ [ -96.82787, 32.9904 ], [ -96.82775, 32.99042 ], [ -96.82765, 32.99019 ], [ -96.82776, 32.99016 ], [ -96.82787, 32.9904 ] ] ] } },
{ "type": "Feature", "properties": { "area_acres": 0.12 }, "geometry": { "type": "Polygon", "coordinates": [ [ [ -96.82863, 32.99044 ], [ -96.82862, 32.99038 ], [ -96.82772, 32.99051 ], [ -96.82773, 32.99057 ], [ -96.82863, 32.99044 ] ] ] } },
{ "type": "Feature", "properties": { "area_acres": 0.12 }, "geometry": { "type": "Polygon", "coordinates": [ [ [ -96.8277, 32.99052 ], [ -96.82744, 32.98988 ], [ -96.82737, 32.9899 ], [ -96.82763, 32.99053 ], [ -96.8277, 32.99052 ] ] ] } },
{ "type": "Feature", "properties": { "area_acres": 0.04 }, "geometry": { "type": "Polygon", "coordinates": [ [ [ -96.82846, 32.99028 ], [ -96.82824, 32.99031 ], [ -96.82826, 32.99037 ], [ -96.82847, 32.99034 ], [ -96.82846, 32.99028 ] ] ] } },
{ "type": "Feature", "properties": { "area_acres": 0.03 }, "geometry": { "type": "Polygon", "coordinates": [ [ [ -96.82852, 32.99026 ], [ -96.8284, 32.99001 ], [ -96.82846, 32.99 ], [ -96.82856, 32.99025 ], [ -96.82852, 32.99026 ] ] ] } },
{ "type": "Feature", "properties": { "area_acres": 0.1 }, "geometry": { "type": "Polygon", "coordinates": [ [ [ -96.82773, 32.9901 ], [ -96.82762, 32.98981 ], [ -96.8275, 32.98984 ], [ -96.8276, 32.99013 ], [ -96.82773, 32.9901 ] ] ] } },
{ "type": "Feature", "properties": { "area_acres": 1.3 }, "geometry": { "type": "Polygon", "coordinates": [ [ [ -96.82808, 32.99531 ], [ -96.82756, 32.99531 ], [ -96.82755, 32.99536 ], [ -96.82749, 32.99535 ], [ -96.82735, 32.99606 ], [ -96.82808, 32.99609 ], [ -96.82808, 32.99531 ] ] ] } },
{ "type": "Feature", "properties": { "area_acres": 0.32 }, "geometry": { "type": "Polygon", "coordinates": [ [ [ -96.83153, 32.99869 ], [ -96.83087, 32.99868 ], [ -96.83088, 32.9985 ], [ -96.83153, 32.9985 ], [ -96.83153, 32.99869 ] ] ] } },
{ "type": "Feature", "properties": { "area_acres": 0.48 }, "geometry": { "type": "Polygon", "coordinates": [ [ [ -96.83149, 32.99875 ], [ -96.83006, 32.99875 ], [ -96.83006, 32.99888 ], [ -96.83149, 32.99888 ], [ -96.83149, 32.99875 ] ] ] } },
{ "type": "Feature", "properties": { "area_acres": 0.77 }, "geometry": { "type": "Polygon", "coordinates": [ [ [ -96.83152, 32.99894 ], [ -96.83087, 32.99894 ], [ -96.83087, 32.9994 ], [ -96.83153, 32.9994 ], [ -96.83152, 32.99894 ] ] ] } },
{ "type": "Feature", "properties": { "area_acres": 0.04 }, "geometry": { "type": "Polygon", "coordinates": [ [ [ -96.83077, 32.99849 ], [ -96.83077, 32.99867 ], [ -96.83068, 32.99867 ], [ -96.83068, 32.99849 ], [ -96.83077, 32.99849 ] ] ] } },
{ "type": "Feature", "properties": { "area_acres": 0.09 }, "geometry": { "type": "Polygon", "coordinates": [ [ [ -96.82994, 32.99865 ], [ -96.82992, 32.99852 ], [ -96.8297, 32.99854 ], [ -96.82972, 32.99869 ], [ -96.82994, 32.99865 ] ] ] } },
{ "type": "Feature", "properties": { "area_acres": 1.7 }, "geometry": { "type": "Polygon", "coordinates": [ [ [ -96.79868, 32.99594 ], [ -96.79783, 32.99569 ], [ -96.79765, 32.99609 ], [ -96.7977, 32.9962 ], [ -96.79765, 32.99623 ], [ -96.79795, 32.99686 ], [ -96.79805, 32.99682 ], [ -96.79795, 32.99665 ], [ -96.79843, 32.99644 ], [ -96.79868, 32.99594 ] ] ] } },
{ "type": "Feature", "properties": { "area_acres": 0.2 }, "geometry": { "type": "Polygon", "coordinates": [ [ [ -96.66687, 32.8603 ], [ -96.66687, 32.8602 ], [ -96.66611, 32.8602 ], [ -96.66607, 32.86025 ], [ -96.66607, 32.8603 ], [ -96.66687, 32.8603 ] ] ] } },
{ "type": "Feature", "properties": { "area_acres": 0.22 }, "geometry": { "type": "Polygon", "coordinates": [ [ [ -96.8388, 32.84795 ], [ -96.83854, 32.84765 ], [ -96.83834, 32.84775 ], [ -96.83863, 32.84806 ], [ -96.8388, 32.84795 ] ] ] } },
{ "type": "Feature", "properties": { "area_acres": 2.07 }, "geometry": { "type": "Polygon", "coordinates": [ [ [ -96.88032, 32.85879 ], [ -96.87935, 32.85869 ], [ -96.87874, 32.85919 ], [ -96.87875, 32.8596 ], [ -96.87962, 32.85935 ], [ -96.88035, 32.8589 ], [ -96.88032, 32.85879 ] ] ] } },
{ "type": "Feature", "properties": { "area_acres": 0.24 }, "geometry": { "type": "Polygon", "coordinates": [ [ [ -96.85106, 32.86063 ], [ -96.85095, 32.86029 ], [ -96.85067, 32.86036 ], [ -96.85077, 32.86063 ], [ -96.85089, 32.8606 ], [ -96.85092, 32.86067 ], [ -96.85106, 32.86063 ] ] ] } },
{ "type": "Feature", "properties": { "area_acres": 1.25 }, "geometry": { "type": "Polygon", "coordinates": [ [ [ -96.88677, 32.85999 ], [ -96.88618, 32.85976 ], [ -96.88649, 32.8592 ], [ -96.88699, 32.8592 ], [ -96.88696, 32.85998 ], [ -96.88677, 32.85999 ] ] ] } },
{ "type": "Feature", "properties": { "area_acres": 0.3 }, "geometry": { "type": "Polygon", "coordinates": [ [ [ -96.86606, 32.85986 ], [ -96.8658, 32.85963 ], [ -96.86606, 32.85942 ], [ -96.86633, 32.85965 ], [ -96.86606, 32.85986 ] ] ] } },
{ "type": "Feature", "properties": { "area_acres": 0.56 }, "geometry": { "type": "Polygon", "coordinates": [ [ [ -96.84595, 32.85079 ], [ -96.84555, 32.85045 ], [ -96.84587, 32.85018 ], [ -96.84627, 32.85053 ], [ -96.84595, 32.85079 ] ] ] } },
{ "type": "Feature", "properties": { "area_acres": 3.42 }, "geometry": { "type": "Polygon", "coordinates": [ [ [ -96.91608, 32.69967 ], [ -96.91529, 32.69917 ], [ -96.91506, 32.69887 ], [ -96.91493, 32.69852 ], [ -96.91603, 32.69851 ], [ -96.91612, 32.69878 ], [ -96.91626, 32.699 ], [ -96.91662, 32.6993 ], [ -96.91662, 32.7002 ], [ -96.91608, 32.69967 ] ] ] } },
{ "type": "Feature", "properties": { "area_acres": 0.17 }, "geometry": { "type": "Polygon", "coordinates": [ [ [ -96.7817, 32.66593 ], [ -96.78151, 32.66564 ], [ -96.78168, 32.66556 ], [ -96.78187, 32.66585 ], [ -96.7817, 32.66593 ] ] ] } },
{ "type": "Feature", "properties": { "area_acres": 0.17 }, "geometry": { "type": "Polygon", "coordinates": [ [ [ -96.86529, 32.86104 ], [ -96.86516, 32.86114 ], [ -96.86486, 32.86087 ], [ -96.865, 32.86076 ], [ -96.86529, 32.86104 ] ] ] } },
{ "type": "Feature", "properties": { "area_acres": 0.06 }, "geometry": { "type": "Polygon", "coordinates": [ [ [ -96.87351, 32.87431 ], [ -96.87332, 32.87431 ], [ -96.87333, 32.87418 ], [ -96.87352, 32.87418 ], [ -96.87351, 32.87431 ] ] ] } },
{ "type": "Feature", "properties": { "area_acres": 0.1 }, "geometry": { "type": "Polygon", "coordinates": [ [ [ -96.87265, 32.87438 ], [ -96.87246, 32.87437 ], [ -96.87246, 32.87417 ], [ -96.87265, 32.87417 ], [ -96.87265, 32.87438 ] ] ] } },
{ "type": "Feature", "properties": { "area_acres": 0.24 }, "geometry": { "type": "Polygon", "coordinates": [ [ [ -96.87574, 32.87173 ], [ -96.87574, 32.87222 ], [ -96.87555, 32.87222 ], [ -96.87555, 32.87173 ], [ -96.87574, 32.87173 ] ] ] } },
{ "type": "Feature", "properties": { "area_acres": 1.64 }, "geometry": { "type": "Polygon", "coordinates": [ [ [ -96.98529, 32.93738 ], [ -96.98491, 32.93788 ], [ -96.98371, 32.93721 ], [ -96.98379, 32.93711 ], [ -96.98415, 32.93729 ], [ -96.98444, 32.93694 ], [ -96.98529, 32.93738 ] ] ] } },
{ "type": "Feature", "properties": { "area_acres": 7.67 }, "geometry": { "type": "Polygon", "coordinates": [ [ [ -96.98581, 32.93634 ], [ -96.98396, 32.93534 ], [ -96.98458, 32.93452 ], [ -96.98452, 32.93448 ], [ -96.98458, 32.93439 ], [ -96.98515, 32.93469 ], [ -96.98561, 32.93408 ], [ -96.98618, 32.93439 ], [ -96.98569, 32.93503 ], [ -96.98661, 32.93552 ], [ -96.98601, 32.93631 ], [ -96.98585, 32.93629 ], [ -96.98581, 32.93634 ] ] ] } },
{ "type": "Feature", "properties": { "area_acres": 0.58 }, "geometry": { "type": "Polygon", "coordinates": [ [ [ -96.98318, 32.93442 ], [ -96.98362, 32.93395 ], [ -96.98331, 32.93377 ], [ -96.98287, 32.93425 ], [ -96.98318, 32.93442 ] ] ] } },
{ "type": "Feature", "properties": { "area_acres": 0.67 }, "geometry": { "type": "Polygon", "coordinates": [ [ [ -96.98413, 32.93498 ], [ -96.98444, 32.93436 ], [ -96.98417, 32.93421 ], [ -96.98381, 32.93471 ], [ -96.98386, 32.93486 ], [ -96.98413, 32.93498 ] ] ] } },
{ "type": "Feature", "properties": { "area_acres": 3.34 }, "geometry": { "type": "Polygon", "coordinates": [ [ [ -96.75656, 32.91127 ], [ -96.75718, 32.91134 ], [ -96.75711, 32.91117 ], [ -96.75723, 32.91112 ], [ -96.75736, 32.91086 ], [ -96.75751, 32.90988 ], [ -96.75632, 32.90975 ], [ -96.75632, 32.91008 ], [ -96.75638, 32.91009 ], [ -96.75641, 32.91026 ], [ -96.75646, 32.91026 ], [ -96.75646, 32.91043 ], [ -96.75651, 32.91043 ], [ -96.75654, 32.9106 ], [ -96.75659, 32.91061 ], [ -96.75659, 32.91077 ], [ -96.75664, 32.91078 ], [ -96.75656, 32.91127 ] ] ] } },
{ "type": "Feature", "properties": { "area_acres": 0.06 }, "geometry": { "type": "Polygon", "coordinates": [ [ [ -96.83534, 32.82314 ], [ -96.83552, 32.82329 ], [ -96.83543, 32.82335 ], [ -96.83525, 32.82321 ], [ -96.83534, 32.82314 ] ] ] } },
{ "type": "Feature", "properties": { "area_acres": 0.05 }, "geometry": { "type": "Polygon", "coordinates": [ [ [ -96.83519, 32.82316 ], [ -96.83503, 32.82302 ], [ -96.83511, 32.82296 ], [ -96.83528, 32.82309 ], [ -96.83519, 32.82316 ] ] ] } },
{ "type": "Feature", "properties": { "area_acres": 0.53 }, "geometry": { "type": "Polygon", "coordinates": [ [ [ -96.83527, 32.82306 ], [ -96.83571, 32.82269 ], [ -96.836, 32.8229 ], [ -96.83554, 32.82329 ], [ -96.83527, 32.82306 ] ] ] } },
{ "type": "Feature", "properties": { "area_acres": 0.2 }, "geometry": { "type": "Polygon", "coordinates": [ [ [ -96.8355, 32.82287 ], [ -96.83528, 32.82306 ], [ -96.83519, 32.82299 ], [ -96.8353, 32.8229 ], [ -96.83507, 32.82271 ], [ -96.83519, 32.8226 ], [ -96.8355, 32.82287 ] ] ] } },
{ "type": "Feature", "properties": { "area_acres": 0.25 }, "geometry": { "type": "Polygon", "coordinates": [ [ [ -96.81809, 32.81598 ], [ -96.81804, 32.81594 ], [ -96.81811, 32.81584 ], [ -96.81844, 32.81555 ], [ -96.81877, 32.81581 ], [ -96.81863, 32.81594 ], [ -96.81835, 32.8157 ], [ -96.81809, 32.81598 ] ] ] } },
{ "type": "Feature", "properties": { "area_acres": 0.07 }, "geometry": { "type": "Polygon", "coordinates": [ [ [ -96.81826, 32.81533 ], [ -96.81848, 32.81517 ], [ -96.81848, 32.81512 ], [ -96.81828, 32.81519 ], [ -96.81824, 32.81529 ], [ -96.81826, 32.81533 ] ] ] } },
{ "type": "Feature", "properties": { "area_acres": 0.3 }, "geometry": { "type": "Polygon", "coordinates": [ [ [ -96.80584, 32.8125 ], [ -96.8058, 32.81247 ], [ -96.8059, 32.81238 ], [ -96.806, 32.8125 ], [ -96.80604, 32.81247 ], [ -96.80614, 32.81256 ], [ -96.80613, 32.81263 ], [ -96.80591, 32.81282 ], [ -96.80587, 32.81279 ], [ -96.80582, 32.81283 ], [ -96.80566, 32.81271 ], [ -96.8057, 32.81268 ], [ -96.80566, 32.81265 ], [ -96.80584, 32.8125 ] ] ] } },
{ "type": "Feature", "properties": { "area_acres": 0.29 }, "geometry": { "type": "Polygon", "coordinates": [ [ [ -96.81248, 32.81104 ], [ -96.81233, 32.81093 ], [ -96.81182, 32.81137 ], [ -96.81194, 32.81147 ], [ -96.81248, 32.81104 ] ] ] } },
{ "type": "Feature", "properties": { "area_acres": 0.05 }, "geometry": { "type": "Polygon", "coordinates": [ [ [ -96.81254, 32.80099 ], [ -96.81239, 32.80103 ], [ -96.81237, 32.80089 ], [ -96.8125, 32.80087 ], [ -96.81254, 32.80099 ] ] ] } },
{ "type": "Feature", "properties": { "area_acres": 1.09 }, "geometry": { "type": "Polygon", "coordinates": [ [ [ -96.79553, 32.99811 ], [ -96.79551, 32.99752 ], [ -96.79499, 32.99733 ], [ -96.79496, 32.9974 ], [ -96.79488, 32.99738 ], [ -96.79481, 32.99756 ], [ -96.79493, 32.99761 ], [ -96.79478, 32.99796 ], [ -96.79511, 32.99807 ], [ -96.79513, 32.99804 ], [ -96.79527, 32.99806 ], [ -96.79527, 32.9981 ], [ -96.79553, 32.99811 ] ] ] } },
{ "type": "Feature", "properties": { "area_acres": 1.07 }, "geometry": { "type": "Polygon", "coordinates": [ [ [ -96.7937, 32.98649 ], [ -96.79371, 32.98599 ], [ -96.79305, 32.98599 ], [ -96.79271, 32.98631 ], [ -96.79271, 32.9865 ], [ -96.79284, 32.9865 ], [ -96.79292, 32.98637 ], [ -96.79308, 32.98636 ], [ -96.79308, 32.98649 ], [ -96.7937, 32.98649 ] ] ] } },
{ "type": "Feature", "properties": { "area_acres": 0.11 }, "geometry": { "type": "Polygon", "coordinates": [ [ [ -96.80904, 32.80766 ], [ -96.80887, 32.80752 ], [ -96.80902, 32.8074 ], [ -96.80919, 32.80755 ], [ -96.80904, 32.80766 ] ] ] } },
{ "type": "Feature", "properties": { "area_acres": 0.2 }, "geometry": { "type": "Polygon", "coordinates": [ [ [ -96.80901, 32.80794 ], [ -96.80935, 32.80766 ], [ -96.80922, 32.80754 ], [ -96.80888, 32.80782 ], [ -96.80901, 32.80794 ] ] ] } },
{ "type": "Feature", "properties": { "area_acres": 0.15 }, "geometry": { "type": "Polygon", "coordinates": [ [ [ -96.80935, 32.80714 ], [ -96.80948, 32.80725 ], [ -96.80921, 32.80747 ], [ -96.80908, 32.80736 ], [ -96.80935, 32.80714 ] ] ] } },
{ "type": "Feature", "properties": { "area_acres": 0.1 }, "geometry": { "type": "Polygon", "coordinates": [ [ [ -96.80975, 32.80717 ], [ -96.80986, 32.80728 ], [ -96.80967, 32.80744 ], [ -96.80955, 32.80733 ], [ -96.80975, 32.80717 ] ] ] } },
{ "type": "Feature", "properties": { "area_acres": 0.11 }, "geometry": { "type": "Polygon", "coordinates": [ [ [ -96.80992, 32.8077 ], [ -96.8098, 32.80759 ], [ -96.81001, 32.80742 ], [ -96.81014, 32.80753 ], [ -96.80992, 32.8077 ] ] ] } },
{ "type": "Feature", "properties": { "area_acres": 0.09 }, "geometry": { "type": "Polygon", "coordinates": [ [ [ -96.80634, 32.80707 ], [ -96.80621, 32.80696 ], [ -96.80637, 32.80682 ], [ -96.8065, 32.80693 ], [ -96.80634, 32.80707 ] ] ] } },
{ "type": "Feature", "properties": { "area_acres": 0.07 }, "geometry": { "type": "Polygon", "coordinates": [ [ [ -96.80649, 32.80719 ], [ -96.80636, 32.80707 ], [ -96.80648, 32.80697 ], [ -96.80661, 32.80709 ], [ -96.80649, 32.80719 ] ] ] } },
{ "type": "Feature", "properties": { "area_acres": 0.09 }, "geometry": { "type": "Polygon", "coordinates": [ [ [ -96.80664, 32.80731 ], [ -96.8065, 32.80719 ], [ -96.80665, 32.80707 ], [ -96.80679, 32.80718 ], [ -96.80664, 32.80731 ] ] ] } },
{ "type": "Feature", "properties": { "area_acres": 0.1 }, "geometry": { "type": "Polygon", "coordinates": [ [ [ -96.8058, 32.80863 ], [ -96.80567, 32.80851 ], [ -96.80584, 32.80837 ], [ -96.80597, 32.80849 ], [ -96.8058, 32.80863 ] ] ] } },
{ "type": "Feature", "properties": { "area_acres": 0.08 }, "geometry": { "type": "Polygon", "coordinates": [ [ [ -96.8086, 32.8076 ], [ -96.80837, 32.80741 ], [ -96.80845, 32.80733 ], [ -96.80869, 32.80752 ], [ -96.8086, 32.8076 ] ] ] } },
{ "type": "Feature", "properties": { "area_acres": 0.14 }, "geometry": { "type": "Polygon", "coordinates": [ [ [ -96.8086, 32.80823 ], [ -96.80887, 32.80801 ], [ -96.80899, 32.80811 ], [ -96.80877, 32.8083 ], [ -96.80873, 32.80827 ], [ -96.80868, 32.80831 ], [ -96.8086, 32.80823 ] ] ] } },
{ "type": "Feature", "properties": { "area_acres": 0.31 }, "geometry": { "type": "Polygon", "coordinates": [ [ [ -96.80858, 32.80823 ], [ -96.80832, 32.80801 ], [ -96.80861, 32.80778 ], [ -96.80886, 32.808 ], [ -96.80858, 32.80823 ] ] ] } },
{ "type": "Feature", "properties": { "area_acres": 0.1 }, "geometry": { "type": "Polygon", "coordinates": [ [ [ -96.8099, 32.80524 ], [ -96.8097, 32.8054 ], [ -96.80958, 32.8053 ], [ -96.80978, 32.80514 ], [ -96.8099, 32.80524 ] ] ] } },
{ "type": "Feature", "properties": { "area_acres": 0.27 }, "geometry": { "type": "Polygon", "coordinates": [ [ [ -96.88753, 32.86672 ], [ -96.88685, 32.86672 ], [ -96.88685, 32.86657 ], [ -96.88753, 32.86657 ], [ -96.88753, 32.86672 ] ] ] } },
{ "type": "Feature", "properties": { "area_acres": 0.13 }, "geometry": { "type": "Polygon", "coordinates": [ [ [ -96.82566, 32.83159 ], [ -96.82539, 32.83153 ], [ -96.82545, 32.83136 ], [ -96.82572, 32.83142 ], [ -96.82566, 32.83159 ] ] ] } },
{ "type": "Feature", "properties": { "area_acres": 1.78 }, "geometry": { "type": "Polygon", "coordinates": [ [ [ -96.86841, 32.82721 ], [ -96.8676, 32.827 ], [ -96.86762, 32.82694 ], [ -96.86756, 32.82692 ], [ -96.86777, 32.82635 ], [ -96.86793, 32.82639 ], [ -96.86796, 32.8263 ], [ -96.86865, 32.82648 ], [ -96.86859, 32.82673 ], [ -96.86865, 32.82674 ], [ -96.86849, 32.82717 ], [ -96.86843, 32.82716 ], [ -96.86841, 32.82721 ] ] ] } },
{ "type": "Feature", "properties": { "area_acres": 1.84 }, "geometry": { "type": "Polygon", "coordinates": [ [ [ -96.83078, 32.80377 ], [ -96.83136, 32.80297 ], [ -96.82921, 32.80246 ], [ -96.82917, 32.80268 ], [ -96.83078, 32.80302 ], [ -96.83053, 32.80347 ], [ -96.83056, 32.80366 ], [ -96.83078, 32.80377 ] ] ] } },
{ "type": "Feature", "properties": { "area_acres": 1.77 }, "geometry": { "type": "Polygon", "coordinates": [ [ [ -96.82775, 32.8037 ], [ -96.82804, 32.8036 ], [ -96.8288, 32.80483 ], [ -96.82755, 32.80464 ], [ -96.82749, 32.80452 ], [ -96.82802, 32.80433 ], [ -96.82774, 32.80383 ], [ -96.82775, 32.8037 ] ] ] } },
{ "type": "Feature", "properties": { "area_acres": 6.5 }, "geometry": { "type": "Polygon", "coordinates": [ [ [ -96.87885, 32.88641 ], [ -96.88123, 32.8864 ], [ -96.88123, 32.88541 ], [ -96.87923, 32.88538 ], [ -96.87921, 32.88507 ], [ -96.87884, 32.88507 ], [ -96.87885, 32.88641 ] ] ] } },
{ "type": "Feature", "properties": { "area_acres": 0.1 }, "geometry": { "type": "Polygon", "coordinates": [ [ [ -96.86334, 32.89868 ], [ -96.86333, 32.89898 ], [ -96.8632, 32.89898 ], [ -96.8632, 32.89868 ], [ -96.86334, 32.89868 ] ] ] } },
{ "type": "Feature", "properties": { "area_acres": 1.33 }, "geometry": { "type": "Polygon", "coordinates": [ [ [ -96.72539, 32.88702 ], [ -96.72535, 32.88665 ], [ -96.72516, 32.88642 ], [ -96.72443, 32.88646 ], [ -96.72452, 32.88707 ], [ -96.72539, 32.88702 ] ] ] } },
{ "type": "Feature", "properties": { "area_acres": 1.54 }, "geometry": { "type": "Polygon", "coordinates": [ [ [ -96.72838, 32.88768 ], [ -96.72787, 32.88742 ], [ -96.72775, 32.88641 ], [ -96.72784, 32.88637 ], [ -96.72823, 32.88636 ], [ -96.72829, 32.88642 ], [ -96.72838, 32.88768 ] ] ] } },
{ "type": "Feature", "properties": { "area_acres": 0.16 }, "geometry": { "type": "Polygon", "coordinates": [ [ [ -96.85035, 32.81769 ], [ -96.85035, 32.81787 ], [ -96.84999, 32.81787 ], [ -96.84999, 32.8177 ], [ -96.85035, 32.81769 ] ] ] } },
{ "type": "Feature", "properties": { "area_acres": 0.12 }, "geometry": { "type": "Polygon", "coordinates": [ [ [ -96.85074, 32.8177 ], [ -96.85073, 32.81782 ], [ -96.85035, 32.81782 ], [ -96.85036, 32.81769 ], [ -96.85074, 32.8177 ] ] ] } },
{ "type": "Feature", "properties": { "area_acres": 2.0 }, "geometry": { "type": "Polygon", "coordinates": [ [ [ -96.85449, 32.8175 ], [ -96.8545, 32.81718 ], [ -96.8522, 32.81717 ], [ -96.85211, 32.81723 ], [ -96.85214, 32.81751 ], [ -96.85449, 32.8175 ] ] ] } },
{ "type": "Feature", "properties": { "area_acres": 0.6 }, "geometry": { "type": "Polygon", "coordinates": [ [ [ -96.73185, 32.85229 ], [ -96.7323, 32.85268 ], [ -96.732, 32.85293 ], [ -96.73154, 32.85255 ], [ -96.73185, 32.85229 ] ] ] } },
{ "type": "Feature", "properties": { "area_acres": 0.66 }, "geometry": { "type": "Polygon", "coordinates": [ [ [ -96.73224, 32.8521 ], [ -96.73239, 32.85198 ], [ -96.73269, 32.85225 ], [ -96.73226, 32.85259 ], [ -96.73196, 32.85233 ], [ -96.73202, 32.85228 ], [ -96.73189, 32.85217 ], [ -96.73206, 32.85203 ], [ -96.73211, 32.85207 ], [ -96.73216, 32.85203 ], [ -96.73224, 32.8521 ] ] ] } },
{ "type": "Feature", "properties": { "area_acres": 0.5 }, "geometry": { "type": "Polygon", "coordinates": [ [ [ -96.79406, 32.98617 ], [ -96.79398, 32.98617 ], [ -96.79401, 32.98563 ], [ -96.79464, 32.9855 ], [ -96.79464, 32.98577 ], [ -96.79403, 32.98589 ], [ -96.79409, 32.98593 ], [ -96.79406, 32.98617 ] ] ] } },
{ "type": "Feature", "properties": { "area_acres": 0.49 }, "geometry": { "type": "Polygon", "coordinates": [ [ [ -96.7949, 32.98604 ], [ -96.79433, 32.98604 ], [ -96.79432, 32.98623 ], [ -96.79439, 32.98623 ], [ -96.79439, 32.98629 ], [ -96.79433, 32.98632 ], [ -96.79439, 32.98642 ], [ -96.79454, 32.98643 ], [ -96.79488, 32.98632 ], [ -96.7949, 32.98604 ] ] ] } },
{ "type": "Feature", "properties": { "area_acres": 0.05 }, "geometry": { "type": "Polygon", "coordinates": [ [ [ -96.79388, 32.9935 ], [ -96.79383, 32.9935 ], [ -96.79383, 32.99316 ], [ -96.79388, 32.99316 ], [ -96.79388, 32.9935 ] ] ] } },
{ "type": "Feature", "properties": { "area_acres": 0.09 }, "geometry": { "type": "Polygon", "coordinates": [ [ [ -96.79472, 32.99349 ], [ -96.79398, 32.99351 ], [ -96.79398, 32.99356 ], [ -96.79466, 32.99357 ], [ -96.79472, 32.99349 ] ] ] } },
{ "type": "Feature", "properties": { "area_acres": 0.16 }, "geometry": { "type": "Polygon", "coordinates": [ [ [ -96.79523, 32.99217 ], [ -96.79523, 32.99213 ], [ -96.79392, 32.99211 ], [ -96.79392, 32.99216 ], [ -96.79523, 32.99217 ] ] ] } },
{ "type": "Feature", "properties": { "area_acres": 0.14 }, "geometry": { "type": "Polygon", "coordinates": [ [ [ -96.79391, 32.99245 ], [ -96.79507, 32.99246 ], [ -96.79507, 32.99251 ], [ -96.79391, 32.9925 ], [ -96.79391, 32.99245 ] ] ] } },
{ "type": "Feature", "properties": { "area_acres": 0.06 }, "geometry": { "type": "Polygon", "coordinates": [ [ [ -96.79389, 32.99298 ], [ -96.79383, 32.99298 ], [ -96.79383, 32.99258 ], [ -96.79389, 32.99258 ], [ -96.79389, 32.99298 ] ] ] } },
{ "type": "Feature", "properties": { "area_acres": 0.13 }, "geometry": { "type": "Polygon", "coordinates": [ [ [ -96.79493, 32.993 ], [ -96.79493, 32.99305 ], [ -96.79396, 32.99304 ], [ -96.79397, 32.99299 ], [ -96.79493, 32.993 ] ] ] } },
{ "type": "Feature", "properties": { "area_acres": 0.33 }, "geometry": { "type": "Polygon", "coordinates": [ [ [ -96.79494, 32.9927 ], [ -96.79494, 32.99257 ], [ -96.794, 32.99256 ], [ -96.79399, 32.99269 ], [ -96.79494, 32.9927 ] ] ] } },
{ "type": "Feature", "properties": { "area_acres": 0.34 }, "geometry": { "type": "Polygon", "coordinates": [ [ [ -96.79496, 32.99325 ], [ -96.79496, 32.99311 ], [ -96.79402, 32.9931 ], [ -96.79401, 32.99324 ], [ -96.79496, 32.99325 ] ] ] } },
{ "type": "Feature", "properties": { "area_acres": 0.29 }, "geometry": { "type": "Polygon", "coordinates": [ [ [ -96.77552, 32.98835 ], [ -96.77598, 32.98823 ], [ -96.77592, 32.98808 ], [ -96.77543, 32.98809 ], [ -96.77552, 32.98835 ] ] ] } },
{ "type": "Feature", "properties": { "area_acres": 0.45 }, "geometry": { "type": "Polygon", "coordinates": [ [ [ -96.7645, 32.7698 ], [ -96.76492, 32.76947 ], [ -96.76514, 32.76965 ], [ -96.76477, 32.77002 ], [ -96.7645, 32.7698 ] ] ] } },
{ "type": "Feature", "properties": { "area_acres": 3.29 }, "geometry": { "type": "Polygon", "coordinates": [ [ [ -96.80171, 32.98697 ], [ -96.80198, 32.98698 ], [ -96.80198, 32.98687 ], [ -96.80225, 32.98687 ], [ -96.80225, 32.98692 ], [ -96.80229, 32.98687 ], [ -96.80252, 32.98687 ], [ -96.80252, 32.98691 ], [ -96.80263, 32.98691 ], [ -96.80279, 32.98677 ], [ -96.80239, 32.9864 ], [ -96.80235, 32.98645 ], [ -96.80197, 32.98645 ], [ -96.80185, 32.98628 ], [ -96.80171, 32.98622 ], [ -96.8017, 32.98598 ], [ -96.80176, 32.98595 ], [ -96.80171, 32.98595 ], [ -96.80171, 32.98579 ], [ -96.8012, 32.98538 ], [ -96.80114, 32.98546 ], [ -96.80121, 32.98546 ], [ -96.8012, 32.98595 ], [ -96.80114, 32.98598 ], [ -96.8012, 32.98598 ], [ -96.8012, 32.98642 ], [ -96.80107, 32.98645 ], [ -96.80107, 32.9865 ], [ -96.80074, 32.9865 ], [ -96.80074, 32.98645 ], [ -96.80063, 32.98645 ], [ -96.80063, 32.98527 ], [ -96.80119, 32.98523 ], [ -96.80119, 32.98529 ], [ -96.80134, 32.98536 ], [ -96.80138, 32.98533 ], [ -96.80205, 32.98594 ], [ -96.80202, 32.98597 ], [ -96.80211, 32.98605 ], [ -96.80214, 32.98602 ], [ -96.80282, 32.98664 ], [ -96.80279, 32.98667 ], [ -96.80295, 32.98682 ], [ -96.80273, 32.98701 ], [ -96.80269, 32.98698 ], [ -96.80269, 32.98703 ], [ -96.80171, 32.98702 ], [ -96.80171, 32.98697 ] ] ] } },
{ "type": "Feature", "properties": { "area_acres": 0.1 }, "geometry": { "type": "Polygon", "coordinates": [ [ [ -96.79982, 32.99772 ], [ -96.79964, 32.99772 ], [ -96.79964, 32.99749 ], [ -96.79982, 32.99749 ], [ -96.79982, 32.99772 ] ] ] } },
{ "type": "Feature", "properties": { "area_acres": 0.07 }, "geometry": { "type": "Polygon", "coordinates": [ [ [ -96.79916, 32.99734 ], [ -96.79913, 32.99738 ], [ -96.79865, 32.99721 ], [ -96.79867, 32.99717 ], [ -96.79916, 32.99734 ] ] ] } },
{ "type": "Feature", "properties": { "area_acres": 0.03 }, "geometry": { "type": "Polygon", "coordinates": [ [ [ -96.79916, 32.99747 ], [ -96.79911, 32.99745 ], [ -96.79903, 32.99761 ], [ -96.79908, 32.99762 ], [ -96.79916, 32.99747 ] ] ] } },
{ "type": "Feature", "properties": { "area_acres": 0.09 }, "geometry": { "type": "Polygon", "coordinates": [ [ [ -96.79887, 32.99702 ], [ -96.7987, 32.99696 ], [ -96.79862, 32.99714 ], [ -96.79879, 32.9972 ], [ -96.79887, 32.99702 ] ] ] } },
{ "type": "Feature", "properties": { "area_acres": 0.17 }, "geometry": { "type": "Polygon", "coordinates": [ [ [ -96.7998, 32.99734 ], [ -96.7998, 32.99729 ], [ -96.79985, 32.99729 ], [ -96.79985, 32.99713 ], [ -96.79948, 32.99713 ], [ -96.79953, 32.99734 ], [ -96.7998, 32.99734 ] ] ] } },
{ "type": "Feature", "properties": { "area_acres": 0.05 }, "geometry": { "type": "Polygon", "coordinates": [ [ [ -96.79937, 32.99763 ], [ -96.79932, 32.99763 ], [ -96.79932, 32.99728 ], [ -96.79937, 32.99728 ], [ -96.79937, 32.99763 ] ] ] } },
{ "type": "Feature", "properties": { "area_acres": 0.03 }, "geometry": { "type": "Polygon", "coordinates": [ [ [ -96.79978, 32.99806 ], [ -96.79977, 32.99801 ], [ -96.79952, 32.99804 ], [ -96.79953, 32.99809 ], [ -96.79978, 32.99806 ] ] ] } },
{ "type": "Feature", "properties": { "area_acres": 0.04 }, "geometry": { "type": "Polygon", "coordinates": [ [ [ -96.79937, 32.99803 ], [ -96.79931, 32.99803 ], [ -96.79932, 32.99771 ], [ -96.79937, 32.99772 ], [ -96.79937, 32.99803 ] ] ] } },
{ "type": "Feature", "properties": { "area_acres": 0.04 }, "geometry": { "type": "Polygon", "coordinates": [ [ [ -96.7993, 32.99804 ], [ -96.7993, 32.99799 ], [ -96.79896, 32.99799 ], [ -96.79896, 32.99804 ], [ -96.7993, 32.99804 ] ] ] } },
{ "type": "Feature", "properties": { "area_acres": 0.05 }, "geometry": { "type": "Polygon", "coordinates": [ [ [ -96.7989, 32.99815 ], [ -96.7989, 32.99811 ], [ -96.79931, 32.99811 ], [ -96.79931, 32.99815 ], [ -96.7989, 32.99815 ] ] ] } },
{ "type": "Feature", "properties": { "area_acres": 0.05 }, "geometry": { "type": "Polygon", "coordinates": [ [ [ -96.79887, 32.99757 ], [ -96.79889, 32.99752 ], [ -96.79857, 32.99741 ], [ -96.79851, 32.99745 ], [ -96.79887, 32.99757 ] ] ] } },
{ "type": "Feature", "properties": { "area_acres": 2.15 }, "geometry": { "type": "Polygon", "coordinates": [ [ [ -96.79934, 32.99861 ], [ -96.79887, 32.99862 ], [ -96.79884, 32.99858 ], [ -96.79884, 32.99862 ], [ -96.79872, 32.99862 ], [ -96.79867, 32.99858 ], [ -96.7987, 32.99881 ], [ -96.79864, 32.99904 ], [ -96.79858, 32.99902 ], [ -96.79854, 32.99909 ], [ -96.79858, 32.99911 ], [ -96.79843, 32.99927 ], [ -96.79815, 32.99933 ], [ -96.79816, 32.99938 ], [ -96.79781, 32.99938 ], [ -96.79782, 32.99933 ], [ -96.79752, 32.99924 ], [ -96.79761, 32.99907 ], [ -96.79756, 32.99905 ], [ -96.79758, 32.99901 ], [ -96.79772, 32.9988 ], [ -96.79792, 32.99864 ], [ -96.79817, 32.99853 ], [ -96.79931, 32.99845 ], [ -96.79934, 32.99861 ] ] ] } },
{ "type": "Feature", "properties": { "area_acres": 0.47 }, "geometry": { "type": "Polygon", "coordinates": [ [ [ -96.79927, 32.99927 ], [ -96.79916, 32.99946 ], [ -96.79894, 32.99968 ], [ -96.79862, 32.99986 ], [ -96.79851, 32.99966 ], [ -96.79874, 32.99953 ], [ -96.79894, 32.99934 ], [ -96.79899, 32.99936 ], [ -96.79906, 32.99923 ], [ -96.79927, 32.99927 ] ] ] } },
{ "type": "Feature", "properties": { "area_acres": 0.61 }, "geometry": { "type": "Polygon", "coordinates": [ [ [ -96.82396, 32.76155 ], [ -96.82312, 32.76155 ], [ -96.82312, 32.76127 ], [ -96.82396, 32.76127 ], [ -96.82396, 32.76155 ] ] ] } },
{ "type": "Feature", "properties": { "area_acres": 1.05 }, "geometry": { "type": "Polygon", "coordinates": [ [ [ -96.82397, 32.76224 ], [ -96.82312, 32.76224 ], [ -96.82311, 32.76177 ], [ -96.82397, 32.76176 ], [ -96.82397, 32.76224 ] ] ] } },
{ "type": "Feature", "properties": { "area_acres": 1.51 }, "geometry": { "type": "Polygon", "coordinates": [ [ [ -96.82274, 32.76223 ], [ -96.82234, 32.76223 ], [ -96.82235, 32.76074 ], [ -96.82275, 32.76074 ], [ -96.82274, 32.76223 ] ] ] } },
{ "type": "Feature", "properties": { "area_acres": 0.19 }, "geometry": { "type": "Polygon", "coordinates": [ [ [ -96.77075, 32.82402 ], [ -96.77057, 32.82402 ], [ -96.77056, 32.82361 ], [ -96.77068, 32.82361 ], [ -96.77068, 32.82358 ], [ -96.77074, 32.82358 ], [ -96.77075, 32.82402 ] ] ] } },
{ "type": "Feature", "properties": { "area_acres": 3.23 }, "geometry": { "type": "Polygon", "coordinates": [ [ [ -96.7709, 32.88788 ], [ -96.77091, 32.8883 ], [ -96.77096, 32.88832 ], [ -96.77092, 32.89023 ], [ -96.77146, 32.89023 ], [ -96.77145, 32.88803 ], [ -96.77131, 32.88777 ], [ -96.7709, 32.88788 ] ] ] } },
{ "type": "Feature", "properties": { "area_acres": 0.17 }, "geometry": { "type": "Polygon", "coordinates": [ [ [ -96.71536, 32.82875 ], [ -96.71574, 32.8288 ], [ -96.7158, 32.82864 ], [ -96.7154, 32.82858 ], [ -96.71536, 32.82875 ] ] ] } },
{ "type": "Feature", "properties": { "area_acres": 0.13 }, "geometry": { "type": "Polygon", "coordinates": [ [ [ -96.70926, 32.83925 ], [ -96.70902, 32.83913 ], [ -96.70913, 32.83898 ], [ -96.70937, 32.83911 ], [ -96.70926, 32.83925 ] ] ] } },
{ "type": "Feature", "properties": { "area_acres": 0.12 }, "geometry": { "type": "Polygon", "coordinates": [ [ [ -96.7309, 32.85364 ], [ -96.73069, 32.85346 ], [ -96.73078, 32.85338 ], [ -96.73085, 32.85337 ], [ -96.73103, 32.85353 ], [ -96.7309, 32.85364 ] ] ] } },
{ "type": "Feature", "properties": { "area_acres": 2.12 }, "geometry": { "type": "Polygon", "coordinates": [ [ [ -96.9226, 32.88906 ], [ -96.9226, 32.88851 ], [ -96.92248, 32.88833 ], [ -96.92188, 32.88832 ], [ -96.9218, 32.88837 ], [ -96.92179, 32.88856 ], [ -96.92174, 32.88859 ], [ -96.92173, 32.88936 ], [ -96.92206, 32.88944 ], [ -96.9226, 32.88906 ] ] ] } },
{ "type": "Feature", "properties": { "area_acres": 0.51 }, "geometry": { "type": "Polygon", "coordinates": [ [ [ -96.95181, 32.66549 ], [ -96.95161, 32.66545 ], [ -96.95162, 32.66446 ], [ -96.95182, 32.66447 ], [ -96.95181, 32.66549 ] ] ] } },
{ "type": "Feature", "properties": { "area_acres": 0.72 }, "geometry": { "type": "Polygon", "coordinates": [ [ [ -96.95367, 32.662 ], [ -96.9537, 32.66186 ], [ -96.95392, 32.66172 ], [ -96.95393, 32.66164 ], [ -96.95448, 32.66168 ], [ -96.95454, 32.66189 ], [ -96.95447, 32.66209 ], [ -96.95367, 32.662 ] ] ] } },
{ "type": "Feature", "properties": { "area_acres": 0.07 }, "geometry": { "type": "Polygon", "coordinates": [ [ [ -96.95282, 32.66601 ], [ -96.95253, 32.6659 ], [ -96.95258, 32.66582 ], [ -96.95287, 32.66593 ], [ -96.95282, 32.66601 ] ] ] } },
{ "type": "Feature", "properties": { "area_acres": 0.52 }, "geometry": { "type": "Polygon", "coordinates": [ [ [ -96.95364, 32.66474 ], [ -96.95366, 32.66457 ], [ -96.95477, 32.66457 ], [ -96.95489, 32.66467 ], [ -96.95488, 32.66473 ], [ -96.95364, 32.66474 ] ] ] } },
{ "type": "Feature", "properties": { "area_acres": 0.31 }, "geometry": { "type": "Polygon", "coordinates": [ [ [ -96.95315, 32.66398 ], [ -96.95296, 32.664 ], [ -96.95289, 32.66363 ], [ -96.95295, 32.66356 ], [ -96.9533, 32.66353 ], [ -96.95331, 32.66369 ], [ -96.95311, 32.66373 ], [ -96.95315, 32.66398 ] ] ] } },
{ "type": "Feature", "properties": { "area_acres": 0.25 }, "geometry": { "type": "Polygon", "coordinates": [ [ [ -96.95368, 32.66325 ], [ -96.95388, 32.6631 ], [ -96.95402, 32.66321 ], [ -96.9535, 32.66361 ], [ -96.95344, 32.66354 ], [ -96.95355, 32.66345 ], [ -96.95349, 32.66339 ], [ -96.95356, 32.6634 ], [ -96.95372, 32.66328 ], [ -96.95368, 32.66325 ] ] ] } },
{ "type": "Feature", "properties": { "area_acres": 6.58 }, "geometry": { "type": "Polygon", "coordinates": [ [ [ -96.94317, 32.64904 ], [ -96.94315, 32.64793 ], [ -96.94523, 32.64792 ], [ -96.94536, 32.64805 ], [ -96.94548, 32.64808 ], [ -96.94549, 32.6489 ], [ -96.94537, 32.64895 ], [ -96.94537, 32.64904 ], [ -96.94317, 32.64904 ] ] ] } },
{ "type": "Feature", "properties": { "area_acres": 0.93 }, "geometry": { "type": "Polygon", "coordinates": [ [ [ -96.94573, 32.64795 ], [ -96.94572, 32.64757 ], [ -96.94668, 32.64757 ], [ -96.9467, 32.64794 ], [ -96.94573, 32.64795 ] ] ] } },
{ "type": "Feature", "properties": { "area_acres": 0.36 }, "geometry": { "type": "Polygon", "coordinates": [ [ [ -96.94854, 32.64748 ], [ -96.94722, 32.64749 ], [ -96.9472, 32.64738 ], [ -96.94855, 32.64738 ], [ -96.94854, 32.64748 ] ] ] } },
{ "type": "Feature", "properties": { "area_acres": 0.42 }, "geometry": { "type": "Polygon", "coordinates": [ [ [ -96.94953, 32.6485 ], [ -96.94909, 32.6485 ], [ -96.94905, 32.64814 ], [ -96.94949, 32.64815 ], [ -96.94949, 32.64823 ], [ -96.94955, 32.64823 ], [ -96.94953, 32.6485 ] ] ] } },
{ "type": "Feature", "properties": { "area_acres": 0.18 }, "geometry": { "type": "Polygon", "coordinates": [ [ [ -96.76973, 32.85801 ], [ -96.76971, 32.85784 ], [ -96.76937, 32.85784 ], [ -96.76925, 32.85801 ], [ -96.76973, 32.85801 ] ] ] } },
{ "type": "Feature", "properties": { "area_acres": 0.19 }, "geometry": { "type": "Polygon", "coordinates": [ [ [ -96.76966, 32.85833 ], [ -96.76925, 32.8583 ], [ -96.76917, 32.85841 ], [ -96.7692, 32.85848 ], [ -96.76976, 32.85848 ], [ -96.76972, 32.85841 ], [ -96.76962, 32.85841 ], [ -96.76966, 32.85833 ] ] ] } },
{ "type": "Feature", "properties": { "area_acres": 0.58 }, "geometry": { "type": "Polygon", "coordinates": [ [ [ -96.96634, 32.65035 ], [ -96.96663, 32.65039 ], [ -96.96631, 32.65073 ], [ -96.96634, 32.65082 ], [ -96.96647, 32.65082 ], [ -96.96684, 32.65042 ], [ -96.96682, 32.65035 ], [ -96.96602, 32.65007 ], [ -96.96589, 32.6502 ], [ -96.96634, 32.65035 ] ] ] } },
{ "type": "Feature", "properties": { "area_acres": 0.32 }, "geometry": { "type": "Polygon", "coordinates": [ [ [ -96.81202, 32.81296 ], [ -96.81178, 32.81316 ], [ -96.81164, 32.81311 ], [ -96.81175, 32.81303 ], [ -96.81156, 32.81296 ], [ -96.8116, 32.81293 ], [ -96.81156, 32.81289 ], [ -96.81184, 32.81267 ], [ -96.81206, 32.81288 ], [ -96.81197, 32.81295 ], [ -96.81202, 32.81296 ] ] ] } },
{ "type": "Feature", "properties": { "area_acres": 1.49 }, "geometry": { "type": "Polygon", "coordinates": [ [ [ -96.81283, 32.81331 ], [ -96.81296, 32.81318 ], [ -96.81292, 32.81315 ], [ -96.81299, 32.8131 ], [ -96.81303, 32.81314 ], [ -96.81332, 32.81289 ], [ -96.81333, 32.81283 ], [ -96.81307, 32.81261 ], [ -96.81303, 32.81264 ], [ -96.81292, 32.81256 ], [ -96.81296, 32.81253 ], [ -96.81274, 32.81236 ], [ -96.8127, 32.8124 ], [ -96.81266, 32.81237 ], [ -96.81218, 32.81282 ], [ -96.81275, 32.81331 ], [ -96.81278, 32.81327 ], [ -96.81283, 32.81331 ] ] ] } },
{ "type": "Feature", "properties": { "area_acres": 0.21 }, "geometry": { "type": "Polygon", "coordinates": [ [ [ -96.81232, 32.81266 ], [ -96.81212, 32.81248 ], [ -96.81188, 32.81267 ], [ -96.81209, 32.81285 ], [ -96.81232, 32.81266 ] ] ] } },
{ "type": "Feature", "properties": { "area_acres": 1.65 }, "geometry": { "type": "Polygon", "coordinates": [ [ [ -96.6458, 32.84138 ], [ -96.64551, 32.84158 ], [ -96.64548, 32.84155 ], [ -96.6455, 32.8416 ], [ -96.64539, 32.84168 ], [ -96.64518, 32.84145 ], [ -96.64532, 32.84135 ], [ -96.64515, 32.84118 ], [ -96.64526, 32.84116 ], [ -96.64523, 32.84113 ], [ -96.64528, 32.84109 ], [ -96.64532, 32.84113 ], [ -96.64541, 32.84108 ], [ -96.6452, 32.84086 ], [ -96.64515, 32.84053 ], [ -96.64545, 32.84033 ], [ -96.64554, 32.84045 ], [ -96.64567, 32.84042 ], [ -96.64592, 32.8413 ], [ -96.64583, 32.84131 ], [ -96.6458, 32.84138 ] ] ] } },
{ "type": "Feature", "properties": { "area_acres": 0.9 }, "geometry": { "type": "Polygon", "coordinates": [ [ [ -96.64601, 32.84051 ], [ -96.64599, 32.84046 ], [ -96.64626, 32.84041 ], [ -96.6461, 32.83981 ], [ -96.64604, 32.83983 ], [ -96.64602, 32.83976 ], [ -96.64563, 32.83983 ], [ -96.64565, 32.83989 ], [ -96.64559, 32.8399 ], [ -96.6457, 32.84031 ], [ -96.64577, 32.8403 ], [ -96.64579, 32.84055 ], [ -96.64601, 32.84051 ] ] ] } },
{ "type": "Feature", "properties": { "area_acres": 0.95 }, "geometry": { "type": "Polygon", "coordinates": [ [ [ -96.64483, 32.83956 ], [ -96.64448, 32.83988 ], [ -96.64464, 32.83993 ], [ -96.64467, 32.84014 ], [ -96.64486, 32.84025 ], [ -96.64487, 32.84033 ], [ -96.64503, 32.84031 ], [ -96.64515, 32.84015 ], [ -96.6452, 32.84017 ], [ -96.64537, 32.84001 ], [ -96.64533, 32.83997 ], [ -96.64538, 32.83985 ], [ -96.64527, 32.83986 ], [ -96.64531, 32.83982 ], [ -96.64516, 32.83973 ], [ -96.64512, 32.83977 ], [ -96.64483, 32.83956 ] ] ] } },
{ "type": "Feature", "properties": { "area_acres": 0.63 }, "geometry": { "type": "Polygon", "coordinates": [ [ [ -96.85847, 32.65015 ], [ -96.85844, 32.64996 ], [ -96.85914, 32.64997 ], [ -96.85908, 32.65046 ], [ -96.85892, 32.6508 ], [ -96.85876, 32.6507 ], [ -96.85886, 32.65056 ], [ -96.85895, 32.65015 ], [ -96.85847, 32.65015 ] ] ] } },
{ "type": "Feature", "properties": { "area_acres": 0.57 }, "geometry": { "type": "Polygon", "coordinates": [ [ [ -96.8583, 32.6512 ], [ -96.85829, 32.65075 ], [ -96.85835, 32.65075 ], [ -96.85835, 32.65068 ], [ -96.85873, 32.65071 ], [ -96.85889, 32.65083 ], [ -96.85869, 32.65105 ], [ -96.85839, 32.65126 ], [ -96.8583, 32.6512 ] ] ] } },
{ "type": "Feature", "properties": { "area_acres": 0.82 }, "geometry": { "type": "Polygon", "coordinates": [ [ [ -96.71345, 32.83136 ], [ -96.71371, 32.83093 ], [ -96.71291, 32.83072 ], [ -96.71289, 32.83079 ], [ -96.71303, 32.83103 ], [ -96.71314, 32.83142 ], [ -96.7133, 32.83142 ], [ -96.71345, 32.83136 ] ] ] } },
{ "type": "Feature", "properties": { "area_acres": 0.12 }, "geometry": { "type": "Polygon", "coordinates": [ [ [ -96.77967, 32.79483 ], [ -96.77936, 32.79457 ], [ -96.77945, 32.79449 ], [ -96.77976, 32.79475 ], [ -96.77967, 32.79483 ] ] ] } },
{ "type": "Feature", "properties": { "area_acres": 0.14 }, "geometry": { "type": "Polygon", "coordinates": [ [ [ -96.77918, 32.79514 ], [ -96.77949, 32.79487 ], [ -96.77937, 32.79477 ], [ -96.77909, 32.79507 ], [ -96.77918, 32.79514 ] ] ] } },
{ "type": "Feature", "properties": { "area_acres": 0.85 }, "geometry": { "type": "Polygon", "coordinates": [ [ [ -96.81765, 32.91552 ], [ -96.81763, 32.91596 ], [ -96.81774, 32.916 ], [ -96.81775, 32.91605 ], [ -96.81814, 32.91604 ], [ -96.81815, 32.91596 ], [ -96.8183, 32.91596 ], [ -96.8183, 32.91554 ], [ -96.81824, 32.91551 ], [ -96.81765, 32.91552 ] ] ] } },
{ "type": "Feature", "properties": { "area_acres": 0.61 }, "geometry": { "type": "Polygon", "coordinates": [ [ [ -96.69847, 32.88165 ], [ -96.69864, 32.88138 ], [ -96.69805, 32.88109 ], [ -96.69803, 32.88118 ], [ -96.69798, 32.88116 ], [ -96.69784, 32.88136 ], [ -96.69803, 32.88144 ], [ -96.698, 32.88149 ], [ -96.69825, 32.88161 ], [ -96.69828, 32.88156 ], [ -96.69847, 32.88165 ] ] ] } },
{ "type": "Feature", "properties": { "area_acres": 0.22 }, "geometry": { "type": "Polygon", "coordinates": [ [ [ -96.70002, 32.88177 ], [ -96.70014, 32.88155 ], [ -96.70013, 32.88131 ], [ -96.69991, 32.88135 ], [ -96.69993, 32.88155 ], [ -96.69984, 32.88171 ], [ -96.70002, 32.88177 ] ] ] } },
{ "type": "Feature", "properties": { "area_acres": 1.32 }, "geometry": { "type": "Polygon", "coordinates": [ [ [ -96.73989, 32.88864 ], [ -96.7398, 32.88857 ], [ -96.73968, 32.88865 ], [ -96.73948, 32.88838 ], [ -96.74053, 32.88753 ], [ -96.74052, 32.8881 ], [ -96.73989, 32.88864 ] ] ] } },
{ "type": "Feature", "properties": { "area_acres": 0.19 }, "geometry": { "type": "Polygon", "coordinates": [ [ [ -96.76962, 32.98434 ], [ -96.77018, 32.98435 ], [ -96.77018, 32.98448 ], [ -96.76962, 32.98448 ], [ -96.76962, 32.98434 ] ] ] } },
{ "type": "Feature", "properties": { "area_acres": 0.28 }, "geometry": { "type": "Polygon", "coordinates": [ [ [ -96.77036, 32.98448 ], [ -96.77064, 32.98414 ], [ -96.77058, 32.98412 ], [ -96.77065, 32.98411 ], [ -96.77086, 32.98386 ], [ -96.77074, 32.98379 ], [ -96.77023, 32.98441 ], [ -96.77036, 32.98448 ] ] ] } },
{ "type": "Feature", "properties": { "area_acres": 0.49 }, "geometry": { "type": "Polygon", "coordinates": [ [ [ -96.77066, 32.98358 ], [ -96.76966, 32.98357 ], [ -96.76966, 32.98352 ], [ -96.76959, 32.98352 ], [ -96.76958, 32.98338 ], [ -96.77067, 32.9834 ], [ -96.77066, 32.98358 ] ] ] } },
{ "type": "Feature", "properties": { "area_acres": 0.11 }, "geometry": { "type": "Polygon", "coordinates": [ [ [ -96.76914, 32.98432 ], [ -96.76914, 32.98415 ], [ -96.76941, 32.98415 ], [ -96.7694, 32.98432 ], [ -96.76914, 32.98432 ] ] ] } },
{ "type": "Feature", "properties": { "area_acres": 0.17 }, "geometry": { "type": "Polygon", "coordinates": [ [ [ -96.76861, 32.98433 ], [ -96.76861, 32.9841 ], [ -96.76854, 32.9841 ], [ -96.76854, 32.98397 ], [ -96.76841, 32.98397 ], [ -96.76841, 32.98434 ], [ -96.76861, 32.98433 ] ] ] } },
{ "type": "Feature", "properties": { "area_acres": 7.16 }, "geometry": { "type": "Polygon", "coordinates": [ [ [ -96.76941, 32.98413 ], [ -96.76915, 32.98413 ], [ -96.76915, 32.98407 ], [ -96.76859, 32.98407 ], [ -96.76859, 32.9839 ], [ -96.76854, 32.9839 ], [ -96.76854, 32.98397 ], [ -96.76841, 32.98392 ], [ -96.76837, 32.98292 ], [ -96.76843, 32.98292 ], [ -96.76843, 32.98273 ], [ -96.76836, 32.98273 ], [ -96.76835, 32.98142 ], [ -96.76841, 32.98143 ], [ -96.76841, 32.98139 ], [ -96.76864, 32.98139 ], [ -96.76864, 32.98134 ], [ -96.76893, 32.98139 ], [ -96.76893, 32.98134 ], [ -96.76946, 32.98135 ], [ -96.76942, 32.98166 ], [ -96.76938, 32.98348 ], [ -96.76945, 32.98358 ], [ -96.76941, 32.98413 ] ] ] } },
{ "type": "Feature", "properties": { "area_acres": 1.37 }, "geometry": { "type": "Polygon", "coordinates": [ [ [ -96.76946, 32.98135 ], [ -96.76893, 32.98134 ], [ -96.76894, 32.98111 ], [ -96.76877, 32.98111 ], [ -96.76878, 32.98116 ], [ -96.76842, 32.98115 ], [ -96.76842, 32.98111 ], [ -96.76834, 32.98111 ], [ -96.76836, 32.98042 ], [ -96.7685, 32.98041 ], [ -96.7685, 32.98057 ], [ -96.76855, 32.98057 ], [ -96.76855, 32.98079 ], [ -96.76849, 32.98079 ], [ -96.76852, 32.98086 ], [ -96.76857, 32.98086 ], [ -96.76857, 32.98081 ], [ -96.76946, 32.98082 ], [ -96.76946, 32.98135 ] ] ] } },
{ "type": "Feature", "properties": { "area_acres": 0.25 }, "geometry": { "type": "Polygon", "coordinates": [ [ [ -96.76955, 32.98083 ], [ -96.7696, 32.98088 ], [ -96.76957, 32.98096 ], [ -96.76962, 32.98096 ], [ -96.76963, 32.98119 ], [ -96.76956, 32.9812 ], [ -96.76956, 32.98132 ], [ -96.76962, 32.98133 ], [ -96.76961, 32.98156 ], [ -96.76947, 32.98156 ], [ -96.76946, 32.98087 ], [ -96.76955, 32.98083 ] ] ] } },
{ "type": "Feature", "properties": { "area_acres": 0.29 }, "geometry": { "type": "Polygon", "coordinates": [ [ [ -96.76961, 32.9836 ], [ -96.76959, 32.98433 ], [ -96.76943, 32.98432 ], [ -96.76945, 32.98359 ], [ -96.76961, 32.9836 ] ] ] } },
{ "type": "Feature", "properties": { "area_acres": 0.68 }, "geometry": { "type": "Polygon", "coordinates": [ [ [ -96.76959, 32.98195 ], [ -96.77046, 32.98196 ], [ -96.77047, 32.98184 ], [ -96.77028, 32.98184 ], [ -96.7703, 32.98161 ], [ -96.76959, 32.9816 ], [ -96.76959, 32.98195 ] ] ] } },
{ "type": "Feature", "properties": { "area_acres": 0.37 }, "geometry": { "type": "Polygon", "coordinates": [ [ [ -96.77051, 32.98097 ], [ -96.77005, 32.98025 ], [ -96.76986, 32.98034 ], [ -96.76998, 32.98054 ], [ -96.77004, 32.98051 ], [ -96.77037, 32.98104 ], [ -96.77051, 32.98097 ] ] ] } },
{ "type": "Feature", "properties": { "area_acres": 0.67 }, "geometry": { "type": "Polygon", "coordinates": [ [ [ -96.76994, 32.98085 ], [ -96.76999, 32.98073 ], [ -96.76995, 32.98076 ], [ -96.76979, 32.98063 ], [ -96.76981, 32.98058 ], [ -96.76858, 32.98056 ], [ -96.7686, 32.9804 ], [ -96.7698, 32.98042 ], [ -96.76987, 32.98052 ], [ -96.76991, 32.98049 ], [ -96.77011, 32.98067 ], [ -96.77007, 32.98086 ], [ -96.76994, 32.98085 ] ] ] } },
{ "type": "Feature", "properties": { "area_acres": 4.04 }, "geometry": { "type": "Polygon", "coordinates": [ [ [ -96.69145, 32.78362 ], [ -96.69052, 32.78341 ], [ -96.69039, 32.78333 ], [ -96.68966, 32.78266 ], [ -96.68967, 32.78226 ], [ -96.69064, 32.78227 ], [ -96.69064, 32.7826 ], [ -96.6917, 32.78285 ], [ -96.69145, 32.78362 ] ] ] } },
{ "type": "Feature", "properties": { "area_acres": 0.56 }, "geometry": { "type": "Polygon", "coordinates": [ [ [ -96.76545, 32.68268 ], [ -96.76532, 32.68255 ], [ -96.76435, 32.68326 ], [ -96.76449, 32.68339 ], [ -96.76545, 32.68268 ] ] ] } },
{ "type": "Feature", "properties": { "area_acres": 2.49 }, "geometry": { "type": "Polygon", "coordinates": [ [ [ -96.75838, 32.98574 ], [ -96.75837, 32.98664 ], [ -96.75839, 32.98668 ], [ -96.75874, 32.98668 ], [ -96.75874, 32.98679 ], [ -96.75682, 32.98675 ], [ -96.75682, 32.98665 ], [ -96.75763, 32.98663 ], [ -96.75759, 32.98579 ], [ -96.75765, 32.98579 ], [ -96.75765, 32.98564 ], [ -96.75818, 32.98564 ], [ -96.75838, 32.98574 ] ] ] } },
{ "type": "Feature", "properties": { "area_acres": 1.74 }, "geometry": { "type": "Polygon", "coordinates": [ [ [ -96.75878, 32.98532 ], [ -96.75758, 32.98532 ], [ -96.75758, 32.98481 ], [ -96.75877, 32.98481 ], [ -96.75878, 32.98404 ], [ -96.75884, 32.98404 ], [ -96.75884, 32.98526 ], [ -96.75878, 32.98526 ], [ -96.75878, 32.98532 ] ] ] } },
{ "type": "Feature", "properties": { "area_acres": 0.39 }, "geometry": { "type": "Polygon", "coordinates": [ [ [ -96.70095, 32.87808 ], [ -96.70096, 32.8783 ], [ -96.70091, 32.8783 ], [ -96.70091, 32.87838 ], [ -96.70097, 32.87838 ], [ -96.701, 32.87862 ], [ -96.70094, 32.87862 ], [ -96.70086, 32.87852 ], [ -96.70061, 32.87854 ], [ -96.70058, 32.87819 ], [ -96.70082, 32.87815 ], [ -96.70095, 32.87808 ] ] ] } },
{ "type": "Feature", "properties": { "area_acres": 0.25 }, "geometry": { "type": "Polygon", "coordinates": [ [ [ -96.83857, 32.99324 ], [ -96.83845, 32.99336 ], [ -96.83798, 32.99304 ], [ -96.8381, 32.99292 ], [ -96.83857, 32.99324 ] ] ] } },
{ "type": "Feature", "properties": { "area_acres": 7.95 }, "geometry": { "type": "Polygon", "coordinates": [ [ [ -96.66541, 32.78189 ], [ -96.66482, 32.78139 ], [ -96.6654, 32.78091 ], [ -96.66511, 32.7801 ], [ -96.665, 32.77996 ], [ -96.66504, 32.77947 ], [ -96.66499, 32.77821 ], [ -96.66487, 32.77814 ], [ -96.66456, 32.77814 ], [ -96.66429, 32.77837 ], [ -96.66433, 32.7784 ], [ -96.66339, 32.7791 ], [ -96.66353, 32.77909 ], [ -96.66372, 32.77915 ], [ -96.66393, 32.77934 ], [ -96.66468, 32.78145 ], [ -96.66531, 32.78199 ], [ -96.66541, 32.78189 ] ] ] } },
{ "type": "Feature", "properties": { "area_acres": 0.77 }, "geometry": { "type": "Polygon", "coordinates": [ [ [ -96.76995, 32.99368 ], [ -96.76995, 32.99391 ], [ -96.76985, 32.99399 ], [ -96.76985, 32.9942 ], [ -96.77047, 32.9942 ], [ -96.77047, 32.99368 ], [ -96.76995, 32.99368 ] ] ] } },
{ "type": "Feature", "properties": { "area_acres": 0.41 }, "geometry": { "type": "Polygon", "coordinates": [ [ [ -96.77276, 32.99253 ], [ -96.77257, 32.99278 ], [ -96.77264, 32.99283 ], [ -96.77269, 32.99279 ], [ -96.77311, 32.99304 ], [ -96.77328, 32.99285 ], [ -96.77276, 32.99253 ] ] ] } },
{ "type": "Feature", "properties": { "area_acres": 0.46 }, "geometry": { "type": "Polygon", "coordinates": [ [ [ -96.84861, 32.77759 ], [ -96.84807, 32.77759 ], [ -96.84799, 32.77752 ], [ -96.848, 32.77738 ], [ -96.84808, 32.77733 ], [ -96.84804, 32.77728 ], [ -96.84861, 32.77728 ], [ -96.84861, 32.77759 ] ] ] } },
{ "type": "Feature", "properties": { "area_acres": 0.4 }, "geometry": { "type": "Polygon", "coordinates": [ [ [ -96.86038, 32.77853 ], [ -96.86037, 32.77811 ], [ -96.86074, 32.77811 ], [ -96.86075, 32.77853 ], [ -96.86038, 32.77853 ] ] ] } },
{ "type": "Feature", "properties": { "area_acres": 0.51 }, "geometry": { "type": "Polygon", "coordinates": [ [ [ -96.86076, 32.77798 ], [ -96.85957, 32.77798 ], [ -96.85957, 32.77786 ], [ -96.85964, 32.77786 ], [ -96.85964, 32.77781 ], [ -96.86076, 32.77781 ], [ -96.86076, 32.77798 ] ] ] } },
{ "type": "Feature", "properties": { "area_acres": 1.17 }, "geometry": { "type": "Polygon", "coordinates": [ [ [ -96.86491, 32.77888 ], [ -96.8649, 32.77952 ], [ -96.86433, 32.77952 ], [ -96.86433, 32.77908 ], [ -96.86387, 32.77908 ], [ -96.86387, 32.77888 ], [ -96.86491, 32.77888 ] ] ] } },
{ "type": "Feature", "properties": { "area_acres": 0.74 }, "geometry": { "type": "Polygon", "coordinates": [ [ [ -96.85984, 32.77963 ], [ -96.85895, 32.77962 ], [ -96.85895, 32.77928 ], [ -96.85965, 32.77928 ], [ -96.85964, 32.77938 ], [ -96.85985, 32.77939 ], [ -96.85984, 32.77963 ] ] ] } },
{ "type": "Feature", "properties": { "area_acres": 1.68 }, "geometry": { "type": "Polygon", "coordinates": [ [ [ -96.85863, 32.77962 ], [ -96.85863, 32.77928 ], [ -96.85669, 32.77927 ], [ -96.85669, 32.77961 ], [ -96.85863, 32.77962 ] ] ] } },
{ "type": "Feature", "properties": { "area_acres": 0.46 }, "geometry": { "type": "Polygon", "coordinates": [ [ [ -96.86008, 32.77969 ], [ -96.86008, 32.78018 ], [ -96.86044, 32.78018 ], [ -96.86044, 32.77969 ], [ -96.86008, 32.77969 ] ] ] } },
{ "type": "Feature", "properties": { "area_acres": 0.31 }, "geometry": { "type": "Polygon", "coordinates": [ [ [ -96.85943, 32.77923 ], [ -96.85944, 32.7789 ], [ -96.85979, 32.77886 ], [ -96.85978, 32.77923 ], [ -96.85943, 32.77923 ] ] ] } },
{ "type": "Feature", "properties": { "area_acres": 0.7 }, "geometry": { "type": "Polygon", "coordinates": [ [ [ -96.85961, 32.78134 ], [ -96.85961, 32.78097 ], [ -96.86035, 32.78097 ], [ -96.86035, 32.78134 ], [ -96.85961, 32.78134 ] ] ] } },
{ "type": "Feature", "properties": { "area_acres": 0.3 }, "geometry": { "type": "Polygon", "coordinates": [ [ [ -96.85711, 32.78093 ], [ -96.85672, 32.78093 ], [ -96.85672, 32.78063 ], [ -96.85711, 32.78063 ], [ -96.85711, 32.78093 ] ] ] } },
{ "type": "Feature", "properties": { "area_acres": 0.92 }, "geometry": { "type": "Polygon", "coordinates": [ [ [ -96.85673, 32.78163 ], [ -96.85673, 32.78097 ], [ -96.85727, 32.78097 ], [ -96.85727, 32.78164 ], [ -96.85673, 32.78163 ] ] ] } },
{ "type": "Feature", "properties": { "area_acres": 0.17 }, "geometry": { "type": "Polygon", "coordinates": [ [ [ -96.85377, 32.78175 ], [ -96.85399, 32.78175 ], [ -96.85399, 32.78144 ], [ -96.85381, 32.78144 ], [ -96.85377, 32.78175 ] ] ] } },
{ "type": "Feature", "properties": { "area_acres": 0.25 }, "geometry": { "type": "Polygon", "coordinates": [ [ [ -96.85292, 32.78639 ], [ -96.85292, 32.78666 ], [ -96.85256, 32.78666 ], [ -96.85256, 32.78638 ], [ -96.85292, 32.78639 ] ] ] } },
{ "type": "Feature", "properties": { "area_acres": 2.1 }, "geometry": { "type": "Polygon", "coordinates": [ [ [ -96.82112, 32.93937 ], [ -96.82112, 32.93899 ], [ -96.82158, 32.93899 ], [ -96.82161, 32.93839 ], [ -96.82156, 32.93809 ], [ -96.82105, 32.93809 ], [ -96.82091, 32.93823 ], [ -96.82091, 32.93841 ], [ -96.82098, 32.93841 ], [ -96.82098, 32.93861 ], [ -96.82092, 32.93861 ], [ -96.82092, 32.93921 ], [ -96.82051, 32.93921 ], [ -96.82051, 32.93887 ], [ -96.82032, 32.93887 ], [ -96.82032, 32.93935 ], [ -96.82112, 32.93937 ] ] ] } },
{ "type": "Feature", "properties": { "area_acres": 3.74 }, "geometry": { "type": "Polygon", "coordinates": [ [ [ -96.82086, 32.93745 ], [ -96.82085, 32.93722 ], [ -96.82146, 32.93722 ], [ -96.82153, 32.93716 ], [ -96.82154, 32.93623 ], [ -96.82148, 32.93617 ], [ -96.82027, 32.93616 ], [ -96.82027, 32.93745 ], [ -96.82086, 32.93745 ] ] ] } },
{ "type": "Feature", "properties": { "area_acres": 4.29 }, "geometry": { "type": "Polygon", "coordinates": [ [ [ -96.82151, 32.93595 ], [ -96.82157, 32.93589 ], [ -96.82156, 32.93314 ], [ -96.82144, 32.93305 ], [ -96.8204, 32.93302 ], [ -96.82031, 32.93308 ], [ -96.82032, 32.9332 ], [ -96.82097, 32.93319 ], [ -96.82097, 32.93498 ], [ -96.82112, 32.93503 ], [ -96.82113, 32.93595 ], [ -96.82151, 32.93595 ] ] ] } },
{ "type": "Feature", "properties": { "area_acres": 0.44 }, "geometry": { "type": "Polygon", "coordinates": [ [ [ -96.84776, 32.77721 ], [ -96.84777, 32.77703 ], [ -96.84756, 32.77702 ], [ -96.84756, 32.77671 ], [ -96.84729, 32.77671 ], [ -96.84729, 32.77721 ], [ -96.84776, 32.77721 ] ] ] } },
{ "type": "Feature", "properties": { "area_acres": 0.13 }, "geometry": { "type": "Polygon", "coordinates": [ [ [ -96.84723, 32.77665 ], [ -96.84692, 32.77665 ], [ -96.84692, 32.77648 ], [ -96.84723, 32.77648 ], [ -96.84723, 32.77665 ] ] ] } },
{ "type": "Feature", "properties": { "area_acres": 0.96 }, "geometry": { "type": "Polygon", "coordinates": [ [ [ -96.86038, 32.78703 ], [ -96.86038, 32.78609 ], [ -96.85998, 32.78609 ], [ -96.85998, 32.78703 ], [ -96.86038, 32.78703 ] ] ] } },
{ "type": "Feature", "properties": { "area_acres": 0.21 }, "geometry": { "type": "Polygon", "coordinates": [ [ [ -96.85934, 32.78626 ], [ -96.85934, 32.78609 ], [ -96.85983, 32.78609 ], [ -96.85983, 32.78626 ], [ -96.85934, 32.78626 ] ] ] } },
{ "type": "Feature", "properties": { "area_acres": 0.11 }, "geometry": { "type": "Polygon", "coordinates": [ [ [ -96.85881, 32.78625 ], [ -96.85881, 32.78609 ], [ -96.85856, 32.78608 ], [ -96.85856, 32.78625 ], [ -96.85881, 32.78625 ] ] ] } },
{ "type": "Feature", "properties": { "area_acres": 0.87 }, "geometry": { "type": "Polygon", "coordinates": [ [ [ -96.85794, 32.78381 ], [ -96.85794, 32.78346 ], [ -96.85696, 32.78346 ], [ -96.85696, 32.78381 ], [ -96.85794, 32.78381 ] ] ] } },
{ "type": "Feature", "properties": { "area_acres": 0.36 }, "geometry": { "type": "Polygon", "coordinates": [ [ [ -96.85562, 32.78488 ], [ -96.85561, 32.7851 ], [ -96.85627, 32.7851 ], [ -96.85627, 32.78489 ], [ -96.85562, 32.78488 ] ] ] } },
{ "type": "Feature", "properties": { "area_acres": 0.21 }, "geometry": { "type": "Polygon", "coordinates": [ [ [ -96.77193, 32.99257 ], [ -96.77208, 32.99267 ], [ -96.77196, 32.99272 ], [ -96.77199, 32.99276 ], [ -96.77186, 32.99292 ], [ -96.77182, 32.99297 ], [ -96.77177, 32.99294 ], [ -96.77172, 32.99302 ], [ -96.77159, 32.99295 ], [ -96.77193, 32.99257 ] ] ] } },
{ "type": "Feature", "properties": { "area_acres": 0.14 }, "geometry": { "type": "Polygon", "coordinates": [ [ [ -96.77084, 32.99431 ], [ -96.77085, 32.99426 ], [ -96.77131, 32.99431 ], [ -96.77177, 32.99455 ], [ -96.77173, 32.99458 ], [ -96.77132, 32.99437 ], [ -96.77084, 32.99431 ] ] ] } },
{ "type": "Feature", "properties": { "area_acres": 0.16 }, "geometry": { "type": "Polygon", "coordinates": [ [ [ -96.88213, 32.78123 ], [ -96.88214, 32.78091 ], [ -96.88194, 32.78091 ], [ -96.88194, 32.78123 ], [ -96.88213, 32.78123 ] ] ] } },
{ "type": "Feature", "properties": { "area_acres": 0.16 }, "geometry": { "type": "Polygon", "coordinates": [ [ [ -96.88187, 32.78091 ], [ -96.88186, 32.78123 ], [ -96.88167, 32.78123 ], [ -96.88167, 32.78091 ], [ -96.88187, 32.78091 ] ] ] } },
{ "type": "Feature", "properties": { "area_acres": 0.11 }, "geometry": { "type": "Polygon", "coordinates": [ [ [ -96.88214, 32.78072 ], [ -96.8819, 32.78072 ], [ -96.8819, 32.78067 ], [ -96.88195, 32.78067 ], [ -96.88195, 32.78051 ], [ -96.88214, 32.78051 ], [ -96.88214, 32.78072 ] ] ] } },
{ "type": "Feature", "properties": { "area_acres": 0.36 }, "geometry": { "type": "Polygon", "coordinates": [ [ [ -96.88124, 32.77904 ], [ -96.88124, 32.7794 ], [ -96.88085, 32.77939 ], [ -96.88085, 32.77904 ], [ -96.88124, 32.77904 ] ] ] } },
{ "type": "Feature", "properties": { "area_acres": 0.39 }, "geometry": { "type": "Polygon", "coordinates": [ [ [ -96.88281, 32.77909 ], [ -96.8836, 32.77909 ], [ -96.8836, 32.77928 ], [ -96.88282, 32.77928 ], [ -96.88281, 32.77909 ] ] ] } },
{ "type": "Feature", "properties": { "area_acres": 1.82 }, "geometry": { "type": "Polygon", "coordinates": [ [ [ -96.88634, 32.77905 ], [ -96.8864, 32.7791 ], [ -96.8864, 32.77953 ], [ -96.88574, 32.77954 ], [ -96.88574, 32.77945 ], [ -96.88517, 32.77945 ], [ -96.88517, 32.77965 ], [ -96.8849, 32.77963 ], [ -96.88493, 32.77905 ], [ -96.88634, 32.77905 ] ] ] } },
{ "type": "Feature", "properties": { "area_acres": 0.27 }, "geometry": { "type": "Polygon", "coordinates": [ [ [ -96.88727, 32.77927 ], [ -96.88721, 32.77931 ], [ -96.88657, 32.77932 ], [ -96.88656, 32.77916 ], [ -96.88721, 32.77916 ], [ -96.88727, 32.77927 ] ] ] } },
{ "type": "Feature", "properties": { "area_acres": 0.53 }, "geometry": { "type": "Polygon", "coordinates": [ [ [ -96.89537, 32.77987 ], [ -96.89568, 32.77987 ], [ -96.89568, 32.78052 ], [ -96.89537, 32.78052 ], [ -96.89537, 32.77987 ] ] ] } },
{ "type": "Feature", "properties": { "area_acres": 0.26 }, "geometry": { "type": "Polygon", "coordinates": [ [ [ -96.8994, 32.78493 ], [ -96.89966, 32.78516 ], [ -96.89943, 32.78535 ], [ -96.89917, 32.78512 ], [ -96.8994, 32.78493 ] ] ] } },
{ "type": "Feature", "properties": { "area_acres": 0.06 }, "geometry": { "type": "Polygon", "coordinates": [ [ [ -96.90897, 32.77689 ], [ -96.90884, 32.77692 ], [ -96.90879, 32.77675 ], [ -96.90892, 32.77672 ], [ -96.90897, 32.77689 ] ] ] } },
{ "type": "Feature", "properties": { "area_acres": 1.92 }, "geometry": { "type": "Polygon", "coordinates": [ [ [ -96.85548, 32.78333 ], [ -96.85541, 32.78333 ], [ -96.85541, 32.78341 ], [ -96.85488, 32.78341 ], [ -96.85491, 32.7821 ], [ -96.85498, 32.7821 ], [ -96.85498, 32.78205 ], [ -96.85541, 32.78212 ], [ -96.85548, 32.78333 ] ] ] } },
{ "type": "Feature", "properties": { "area_acres": 0.19 }, "geometry": { "type": "Polygon", "coordinates": [ [ [ -96.9115, 32.77405 ], [ -96.91169, 32.77401 ], [ -96.9118, 32.77438 ], [ -96.91161, 32.77442 ], [ -96.9115, 32.77405 ] ] ] } },
{ "type": "Feature", "properties": { "area_acres": 0.16 }, "geometry": { "type": "Polygon", "coordinates": [ [ [ -96.88037, 32.77866 ], [ -96.88037, 32.77847 ], [ -96.88006, 32.77846 ], [ -96.88005, 32.77866 ], [ -96.88037, 32.77866 ] ] ] } },
{ "type": "Feature", "properties": { "area_acres": 0.09 }, "geometry": { "type": "Polygon", "coordinates": [ [ [ -96.87921, 32.77857 ], [ -96.8792, 32.7787 ], [ -96.87895, 32.77869 ], [ -96.87896, 32.77856 ], [ -96.87921, 32.77857 ] ] ] } },
{ "type": "Feature", "properties": { "area_acres": 0.38 }, "geometry": { "type": "Polygon", "coordinates": [ [ [ -96.78074, 32.77479 ], [ -96.78042, 32.77496 ], [ -96.78071, 32.77529 ], [ -96.78101, 32.7751 ], [ -96.78074, 32.77479 ] ] ] } },
{ "type": "Feature", "properties": { "area_acres": 0.33 }, "geometry": { "type": "Polygon", "coordinates": [ [ [ -96.78062, 32.7759 ], [ -96.78034, 32.77557 ], [ -96.78008, 32.77572 ], [ -96.78037, 32.77605 ], [ -96.78062, 32.7759 ] ] ] } },
{ "type": "Feature", "properties": { "area_acres": 0.33 }, "geometry": { "type": "Polygon", "coordinates": [ [ [ -96.836, 32.77882 ], [ -96.83599, 32.77875 ], [ -96.83606, 32.77866 ], [ -96.83681, 32.77866 ], [ -96.83681, 32.77882 ], [ -96.836, 32.77882 ] ] ] } },
{ "type": "Feature", "properties": { "area_acres": 0.59 }, "geometry": { "type": "Polygon", "coordinates": [ [ [ -96.83679, 32.77941 ], [ -96.83637, 32.77943 ], [ -96.83637, 32.77917 ], [ -96.836, 32.77917 ], [ -96.836, 32.77901 ], [ -96.83673, 32.77902 ], [ -96.83673, 32.77908 ], [ -96.8368, 32.77908 ], [ -96.83679, 32.77941 ] ] ] } },
{ "type": "Feature", "properties": { "area_acres": 0.34 }, "geometry": { "type": "Polygon", "coordinates": [ [ [ -96.83602, 32.77983 ], [ -96.83624, 32.77983 ], [ -96.8363, 32.77974 ], [ -96.8363, 32.77935 ], [ -96.83601, 32.77934 ], [ -96.83602, 32.77983 ] ] ] } },
{ "type": "Feature", "properties": { "area_acres": 0.63 }, "geometry": { "type": "Polygon", "coordinates": [ [ [ -96.8356, 32.77941 ], [ -96.83537, 32.77941 ], [ -96.83538, 32.77902 ], [ -96.83503, 32.77901 ], [ -96.83504, 32.77873 ], [ -96.83552, 32.77873 ], [ -96.83555, 32.77881 ], [ -96.83561, 32.77881 ], [ -96.8356, 32.77941 ] ] ] } },
{ "type": "Feature", "properties": { "area_acres": 0.37 }, "geometry": { "type": "Polygon", "coordinates": [ [ [ -96.83478, 32.77844 ], [ -96.83478, 32.77807 ], [ -96.83442, 32.77807 ], [ -96.83442, 32.77845 ], [ -96.83478, 32.77844 ] ] ] } },
{ "type": "Feature", "properties": { "area_acres": 0.13 }, "geometry": { "type": "Polygon", "coordinates": [ [ [ -96.85583, 32.78545 ], [ -96.85636, 32.78545 ], [ -96.85636, 32.78535 ], [ -96.85583, 32.78535 ], [ -96.85583, 32.78545 ] ] ] } },
{ "type": "Feature", "properties": { "area_acres": 0.21 }, "geometry": { "type": "Polygon", "coordinates": [ [ [ -96.85636, 32.78523 ], [ -96.85583, 32.78524 ], [ -96.85583, 32.78518 ], [ -96.85569, 32.78518 ], [ -96.85569, 32.7851 ], [ -96.85636, 32.7851 ], [ -96.85636, 32.78523 ] ] ] } },
{ "type": "Feature", "properties": { "area_acres": 0.68 }, "geometry": { "type": "Polygon", "coordinates": [ [ [ -96.8563, 32.78704 ], [ -96.85573, 32.78701 ], [ -96.85573, 32.78658 ], [ -96.85632, 32.78658 ], [ -96.8563, 32.78704 ] ] ] } },
{ "type": "Feature", "properties": { "area_acres": 0.24 }, "geometry": { "type": "Polygon", "coordinates": [ [ [ -96.85408, 32.78671 ], [ -96.85379, 32.7867 ], [ -96.8538, 32.78664 ], [ -96.85385, 32.78664 ], [ -96.85386, 32.78651 ], [ -96.8538, 32.78651 ], [ -96.8538, 32.78647 ], [ -96.85357, 32.78647 ], [ -96.85357, 32.7864 ], [ -96.85408, 32.78641 ], [ -96.85408, 32.78671 ] ] ] } },
{ "type": "Feature", "properties": { "area_acres": 0.33 }, "geometry": { "type": "Polygon", "coordinates": [ [ [ -96.86561, 32.79251 ], [ -96.86623, 32.79251 ], [ -96.86628, 32.7923 ], [ -96.86573, 32.79229 ], [ -96.86573, 32.7924 ], [ -96.86561, 32.79239 ], [ -96.86561, 32.79251 ] ] ] } },
{ "type": "Feature", "properties": { "area_acres": 0.48 }, "geometry": { "type": "Polygon", "coordinates": [ [ [ -96.86496, 32.79188 ], [ -96.86496, 32.79145 ], [ -96.86502, 32.79145 ], [ -96.86502, 32.7914 ], [ -96.86534, 32.7914 ], [ -96.86536, 32.79188 ], [ -96.86496, 32.79188 ] ] ] } },
{ "type": "Feature", "properties": { "area_acres": 0.55 }, "geometry": { "type": "Polygon", "coordinates": [ [ [ -96.85791, 32.78993 ], [ -96.85794, 32.78998 ], [ -96.858, 32.78996 ], [ -96.85813, 32.79016 ], [ -96.85807, 32.79018 ], [ -96.8581, 32.79024 ], [ -96.85775, 32.79037 ], [ -96.85752, 32.79039 ], [ -96.85752, 32.79031 ], [ -96.85745, 32.79031 ], [ -96.85744, 32.79009 ], [ -96.8575, 32.79008 ], [ -96.8575, 32.79003 ], [ -96.85791, 32.78993 ] ] ] } },
{ "type": "Feature", "properties": { "area_acres": 0.71 }, "geometry": { "type": "Polygon", "coordinates": [ [ [ -96.85745, 32.79001 ], [ -96.85732, 32.79035 ], [ -96.85721, 32.79033 ], [ -96.8569, 32.7902 ], [ -96.85674, 32.79007 ], [ -96.85679, 32.79004 ], [ -96.85672, 32.78989 ], [ -96.85674, 32.78979 ], [ -96.85693, 32.78965 ], [ -96.85714, 32.78991 ], [ -96.85745, 32.79001 ] ] ] } },
{ "type": "Feature", "properties": { "area_acres": 1.04 }, "geometry": { "type": "Polygon", "coordinates": [ [ [ -96.8579, 32.78861 ], [ -96.85741, 32.78856 ], [ -96.85701, 32.78867 ], [ -96.85676, 32.78884 ], [ -96.8568, 32.78888 ], [ -96.85676, 32.78908 ], [ -96.85693, 32.78921 ], [ -96.85711, 32.78903 ], [ -96.85734, 32.78893 ], [ -96.85757, 32.7889 ], [ -96.85779, 32.78893 ], [ -96.8579, 32.78861 ] ] ] } },
{ "type": "Feature", "properties": { "area_acres": 1.15 }, "geometry": { "type": "Polygon", "coordinates": [ [ [ -96.85867, 32.78852 ], [ -96.85782, 32.78852 ], [ -96.85782, 32.78799 ], [ -96.85867, 32.788 ], [ -96.85867, 32.78852 ] ] ] } },
{ "type": "Feature", "properties": { "area_acres": 0.24 }, "geometry": { "type": "Polygon", "coordinates": [ [ [ -96.83634, 32.78173 ], [ -96.83598, 32.78173 ], [ -96.83598, 32.78147 ], [ -96.83634, 32.78147 ], [ -96.83634, 32.78173 ] ] ] } },
{ "type": "Feature", "properties": { "area_acres": 0.63 }, "geometry": { "type": "Polygon", "coordinates": [ [ [ -96.83603, 32.78044 ], [ -96.83632, 32.78044 ], [ -96.83632, 32.7813 ], [ -96.83604, 32.78131 ], [ -96.83603, 32.78044 ] ] ] } },
{ "type": "Feature", "properties": { "area_acres": 0.15 }, "geometry": { "type": "Polygon", "coordinates": [ [ [ -96.83918, 32.78097 ], [ -96.83938, 32.78097 ], [ -96.83937, 32.78128 ], [ -96.83918, 32.78128 ], [ -96.83918, 32.78097 ] ] ] } },
{ "type": "Feature", "properties": { "area_acres": 0.16 }, "geometry": { "type": "Polygon", "coordinates": [ [ [ -96.83943, 32.78098 ], [ -96.83943, 32.78127 ], [ -96.83965, 32.78127 ], [ -96.83965, 32.78098 ], [ -96.83943, 32.78098 ] ] ] } },
{ "type": "Feature", "properties": { "area_acres": 0.3 }, "geometry": { "type": "Polygon", "coordinates": [ [ [ -96.84388, 32.77911 ], [ -96.84417, 32.77911 ], [ -96.84418, 32.77951 ], [ -96.84389, 32.77951 ], [ -96.84388, 32.77911 ] ] ] } },
{ "type": "Feature", "properties": { "area_acres": 0.04 }, "geometry": { "type": "Polygon", "coordinates": [ [ [ -96.84662, 32.83986 ], [ -96.84645, 32.84001 ], [ -96.84646, 32.8401 ], [ -96.84664, 32.83993 ], [ -96.84662, 32.83986 ] ] ] } },
{ "type": "Feature", "properties": { "area_acres": 0.04 }, "geometry": { "type": "Polygon", "coordinates": [ [ [ -96.84613, 32.84035 ], [ -96.84611, 32.84028 ], [ -96.84593, 32.84042 ], [ -96.84595, 32.84049 ], [ -96.84613, 32.84035 ] ] ] } },
{ "type": "Feature", "properties": { "area_acres": 2.31 }, "geometry": { "type": "Polygon", "coordinates": [ [ [ -96.75747, 32.99075 ], [ -96.75672, 32.99074 ], [ -96.75664, 32.99067 ], [ -96.75664, 32.98999 ], [ -96.75684, 32.98989 ], [ -96.7576, 32.9899 ], [ -96.75775, 32.99002 ], [ -96.75774, 32.99065 ], [ -96.75747, 32.99075 ] ] ] } },
{ "type": "Feature", "properties": { "area_acres": 0.67 }, "geometry": { "type": "Polygon", "coordinates": [ [ [ -96.77069, 32.78344 ], [ -96.7701, 32.78328 ], [ -96.77005, 32.78342 ], [ -96.76976, 32.78334 ], [ -96.76967, 32.78348 ], [ -96.77026, 32.78364 ], [ -96.77023, 32.78372 ], [ -96.77032, 32.78374 ], [ -96.77029, 32.78394 ], [ -96.77033, 32.78396 ], [ -96.77069, 32.78344 ] ] ] } },
{ "type": "Feature", "properties": { "area_acres": 0.13 }, "geometry": { "type": "Polygon", "coordinates": [ [ [ -96.82737, 32.79432 ], [ -96.8272, 32.79424 ], [ -96.82736, 32.79403 ], [ -96.82753, 32.79411 ], [ -96.82737, 32.79432 ] ] ] } },
{ "type": "Feature", "properties": { "area_acres": 0.21 }, "geometry": { "type": "Polygon", "coordinates": [ [ [ -96.83449, 32.79647 ], [ -96.83434, 32.79645 ], [ -96.83438, 32.79628 ], [ -96.83411, 32.79624 ], [ -96.83407, 32.79641 ], [ -96.83396, 32.79639 ], [ -96.83401, 32.79616 ], [ -96.83456, 32.79624 ], [ -96.83449, 32.79647 ] ] ] } },
{ "type": "Feature", "properties": { "area_acres": 0.52 }, "geometry": { "type": "Polygon", "coordinates": [ [ [ -96.8239, 32.79684 ], [ -96.82386, 32.79683 ], [ -96.82393, 32.79668 ], [ -96.82397, 32.79669 ], [ -96.82396, 32.79665 ], [ -96.82404, 32.79662 ], [ -96.82406, 32.79666 ], [ -96.82411, 32.79665 ], [ -96.8244, 32.79715 ], [ -96.82438, 32.79721 ], [ -96.82416, 32.7973 ], [ -96.82413, 32.79724 ], [ -96.82408, 32.79727 ], [ -96.82385, 32.79687 ], [ -96.8239, 32.79684 ] ] ] } },
{ "type": "Feature", "properties": { "area_acres": 0.1 }, "geometry": { "type": "Polygon", "coordinates": [ [ [ -96.76214, 32.86388 ], [ -96.76201, 32.86389 ], [ -96.76196, 32.86363 ], [ -96.76211, 32.86362 ], [ -96.76214, 32.86388 ] ] ] } },
{ "type": "Feature", "properties": { "area_acres": 0.49 }, "geometry": { "type": "Polygon", "coordinates": [ [ [ -96.98241, 32.92652 ], [ -96.98241, 32.92635 ], [ -96.98129, 32.92634 ], [ -96.98129, 32.9265 ], [ -96.98241, 32.92652 ] ] ] } },
{ "type": "Feature", "properties": { "area_acres": 0.14 }, "geometry": { "type": "Polygon", "coordinates": [ [ [ -96.98254, 32.92824 ], [ -96.98133, 32.92823 ], [ -96.98133, 32.92818 ], [ -96.98254, 32.92819 ], [ -96.98254, 32.92824 ] ] ] } },
{ "type": "Feature", "properties": { "area_acres": 0.31 }, "geometry": { "type": "Polygon", "coordinates": [ [ [ -96.98254, 32.92812 ], [ -96.98254, 32.92803 ], [ -96.98125, 32.92802 ], [ -96.98125, 32.92806 ], [ -96.98119, 32.92806 ], [ -96.98119, 32.92811 ], [ -96.98254, 32.92812 ] ] ] } },
{ "type": "Feature", "properties": { "area_acres": 0.08 }, "geometry": { "type": "Polygon", "coordinates": [ [ [ -96.98474, 32.92606 ], [ -96.98474, 32.92601 ], [ -96.98539, 32.92601 ], [ -96.98539, 32.92606 ], [ -96.98474, 32.92606 ] ] ] } },
{ "type": "Feature", "properties": { "area_acres": 0.04 }, "geometry": { "type": "Polygon", "coordinates": [ [ [ -96.9855, 32.92606 ], [ -96.98584, 32.92606 ], [ -96.98584, 32.92601 ], [ -96.9855, 32.92601 ], [ -96.9855, 32.92606 ] ] ] } },
{ "type": "Feature", "properties": { "area_acres": 0.04 }, "geometry": { "type": "Polygon", "coordinates": [ [ [ -96.98616, 32.92606 ], [ -96.98587, 32.92606 ], [ -96.98587, 32.92601 ], [ -96.98616, 32.92601 ], [ -96.98616, 32.92606 ] ] ] } },
{ "type": "Feature", "properties": { "area_acres": 0.09 }, "geometry": { "type": "Polygon", "coordinates": [ [ [ -96.76968, 32.8124 ], [ -96.76945, 32.81239 ], [ -96.76946, 32.81224 ], [ -96.76968, 32.81224 ], [ -96.76968, 32.8124 ] ] ] } },
{ "type": "Feature", "properties": { "area_acres": 0.09 }, "geometry": { "type": "Polygon", "coordinates": [ [ [ -96.7698, 32.81264 ], [ -96.7698, 32.81252 ], [ -96.77009, 32.81252 ], [ -96.77009, 32.81264 ], [ -96.7698, 32.81264 ] ] ] } },
{ "type": "Feature", "properties": { "area_acres": 0.05 }, "geometry": { "type": "Polygon", "coordinates": [ [ [ -96.91832, 32.89514 ], [ -96.91837, 32.89514 ], [ -96.91836, 32.89534 ], [ -96.9181, 32.89535 ], [ -96.9181, 32.8953 ], [ -96.91831, 32.89529 ], [ -96.91832, 32.89514 ] ] ] } },
{ "type": "Feature", "properties": { "area_acres": 0.03 }, "geometry": { "type": "Polygon", "coordinates": [ [ [ -96.91826, 32.8948 ], [ -96.91826, 32.89475 ], [ -96.91804, 32.89475 ], [ -96.91804, 32.8948 ], [ -96.91826, 32.8948 ] ] ] } },
{ "type": "Feature", "properties": { "area_acres": 0.04 }, "geometry": { "type": "Polygon", "coordinates": [ [ [ -96.91714, 32.89466 ], [ -96.91714, 32.89461 ], [ -96.91688, 32.89461 ], [ -96.91688, 32.89466 ], [ -96.91714, 32.89466 ] ] ] } },
{ "type": "Feature", "properties": { "area_acres": 0.07 }, "geometry": { "type": "Polygon", "coordinates": [ [ [ -96.91846, 32.89467 ], [ -96.91847, 32.89462 ], [ -96.9179, 32.8946 ], [ -96.9179, 32.89465 ], [ -96.91846, 32.89467 ] ] ] } },
{ "type": "Feature", "properties": { "area_acres": 0.14 }, "geometry": { "type": "Polygon", "coordinates": [ [ [ -96.81237, 32.81795 ], [ -96.81204, 32.81824 ], [ -96.81194, 32.81816 ], [ -96.81229, 32.81788 ], [ -96.81237, 32.81795 ] ] ] } },
{ "type": "Feature", "properties": { "area_acres": 1.26 }, "geometry": { "type": "Polygon", "coordinates": [ [ [ -96.83993, 32.88106 ], [ -96.84017, 32.88114 ], [ -96.84022, 32.88126 ], [ -96.84018, 32.88139 ], [ -96.84002, 32.88147 ], [ -96.83984, 32.88145 ], [ -96.83972, 32.88135 ], [ -96.83872, 32.88135 ], [ -96.83872, 32.88107 ], [ -96.83923, 32.88106 ], [ -96.83923, 32.88102 ], [ -96.83993, 32.88102 ], [ -96.83993, 32.88106 ] ] ] } },
{ "type": "Feature", "properties": { "area_acres": 0.04 }, "geometry": { "type": "Polygon", "coordinates": [ [ [ -96.83068, 32.79529 ], [ -96.83048, 32.79526 ], [ -96.8305, 32.79517 ], [ -96.8307, 32.7952 ], [ -96.83068, 32.79529 ] ] ] } },
{ "type": "Feature", "properties": { "area_acres": 0.04 }, "geometry": { "type": "Polygon", "coordinates": [ [ [ -96.83088, 32.79532 ], [ -96.83068, 32.79529 ], [ -96.8307, 32.7952 ], [ -96.8309, 32.79523 ], [ -96.83088, 32.79532 ] ] ] } },
{ "type": "Feature", "properties": { "area_acres": 0.04 }, "geometry": { "type": "Polygon", "coordinates": [ [ [ -96.83107, 32.79535 ], [ -96.83088, 32.79532 ], [ -96.8309, 32.79523 ], [ -96.83109, 32.79526 ], [ -96.83107, 32.79535 ] ] ] } },
{ "type": "Feature", "properties": { "area_acres": 0.09 }, "geometry": { "type": "Polygon", "coordinates": [ [ [ -96.83082, 32.79468 ], [ -96.83062, 32.79465 ], [ -96.83065, 32.79448 ], [ -96.83086, 32.79451 ], [ -96.83082, 32.79468 ] ] ] } },
{ "type": "Feature", "properties": { "area_acres": 0.12 }, "geometry": { "type": "Polygon", "coordinates": [ [ [ -96.83077, 32.79493 ], [ -96.83056, 32.79489 ], [ -96.83061, 32.79467 ], [ -96.83082, 32.79471 ], [ -96.83077, 32.79493 ] ] ] } },
{ "type": "Feature", "properties": { "area_acres": 1.5 }, "geometry": { "type": "Polygon", "coordinates": [ [ [ -96.83066, 32.79327 ], [ -96.83056, 32.79376 ], [ -96.82989, 32.79366 ], [ -96.8297, 32.79392 ], [ -96.82923, 32.79368 ], [ -96.82938, 32.79347 ], [ -96.82904, 32.79331 ], [ -96.82912, 32.7932 ], [ -96.82982, 32.79355 ], [ -96.8301, 32.79315 ], [ -96.83066, 32.79327 ] ] ] } },
{ "type": "Feature", "properties": { "area_acres": 0.19 }, "geometry": { "type": "Polygon", "coordinates": [ [ [ -96.65633, 32.8451 ], [ -96.65599, 32.84478 ], [ -96.65608, 32.84471 ], [ -96.65616, 32.84478 ], [ -96.6562, 32.84474 ], [ -96.65647, 32.84499 ], [ -96.65633, 32.8451 ] ] ] } },
{ "type": "Feature", "properties": { "area_acres": 0.67 }, "geometry": { "type": "Polygon", "coordinates": [ [ [ -96.80077, 32.91809 ], [ -96.8003, 32.91809 ], [ -96.8003, 32.91759 ], [ -96.80084, 32.91759 ], [ -96.80084, 32.91801 ], [ -96.80077, 32.91801 ], [ -96.80077, 32.91809 ] ] ] } },
{ "type": "Feature", "properties": { "area_acres": 0.12 }, "geometry": { "type": "Polygon", "coordinates": [ [ [ -96.80033, 32.91714 ], [ -96.80083, 32.91714 ], [ -96.80084, 32.91721 ], [ -96.80033, 32.91726 ], [ -96.80033, 32.91714 ] ] ] } },
{ "type": "Feature", "properties": { "area_acres": 0.05 }, "geometry": { "type": "Polygon", "coordinates": [ [ [ -96.76052, 32.77746 ], [ -96.76031, 32.77728 ], [ -96.76036, 32.77723 ], [ -96.76058, 32.77741 ], [ -96.76052, 32.77746 ] ] ] } },
{ "type": "Feature", "properties": { "area_acres": 1.09 }, "geometry": { "type": "Polygon", "coordinates": [ [ [ -96.76616, 32.88281 ], [ -96.76611, 32.8827 ], [ -96.76637, 32.88245 ], [ -96.76633, 32.88242 ], [ -96.76639, 32.88237 ], [ -96.76652, 32.88259 ], [ -96.76657, 32.88257 ], [ -96.7666, 32.88261 ], [ -96.76674, 32.88255 ], [ -96.7664, 32.88208 ], [ -96.76608, 32.88224 ], [ -96.76588, 32.88208 ], [ -96.76574, 32.88222 ], [ -96.76594, 32.88236 ], [ -96.76573, 32.88256 ], [ -96.76571, 32.8828 ], [ -96.76578, 32.8828 ], [ -96.76577, 32.88287 ], [ -96.76598, 32.88287 ], [ -96.76598, 32.88281 ], [ -96.76616, 32.88281 ] ] ] } },
{ "type": "Feature", "properties": { "area_acres": 0.5 }, "geometry": { "type": "Polygon", "coordinates": [ [ [ -96.81971, 32.90316 ], [ -96.81889, 32.90316 ], [ -96.81884, 32.90293 ], [ -96.81964, 32.90293 ], [ -96.81965, 32.90298 ], [ -96.81971, 32.90298 ], [ -96.81971, 32.90316 ] ] ] } },
{ "type": "Feature", "properties": { "area_acres": 5.45 }, "geometry": { "type": "Polygon", "coordinates": [ [ [ -96.76723, 32.90112 ], [ -96.76728, 32.8989 ], [ -96.76793, 32.89891 ], [ -96.76791, 32.89961 ], [ -96.76842, 32.89962 ], [ -96.76839, 32.90097 ], [ -96.76798, 32.90096 ], [ -96.76798, 32.90114 ], [ -96.76723, 32.90112 ] ] ] } },
{ "type": "Feature", "properties": { "area_acres": 1.09 }, "geometry": { "type": "Polygon", "coordinates": [ [ [ -96.76811, 32.89841 ], [ -96.76812, 32.89809 ], [ -96.76805, 32.89804 ], [ -96.76806, 32.8979 ], [ -96.76852, 32.89788 ], [ -96.76853, 32.8976 ], [ -96.76794, 32.89759 ], [ -96.76794, 32.89737 ], [ -96.76772, 32.89739 ], [ -96.76772, 32.89812 ], [ -96.76786, 32.89812 ], [ -96.76785, 32.89833 ], [ -96.76811, 32.89841 ] ] ] } },
{ "type": "Feature", "properties": { "area_acres": 0.58 }, "geometry": { "type": "Polygon", "coordinates": [ [ [ -96.76863, 32.89574 ], [ -96.76824, 32.89574 ], [ -96.76825, 32.89515 ], [ -96.76864, 32.89516 ], [ -96.76863, 32.89574 ] ] ] } },
{ "type": "Feature", "properties": { "area_acres": 0.28 }, "geometry": { "type": "Polygon", "coordinates": [ [ [ -96.76153, 32.87143 ], [ -96.76129, 32.87158 ], [ -96.76116, 32.87189 ], [ -96.76111, 32.87188 ], [ -96.76103, 32.87181 ], [ -96.76108, 32.87167 ], [ -96.76103, 32.87166 ], [ -96.76112, 32.87148 ], [ -96.76127, 32.87136 ], [ -96.76131, 32.87139 ], [ -96.76147, 32.87132 ], [ -96.76153, 32.87143 ] ] ] } },
{ "type": "Feature", "properties": { "area_acres": 0.3 }, "geometry": { "type": "Polygon", "coordinates": [ [ [ -96.76543, 32.89164 ], [ -96.76522, 32.89164 ], [ -96.76523, 32.89107 ], [ -96.76538, 32.89107 ], [ -96.76538, 32.89112 ], [ -96.76544, 32.89112 ], [ -96.76543, 32.89164 ] ] ] } },
{ "type": "Feature", "properties": { "area_acres": 1.57 }, "geometry": { "type": "Polygon", "coordinates": [ [ [ -96.76177, 32.88679 ], [ -96.76181, 32.88561 ], [ -96.7623, 32.88561 ], [ -96.76226, 32.88687 ], [ -96.76196, 32.88688 ], [ -96.76177, 32.88679 ] ] ] } },
{ "type": "Feature", "properties": { "area_acres": 1.39 }, "geometry": { "type": "Polygon", "coordinates": [ [ [ -96.7623, 32.88545 ], [ -96.76178, 32.88545 ], [ -96.76179, 32.88441 ], [ -96.76231, 32.88441 ], [ -96.7623, 32.88545 ] ] ] } },
{ "type": "Feature", "properties": { "area_acres": 1.29 }, "geometry": { "type": "Polygon", "coordinates": [ [ [ -96.76233, 32.88387 ], [ -96.76099, 32.88385 ], [ -96.76099, 32.88348 ], [ -96.76233, 32.88349 ], [ -96.76233, 32.88387 ] ] ] } },
{ "type": "Feature", "properties": { "area_acres": 0.87 }, "geometry": { "type": "Polygon", "coordinates": [ [ [ -96.77139, 32.88076 ], [ -96.77181, 32.88073 ], [ -96.77181, 32.88154 ], [ -96.7714, 32.88154 ], [ -96.77139, 32.88076 ] ] ] } },
{ "type": "Feature", "properties": { "area_acres": 0.09 }, "geometry": { "type": "Polygon", "coordinates": [ [ [ -96.8045, 32.77665 ], [ -96.80471, 32.77661 ], [ -96.80466, 32.77644 ], [ -96.80446, 32.77648 ], [ -96.8045, 32.77665 ] ] ] } },
{ "type": "Feature", "properties": { "area_acres": 0.62 }, "geometry": { "type": "Polygon", "coordinates": [ [ [ -96.7686, 32.89678 ], [ -96.76848, 32.89678 ], [ -96.76848, 32.89671 ], [ -96.76837, 32.89671 ], [ -96.76837, 32.89681 ], [ -96.7677, 32.8968 ], [ -96.76767, 32.89675 ], [ -96.76766, 32.89699 ], [ -96.76772, 32.89699 ], [ -96.76772, 32.89713 ], [ -96.76752, 32.89716 ], [ -96.76753, 32.89661 ], [ -96.76861, 32.89662 ], [ -96.7686, 32.89678 ] ] ] } },
{ "type": "Feature", "properties": { "area_acres": 1.3 }, "geometry": { "type": "Polygon", "coordinates": [ [ [ -96.76863, 32.8966 ], [ -96.76736, 32.8966 ], [ -96.76737, 32.8959 ], [ -96.76863, 32.89591 ], [ -96.76863, 32.89603 ], [ -96.7675, 32.896 ], [ -96.7675, 32.89605 ], [ -96.76756, 32.89604 ], [ -96.76755, 32.89647 ], [ -96.76771, 32.89647 ], [ -96.76775, 32.89643 ], [ -96.76775, 32.89623 ], [ -96.76794, 32.89623 ], [ -96.76794, 32.89641 ], [ -96.76841, 32.89642 ], [ -96.76841, 32.89624 ], [ -96.76859, 32.89621 ], [ -96.76859, 32.89628 ], [ -96.76864, 32.89628 ], [ -96.76863, 32.8966 ] ] ] } },
{ "type": "Feature", "properties": { "area_acres": 0.72 }, "geometry": { "type": "Polygon", "coordinates": [ [ [ -96.76799, 32.8959 ], [ -96.76742, 32.89589 ], [ -96.76736, 32.89583 ], [ -96.76737, 32.89505 ], [ -96.768, 32.89505 ], [ -96.768, 32.89517 ], [ -96.76759, 32.89517 ], [ -96.76758, 32.89577 ], [ -96.76799, 32.89577 ], [ -96.76799, 32.8959 ] ] ] } },
{ "type": "Feature", "properties": { "area_acres": 0.28 }, "geometry": { "type": "Polygon", "coordinates": [ [ [ -96.7686, 32.89282 ], [ -96.76822, 32.89281 ], [ -96.76822, 32.89257 ], [ -96.76844, 32.89258 ], [ -96.76844, 32.89248 ], [ -96.76861, 32.89249 ], [ -96.7686, 32.89282 ] ] ] } },
{ "type": "Feature", "properties": { "area_acres": 0.19 }, "geometry": { "type": "Polygon", "coordinates": [ [ [ -96.76784, 32.89257 ], [ -96.76785, 32.89215 ], [ -96.76805, 32.89216 ], [ -96.76805, 32.89247 ], [ -96.76794, 32.89247 ], [ -96.76794, 32.89257 ], [ -96.76784, 32.89257 ] ] ] } },
{ "type": "Feature", "properties": { "area_acres": 0.18 }, "geometry": { "type": "Polygon", "coordinates": [ [ [ -96.76845, 32.89185 ], [ -96.76825, 32.89201 ], [ -96.76809, 32.89201 ], [ -96.76809, 32.89176 ], [ -96.76836, 32.89177 ], [ -96.76845, 32.89185 ] ] ] } },
{ "type": "Feature", "properties": { "area_acres": 1.18 }, "geometry": { "type": "Polygon", "coordinates": [ [ [ -96.76656, 32.8903 ], [ -96.76731, 32.89038 ], [ -96.7673, 32.89043 ], [ -96.76736, 32.89044 ], [ -96.7673, 32.89083 ], [ -96.76725, 32.89083 ], [ -96.76724, 32.89088 ], [ -96.76681, 32.89085 ], [ -96.7668, 32.89099 ], [ -96.76649, 32.89095 ], [ -96.76656, 32.8903 ] ] ] } },
{ "type": "Feature", "properties": { "area_acres": 0.21 }, "geometry": { "type": "Polygon", "coordinates": [ [ [ -96.76877, 32.88776 ], [ -96.76815, 32.88776 ], [ -96.76816, 32.88759 ], [ -96.76857, 32.88759 ], [ -96.76857, 32.8877 ], [ -96.76877, 32.8877 ], [ -96.76877, 32.88776 ] ] ] } },
{ "type": "Feature", "properties": { "area_acres": 1.59 }, "geometry": { "type": "Polygon", "coordinates": [ [ [ -96.76895, 32.88767 ], [ -96.76933, 32.88787 ], [ -96.76929, 32.88849 ], [ -96.76887, 32.88877 ], [ -96.76814, 32.88878 ], [ -96.76815, 32.88853 ], [ -96.76887, 32.88853 ], [ -96.76888, 32.88818 ], [ -96.76872, 32.88818 ], [ -96.76873, 32.88779 ], [ -96.76888, 32.88779 ], [ -96.76895, 32.88767 ] ] ] } },
{ "type": "Feature", "properties": { "area_acres": 0.54 }, "geometry": { "type": "Polygon", "coordinates": [ [ [ -96.76629, 32.888 ], [ -96.76629, 32.88761 ], [ -96.76689, 32.88762 ], [ -96.76688, 32.888 ], [ -96.76677, 32.888 ], [ -96.76677, 32.88795 ], [ -96.76645, 32.88795 ], [ -96.76645, 32.888 ], [ -96.76629, 32.888 ] ] ] } },
{ "type": "Feature", "properties": { "area_acres": 0.8 }, "geometry": { "type": "Polygon", "coordinates": [ [ [ -96.7664, 32.8869 ], [ -96.76639, 32.88735 ], [ -96.76707, 32.88736 ], [ -96.76708, 32.88691 ], [ -96.7664, 32.8869 ] ] ] } },
{ "type": "Feature", "properties": { "area_acres": 3.84 }, "geometry": { "type": "Polygon", "coordinates": [ [ [ -96.76957, 32.88654 ], [ -96.76718, 32.88656 ], [ -96.76719, 32.88569 ], [ -96.76739, 32.88569 ], [ -96.76739, 32.88587 ], [ -96.7679, 32.88588 ], [ -96.7679, 32.88618 ], [ -96.76937, 32.88618 ], [ -96.76939, 32.88586 ], [ -96.76832, 32.88586 ], [ -96.76832, 32.88562 ], [ -96.7696, 32.88563 ], [ -96.76957, 32.88654 ] ] ] } },
{ "type": "Feature", "properties": { "area_acres": 0.54 }, "geometry": { "type": "Polygon", "coordinates": [ [ [ -96.76836, 32.88518 ], [ -96.76836, 32.88552 ], [ -96.76908, 32.88552 ], [ -96.76909, 32.88545 ], [ -96.76913, 32.8855 ], [ -96.76946, 32.88551 ], [ -96.76946, 32.8854 ], [ -96.76876, 32.8854 ], [ -96.76872, 32.88518 ], [ -96.76836, 32.88518 ] ] ] } },
{ "type": "Feature", "properties": { "area_acres": 0.7 }, "geometry": { "type": "Polygon", "coordinates": [ [ [ -96.76823, 32.8855 ], [ -96.76823, 32.88509 ], [ -96.76719, 32.8851 ], [ -96.76719, 32.88554 ], [ -96.76727, 32.88554 ], [ -96.76727, 32.88528 ], [ -96.76796, 32.88528 ], [ -96.76797, 32.8855 ], [ -96.76823, 32.8855 ] ] ] } },
{ "type": "Feature", "properties": { "area_acres": 0.24 }, "geometry": { "type": "Polygon", "coordinates": [ [ [ -96.76801, 32.88495 ], [ -96.76746, 32.88495 ], [ -96.76746, 32.88478 ], [ -96.76801, 32.88478 ], [ -96.76801, 32.88495 ] ] ] } },
{ "type": "Feature", "properties": { "area_acres": 0.17 }, "geometry": { "type": "Polygon", "coordinates": [ [ [ -96.76606, 32.88385 ], [ -96.76585, 32.88385 ], [ -96.76585, 32.88416 ], [ -96.76606, 32.88416 ], [ -96.76606, 32.88385 ] ] ] } },
{ "type": "Feature", "properties": { "area_acres": 0.16 }, "geometry": { "type": "Polygon", "coordinates": [ [ [ -96.76627, 32.88384 ], [ -96.76608, 32.88384 ], [ -96.76608, 32.88416 ], [ -96.76627, 32.88416 ], [ -96.76627, 32.88384 ] ] ] } },
{ "type": "Feature", "properties": { "area_acres": 0.05 }, "geometry": { "type": "Polygon", "coordinates": [ [ [ -96.76584, 32.88414 ], [ -96.76562, 32.88414 ], [ -96.76562, 32.88404 ], [ -96.76584, 32.88404 ], [ -96.76584, 32.88414 ] ] ] } },
{ "type": "Feature", "properties": { "area_acres": 0.25 }, "geometry": { "type": "Polygon", "coordinates": [ [ [ -96.76635, 32.88379 ], [ -96.76605, 32.88379 ], [ -96.76605, 32.88347 ], [ -96.76635, 32.88347 ], [ -96.76635, 32.88379 ] ] ] } },
{ "type": "Feature", "properties": { "area_acres": 0.35 }, "geometry": { "type": "Polygon", "coordinates": [ [ [ -96.76603, 32.88375 ], [ -96.76603, 32.88383 ], [ -96.76542, 32.88383 ], [ -96.76544, 32.88347 ], [ -96.76602, 32.88346 ], [ -96.76602, 32.88356 ], [ -96.7656, 32.88356 ], [ -96.76559, 32.88375 ], [ -96.76603, 32.88375 ] ] ] } },
{ "type": "Feature", "properties": { "area_acres": 0.17 }, "geometry": { "type": "Polygon", "coordinates": [ [ [ -96.76654, 32.88384 ], [ -96.76654, 32.88417 ], [ -96.76675, 32.88417 ], [ -96.76675, 32.88384 ], [ -96.76654, 32.88384 ] ] ] } },
{ "type": "Feature", "properties": { "area_acres": 0.21 }, "geometry": { "type": "Polygon", "coordinates": [ [ [ -96.76676, 32.88404 ], [ -96.76676, 32.88415 ], [ -96.76721, 32.88415 ], [ -96.76721, 32.88385 ], [ -96.76701, 32.88384 ], [ -96.76702, 32.88392 ], [ -96.76708, 32.88392 ], [ -96.76702, 32.88404 ], [ -96.76676, 32.88404 ] ] ] } },
{ "type": "Feature", "properties": { "area_acres": 0.21 }, "geometry": { "type": "Polygon", "coordinates": [ [ [ -96.76766, 32.88417 ], [ -96.76766, 32.88385 ], [ -96.76788, 32.88385 ], [ -96.76793, 32.88417 ], [ -96.76766, 32.88417 ] ] ] } },
{ "type": "Feature", "properties": { "area_acres": 0.13 }, "geometry": { "type": "Polygon", "coordinates": [ [ [ -96.76714, 32.88347 ], [ -96.76714, 32.88376 ], [ -96.76732, 32.88376 ], [ -96.76732, 32.88348 ], [ -96.76714, 32.88347 ] ] ] } },
{ "type": "Feature", "properties": { "area_acres": 0.07 }, "geometry": { "type": "Polygon", "coordinates": [ [ [ -96.7677, 32.8838 ], [ -96.76746, 32.8838 ], [ -96.76746, 32.88369 ], [ -96.7677, 32.88369 ], [ -96.7677, 32.8838 ] ] ] } },
{ "type": "Feature", "properties": { "area_acres": 0.05 }, "geometry": { "type": "Polygon", "coordinates": [ [ [ -96.7683, 32.88355 ], [ -96.768, 32.88355 ], [ -96.768, 32.88348 ], [ -96.7683, 32.88349 ], [ -96.7683, 32.88355 ] ] ] } },
{ "type": "Feature", "properties": { "area_acres": 0.2 }, "geometry": { "type": "Polygon", "coordinates": [ [ [ -96.76669, 32.88525 ], [ -96.76669, 32.8851 ], [ -96.76712, 32.8851 ], [ -96.76712, 32.88537 ], [ -96.76702, 32.88537 ], [ -96.76702, 32.88525 ], [ -96.76669, 32.88525 ] ] ] } },
{ "type": "Feature", "properties": { "area_acres": 0.13 }, "geometry": { "type": "Polygon", "coordinates": [ [ [ -96.76604, 32.88528 ], [ -96.76604, 32.88511 ], [ -96.76635, 32.88511 ], [ -96.76635, 32.88522 ], [ -96.76629, 32.88522 ], [ -96.76629, 32.88528 ], [ -96.76604, 32.88528 ] ] ] } },
{ "type": "Feature", "properties": { "area_acres": 0.22 }, "geometry": { "type": "Polygon", "coordinates": [ [ [ -96.76603, 32.88544 ], [ -96.76541, 32.88544 ], [ -96.7654, 32.88512 ], [ -96.7657, 32.88512 ], [ -96.76566, 32.88523 ], [ -96.76553, 32.88523 ], [ -96.76554, 32.88539 ], [ -96.76603, 32.88539 ], [ -96.76603, 32.88544 ] ] ] } },
{ "type": "Feature", "properties": { "area_acres": 0.56 }, "geometry": { "type": "Polygon", "coordinates": [ [ [ -96.76105, 32.88745 ], [ -96.76082, 32.88786 ], [ -96.76122, 32.88801 ], [ -96.76131, 32.88796 ], [ -96.7615, 32.88762 ], [ -96.76105, 32.88745 ] ] ] } },
{ "type": "Feature", "properties": { "area_acres": 0.23 }, "geometry": { "type": "Polygon", "coordinates": [ [ [ -96.76149, 32.8886 ], [ -96.76123, 32.88873 ], [ -96.76105, 32.88846 ], [ -96.76131, 32.88834 ], [ -96.76149, 32.8886 ] ] ] } },
{ "type": "Feature", "properties": { "area_acres": 0.08 }, "geometry": { "type": "Polygon", "coordinates": [ [ [ -96.75301, 32.87803 ], [ -96.75317, 32.87795 ], [ -96.75307, 32.8778 ], [ -96.7529, 32.87787 ], [ -96.75301, 32.87803 ] ] ] } },
{ "type": "Feature", "properties": { "area_acres": 0.26 }, "geometry": { "type": "Polygon", "coordinates": [ [ [ -96.75213, 32.878 ], [ -96.75226, 32.87812 ], [ -96.75179, 32.87849 ], [ -96.75166, 32.87837 ], [ -96.75213, 32.878 ] ] ] } },
{ "type": "Feature", "properties": { "area_acres": 0.5 }, "geometry": { "type": "Polygon", "coordinates": [ [ [ -96.75266, 32.87692 ], [ -96.75184, 32.87759 ], [ -96.7517, 32.87746 ], [ -96.75238, 32.87689 ], [ -96.75262, 32.87688 ], [ -96.75266, 32.87692 ] ] ] } },
{ "type": "Feature", "properties": { "area_acres": 0.5 }, "geometry": { "type": "Polygon", "coordinates": [ [ [ -96.75186, 32.87761 ], [ -96.752, 32.87773 ], [ -96.75276, 32.87711 ], [ -96.75272, 32.87707 ], [ -96.7528, 32.877 ], [ -96.7527, 32.87691 ], [ -96.75186, 32.87761 ] ] ] } },
{ "type": "Feature", "properties": { "area_acres": 2.13 }, "geometry": { "type": "Polygon", "coordinates": [ [ [ -96.75198, 32.8749 ], [ -96.75249, 32.87523 ], [ -96.75247, 32.87526 ], [ -96.75252, 32.87526 ], [ -96.75258, 32.8754 ], [ -96.75191, 32.87602 ], [ -96.75162, 32.87598 ], [ -96.75159, 32.87582 ], [ -96.75123, 32.87549 ], [ -96.75198, 32.8749 ] ] ] } },
{ "type": "Feature", "properties": { "area_acres": 0.83 }, "geometry": { "type": "Polygon", "coordinates": [ [ [ -96.75117, 32.87556 ], [ -96.75134, 32.87569 ], [ -96.75139, 32.87591 ], [ -96.7508, 32.87638 ], [ -96.75059, 32.87602 ], [ -96.75117, 32.87556 ] ] ] } },
{ "type": "Feature", "properties": { "area_acres": 1.22 }, "geometry": { "type": "Polygon", "coordinates": [ [ [ -96.74975, 32.87609 ], [ -96.74867, 32.87694 ], [ -96.74838, 32.87671 ], [ -96.7494, 32.8759 ], [ -96.74975, 32.87609 ] ] ] } },
{ "type": "Feature", "properties": { "area_acres": 1.09 }, "geometry": { "type": "Polygon", "coordinates": [ [ [ -96.77459, 32.9009 ], [ -96.77378, 32.90096 ], [ -96.77372, 32.90044 ], [ -96.77453, 32.90038 ], [ -96.77459, 32.9009 ] ] ] } },
{ "type": "Feature", "properties": { "area_acres": 0.74 }, "geometry": { "type": "Polygon", "coordinates": [ [ [ -96.77458, 32.90026 ], [ -96.77379, 32.90033 ], [ -96.77374, 32.89999 ], [ -96.77453, 32.89992 ], [ -96.77454, 32.89998 ], [ -96.7746, 32.89997 ], [ -96.77463, 32.90019 ], [ -96.77457, 32.9002 ], [ -96.77458, 32.90026 ] ] ] } },
{ "type": "Feature", "properties": { "area_acres": 1.93 }, "geometry": { "type": "Polygon", "coordinates": [ [ [ -96.77463, 32.89942 ], [ -96.77373, 32.89972 ], [ -96.77362, 32.89898 ], [ -96.77352, 32.89874 ], [ -96.7741, 32.89854 ], [ -96.77463, 32.89942 ] ] ] } },
{ "type": "Feature", "properties": { "area_acres": 0.74 }, "geometry": { "type": "Polygon", "coordinates": [ [ [ -96.77272, 32.90049 ], [ -96.77184, 32.90057 ], [ -96.7718, 32.90024 ], [ -96.77268, 32.90017 ], [ -96.77272, 32.90049 ] ] ] } },
{ "type": "Feature", "properties": { "area_acres": 0.23 }, "geometry": { "type": "Polygon", "coordinates": [ [ [ -96.77369, 32.90049 ], [ -96.77317, 32.90053 ], [ -96.77315, 32.90036 ], [ -96.77368, 32.90032 ], [ -96.77369, 32.90049 ] ] ] } },
{ "type": "Feature", "properties": { "area_acres": 0.09 }, "geometry": { "type": "Polygon", "coordinates": [ [ [ -96.78354, 32.78675 ], [ -96.78337, 32.78662 ], [ -96.7835, 32.7865 ], [ -96.78367, 32.78663 ], [ -96.78354, 32.78675 ] ] ] } },
{ "type": "Feature", "properties": { "area_acres": 0.6 }, "geometry": { "type": "Polygon", "coordinates": [ [ [ -96.77144, 32.84735 ], [ -96.77146, 32.84689 ], [ -96.77184, 32.8469 ], [ -96.77184, 32.84706 ], [ -96.77204, 32.84706 ], [ -96.77204, 32.84735 ], [ -96.77144, 32.84735 ] ] ] } },
{ "type": "Feature", "properties": { "area_acres": 0.31 }, "geometry": { "type": "Polygon", "coordinates": [ [ [ -96.76991, 32.84647 ], [ -96.76929, 32.84646 ], [ -96.76929, 32.84634 ], [ -96.76962, 32.84635 ], [ -96.76962, 32.84619 ], [ -96.76991, 32.84619 ], [ -96.76991, 32.84647 ] ] ] } },
{ "type": "Feature", "properties": { "area_acres": 0.21 }, "geometry": { "type": "Polygon", "coordinates": [ [ [ -96.76989, 32.84592 ], [ -96.76989, 32.84604 ], [ -96.76956, 32.84604 ], [ -96.76956, 32.8461 ], [ -96.76932, 32.8461 ], [ -96.76932, 32.84592 ], [ -96.76989, 32.84592 ] ] ] } },
{ "type": "Feature", "properties": { "area_acres": 0.14 }, "geometry": { "type": "Polygon", "coordinates": [ [ [ -96.7695, 32.8459 ], [ -96.7693, 32.84591 ], [ -96.7693, 32.84567 ], [ -96.76957, 32.84567 ], [ -96.7695, 32.8459 ] ] ] } },
{ "type": "Feature", "properties": { "area_acres": 0.42 }, "geometry": { "type": "Polygon", "coordinates": [ [ [ -96.76991, 32.84817 ], [ -96.76929, 32.84817 ], [ -96.76929, 32.84791 ], [ -96.76992, 32.84791 ], [ -96.76991, 32.84817 ] ] ] } },
{ "type": "Feature", "properties": { "area_acres": 0.08 }, "geometry": { "type": "Polygon", "coordinates": [ [ [ -96.76958, 32.84771 ], [ -96.76938, 32.84771 ], [ -96.76938, 32.84756 ], [ -96.76958, 32.84756 ], [ -96.76958, 32.84771 ] ] ] } },
{ "type": "Feature", "properties": { "area_acres": 1.15 }, "geometry": { "type": "Polygon", "coordinates": [ [ [ -96.84108, 32.81385 ], [ -96.8414, 32.81376 ], [ -96.84222, 32.81446 ], [ -96.84217, 32.81451 ], [ -96.84226, 32.81458 ], [ -96.8422, 32.81466 ], [ -96.84189, 32.81461 ], [ -96.84185, 32.81465 ], [ -96.84164, 32.81447 ], [ -96.84168, 32.81443 ], [ -96.84158, 32.81434 ], [ -96.84152, 32.81437 ], [ -96.84113, 32.81404 ], [ -96.84117, 32.81401 ], [ -96.84108, 32.81385 ] ] ] } },
{ "type": "Feature", "properties": { "area_acres": 0.11 }, "geometry": { "type": "Polygon", "coordinates": [ [ [ -96.77819, 32.78491 ], [ -96.77834, 32.78488 ], [ -96.77827, 32.7846 ], [ -96.77811, 32.78464 ], [ -96.77819, 32.78491 ] ] ] } },
{ "type": "Feature", "properties": { "area_acres": 1.29 }, "geometry": { "type": "Polygon", "coordinates": [ [ [ -96.67657, 32.74303 ], [ -96.67663, 32.74292 ], [ -96.6769, 32.74292 ], [ -96.6769, 32.7427 ], [ -96.6754, 32.7428 ], [ -96.67541, 32.74297 ], [ -96.67536, 32.74297 ], [ -96.67536, 32.74288 ], [ -96.67472, 32.74291 ], [ -96.67476, 32.74303 ], [ -96.67507, 32.74303 ], [ -96.67507, 32.74308 ], [ -96.67516, 32.74308 ], [ -96.67516, 32.74303 ], [ -96.67554, 32.74306 ], [ -96.67657, 32.74303 ] ] ] } },
{ "type": "Feature", "properties": { "area_acres": 0.58 }, "geometry": { "type": "Polygon", "coordinates": [ [ [ -96.66939, 32.74448 ], [ -96.6697, 32.74484 ], [ -96.66974, 32.74515 ], [ -96.66938, 32.74506 ], [ -96.66933, 32.74489 ], [ -96.66912, 32.74468 ], [ -96.66939, 32.74448 ] ] ] } },
{ "type": "Feature", "properties": { "area_acres": 0.28 }, "geometry": { "type": "Polygon", "coordinates": [ [ [ -96.66931, 32.74505 ], [ -96.66931, 32.74518 ], [ -96.66843, 32.74517 ], [ -96.66842, 32.74505 ], [ -96.66931, 32.74505 ] ] ] } },
{ "type": "Feature", "properties": { "area_acres": 0.25 }, "geometry": { "type": "Polygon", "coordinates": [ [ [ -96.66973, 32.74536 ], [ -96.66956, 32.74536 ], [ -96.66956, 32.74575 ], [ -96.66963, 32.74575 ], [ -96.66963, 32.74611 ], [ -96.66968, 32.74613 ], [ -96.66973, 32.74609 ], [ -96.66973, 32.74536 ] ] ] } },
{ "type": "Feature", "properties": { "area_acres": 0.18 }, "geometry": { "type": "Polygon", "coordinates": [ [ [ -96.73507, 32.83107 ], [ -96.73494, 32.83096 ], [ -96.73526, 32.8307 ], [ -96.73539, 32.83082 ], [ -96.73507, 32.83107 ] ] ] } },
{ "type": "Feature", "properties": { "area_acres": 1.33 }, "geometry": { "type": "Polygon", "coordinates": [ [ [ -96.76253, 32.99776 ], [ -96.76252, 32.99865 ], [ -96.76183, 32.99866 ], [ -96.76155, 32.99872 ], [ -96.76161, 32.99838 ], [ -96.76154, 32.99838 ], [ -96.76155, 32.9978 ], [ -96.76181, 32.9978 ], [ -96.76181, 32.99786 ], [ -96.76195, 32.99786 ], [ -96.76194, 32.99854 ], [ -96.76238, 32.99854 ], [ -96.76238, 32.99822 ], [ -96.7623, 32.99822 ], [ -96.7623, 32.99813 ], [ -96.76238, 32.99813 ], [ -96.76239, 32.99776 ], [ -96.76253, 32.99776 ] ] ] } },
{ "type": "Feature", "properties": { "area_acres": 1.37 }, "geometry": { "type": "Polygon", "coordinates": [ [ [ -96.80366, 32.89604 ], [ -96.80366, 32.89577 ], [ -96.80308, 32.89577 ], [ -96.80308, 32.89546 ], [ -96.80244, 32.89546 ], [ -96.80244, 32.89604 ], [ -96.80366, 32.89604 ] ] ] } },
{ "type": "Feature", "properties": { "area_acres": 0.1 }, "geometry": { "type": "Polygon", "coordinates": [ [ [ -96.7608, 32.99078 ], [ -96.76056, 32.99077 ], [ -96.76059, 32.99061 ], [ -96.7608, 32.99061 ], [ -96.7608, 32.99078 ] ] ] } },
{ "type": "Feature", "properties": { "area_acres": 0.46 }, "geometry": { "type": "Polygon", "coordinates": [ [ [ -96.95142, 32.66758 ], [ -96.95123, 32.66758 ], [ -96.95123, 32.66747 ], [ -96.95105, 32.66747 ], [ -96.95105, 32.6673 ], [ -96.95089, 32.66731 ], [ -96.95089, 32.66715 ], [ -96.95122, 32.66715 ], [ -96.95142, 32.66707 ], [ -96.95142, 32.66758 ] ] ] } },
{ "type": "Feature", "properties": { "area_acres": 0.79 }, "geometry": { "type": "Polygon", "coordinates": [ [ [ -96.67238, 32.86743 ], [ -96.67219, 32.86747 ], [ -96.67162, 32.86602 ], [ -96.67182, 32.86596 ], [ -96.67238, 32.86743 ] ] ] } },
{ "type": "Feature", "properties": { "area_acres": 0.92 }, "geometry": { "type": "Polygon", "coordinates": [ [ [ -96.67199, 32.86574 ], [ -96.67199, 32.86557 ], [ -96.67415, 32.86558 ], [ -96.67415, 32.86574 ], [ -96.67199, 32.86574 ] ] ] } },
{ "type": "Feature", "properties": { "area_acres": 0.08 }, "geometry": { "type": "Polygon", "coordinates": [ [ [ -96.98914, 32.93005 ], [ -96.98925, 32.92991 ], [ -96.98908, 32.92983 ], [ -96.98898, 32.92997 ], [ -96.98914, 32.93005 ] ] ] } },
{ "type": "Feature", "properties": { "area_acres": 0.46 }, "geometry": { "type": "Polygon", "coordinates": [ [ [ -96.99031, 32.9305 ], [ -96.98943, 32.93002 ], [ -96.98946, 32.92998 ], [ -96.98941, 32.92996 ], [ -96.98949, 32.92986 ], [ -96.9904, 32.93035 ], [ -96.99031, 32.9305 ] ] ] } },
{ "type": "Feature", "properties": { "area_acres": 0.16 }, "geometry": { "type": "Polygon", "coordinates": [ [ [ -96.80791, 32.7671 ], [ -96.80773, 32.76706 ], [ -96.80763, 32.76737 ], [ -96.8078, 32.76744 ], [ -96.80791, 32.7671 ] ] ] } },
{ "type": "Feature", "properties": { "area_acres": 1.0 }, "geometry": { "type": "Polygon", "coordinates": [ [ [ -96.78428, 32.94978 ], [ -96.78361, 32.94978 ], [ -96.78361, 32.94968 ], [ -96.78355, 32.94968 ], [ -96.78361, 32.94934 ], [ -96.78448, 32.94929 ], [ -96.78448, 32.94953 ], [ -96.78428, 32.94978 ] ] ] } },
{ "type": "Feature", "properties": { "area_acres": 0.07 }, "geometry": { "type": "Polygon", "coordinates": [ [ [ -96.81286, 32.74127 ], [ -96.81301, 32.74114 ], [ -96.81292, 32.74105 ], [ -96.81274, 32.74119 ], [ -96.81286, 32.74127 ] ] ] } },
{ "type": "Feature", "properties": { "area_acres": 0.36 }, "geometry": { "type": "Polygon", "coordinates": [ [ [ -96.90156, 32.89883 ], [ -96.90147, 32.89913 ], [ -96.9017, 32.8992 ], [ -96.90185, 32.89916 ], [ -96.90194, 32.89886 ], [ -96.90164, 32.89875 ], [ -96.90162, 32.89884 ], [ -96.90156, 32.89883 ] ] ] } },
{ "type": "Feature", "properties": { "area_acres": 0.11 }, "geometry": { "type": "Polygon", "coordinates": [ [ [ -96.89898, 32.89814 ], [ -96.89896, 32.89794 ], [ -96.89918, 32.89794 ], [ -96.89918, 32.89815 ], [ -96.89898, 32.89814 ] ] ] } },
{ "type": "Feature", "properties": { "area_acres": 0.32 }, "geometry": { "type": "Polygon", "coordinates": [ [ [ -96.79467, 32.74857 ], [ -96.79441, 32.7485 ], [ -96.79443, 32.74845 ], [ -96.79436, 32.74843 ], [ -96.7945, 32.74806 ], [ -96.79463, 32.7481 ], [ -96.79459, 32.7482 ], [ -96.79479, 32.74825 ], [ -96.79467, 32.74857 ] ] ] } },
{ "type": "Feature", "properties": { "area_acres": 0.67 }, "geometry": { "type": "Polygon", "coordinates": [ [ [ -96.77635, 32.79248 ], [ -96.7763, 32.79244 ], [ -96.77626, 32.79246 ], [ -96.77596, 32.7922 ], [ -96.776, 32.79216 ], [ -96.77595, 32.79211 ], [ -96.77631, 32.79183 ], [ -96.77668, 32.79217 ], [ -96.77635, 32.79248 ] ] ] } },
{ "type": "Feature", "properties": { "area_acres": 0.56 }, "geometry": { "type": "Polygon", "coordinates": [ [ [ -96.77666, 32.78959 ], [ -96.77702, 32.78931 ], [ -96.77666, 32.78899 ], [ -96.7763, 32.78927 ], [ -96.77666, 32.78959 ] ] ] } },
{ "type": "Feature", "properties": { "area_acres": 0.85 }, "geometry": { "type": "Polygon", "coordinates": [ [ [ -96.77719, 32.79001 ], [ -96.77766, 32.78961 ], [ -96.77757, 32.78953 ], [ -96.77752, 32.78957 ], [ -96.77717, 32.78927 ], [ -96.77675, 32.78963 ], [ -96.77719, 32.79001 ] ] ] } },
{ "type": "Feature", "properties": { "area_acres": 0.54 }, "geometry": { "type": "Polygon", "coordinates": [ [ [ -96.77766, 32.78961 ], [ -96.7779, 32.7894 ], [ -96.77745, 32.78903 ], [ -96.77717, 32.78927 ], [ -96.77752, 32.78957 ], [ -96.77757, 32.78953 ], [ -96.77766, 32.78961 ] ] ] } },
{ "type": "Feature", "properties": { "area_acres": 1.01 }, "geometry": { "type": "Polygon", "coordinates": [ [ [ -96.77908, 32.791 ], [ -96.77891, 32.79122 ], [ -96.77906, 32.79135 ], [ -96.77932, 32.79121 ], [ -96.77957, 32.79142 ], [ -96.77922, 32.79172 ], [ -96.77842, 32.79104 ], [ -96.77877, 32.79074 ], [ -96.77908, 32.791 ] ] ] } },
{ "type": "Feature", "properties": { "area_acres": 0.54 }, "geometry": { "type": "Polygon", "coordinates": [ [ [ -96.77961, 32.78792 ], [ -96.7793, 32.78781 ], [ -96.77938, 32.78756 ], [ -96.77893, 32.78749 ], [ -96.77898, 32.78731 ], [ -96.77942, 32.78739 ], [ -96.77937, 32.78745 ], [ -96.77945, 32.78753 ], [ -96.77953, 32.78747 ], [ -96.77978, 32.7877 ], [ -96.77961, 32.78792 ] ] ] } },
{ "type": "Feature", "properties": { "area_acres": 0.35 }, "geometry": { "type": "Polygon", "coordinates": [ [ [ -96.80461, 32.72327 ], [ -96.80466, 32.72328 ], [ -96.80462, 32.72355 ], [ -96.80423, 32.72351 ], [ -96.80427, 32.72329 ], [ -96.80419, 32.72329 ], [ -96.80418, 32.72321 ], [ -96.80456, 32.72316 ], [ -96.80461, 32.72327 ] ] ] } },
{ "type": "Feature", "properties": { "area_acres": 0.21 }, "geometry": { "type": "Polygon", "coordinates": [ [ [ -96.6999, 32.78575 ], [ -96.69932, 32.78574 ], [ -96.69933, 32.78559 ], [ -96.6998, 32.7856 ], [ -96.6998, 32.78566 ], [ -96.69991, 32.78566 ], [ -96.6999, 32.78575 ] ] ] } },
{ "type": "Feature", "properties": { "area_acres": 0.29 }, "geometry": { "type": "Polygon", "coordinates": [ [ [ -96.69985, 32.78709 ], [ -96.69917, 32.78707 ], [ -96.69918, 32.7869 ], [ -96.69978, 32.78691 ], [ -96.69978, 32.78696 ], [ -96.69985, 32.78696 ], [ -96.69985, 32.78709 ] ] ] } },
{ "type": "Feature", "properties": { "area_acres": 1.08 }, "geometry": { "type": "Polygon", "coordinates": [ [ [ -96.83977, 32.80942 ], [ -96.83986, 32.80926 ], [ -96.84207, 32.81011 ], [ -96.84199, 32.81027 ], [ -96.83977, 32.80942 ] ] ] } },
{ "type": "Feature", "properties": { "area_acres": 0.05 }, "geometry": { "type": "Polygon", "coordinates": [ [ [ -96.77093, 32.99518 ], [ -96.77058, 32.99507 ], [ -96.77061, 32.99502 ], [ -96.77095, 32.99514 ], [ -96.77093, 32.99518 ] ] ] } },
{ "type": "Feature", "properties": { "area_acres": 0.28 }, "geometry": { "type": "Polygon", "coordinates": [ [ [ -96.77143, 32.99523 ], [ -96.77064, 32.99496 ], [ -96.77069, 32.99484 ], [ -96.77149, 32.99511 ], [ -96.77143, 32.99523 ] ] ] } },
{ "type": "Feature", "properties": { "area_acres": 0.11 }, "geometry": { "type": "Polygon", "coordinates": [ [ [ -96.77154, 32.995 ], [ -96.77074, 32.99473 ], [ -96.77072, 32.99478 ], [ -96.77151, 32.99504 ], [ -96.77154, 32.995 ] ] ] } },
{ "type": "Feature", "properties": { "area_acres": 2.82 }, "geometry": { "type": "Polygon", "coordinates": [ [ [ -96.85681, 32.68036 ], [ -96.8568, 32.67978 ], [ -96.85587, 32.67977 ], [ -96.85528, 32.67942 ], [ -96.85486, 32.67992 ], [ -96.85495, 32.68012 ], [ -96.85542, 32.68022 ], [ -96.85545, 32.68012 ], [ -96.85627, 32.68029 ], [ -96.85623, 32.68041 ], [ -96.85661, 32.68049 ], [ -96.85674, 32.68045 ], [ -96.85681, 32.68036 ] ] ] } },
{ "type": "Feature", "properties": { "area_acres": 1.89 }, "geometry": { "type": "Polygon", "coordinates": [ [ [ -96.8559, 32.68082 ], [ -96.85448, 32.68042 ], [ -96.85439, 32.68044 ], [ -96.85434, 32.68053 ], [ -96.85436, 32.68066 ], [ -96.85468, 32.68087 ], [ -96.85501, 32.68101 ], [ -96.85668, 32.68104 ], [ -96.85668, 32.68081 ], [ -96.85655, 32.68068 ], [ -96.85635, 32.68066 ], [ -96.85598, 32.68083 ], [ -96.85602, 32.68088 ], [ -96.85596, 32.68098 ], [ -96.8559, 32.68098 ], [ -96.8559, 32.68082 ] ] ] } },
{ "type": "Feature", "properties": { "area_acres": 0.22 }, "geometry": { "type": "Polygon", "coordinates": [ [ [ -96.83814, 32.83179 ], [ -96.83845, 32.83205 ], [ -96.83834, 32.8322 ], [ -96.83794, 32.83185 ], [ -96.83799, 32.83181 ], [ -96.83805, 32.83186 ], [ -96.83814, 32.83179 ] ] ] } },
{ "type": "Feature", "properties": { "area_acres": 0.24 }, "geometry": { "type": "Polygon", "coordinates": [ [ [ -96.8386, 32.83224 ], [ -96.83814, 32.83261 ], [ -96.83799, 32.83248 ], [ -96.83831, 32.83222 ], [ -96.83842, 32.83231 ], [ -96.83855, 32.8322 ], [ -96.8386, 32.83224 ] ] ] } },
{ "type": "Feature", "properties": { "area_acres": 0.71 }, "geometry": { "type": "Polygon", "coordinates": [ [ [ -96.83699, 32.83298 ], [ -96.83685, 32.83285 ], [ -96.8368, 32.83289 ], [ -96.83668, 32.8328 ], [ -96.83622, 32.83319 ], [ -96.83626, 32.83322 ], [ -96.83621, 32.83326 ], [ -96.83644, 32.83345 ], [ -96.83649, 32.83341 ], [ -96.83654, 32.83345 ], [ -96.83699, 32.83306 ], [ -96.83694, 32.83302 ], [ -96.83699, 32.83298 ] ] ] } },
{ "type": "Feature", "properties": { "area_acres": 0.86 }, "geometry": { "type": "Polygon", "coordinates": [ [ [ -96.83922, 32.8307 ], [ -96.83945, 32.83049 ], [ -96.84005, 32.83101 ], [ -96.83933, 32.8316 ], [ -96.83918, 32.83154 ], [ -96.83973, 32.83108 ], [ -96.83922, 32.8307 ] ] ] } },
{ "type": "Feature", "properties": { "area_acres": 0.27 }, "geometry": { "type": "Polygon", "coordinates": [ [ [ -96.8388, 32.83173 ], [ -96.83865, 32.83186 ], [ -96.83821, 32.83149 ], [ -96.83841, 32.8314 ], [ -96.8388, 32.83173 ] ] ] } },
{ "type": "Feature", "properties": { "area_acres": 0.12 }, "geometry": { "type": "Polygon", "coordinates": [ [ [ -96.8382, 32.8326 ], [ -96.8384, 32.83276 ], [ -96.83823, 32.8329 ], [ -96.8381, 32.83277 ], [ -96.8382, 32.8326 ] ] ] } },
{ "type": "Feature", "properties": { "area_acres": 2.32 }, "geometry": { "type": "Polygon", "coordinates": [ [ [ -96.83483, 32.84155 ], [ -96.83521, 32.84123 ], [ -96.83526, 32.84127 ], [ -96.83531, 32.84123 ], [ -96.83654, 32.84228 ], [ -96.83641, 32.84239 ], [ -96.83636, 32.84235 ], [ -96.8363, 32.84239 ], [ -96.83635, 32.84243 ], [ -96.83501, 32.84354 ], [ -96.83497, 32.8435 ], [ -96.83513, 32.84337 ], [ -96.83503, 32.84328 ], [ -96.83579, 32.84269 ], [ -96.83564, 32.84255 ], [ -96.8361, 32.84216 ], [ -96.83563, 32.84174 ], [ -96.83552, 32.84182 ], [ -96.83526, 32.8416 ], [ -96.8349, 32.8419 ], [ -96.83491, 32.84167 ], [ -96.83483, 32.84155 ] ] ] } },
{ "type": "Feature", "properties": { "area_acres": 0.05 }, "geometry": { "type": "Polygon", "coordinates": [ [ [ -96.8349, 32.84252 ], [ -96.83495, 32.84252 ], [ -96.83496, 32.84289 ], [ -96.8349, 32.84289 ], [ -96.8349, 32.84252 ] ] ] } },
{ "type": "Feature", "properties": { "area_acres": 8.18 }, "geometry": { "type": "Polygon", "coordinates": [ [ [ -96.8376, 32.83401 ], [ -96.83846, 32.8333 ], [ -96.83857, 32.83328 ], [ -96.83868, 32.83335 ], [ -96.83871, 32.83331 ], [ -96.83961, 32.83407 ], [ -96.83956, 32.83411 ], [ -96.8396, 32.83414 ], [ -96.83858, 32.83497 ], [ -96.83846, 32.83487 ], [ -96.83825, 32.83499 ], [ -96.8382, 32.83503 ], [ -96.83834, 32.83517 ], [ -96.838, 32.83543 ], [ -96.83796, 32.8354 ], [ -96.83791, 32.83544 ], [ -96.8374, 32.835 ], [ -96.8368, 32.83548 ], [ -96.83629, 32.83504 ], [ -96.8368, 32.83465 ], [ -96.83686, 32.83467 ], [ -96.837, 32.83457 ], [ -96.83696, 32.83453 ], [ -96.83731, 32.83424 ], [ -96.83746, 32.83437 ], [ -96.83719, 32.83459 ], [ -96.83729, 32.83467 ], [ -96.83728, 32.83473 ], [ -96.83784, 32.83436 ], [ -96.83786, 32.83432 ], [ -96.8376, 32.83411 ], [ -96.8376, 32.83401 ] ] ] } },
{ "type": "Feature", "properties": { "area_acres": 1.27 }, "geometry": { "type": "Polygon", "coordinates": [ [ [ -96.83895, 32.83285 ], [ -96.83868, 32.83306 ], [ -96.83983, 32.83401 ], [ -96.8401, 32.8338 ], [ -96.83895, 32.83285 ] ] ] } },
{ "type": "Feature", "properties": { "area_acres": 0.39 }, "geometry": { "type": "Polygon", "coordinates": [ [ [ -96.84006, 32.83412 ], [ -96.84036, 32.83439 ], [ -96.84061, 32.83469 ], [ -96.84065, 32.83468 ], [ -96.84074, 32.83478 ], [ -96.84085, 32.83472 ], [ -96.8403, 32.8341 ], [ -96.84025, 32.83415 ], [ -96.84014, 32.83404 ], [ -96.84006, 32.83412 ] ] ] } },
{ "type": "Feature", "properties": { "area_acres": 0.13 }, "geometry": { "type": "Polygon", "coordinates": [ [ [ -96.78725, 32.92333 ], [ -96.78757, 32.92334 ], [ -96.78757, 32.92351 ], [ -96.78737, 32.92351 ], [ -96.78737, 32.92346 ], [ -96.78725, 32.92346 ], [ -96.78725, 32.92333 ] ] ] } },
{ "type": "Feature", "properties": { "area_acres": 0.15 }, "geometry": { "type": "Polygon", "coordinates": [ [ [ -96.90037, 32.90603 ], [ -96.90056, 32.90603 ], [ -96.90056, 32.90634 ], [ -96.90037, 32.90634 ], [ -96.90037, 32.90603 ] ] ] } },
{ "type": "Feature", "properties": { "area_acres": 0.5 }, "geometry": { "type": "Polygon", "coordinates": [ [ [ -96.88676, 32.90795 ], [ -96.88724, 32.90795 ], [ -96.88724, 32.90831 ], [ -96.8872, 32.90835 ], [ -96.88675, 32.90836 ], [ -96.88676, 32.90795 ] ] ] } },
{ "type": "Feature", "properties": { "area_acres": 0.16 }, "geometry": { "type": "Polygon", "coordinates": [ [ [ -96.88344, 32.90852 ], [ -96.88363, 32.90847 ], [ -96.88363, 32.90881 ], [ -96.88343, 32.9088 ], [ -96.88344, 32.90852 ] ] ] } },
{ "type": "Feature", "properties": { "area_acres": 0.34 }, "geometry": { "type": "Polygon", "coordinates": [ [ [ -96.88397, 32.909 ], [ -96.885, 32.90901 ], [ -96.88499, 32.90913 ], [ -96.88396, 32.90913 ], [ -96.88397, 32.909 ] ] ] } },
{ "type": "Feature", "properties": { "area_acres": 7.17 }, "geometry": { "type": "Polygon", "coordinates": [ [ [ -96.88476, 32.90641 ], [ -96.88274, 32.90645 ], [ -96.88267, 32.90921 ], [ -96.88284, 32.9092 ], [ -96.88283, 32.90899 ], [ -96.8833, 32.90899 ], [ -96.88331, 32.90825 ], [ -96.88361, 32.90825 ], [ -96.88375, 32.90692 ], [ -96.88477, 32.90691 ], [ -96.88476, 32.90641 ] ] ] } },
{ "type": "Feature", "properties": { "area_acres": 0.11 }, "geometry": { "type": "Polygon", "coordinates": [ [ [ -96.89952, 32.89943 ], [ -96.89981, 32.89942 ], [ -96.89978, 32.89958 ], [ -96.89953, 32.8996 ], [ -96.89952, 32.89943 ] ] ] } },
{ "type": "Feature", "properties": { "area_acres": 0.27 }, "geometry": { "type": "Polygon", "coordinates": [ [ [ -96.82144, 32.87913 ], [ -96.82243, 32.87914 ], [ -96.82243, 32.87904 ], [ -96.8215, 32.87902 ], [ -96.8215, 32.87897 ], [ -96.82144, 32.87897 ], [ -96.82144, 32.87913 ] ] ] } },
{ "type": "Feature", "properties": { "area_acres": 0.18 }, "geometry": { "type": "Polygon", "coordinates": [ [ [ -96.82142, 32.87878 ], [ -96.82162, 32.87878 ], [ -96.82162, 32.87837 ], [ -96.82145, 32.87837 ], [ -96.82142, 32.87878 ] ] ] } },
{ "type": "Feature", "properties": { "area_acres": 0.79 }, "geometry": { "type": "Polygon", "coordinates": [ [ [ -96.82255, 32.87985 ], [ -96.82302, 32.87993 ], [ -96.82319, 32.87936 ], [ -96.82312, 32.87934 ], [ -96.82313, 32.87929 ], [ -96.82282, 32.87923 ], [ -96.8228, 32.87928 ], [ -96.82272, 32.87927 ], [ -96.82255, 32.87985 ] ] ] } },
{ "type": "Feature", "properties": { "area_acres": 0.08 }, "geometry": { "type": "Polygon", "coordinates": [ [ [ -96.82403, 32.87957 ], [ -96.82408, 32.87931 ], [ -96.82423, 32.87904 ], [ -96.8243, 32.87907 ], [ -96.82403, 32.87957 ] ] ] } },
{ "type": "Feature", "properties": { "area_acres": 0.13 }, "geometry": { "type": "Polygon", "coordinates": [ [ [ -96.82464, 32.87873 ], [ -96.8247, 32.8785 ], [ -96.82463, 32.87848 ], [ -96.82471, 32.87842 ], [ -96.82477, 32.878 ], [ -96.8247, 32.878 ], [ -96.82459, 32.87872 ], [ -96.82464, 32.87873 ] ] ] } },
{ "type": "Feature", "properties": { "area_acres": 0.05 }, "geometry": { "type": "Polygon", "coordinates": [ [ [ -96.82433, 32.87905 ], [ -96.82428, 32.879 ], [ -96.82457, 32.8788 ], [ -96.82462, 32.87882 ], [ -96.82433, 32.87905 ] ] ] } },
{ "type": "Feature", "properties": { "area_acres": 0.39 }, "geometry": { "type": "Polygon", "coordinates": [ [ [ -96.7867, 32.9229 ], [ -96.78662, 32.92287 ], [ -96.78664, 32.92292 ], [ -96.78686, 32.92292 ], [ -96.78686, 32.92287 ], [ -96.78702, 32.92286 ], [ -96.78702, 32.92303 ], [ -96.78693, 32.92303 ], [ -96.78692, 32.92298 ], [ -96.7865, 32.92303 ], [ -96.7865, 32.92299 ], [ -96.78643, 32.92299 ], [ -96.78645, 32.92285 ], [ -96.78654, 32.92282 ], [ -96.78652, 32.92277 ], [ -96.78697, 32.92263 ], [ -96.78703, 32.9228 ], [ -96.7867, 32.9229 ] ] ] } },
{ "type": "Feature", "properties": { "area_acres": 0.11 }, "geometry": { "type": "Polygon", "coordinates": [ [ [ -96.78681, 32.92246 ], [ -96.7869, 32.92214 ], [ -96.78709, 32.92212 ], [ -96.78697, 32.92241 ], [ -96.78681, 32.92246 ] ] ] } },
{ "type": "Feature", "properties": { "area_acres": 0.36 }, "geometry": { "type": "Polygon", "coordinates": [ [ [ -96.75655, 32.67759 ], [ -96.7566, 32.67777 ], [ -96.75583, 32.67791 ], [ -96.75578, 32.67774 ], [ -96.75655, 32.67759 ] ] ] } },
{ "type": "Feature", "properties": { "area_acres": 0.32 }, "geometry": { "type": "Polygon", "coordinates": [ [ [ -96.75607, 32.68122 ], [ -96.75591, 32.68112 ], [ -96.75632, 32.68062 ], [ -96.75649, 32.68071 ], [ -96.75607, 32.68122 ] ] ] } },
{ "type": "Feature", "properties": { "area_acres": 0.23 }, "geometry": { "type": "Polygon", "coordinates": [ [ [ -96.75525, 32.68077 ], [ -96.75573, 32.68105 ], [ -96.75563, 32.68118 ], [ -96.75515, 32.6809 ], [ -96.75525, 32.68077 ] ] ] } },
{ "type": "Feature", "properties": { "area_acres": 0.17 }, "geometry": { "type": "Polygon", "coordinates": [ [ [ -96.75259, 32.67994 ], [ -96.75239, 32.67998 ], [ -96.7523, 32.67965 ], [ -96.7525, 32.67961 ], [ -96.75259, 32.67994 ] ] ] } },
{ "type": "Feature", "properties": { "area_acres": 0.89 }, "geometry": { "type": "Polygon", "coordinates": [ [ [ -96.8996, 32.86191 ], [ -96.89954, 32.86202 ], [ -96.89949, 32.86201 ], [ -96.89941, 32.86219 ], [ -96.89942, 32.86232 ], [ -96.89956, 32.86241 ], [ -96.90035, 32.86265 ], [ -96.90039, 32.86255 ], [ -96.90001, 32.86238 ], [ -96.90012, 32.86212 ], [ -96.90006, 32.8621 ], [ -96.90007, 32.86206 ], [ -96.8996, 32.86191 ] ] ] } },
{ "type": "Feature", "properties": { "area_acres": 1.32 }, "geometry": { "type": "Polygon", "coordinates": [ [ [ -96.89895, 32.86341 ], [ -96.89914, 32.8629 ], [ -96.89912, 32.86275 ], [ -96.89907, 32.86275 ], [ -96.89908, 32.86261 ], [ -96.89929, 32.86252 ], [ -96.89978, 32.86263 ], [ -96.89977, 32.86271 ], [ -96.89943, 32.86269 ], [ -96.89942, 32.86283 ], [ -96.89978, 32.86285 ], [ -96.89946, 32.86356 ], [ -96.89895, 32.86341 ] ] ] } },
{ "type": "Feature", "properties": { "area_acres": 0.66 }, "geometry": { "type": "Polygon", "coordinates": [ [ [ -96.89961, 32.86337 ], [ -96.89985, 32.86346 ], [ -96.90005, 32.86303 ], [ -96.89975, 32.86297 ], [ -96.89985, 32.86272 ], [ -96.90023, 32.86284 ], [ -96.9002, 32.86308 ], [ -96.89994, 32.86366 ], [ -96.8995, 32.86357 ], [ -96.89961, 32.86337 ] ] ] } },
{ "type": "Feature", "properties": { "area_acres": 3.54 }, "geometry": { "type": "Polygon", "coordinates": [ [ [ -96.89588, 32.86172 ], [ -96.89538, 32.86271 ], [ -96.89673, 32.86319 ], [ -96.89682, 32.8631 ], [ -96.89696, 32.86274 ], [ -96.897, 32.86274 ], [ -96.89689, 32.86253 ], [ -96.89694, 32.86252 ], [ -96.89673, 32.8622 ], [ -96.8964, 32.86196 ], [ -96.89588, 32.86172 ] ] ] } },
{ "type": "Feature", "properties": { "area_acres": 0.46 }, "geometry": { "type": "Polygon", "coordinates": [ [ [ -96.90101, 32.86535 ], [ -96.90061, 32.86516 ], [ -96.90071, 32.86493 ], [ -96.9015, 32.86524 ], [ -96.9015, 32.86536 ], [ -96.90118, 32.86522 ], [ -96.90112, 32.86533 ], [ -96.90104, 32.8653 ], [ -96.90101, 32.86535 ] ] ] } },
{ "type": "Feature", "properties": { "area_acres": 0.76 }, "geometry": { "type": "Polygon", "coordinates": [ [ [ -96.91109, 32.87864 ], [ -96.91112, 32.87878 ], [ -96.91051, 32.87885 ], [ -96.91014, 32.87881 ], [ -96.90968, 32.87863 ], [ -96.9094, 32.8784 ], [ -96.90944, 32.87837 ], [ -96.90938, 32.8783 ], [ -96.9095, 32.87824 ], [ -96.90974, 32.87846 ], [ -96.9102, 32.87866 ], [ -96.91058, 32.87869 ], [ -96.91109, 32.87864 ] ] ] } },
{ "type": "Feature", "properties": { "area_acres": 1.28 }, "geometry": { "type": "Polygon", "coordinates": [ [ [ -96.90964, 32.87878 ], [ -96.90914, 32.87841 ], [ -96.90884, 32.87858 ], [ -96.90938, 32.87906 ], [ -96.90967, 32.8792 ], [ -96.91017, 32.87932 ], [ -96.91022, 32.87902 ], [ -96.91008, 32.879 ], [ -96.91009, 32.87894 ], [ -96.90964, 32.87878 ] ] ] } },
{ "type": "Feature", "properties": { "area_acres": 1.06 }, "geometry": { "type": "Polygon", "coordinates": [ [ [ -96.90529, 32.87971 ], [ -96.90518, 32.87912 ], [ -96.90529, 32.87864 ], [ -96.9057, 32.87875 ], [ -96.90561, 32.8791 ], [ -96.90569, 32.87961 ], [ -96.90529, 32.87971 ] ] ] } },
{ "type": "Feature", "properties": { "area_acres": 1.6 }, "geometry": { "type": "Polygon", "coordinates": [ [ [ -96.90508, 32.87999 ], [ -96.9049, 32.88004 ], [ -96.90478, 32.87974 ], [ -96.90471, 32.87941 ], [ -96.90473, 32.87883 ], [ -96.90484, 32.87849 ], [ -96.90524, 32.87778 ], [ -96.90509, 32.87775 ], [ -96.90513, 32.87738 ], [ -96.90555, 32.87734 ], [ -96.90551, 32.87775 ], [ -96.90514, 32.87831 ], [ -96.90498, 32.87865 ], [ -96.90489, 32.87903 ], [ -96.90496, 32.87969 ], [ -96.90508, 32.87999 ] ] ] } },
{ "type": "Feature", "properties": { "area_acres": 0.67 }, "geometry": { "type": "Polygon", "coordinates": [ [ [ -96.84564, 32.8542 ], [ -96.84446, 32.85319 ], [ -96.8446, 32.85309 ], [ -96.84577, 32.8541 ], [ -96.84564, 32.8542 ] ] ] } },
{ "type": "Feature", "properties": { "area_acres": 0.28 }, "geometry": { "type": "Polygon", "coordinates": [ [ [ -96.84552, 32.82088 ], [ -96.84547, 32.82084 ], [ -96.84552, 32.82079 ], [ -96.84546, 32.82074 ], [ -96.84538, 32.82081 ], [ -96.84528, 32.82072 ], [ -96.84516, 32.82079 ], [ -96.84519, 32.82081 ], [ -96.84511, 32.82088 ], [ -96.84508, 32.82086 ], [ -96.84501, 32.82096 ], [ -96.84525, 32.82111 ], [ -96.84552, 32.82088 ] ] ] } },
{ "type": "Feature", "properties": { "area_acres": 0.21 }, "geometry": { "type": "Polygon", "coordinates": [ [ [ -96.77114, 32.97793 ], [ -96.77116, 32.97789 ], [ -96.7703, 32.97755 ], [ -96.76968, 32.97755 ], [ -96.76969, 32.97761 ], [ -96.77032, 32.97761 ], [ -96.77114, 32.97793 ] ] ] } },
{ "type": "Feature", "properties": { "area_acres": 0.74 }, "geometry": { "type": "Polygon", "coordinates": [ [ [ -96.76898, 32.97761 ], [ -96.76898, 32.97732 ], [ -96.76893, 32.97732 ], [ -96.76891, 32.97724 ], [ -96.76851, 32.97724 ], [ -96.76852, 32.97702 ], [ -96.76833, 32.97703 ], [ -96.76834, 32.97765 ], [ -96.76898, 32.97761 ] ] ] } },
{ "type": "Feature", "properties": { "area_acres": 0.07 }, "geometry": { "type": "Polygon", "coordinates": [ [ [ -96.84548, 32.82945 ], [ -96.8453, 32.8296 ], [ -96.84521, 32.82952 ], [ -96.84539, 32.82937 ], [ -96.84548, 32.82945 ] ] ] } },
{ "type": "Feature", "properties": { "area_acres": 0.8 }, "geometry": { "type": "Polygon", "coordinates": [ [ [ -96.84663, 32.82867 ], [ -96.84604, 32.82919 ], [ -96.84628, 32.82943 ], [ -96.84638, 32.82935 ], [ -96.84644, 32.82936 ], [ -96.84679, 32.82909 ], [ -96.84676, 32.82904 ], [ -96.84683, 32.82898 ], [ -96.84677, 32.82872 ], [ -96.84663, 32.82867 ] ] ] } },
{ "type": "Feature", "properties": { "area_acres": 0.27 }, "geometry": { "type": "Polygon", "coordinates": [ [ [ -96.84575, 32.82827 ], [ -96.84533, 32.82861 ], [ -96.84519, 32.82849 ], [ -96.84565, 32.82812 ], [ -96.84575, 32.82827 ] ] ] } },
{ "type": "Feature", "properties": { "area_acres": 0.76 }, "geometry": { "type": "Polygon", "coordinates": [ [ [ -96.84292, 32.81045 ], [ -96.84476, 32.81117 ], [ -96.84469, 32.8113 ], [ -96.84285, 32.81059 ], [ -96.84292, 32.81045 ] ] ] } },
{ "type": "Feature", "properties": { "area_acres": 0.25 }, "geometry": { "type": "Polygon", "coordinates": [ [ [ -96.7898, 32.7686 ], [ -96.78953, 32.76883 ], [ -96.78931, 32.76865 ], [ -96.78958, 32.76842 ], [ -96.7898, 32.7686 ] ] ] } },
{ "type": "Feature", "properties": { "area_acres": 0.21 }, "geometry": { "type": "Polygon", "coordinates": [ [ [ -96.78951, 32.76833 ], [ -96.78917, 32.7686 ], [ -96.78903, 32.76847 ], [ -96.78937, 32.7682 ], [ -96.78951, 32.76833 ] ] ] } },
{ "type": "Feature", "properties": { "area_acres": 0.56 }, "geometry": { "type": "Polygon", "coordinates": [ [ [ -96.91237, 32.77436 ], [ -96.91242, 32.77438 ], [ -96.91244, 32.77461 ], [ -96.91241, 32.77491 ], [ -96.91229, 32.77491 ], [ -96.91214, 32.77525 ], [ -96.91189, 32.77519 ], [ -96.91205, 32.77484 ], [ -96.91237, 32.77436 ] ] ] } },
{ "type": "Feature", "properties": { "area_acres": 0.63 }, "geometry": { "type": "Polygon", "coordinates": [ [ [ -96.90584, 32.7619 ], [ -96.90635, 32.76189 ], [ -96.90634, 32.76138 ], [ -96.9059, 32.76139 ], [ -96.90584, 32.7619 ] ] ] } },
{ "type": "Feature", "properties": { "area_acres": 0.24 }, "geometry": { "type": "Polygon", "coordinates": [ [ [ -96.90434, 32.75364 ], [ -96.90491, 32.75363 ], [ -96.9048, 32.75351 ], [ -96.90482, 32.75346 ], [ -96.90433, 32.75346 ], [ -96.90434, 32.75364 ] ] ] } },
{ "type": "Feature", "properties": { "area_acres": 1.03 }, "geometry": { "type": "Polygon", "coordinates": [ [ [ -96.90129, 32.75565 ], [ -96.90146, 32.75567 ], [ -96.90148, 32.75618 ], [ -96.9013, 32.75619 ], [ -96.9013, 32.75625 ], [ -96.90189, 32.75622 ], [ -96.90187, 32.75547 ], [ -96.90168, 32.75547 ], [ -96.90148, 32.75532 ], [ -96.90128, 32.75532 ], [ -96.90129, 32.75565 ] ] ] } },
{ "type": "Feature", "properties": { "area_acres": 0.28 }, "geometry": { "type": "Polygon", "coordinates": [ [ [ -96.90354, 32.75365 ], [ -96.90364, 32.75365 ], [ -96.90362, 32.7536 ], [ -96.90368, 32.7536 ], [ -96.90369, 32.75365 ], [ -96.90391, 32.75365 ], [ -96.90389, 32.7536 ], [ -96.90394, 32.75365 ], [ -96.90427, 32.75364 ], [ -96.90426, 32.75347 ], [ -96.90389, 32.75348 ], [ -96.90388, 32.75353 ], [ -96.90386, 32.75348 ], [ -96.90365, 32.75348 ], [ -96.90352, 32.7536 ], [ -96.90354, 32.75365 ] ] ] } },
{ "type": "Feature", "properties": { "area_acres": 0.13 }, "geometry": { "type": "Polygon", "coordinates": [ [ [ -96.90345, 32.75348 ], [ -96.90346, 32.75366 ], [ -96.90328, 32.75366 ], [ -96.90328, 32.7536 ], [ -96.90301, 32.75354 ], [ -96.90302, 32.75349 ], [ -96.90345, 32.75348 ] ] ] } },
{ "type": "Feature", "properties": { "area_acres": 0.39 }, "geometry": { "type": "Polygon", "coordinates": [ [ [ -96.89552, 32.76152 ], [ -96.89533, 32.76162 ], [ -96.89539, 32.7617 ], [ -96.89506, 32.76187 ], [ -96.89493, 32.76183 ], [ -96.89498, 32.7618 ], [ -96.89482, 32.76157 ], [ -96.89471, 32.76176 ], [ -96.8949, 32.76202 ], [ -96.89497, 32.76198 ], [ -96.89501, 32.76203 ], [ -96.89544, 32.76182 ], [ -96.89541, 32.76177 ], [ -96.89558, 32.76161 ], [ -96.89552, 32.76152 ] ] ] } },
{ "type": "Feature", "properties": { "area_acres": 26.8 }, "geometry": { "type": "Polygon", "coordinates": [ [ [ -96.85211, 32.77032 ], [ -96.84897, 32.77032 ], [ -96.84896, 32.76949 ], [ -96.84998, 32.76932 ], [ -96.85, 32.76749 ], [ -96.84981, 32.76748 ], [ -96.8498, 32.76596 ], [ -96.85211, 32.76598 ], [ -96.85211, 32.77032 ] ] ] } },
{ "type": "Feature", "properties": { "area_acres": 0.47 }, "geometry": { "type": "Polygon", "coordinates": [ [ [ -96.86181, 32.76794 ], [ -96.86156, 32.76793 ], [ -96.86155, 32.76799 ], [ -96.86149, 32.76798 ], [ -96.86146, 32.76842 ], [ -96.86184, 32.76844 ], [ -96.86187, 32.768 ], [ -96.86181, 32.76799 ], [ -96.86181, 32.76794 ] ] ] } },
{ "type": "Feature", "properties": { "area_acres": 0.46 }, "geometry": { "type": "Polygon", "coordinates": [ [ [ -96.89972, 32.77005 ], [ -96.89929, 32.77015 ], [ -96.89927, 32.7701 ], [ -96.89921, 32.77011 ], [ -96.89918, 32.76981 ], [ -96.89962, 32.76972 ], [ -96.89963, 32.76977 ], [ -96.89969, 32.76975 ], [ -96.89977, 32.76999 ], [ -96.8997, 32.77001 ], [ -96.89972, 32.77005 ] ] ] } },
{ "type": "Feature", "properties": { "area_acres": 0.54 }, "geometry": { "type": "Polygon", "coordinates": [ [ [ -96.85125, 32.91221 ], [ -96.8509, 32.91221 ], [ -96.8509, 32.91161 ], [ -96.85125, 32.91161 ], [ -96.85125, 32.91221 ] ] ] } },
{ "type": "Feature", "properties": { "area_acres": 0.3 }, "geometry": { "type": "Polygon", "coordinates": [ [ [ -96.84545, 32.91772 ], [ -96.84503, 32.91768 ], [ -96.84503, 32.91741 ], [ -96.84545, 32.91741 ], [ -96.84545, 32.91772 ] ] ] } },
{ "type": "Feature", "properties": { "area_acres": 0.17 }, "geometry": { "type": "Polygon", "coordinates": [ [ [ -96.82865, 32.82574 ], [ -96.82853, 32.82561 ], [ -96.82825, 32.82591 ], [ -96.82837, 32.82599 ], [ -96.82865, 32.82574 ] ] ] } },
{ "type": "Feature", "properties": { "area_acres": 1.96 }, "geometry": { "type": "Polygon", "coordinates": [ [ [ -96.80391, 32.92613 ], [ -96.80468, 32.92626 ], [ -96.80469, 32.92679 ], [ -96.80393, 32.92679 ], [ -96.80393, 32.9271 ], [ -96.80469, 32.92708 ], [ -96.8047, 32.92725 ], [ -96.8038, 32.92726 ], [ -96.8038, 32.92722 ], [ -96.80373, 32.92721 ], [ -96.80381, 32.92621 ], [ -96.80391, 32.92613 ] ] ] } },
{ "type": "Feature", "properties": { "area_acres": 0.7 }, "geometry": { "type": "Polygon", "coordinates": [ [ [ -96.79202, 32.77582 ], [ -96.79228, 32.7756 ], [ -96.7917, 32.7751 ], [ -96.79144, 32.77531 ], [ -96.79186, 32.77569 ], [ -96.79181, 32.77573 ], [ -96.79192, 32.77582 ], [ -96.79196, 32.77578 ], [ -96.79202, 32.77582 ] ] ] } },
{ "type": "Feature", "properties": { "area_acres": 0.21 }, "geometry": { "type": "Polygon", "coordinates": [ [ [ -96.79014, 32.77612 ], [ -96.78997, 32.77598 ], [ -96.79026, 32.77575 ], [ -96.79045, 32.77587 ], [ -96.79014, 32.77612 ] ] ] } },
{ "type": "Feature", "properties": { "area_acres": 0.16 }, "geometry": { "type": "Polygon", "coordinates": [ [ [ -96.79052, 32.7757 ], [ -96.79023, 32.77546 ], [ -96.79008, 32.77549 ], [ -96.79039, 32.7758 ], [ -96.79052, 32.7757 ] ] ] } },
{ "type": "Feature", "properties": { "area_acres": 0.18 }, "geometry": { "type": "Polygon", "coordinates": [ [ [ -96.78942, 32.77592 ], [ -96.78908, 32.77563 ], [ -96.78895, 32.77573 ], [ -96.78929, 32.77602 ], [ -96.78942, 32.77592 ] ] ] } },
{ "type": "Feature", "properties": { "area_acres": 0.35 }, "geometry": { "type": "Polygon", "coordinates": [ [ [ -96.79446, 32.77741 ], [ -96.79475, 32.77822 ], [ -96.7949, 32.77818 ], [ -96.79462, 32.77737 ], [ -96.79446, 32.77741 ] ] ] } },
{ "type": "Feature", "properties": { "area_acres": 0.39 }, "geometry": { "type": "Polygon", "coordinates": [ [ [ -96.80162, 32.77784 ], [ -96.80156, 32.77761 ], [ -96.80191, 32.77765 ], [ -96.802, 32.77722 ], [ -96.80208, 32.77723 ], [ -96.80219, 32.77761 ], [ -96.80189, 32.77779 ], [ -96.80162, 32.77784 ] ] ] } },
{ "type": "Feature", "properties": { "area_acres": 0.13 }, "geometry": { "type": "Polygon", "coordinates": [ [ [ -96.80569, 32.77912 ], [ -96.80563, 32.7789 ], [ -96.80585, 32.77886 ], [ -96.80591, 32.77908 ], [ -96.80569, 32.77912 ] ] ] } },
{ "type": "Feature", "properties": { "area_acres": 0.38 }, "geometry": { "type": "Polygon", "coordinates": [ [ [ -96.80294, 32.79389 ], [ -96.80291, 32.79386 ], [ -96.80282, 32.79393 ], [ -96.80272, 32.79385 ], [ -96.80282, 32.79376 ], [ -96.80288, 32.79379 ], [ -96.80304, 32.79367 ], [ -96.80299, 32.79361 ], [ -96.80336, 32.79341 ], [ -96.80339, 32.79347 ], [ -96.80363, 32.79337 ], [ -96.80368, 32.79346 ], [ -96.80336, 32.79361 ], [ -96.80294, 32.79389 ] ] ] } },
{ "type": "Feature", "properties": { "area_acres": 0.11 }, "geometry": { "type": "Polygon", "coordinates": [ [ [ -96.80291, 32.79561 ], [ -96.80313, 32.79542 ], [ -96.80301, 32.79532 ], [ -96.80279, 32.79551 ], [ -96.80291, 32.79561 ] ] ] } },
{ "type": "Feature", "properties": { "area_acres": 0.06 }, "geometry": { "type": "Polygon", "coordinates": [ [ [ -96.80374, 32.79572 ], [ -96.80363, 32.79563 ], [ -96.80351, 32.79573 ], [ -96.80362, 32.79582 ], [ -96.80374, 32.79572 ] ] ] } },
{ "type": "Feature", "properties": { "area_acres": 0.11 }, "geometry": { "type": "Polygon", "coordinates": [ [ [ -96.80645, 32.80056 ], [ -96.80623, 32.80074 ], [ -96.80612, 32.80064 ], [ -96.80634, 32.80046 ], [ -96.80645, 32.80056 ] ] ] } },
{ "type": "Feature", "properties": { "area_acres": 0.14 }, "geometry": { "type": "Polygon", "coordinates": [ [ [ -96.79624, 32.78427 ], [ -96.7961, 32.78415 ], [ -96.79633, 32.78395 ], [ -96.79648, 32.78407 ], [ -96.79624, 32.78427 ] ] ] } },
{ "type": "Feature", "properties": { "area_acres": 0.28 }, "geometry": { "type": "Polygon", "coordinates": [ [ [ -96.80338, 32.78261 ], [ -96.80327, 32.78274 ], [ -96.80368, 32.78309 ], [ -96.80377, 32.78297 ], [ -96.80372, 32.78271 ], [ -96.8036, 32.78281 ], [ -96.80338, 32.78261 ] ] ] } },
{ "type": "Feature", "properties": { "area_acres": 0.2 }, "geometry": { "type": "Polygon", "coordinates": [ [ [ -96.80426, 32.78295 ], [ -96.80413, 32.783 ], [ -96.80418, 32.78332 ], [ -96.80426, 32.78331 ], [ -96.80446, 32.78314 ], [ -96.80426, 32.78295 ] ] ] } },
{ "type": "Feature", "properties": { "area_acres": 1.15 }, "geometry": { "type": "Polygon", "coordinates": [ [ [ -96.79351, 32.79188 ], [ -96.79317, 32.79218 ], [ -96.79331, 32.79282 ], [ -96.79341, 32.79293 ], [ -96.79337, 32.79296 ], [ -96.79354, 32.7931 ], [ -96.79366, 32.79301 ], [ -96.79339, 32.79281 ], [ -96.79338, 32.79267 ], [ -96.79344, 32.79268 ], [ -96.79359, 32.79256 ], [ -96.79355, 32.79253 ], [ -96.79373, 32.79237 ], [ -96.79381, 32.79238 ], [ -96.79377, 32.79242 ], [ -96.79398, 32.79259 ], [ -96.79402, 32.79255 ], [ -96.79411, 32.79263 ], [ -96.7942, 32.79255 ], [ -96.79396, 32.79233 ], [ -96.79391, 32.79237 ], [ -96.79382, 32.79229 ], [ -96.79391, 32.79222 ], [ -96.79351, 32.79188 ] ] ] } },
{ "type": "Feature", "properties": { "area_acres": 0.46 }, "geometry": { "type": "Polygon", "coordinates": [ [ [ -96.79846, 32.78474 ], [ -96.79802, 32.78509 ], [ -96.79779, 32.78489 ], [ -96.79822, 32.78453 ], [ -96.79846, 32.78474 ] ] ] } },
{ "type": "Feature", "properties": { "area_acres": 0.24 }, "geometry": { "type": "Polygon", "coordinates": [ [ [ -96.81392, 32.79501 ], [ -96.81407, 32.79549 ], [ -96.81396, 32.79552 ], [ -96.81389, 32.79533 ], [ -96.81383, 32.79535 ], [ -96.81381, 32.79526 ], [ -96.81373, 32.79525 ], [ -96.81368, 32.79513 ], [ -96.81392, 32.79501 ] ] ] } },
{ "type": "Feature", "properties": { "area_acres": 0.52 }, "geometry": { "type": "Polygon", "coordinates": [ [ [ -96.7279, 32.92379 ], [ -96.7279, 32.92331 ], [ -96.72757, 32.9233 ], [ -96.72757, 32.92326 ], [ -96.72751, 32.92326 ], [ -96.72751, 32.92382 ], [ -96.7279, 32.92379 ] ] ] } },
{ "type": "Feature", "properties": { "area_acres": 1.14 }, "geometry": { "type": "Polygon", "coordinates": [ [ [ -96.73267, 32.91239 ], [ -96.73261, 32.91239 ], [ -96.73261, 32.91244 ], [ -96.73214, 32.91244 ], [ -96.73214, 32.91239 ], [ -96.73207, 32.91239 ], [ -96.73208, 32.91171 ], [ -96.73217, 32.91171 ], [ -96.73217, 32.91167 ], [ -96.7326, 32.91167 ], [ -96.7326, 32.91171 ], [ -96.73267, 32.91171 ], [ -96.73267, 32.91239 ] ] ] } },
{ "type": "Feature", "properties": { "area_acres": 2.27 }, "geometry": { "type": "Polygon", "coordinates": [ [ [ -96.73355, 32.91088 ], [ -96.73342, 32.91099 ], [ -96.73342, 32.9118 ], [ -96.73428, 32.91241 ], [ -96.73428, 32.91134 ], [ -96.73355, 32.91088 ] ] ] } },
{ "type": "Feature", "properties": { "area_acres": 0.32 }, "geometry": { "type": "Polygon", "coordinates": [ [ [ -96.73566, 32.91568 ], [ -96.73567, 32.9159 ], [ -96.73572, 32.9159 ], [ -96.73572, 32.91595 ], [ -96.73609, 32.91595 ], [ -96.73614, 32.91591 ], [ -96.73614, 32.91568 ], [ -96.73566, 32.91568 ] ] ] } },
{ "type": "Feature", "properties": { "area_acres": 0.31 }, "geometry": { "type": "Polygon", "coordinates": [ [ [ -96.73756, 32.91621 ], [ -96.73757, 32.91596 ], [ -96.73749, 32.91591 ], [ -96.73719, 32.91591 ], [ -96.73714, 32.91597 ], [ -96.73713, 32.9162 ], [ -96.73756, 32.91621 ] ] ] } },
{ "type": "Feature", "properties": { "area_acres": 3.15 }, "geometry": { "type": "Polygon", "coordinates": [ [ [ -96.74096, 32.91679 ], [ -96.74097, 32.91635 ], [ -96.73935, 32.91636 ], [ -96.73934, 32.9176 ], [ -96.73954, 32.91771 ], [ -96.73986, 32.91804 ], [ -96.74011, 32.91789 ], [ -96.73978, 32.91756 ], [ -96.73977, 32.9168 ], [ -96.74096, 32.91679 ] ] ] } },
{ "type": "Feature", "properties": { "area_acres": 1.06 }, "geometry": { "type": "Polygon", "coordinates": [ [ [ -96.74411, 32.91836 ], [ -96.7433, 32.91807 ], [ -96.74305, 32.9186 ], [ -96.74325, 32.9188 ], [ -96.7439, 32.91856 ], [ -96.74387, 32.9185 ], [ -96.74408, 32.91842 ], [ -96.74411, 32.91836 ] ] ] } },
{ "type": "Feature", "properties": { "area_acres": 1.68 }, "geometry": { "type": "Polygon", "coordinates": [ [ [ -96.74918, 32.92446 ], [ -96.74926, 32.92362 ], [ -96.74873, 32.92357 ], [ -96.74867, 32.92381 ], [ -96.74854, 32.9238 ], [ -96.74818, 32.9244 ], [ -96.74918, 32.92446 ] ] ] } },
{ "type": "Feature", "properties": { "area_acres": 0.13 }, "geometry": { "type": "Polygon", "coordinates": [ [ [ -96.76623, 32.92136 ], [ -96.76604, 32.92136 ], [ -96.76604, 32.92163 ], [ -96.76623, 32.92164 ], [ -96.76623, 32.92136 ] ] ] } },
{ "type": "Feature", "properties": { "area_acres": 0.34 }, "geometry": { "type": "Polygon", "coordinates": [ [ [ -96.76656, 32.9223 ], [ -96.76681, 32.92231 ], [ -96.76682, 32.92183 ], [ -96.76698, 32.92183 ], [ -96.76694, 32.9224 ], [ -96.76683, 32.92245 ], [ -96.76656, 32.92246 ], [ -96.76656, 32.9223 ] ] ] } },
{ "type": "Feature", "properties": { "area_acres": 0.11 }, "geometry": { "type": "Polygon", "coordinates": [ [ [ -96.83861, 32.77766 ], [ -96.83861, 32.77727 ], [ -96.8385, 32.77726 ], [ -96.83849, 32.77758 ], [ -96.83854, 32.77769 ], [ -96.83861, 32.77766 ] ] ] } },
{ "type": "Feature", "properties": { "area_acres": 5.17 }, "geometry": { "type": "Polygon", "coordinates": [ [ [ -96.855, 32.99598 ], [ -96.85423, 32.99601 ], [ -96.85378, 32.99598 ], [ -96.85378, 32.99594 ], [ -96.8531, 32.99595 ], [ -96.8531, 32.9957 ], [ -96.8538, 32.9957 ], [ -96.85379, 32.99511 ], [ -96.85297, 32.99509 ], [ -96.85296, 32.99635 ], [ -96.85365, 32.99635 ], [ -96.85364, 32.99672 ], [ -96.85319, 32.99672 ], [ -96.85319, 32.99683 ], [ -96.85357, 32.99683 ], [ -96.85357, 32.99678 ], [ -96.85384, 32.99679 ], [ -96.85384, 32.99684 ], [ -96.85461, 32.99685 ], [ -96.85461, 32.99679 ], [ -96.8548, 32.9968 ], [ -96.85482, 32.99614 ], [ -96.85516, 32.99614 ], [ -96.85519, 32.99522 ], [ -96.855, 32.99522 ], [ -96.855, 32.99598 ] ] ] } },
{ "type": "Feature", "properties": { "area_acres": 0.44 }, "geometry": { "type": "Polygon", "coordinates": [ [ [ -96.82162, 32.79466 ], [ -96.82185, 32.79499 ], [ -96.82123, 32.79531 ], [ -96.82117, 32.79526 ], [ -96.82162, 32.79466 ] ] ] } },
{ "type": "Feature", "properties": { "area_acres": 0.04 }, "geometry": { "type": "Polygon", "coordinates": [ [ [ -96.82096, 32.79553 ], [ -96.82111, 32.79544 ], [ -96.82117, 32.79551 ], [ -96.82101, 32.7956 ], [ -96.82096, 32.79553 ] ] ] } },
{ "type": "Feature", "properties": { "area_acres": 0.08 }, "geometry": { "type": "Polygon", "coordinates": [ [ [ -96.82075, 32.79599 ], [ -96.82098, 32.79586 ], [ -96.82089, 32.79575 ], [ -96.8207, 32.79593 ], [ -96.82075, 32.79599 ] ] ] } },
{ "type": "Feature", "properties": { "area_acres": 0.31 }, "geometry": { "type": "Polygon", "coordinates": [ [ [ -96.80079, 32.91451 ], [ -96.8006, 32.91451 ], [ -96.80061, 32.91388 ], [ -96.8008, 32.91388 ], [ -96.80079, 32.91451 ] ] ] } },
{ "type": "Feature", "properties": { "area_acres": 1.14 }, "geometry": { "type": "Polygon", "coordinates": [ [ [ -96.80202, 32.91683 ], [ -96.80144, 32.91683 ], [ -96.80144, 32.91606 ], [ -96.80201, 32.91606 ], [ -96.80202, 32.91683 ] ] ] } },
{ "type": "Feature", "properties": { "area_acres": 0.61 }, "geometry": { "type": "Polygon", "coordinates": [ [ [ -96.96885, 32.67241 ], [ -96.96878, 32.67242 ], [ -96.96857, 32.67284 ], [ -96.96851, 32.67282 ], [ -96.96838, 32.67263 ], [ -96.96838, 32.67218 ], [ -96.96884, 32.67215 ], [ -96.96885, 32.67241 ] ] ] } },
{ "type": "Feature", "properties": { "area_acres": 0.17 }, "geometry": { "type": "Polygon", "coordinates": [ [ [ -96.76957, 32.88123 ], [ -96.76943, 32.88105 ], [ -96.76948, 32.88103 ], [ -96.76946, 32.88099 ], [ -96.76941, 32.88101 ], [ -96.76934, 32.88086 ], [ -96.76939, 32.88084 ], [ -96.76936, 32.88079 ], [ -96.76944, 32.88077 ], [ -96.76946, 32.88081 ], [ -96.76951, 32.88079 ], [ -96.76949, 32.88086 ], [ -96.76966, 32.88107 ], [ -96.76957, 32.88123 ] ] ] } },
{ "type": "Feature", "properties": { "area_acres": 2.61 }, "geometry": { "type": "Polygon", "coordinates": [ [ [ -96.98818, 32.93542 ], [ -96.98878, 32.93575 ], [ -96.98796, 32.93684 ], [ -96.98729, 32.93649 ], [ -96.98809, 32.93545 ], [ -96.98814, 32.93547 ], [ -96.98818, 32.93542 ] ] ] } },
{ "type": "Feature", "properties": { "area_acres": 9.35 }, "geometry": { "type": "Polygon", "coordinates": [ [ [ -96.81635, 32.95428 ], [ -96.81692, 32.95429 ], [ -96.81692, 32.95446 ], [ -96.81706, 32.95447 ], [ -96.81706, 32.95477 ], [ -96.81712, 32.95477 ], [ -96.81711, 32.95518 ], [ -96.81779, 32.95519 ], [ -96.8178, 32.95462 ], [ -96.81785, 32.95462 ], [ -96.81785, 32.95444 ], [ -96.81737, 32.95448 ], [ -96.81737, 32.95443 ], [ -96.81713, 32.95443 ], [ -96.81713, 32.95431 ], [ -96.81805, 32.95431 ], [ -96.81813, 32.95441 ], [ -96.8182, 32.95442 ], [ -96.81818, 32.95529 ], [ -96.81795, 32.95531 ], [ -96.81795, 32.95536 ], [ -96.81736, 32.95538 ], [ -96.81726, 32.95548 ], [ -96.81721, 32.95718 ], [ -96.8169, 32.95719 ], [ -96.81682, 32.95735 ], [ -96.81681, 32.9577 ], [ -96.81625, 32.95768 ], [ -96.81625, 32.9576 ], [ -96.81631, 32.9576 ], [ -96.81631, 32.95738 ], [ -96.81626, 32.95738 ], [ -96.81623, 32.95708 ], [ -96.81628, 32.95707 ], [ -96.8162, 32.95631 ], [ -96.81623, 32.95582 ], [ -96.81622, 32.9554 ], [ -96.81617, 32.9554 ], [ -96.81618, 32.95456 ], [ -96.81624, 32.95456 ], [ -96.81621, 32.95442 ], [ -96.81635, 32.95433 ], [ -96.81635, 32.95428 ] ] ] } },
{ "type": "Feature", "properties": { "area_acres": 0.99 }, "geometry": { "type": "Polygon", "coordinates": [ [ [ -96.77422, 32.78663 ], [ -96.77383, 32.78629 ], [ -96.77392, 32.78616 ], [ -96.77494, 32.78643 ], [ -96.7749, 32.78653 ], [ -96.77442, 32.78691 ], [ -96.77416, 32.78669 ], [ -96.77422, 32.78663 ] ] ] } },
{ "type": "Feature", "properties": { "area_acres": 0.14 }, "geometry": { "type": "Polygon", "coordinates": [ [ [ -96.77658, 32.7905 ], [ -96.77653, 32.79053 ], [ -96.77648, 32.79049 ], [ -96.7764, 32.79056 ], [ -96.77616, 32.79036 ], [ -96.77629, 32.79025 ], [ -96.77658, 32.7905 ] ] ] } },
{ "type": "Feature", "properties": { "area_acres": 0.35 }, "geometry": { "type": "Polygon", "coordinates": [ [ [ -96.77647, 32.79064 ], [ -96.77595, 32.79107 ], [ -96.77591, 32.79104 ], [ -96.77587, 32.79107 ], [ -96.77561, 32.79085 ], [ -96.77565, 32.79082 ], [ -96.7756, 32.79077 ], [ -96.77568, 32.79069 ], [ -96.77592, 32.79089 ], [ -96.77608, 32.79076 ], [ -96.77612, 32.7908 ], [ -96.7764, 32.79057 ], [ -96.77647, 32.79064 ] ] ] } },
{ "type": "Feature", "properties": { "area_acres": 0.23 }, "geometry": { "type": "Polygon", "coordinates": [ [ [ -96.77605, 32.79143 ], [ -96.77561, 32.79179 ], [ -96.77549, 32.79169 ], [ -96.77589, 32.79134 ], [ -96.77605, 32.79143 ] ] ] } },
{ "type": "Feature", "properties": { "area_acres": 1.4 }, "geometry": { "type": "Polygon", "coordinates": [ [ [ -96.78404, 32.79281 ], [ -96.784, 32.79284 ], [ -96.78404, 32.79288 ], [ -96.7832, 32.79357 ], [ -96.78315, 32.79352 ], [ -96.78311, 32.79355 ], [ -96.78237, 32.79292 ], [ -96.78242, 32.79288 ], [ -96.78238, 32.79284 ], [ -96.78263, 32.79263 ], [ -96.78282, 32.79279 ], [ -96.78282, 32.79295 ], [ -96.78271, 32.79304 ], [ -96.78318, 32.79343 ], [ -96.78369, 32.79301 ], [ -96.78326, 32.79265 ], [ -96.78336, 32.79256 ], [ -96.7834, 32.79259 ], [ -96.78355, 32.79247 ], [ -96.78363, 32.79254 ], [ -96.78368, 32.7925 ], [ -96.78404, 32.79281 ] ] ] } },
{ "type": "Feature", "properties": { "area_acres": 0.59 }, "geometry": { "type": "Polygon", "coordinates": [ [ [ -96.75771, 32.9899 ], [ -96.75776, 32.99005 ], [ -96.7583, 32.99005 ], [ -96.75844, 32.99018 ], [ -96.75884, 32.99022 ], [ -96.75884, 32.98994 ], [ -96.75872, 32.9899 ], [ -96.75771, 32.9899 ] ] ] } },
{ "type": "Feature", "properties": { "area_acres": 1.52 }, "geometry": { "type": "Polygon", "coordinates": [ [ [ -96.75838, 32.9924 ], [ -96.75838, 32.99224 ], [ -96.758, 32.99224 ], [ -96.758, 32.99213 ], [ -96.75787, 32.99213 ], [ -96.75787, 32.99229 ], [ -96.75709, 32.99228 ], [ -96.75709, 32.99223 ], [ -96.7568, 32.9922 ], [ -96.7568, 32.9918 ], [ -96.75685, 32.99176 ], [ -96.75837, 32.99177 ], [ -96.75837, 32.99161 ], [ -96.75666, 32.99159 ], [ -96.75666, 32.99229 ], [ -96.75682, 32.9924 ], [ -96.75838, 32.9924 ] ] ] } },
{ "type": "Feature", "properties": { "area_acres": 5.4 }, "geometry": { "type": "Polygon", "coordinates": [ [ [ -96.89065, 32.8677 ], [ -96.89196, 32.86768 ], [ -96.892, 32.87011 ], [ -96.89171, 32.87025 ], [ -96.89163, 32.87025 ], [ -96.89163, 32.86897 ], [ -96.89065, 32.86898 ], [ -96.89065, 32.8677 ] ] ] } },
{ "type": "Feature", "properties": { "area_acres": 0.71 }, "geometry": { "type": "Polygon", "coordinates": [ [ [ -96.91323, 32.8699 ], [ -96.91389, 32.8699 ], [ -96.91389, 32.86955 ], [ -96.91329, 32.86938 ], [ -96.91323, 32.8695 ], [ -96.91323, 32.8699 ] ] ] } },
{ "type": "Feature", "properties": { "area_acres": 0.69 }, "geometry": { "type": "Polygon", "coordinates": [ [ [ -96.91241, 32.86968 ], [ -96.91288, 32.86968 ], [ -96.91289, 32.86929 ], [ -96.91299, 32.86929 ], [ -96.91301, 32.87006 ], [ -96.9124, 32.87006 ], [ -96.91241, 32.86968 ] ] ] } },
{ "type": "Feature", "properties": { "area_acres": 0.06 }, "geometry": { "type": "Polygon", "coordinates": [ [ [ -96.79124, 32.77821 ], [ -96.79114, 32.77814 ], [ -96.79101, 32.77824 ], [ -96.79105, 32.77828 ], [ -96.79101, 32.77831 ], [ -96.79106, 32.77836 ], [ -96.79124, 32.77821 ] ] ] } },
{ "type": "Feature", "properties": { "area_acres": 0.28 }, "geometry": { "type": "Polygon", "coordinates": [ [ [ -96.95521, 32.63814 ], [ -96.9548, 32.63852 ], [ -96.95466, 32.63843 ], [ -96.9551, 32.63798 ], [ -96.95521, 32.63807 ], [ -96.95521, 32.63814 ] ] ] } },
{ "type": "Feature", "properties": { "area_acres": 0.42 }, "geometry": { "type": "Polygon", "coordinates": [ [ [ -96.95649, 32.63777 ], [ -96.95737, 32.63793 ], [ -96.9573, 32.63804 ], [ -96.95749, 32.63817 ], [ -96.95762, 32.63836 ], [ -96.95756, 32.6384 ], [ -96.95741, 32.63818 ], [ -96.95724, 32.63807 ], [ -96.95644, 32.63791 ], [ -96.95649, 32.63777 ] ] ] } },
{ "type": "Feature", "properties": { "area_acres": 0.08 }, "geometry": { "type": "Polygon", "coordinates": [ [ [ -96.95805, 32.63819 ], [ -96.95827, 32.63818 ], [ -96.95827, 32.63832 ], [ -96.95806, 32.63833 ], [ -96.95805, 32.63819 ] ] ] } },
{ "type": "Feature", "properties": { "area_acres": 1.78 }, "geometry": { "type": "Polygon", "coordinates": [ [ [ -96.9058, 32.8931 ], [ -96.9055, 32.89307 ], [ -96.90544, 32.89312 ], [ -96.90521, 32.89358 ], [ -96.90489, 32.89392 ], [ -96.90486, 32.89421 ], [ -96.90519, 32.89421 ], [ -96.90519, 32.8941 ], [ -96.9058, 32.89411 ], [ -96.9058, 32.8931 ] ] ] } },
{ "type": "Feature", "properties": { "area_acres": 0.2 }, "geometry": { "type": "Polygon", "coordinates": [ [ [ -96.83789, 32.81276 ], [ -96.83781, 32.81269 ], [ -96.83725, 32.81312 ], [ -96.83729, 32.81321 ], [ -96.83789, 32.81276 ] ] ] } },
{ "type": "Feature", "properties": { "area_acres": 0.74 }, "geometry": { "type": "Polygon", "coordinates": [ [ [ -96.83497, 32.82499 ], [ -96.83461, 32.82532 ], [ -96.83453, 32.82532 ], [ -96.83427, 32.82509 ], [ -96.83453, 32.82485 ], [ -96.83426, 32.82461 ], [ -96.8344, 32.8245 ], [ -96.83497, 32.82499 ] ] ] } },
{ "type": "Feature", "properties": { "area_acres": 0.26 }, "geometry": { "type": "Polygon", "coordinates": [ [ [ -96.83414, 32.82446 ], [ -96.8342, 32.82435 ], [ -96.8338, 32.82402 ], [ -96.83369, 32.82409 ], [ -96.83367, 32.82415 ], [ -96.83407, 32.82448 ], [ -96.8341, 32.82443 ], [ -96.83414, 32.82446 ] ] ] } },
{ "type": "Feature", "properties": { "area_acres": 0.11 }, "geometry": { "type": "Polygon", "coordinates": [ [ [ -96.71457, 32.80281 ], [ -96.71426, 32.80254 ], [ -96.71428, 32.80247 ], [ -96.71434, 32.80246 ], [ -96.7146, 32.8027 ], [ -96.71457, 32.80281 ] ] ] } },
{ "type": "Feature", "properties": { "area_acres": 0.18 }, "geometry": { "type": "Polygon", "coordinates": [ [ [ -96.69759, 32.80426 ], [ -96.69716, 32.80462 ], [ -96.69725, 32.8047 ], [ -96.69769, 32.80434 ], [ -96.69759, 32.80426 ] ] ] } },
{ "type": "Feature", "properties": { "area_acres": 0.14 }, "geometry": { "type": "Polygon", "coordinates": [ [ [ -96.70855, 32.81045 ], [ -96.70837, 32.81032 ], [ -96.70841, 32.81028 ], [ -96.70834, 32.81024 ], [ -96.70844, 32.81014 ], [ -96.70868, 32.81032 ], [ -96.70855, 32.81045 ] ] ] } },
{ "type": "Feature", "properties": { "area_acres": 0.06 }, "geometry": { "type": "Polygon", "coordinates": [ [ [ -96.84775, 32.81299 ], [ -96.84767, 32.81313 ], [ -96.84784, 32.81314 ], [ -96.84785, 32.81298 ], [ -96.84775, 32.81299 ] ] ] } },
{ "type": "Feature", "properties": { "area_acres": 0.53 }, "geometry": { "type": "Polygon", "coordinates": [ [ [ -96.84821, 32.81254 ], [ -96.84725, 32.8123 ], [ -96.84723, 32.81225 ], [ -96.8472, 32.81229 ], [ -96.8471, 32.81228 ], [ -96.84704, 32.81221 ], [ -96.84712, 32.81207 ], [ -96.84826, 32.81238 ], [ -96.84821, 32.81254 ] ] ] } },
{ "type": "Feature", "properties": { "area_acres": 0.9 }, "geometry": { "type": "Polygon", "coordinates": [ [ [ -96.84704, 32.81221 ], [ -96.84675, 32.81204 ], [ -96.84476, 32.81133 ], [ -96.84483, 32.8112 ], [ -96.84714, 32.81204 ], [ -96.84704, 32.81221 ] ] ] } },
{ "type": "Feature", "properties": { "area_acres": 0.2 }, "geometry": { "type": "Polygon", "coordinates": [ [ [ -96.84633, 32.81216 ], [ -96.84624, 32.81218 ], [ -96.84573, 32.812 ], [ -96.84576, 32.81196 ], [ -96.84569, 32.81193 ], [ -96.84573, 32.81186 ], [ -96.84586, 32.81194 ], [ -96.84588, 32.8119 ], [ -96.84631, 32.81205 ], [ -96.84633, 32.81216 ] ] ] } },
{ "type": "Feature", "properties": { "area_acres": 0.31 }, "geometry": { "type": "Polygon", "coordinates": [ [ [ -96.84683, 32.81342 ], [ -96.84671, 32.81365 ], [ -96.84677, 32.81368 ], [ -96.84668, 32.81372 ], [ -96.84665, 32.81368 ], [ -96.84634, 32.81381 ], [ -96.84647, 32.81394 ], [ -96.84688, 32.81376 ], [ -96.84701, 32.81348 ], [ -96.84683, 32.81342 ] ] ] } },
{ "type": "Feature", "properties": { "area_acres": 0.2 }, "geometry": { "type": "Polygon", "coordinates": [ [ [ -96.84649, 32.81312 ], [ -96.84645, 32.81323 ], [ -96.84658, 32.81327 ], [ -96.84656, 32.81331 ], [ -96.84695, 32.81344 ], [ -96.84701, 32.8133 ], [ -96.84649, 32.81312 ] ] ] } },
{ "type": "Feature", "properties": { "area_acres": 0.15 }, "geometry": { "type": "Polygon", "coordinates": [ [ [ -96.84639, 32.81309 ], [ -96.84635, 32.81319 ], [ -96.84582, 32.81301 ], [ -96.84589, 32.81292 ], [ -96.84639, 32.81309 ] ] ] } },
{ "type": "Feature", "properties": { "area_acres": 0.19 }, "geometry": { "type": "Polygon", "coordinates": [ [ [ -96.78831, 32.78851 ], [ -96.7881, 32.78857 ], [ -96.78787, 32.78837 ], [ -96.78791, 32.78833 ], [ -96.78786, 32.78829 ], [ -96.78796, 32.78821 ], [ -96.78831, 32.78851 ] ] ] } },
{ "type": "Feature", "properties": { "area_acres": 0.53 }, "geometry": { "type": "Polygon", "coordinates": [ [ [ -96.94034, 32.96614 ], [ -96.93996, 32.96615 ], [ -96.93996, 32.96667 ], [ -96.94034, 32.96667 ], [ -96.94034, 32.96614 ] ] ] } },
{ "type": "Feature", "properties": { "area_acres": 2.65 }, "geometry": { "type": "Polygon", "coordinates": [ [ [ -96.82316, 32.76244 ], [ -96.82411, 32.76245 ], [ -96.82448, 32.76299 ], [ -96.82353, 32.76344 ], [ -96.82352, 32.76349 ], [ -96.82321, 32.76349 ], [ -96.82321, 32.76343 ], [ -96.82315, 32.76343 ], [ -96.82316, 32.76244 ] ] ] } },
{ "type": "Feature", "properties": { "area_acres": 0.74 }, "geometry": { "type": "Polygon", "coordinates": [ [ [ -96.826, 32.75971 ], [ -96.82671, 32.75972 ], [ -96.8267, 32.76013 ], [ -96.82633, 32.76013 ], [ -96.82628, 32.76017 ], [ -96.82586, 32.75984 ], [ -96.826, 32.75971 ] ] ] } },
{ "type": "Feature", "properties": { "area_acres": 0.28 }, "geometry": { "type": "Polygon", "coordinates": [ [ [ -96.82671, 32.75972 ], [ -96.82671, 32.75957 ], [ -96.826, 32.75956 ], [ -96.826, 32.75971 ], [ -96.82671, 32.75972 ] ] ] } },
{ "type": "Feature", "properties": { "area_acres": 0.77 }, "geometry": { "type": "Polygon", "coordinates": [ [ [ -96.82355, 32.75802 ], [ -96.82415, 32.7581 ], [ -96.82416, 32.75849 ], [ -96.82401, 32.75849 ], [ -96.82401, 32.75855 ], [ -96.82365, 32.75852 ], [ -96.82365, 32.75873 ], [ -96.82354, 32.75869 ], [ -96.82355, 32.75802 ] ] ] } },
{ "type": "Feature", "properties": { "area_acres": 0.1 }, "geometry": { "type": "Polygon", "coordinates": [ [ [ -96.78994, 32.7678 ], [ -96.78976, 32.76794 ], [ -96.78963, 32.76783 ], [ -96.78981, 32.76769 ], [ -96.78994, 32.7678 ] ] ] } },
{ "type": "Feature", "properties": { "area_acres": 0.48 }, "geometry": { "type": "Polygon", "coordinates": [ [ [ -96.77298, 32.91398 ], [ -96.77334, 32.91368 ], [ -96.77338, 32.91371 ], [ -96.77353, 32.91368 ], [ -96.77369, 32.9138 ], [ -96.77323, 32.91421 ], [ -96.77298, 32.91398 ] ] ] } },
{ "type": "Feature", "properties": { "area_acres": 0.5 }, "geometry": { "type": "Polygon", "coordinates": [ [ [ -96.80702, 32.78593 ], [ -96.80688, 32.78607 ], [ -96.80694, 32.78614 ], [ -96.8069, 32.78617 ], [ -96.80739, 32.78663 ], [ -96.80758, 32.78644 ], [ -96.80702, 32.78593 ] ] ] } },
{ "type": "Feature", "properties": { "area_acres": 0.14 }, "geometry": { "type": "Polygon", "coordinates": [ [ [ -96.89923, 32.89468 ], [ -96.89903, 32.8947 ], [ -96.89902, 32.89443 ], [ -96.89923, 32.89441 ], [ -96.89923, 32.89468 ] ] ] } },
{ "type": "Feature", "properties": { "area_acres": 0.23 }, "geometry": { "type": "Polygon", "coordinates": [ [ [ -96.71838, 32.8444 ], [ -96.71824, 32.84468 ], [ -96.71796, 32.84458 ], [ -96.71799, 32.84453 ], [ -96.71789, 32.84449 ], [ -96.71796, 32.84436 ], [ -96.7182, 32.84444 ], [ -96.71825, 32.84435 ], [ -96.71838, 32.8444 ] ] ] } },
{ "type": "Feature", "properties": { "area_acres": 0.15 }, "geometry": { "type": "Polygon", "coordinates": [ [ [ -96.71711, 32.8461 ], [ -96.71747, 32.84619 ], [ -96.71752, 32.84604 ], [ -96.71717, 32.84594 ], [ -96.71711, 32.8461 ] ] ] } },
{ "type": "Feature", "properties": { "area_acres": 0.18 }, "geometry": { "type": "Polygon", "coordinates": [ [ [ -96.7166, 32.84798 ], [ -96.71689, 32.84801 ], [ -96.71692, 32.84776 ], [ -96.71663, 32.84774 ], [ -96.7166, 32.84798 ] ] ] } },
{ "type": "Feature", "properties": { "area_acres": 0.06 }, "geometry": { "type": "Polygon", "coordinates": [ [ [ -96.71718, 32.84923 ], [ -96.71699, 32.84932 ], [ -96.71692, 32.84923 ], [ -96.71712, 32.84915 ], [ -96.71718, 32.84923 ] ] ] } },
{ "type": "Feature", "properties": { "area_acres": 0.24 }, "geometry": { "type": "Polygon", "coordinates": [ [ [ -96.72205, 32.85239 ], [ -96.72235, 32.85244 ], [ -96.72252, 32.85195 ], [ -96.72235, 32.85191 ], [ -96.72229, 32.85201 ], [ -96.72234, 32.85204 ], [ -96.72231, 32.85217 ], [ -96.72222, 32.85229 ], [ -96.72214, 32.85226 ], [ -96.72205, 32.85239 ] ] ] } },
{ "type": "Feature", "properties": { "area_acres": 0.14 }, "geometry": { "type": "Polygon", "coordinates": [ [ [ -96.77534, 32.84104 ], [ -96.77536, 32.841 ], [ -96.77435, 32.84061 ], [ -96.77432, 32.84066 ], [ -96.77534, 32.84104 ] ] ] } },
{ "type": "Feature", "properties": { "area_acres": 0.13 }, "geometry": { "type": "Polygon", "coordinates": [ [ [ -96.7752, 32.84112 ], [ -96.77522, 32.84108 ], [ -96.77429, 32.84072 ], [ -96.77427, 32.84077 ], [ -96.7752, 32.84112 ] ] ] } },
{ "type": "Feature", "properties": { "area_acres": 0.13 }, "geometry": { "type": "Polygon", "coordinates": [ [ [ -96.77516, 32.84119 ], [ -96.77518, 32.84115 ], [ -96.77426, 32.84079 ], [ -96.77423, 32.84084 ], [ -96.77516, 32.84119 ] ] ] } },
{ "type": "Feature", "properties": { "area_acres": 0.48 }, "geometry": { "type": "Polygon", "coordinates": [ [ [ -96.71986, 32.76661 ], [ -96.7194, 32.76675 ], [ -96.7195, 32.76619 ], [ -96.71963, 32.76626 ], [ -96.71991, 32.7663 ], [ -96.71986, 32.76661 ] ] ] } },
{ "type": "Feature", "properties": { "area_acres": 0.28 }, "geometry": { "type": "Polygon", "coordinates": [ [ [ -96.78698, 32.77312 ], [ -96.78682, 32.77302 ], [ -96.78727, 32.77264 ], [ -96.78742, 32.77277 ], [ -96.78698, 32.77312 ] ] ] } },
{ "type": "Feature", "properties": { "area_acres": 0.18 }, "geometry": { "type": "Polygon", "coordinates": [ [ [ -96.89628, 32.90268 ], [ -96.89601, 32.90268 ], [ -96.89598, 32.90304 ], [ -96.89615, 32.90304 ], [ -96.89615, 32.90278 ], [ -96.89628, 32.90278 ], [ -96.89628, 32.90268 ] ] ] } },
{ "type": "Feature", "properties": { "area_acres": 0.18 }, "geometry": { "type": "Polygon", "coordinates": [ [ [ -96.89619, 32.90316 ], [ -96.89598, 32.90316 ], [ -96.89599, 32.90358 ], [ -96.89625, 32.90357 ], [ -96.89625, 32.9035 ], [ -96.89611, 32.9035 ], [ -96.89611, 32.90324 ], [ -96.89619, 32.90323 ], [ -96.89619, 32.90316 ] ] ] } },
{ "type": "Feature", "properties": { "area_acres": 0.19 }, "geometry": { "type": "Polygon", "coordinates": [ [ [ -96.89884, 32.90052 ], [ -96.89933, 32.90053 ], [ -96.89933, 32.90068 ], [ -96.89885, 32.90068 ], [ -96.89884, 32.90052 ] ] ] } },
{ "type": "Feature", "properties": { "area_acres": 0.85 }, "geometry": { "type": "Polygon", "coordinates": [ [ [ -96.89965, 32.90052 ], [ -96.90044, 32.90052 ], [ -96.90043, 32.90129 ], [ -96.90016, 32.90129 ], [ -96.90016, 32.90076 ], [ -96.89965, 32.90075 ], [ -96.89965, 32.90052 ] ] ] } },
{ "type": "Feature", "properties": { "area_acres": 1.42 }, "geometry": { "type": "Polygon", "coordinates": [ [ [ -96.8314, 32.81369 ], [ -96.83042, 32.81452 ], [ -96.8301, 32.81425 ], [ -96.83105, 32.8134 ], [ -96.8314, 32.81369 ] ] ] } },
{ "type": "Feature", "properties": { "area_acres": 0.69 }, "geometry": { "type": "Polygon", "coordinates": [ [ [ -96.79486, 32.70651 ], [ -96.79482, 32.70644 ], [ -96.79437, 32.70664 ], [ -96.79421, 32.70642 ], [ -96.79412, 32.70646 ], [ -96.79407, 32.70639 ], [ -96.7944, 32.70624 ], [ -96.79445, 32.70632 ], [ -96.79456, 32.70626 ], [ -96.79447, 32.70613 ], [ -96.79377, 32.70646 ], [ -96.79406, 32.70688 ], [ -96.79486, 32.70651 ] ] ] } },
{ "type": "Feature", "properties": { "area_acres": 0.29 }, "geometry": { "type": "Polygon", "coordinates": [ [ [ -96.79644, 32.70518 ], [ -96.79645, 32.70512 ], [ -96.79625, 32.70482 ], [ -96.79614, 32.70488 ], [ -96.79626, 32.70506 ], [ -96.79601, 32.70519 ], [ -96.79604, 32.70524 ], [ -96.79596, 32.70528 ], [ -96.79603, 32.70538 ], [ -96.79644, 32.70518 ] ] ] } },
{ "type": "Feature", "properties": { "area_acres": 0.18 }, "geometry": { "type": "Polygon", "coordinates": [ [ [ -96.79635, 32.70581 ], [ -96.79648, 32.70575 ], [ -96.79619, 32.70533 ], [ -96.79607, 32.70539 ], [ -96.79635, 32.70581 ] ] ] } },
{ "type": "Feature", "properties": { "area_acres": 0.1 }, "geometry": { "type": "Polygon", "coordinates": [ [ [ -96.79702, 32.70628 ], [ -96.79685, 32.70603 ], [ -96.79672, 32.70605 ], [ -96.79691, 32.70633 ], [ -96.79702, 32.70628 ] ] ] } },
{ "type": "Feature", "properties": { "area_acres": 0.04 }, "geometry": { "type": "Polygon", "coordinates": [ [ [ -96.79679, 32.70638 ], [ -96.79667, 32.70619 ], [ -96.7966, 32.70621 ], [ -96.79672, 32.70641 ], [ -96.79679, 32.70638 ] ] ] } },
{ "type": "Feature", "properties": { "area_acres": 0.13 }, "geometry": { "type": "Polygon", "coordinates": [ [ [ -96.79881, 32.70477 ], [ -96.79901, 32.70467 ], [ -96.79884, 32.70441 ], [ -96.79875, 32.70446 ], [ -96.79883, 32.7046 ], [ -96.79873, 32.70465 ], [ -96.79881, 32.70477 ] ] ] } },
{ "type": "Feature", "properties": { "area_acres": 0.11 }, "geometry": { "type": "Polygon", "coordinates": [ [ [ -96.7988, 32.70432 ], [ -96.79863, 32.70405 ], [ -96.79874, 32.70399 ], [ -96.79893, 32.70427 ], [ -96.7988, 32.70432 ] ] ] } },
{ "type": "Feature", "properties": { "area_acres": 0.35 }, "geometry": { "type": "Polygon", "coordinates": [ [ [ -96.79824, 32.7031 ], [ -96.79803, 32.70279 ], [ -96.79769, 32.70292 ], [ -96.79791, 32.70324 ], [ -96.79824, 32.7031 ] ] ] } },
{ "type": "Feature", "properties": { "area_acres": 0.37 }, "geometry": { "type": "Polygon", "coordinates": [ [ [ -96.79824, 32.70512 ], [ -96.79808, 32.70488 ], [ -96.79835, 32.70475 ], [ -96.79852, 32.70499 ], [ -96.79862, 32.70493 ], [ -96.79841, 32.70463 ], [ -96.79786, 32.70488 ], [ -96.79807, 32.70521 ], [ -96.79824, 32.70512 ] ] ] } },
{ "type": "Feature", "properties": { "area_acres": 0.22 }, "geometry": { "type": "Polygon", "coordinates": [ [ [ -96.79956, 32.70543 ], [ -96.79969, 32.70537 ], [ -96.79933, 32.70485 ], [ -96.79922, 32.70491 ], [ -96.79956, 32.70543 ] ] ] } },
{ "type": "Feature", "properties": { "area_acres": 0.08 }, "geometry": { "type": "Polygon", "coordinates": [ [ [ -96.79919, 32.70519 ], [ -96.79905, 32.70499 ], [ -96.79894, 32.70504 ], [ -96.79907, 32.70525 ], [ -96.79919, 32.70519 ] ] ] } },
{ "type": "Feature", "properties": { "area_acres": 0.29 }, "geometry": { "type": "Polygon", "coordinates": [ [ [ -96.80014, 32.7046 ], [ -96.80005, 32.70446 ], [ -96.7997, 32.70462 ], [ -96.79997, 32.70509 ], [ -96.80008, 32.70504 ], [ -96.79987, 32.70473 ], [ -96.80014, 32.7046 ] ] ] } },
{ "type": "Feature", "properties": { "area_acres": 0.15 }, "geometry": { "type": "Polygon", "coordinates": [ [ [ -96.80151, 32.7055 ], [ -96.80136, 32.70557 ], [ -96.80112, 32.70524 ], [ -96.80124, 32.70518 ], [ -96.80151, 32.7055 ] ] ] } },
{ "type": "Feature", "properties": { "area_acres": 0.14 }, "geometry": { "type": "Polygon", "coordinates": [ [ [ -96.80154, 32.70672 ], [ -96.80147, 32.70661 ], [ -96.80129, 32.7067 ], [ -96.80123, 32.70662 ], [ -96.80111, 32.70667 ], [ -96.80124, 32.70686 ], [ -96.80154, 32.70672 ] ] ] } },
{ "type": "Feature", "properties": { "area_acres": 0.13 }, "geometry": { "type": "Polygon", "coordinates": [ [ [ -96.80166, 32.70662 ], [ -96.80146, 32.70631 ], [ -96.80133, 32.70637 ], [ -96.80153, 32.70668 ], [ -96.80166, 32.70662 ] ] ] } },
{ "type": "Feature", "properties": { "area_acres": 0.53 }, "geometry": { "type": "Polygon", "coordinates": [ [ [ -96.80283, 32.70789 ], [ -96.80218, 32.7082 ], [ -96.80213, 32.70814 ], [ -96.80207, 32.70816 ], [ -96.80194, 32.70791 ], [ -96.80227, 32.70775 ], [ -96.80238, 32.70791 ], [ -96.80277, 32.70772 ], [ -96.80283, 32.70789 ] ] ] } },
{ "type": "Feature", "properties": { "area_acres": 0.09 }, "geometry": { "type": "Polygon", "coordinates": [ [ [ -96.8026, 32.7072 ], [ -96.80254, 32.70712 ], [ -96.80221, 32.70726 ], [ -96.80227, 32.70734 ], [ -96.8026, 32.7072 ] ] ] } },
{ "type": "Feature", "properties": { "area_acres": 0.24 }, "geometry": { "type": "Polygon", "coordinates": [ [ [ -96.80184, 32.70771 ], [ -96.80201, 32.70762 ], [ -96.80187, 32.70741 ], [ -96.80198, 32.70734 ], [ -96.80223, 32.70771 ], [ -96.80194, 32.70786 ], [ -96.80184, 32.70771 ] ] ] } },
{ "type": "Feature", "properties": { "area_acres": 0.03 }, "geometry": { "type": "Polygon", "coordinates": [ [ [ -96.79981, 32.70687 ], [ -96.79975, 32.70677 ], [ -96.79965, 32.70681 ], [ -96.79973, 32.70691 ], [ -96.79981, 32.70687 ] ] ] } },
{ "type": "Feature", "properties": { "area_acres": 0.4 }, "geometry": { "type": "Polygon", "coordinates": [ [ [ -96.80047, 32.70726 ], [ -96.80037, 32.70711 ], [ -96.80011, 32.70724 ], [ -96.80017, 32.70731 ], [ -96.79957, 32.7076 ], [ -96.7993, 32.70722 ], [ -96.79921, 32.70726 ], [ -96.79949, 32.70767 ], [ -96.79954, 32.70765 ], [ -96.79957, 32.70769 ], [ -96.80047, 32.70726 ] ] ] } },
{ "type": "Feature", "properties": { "area_acres": 0.57 }, "geometry": { "type": "Polygon", "coordinates": [ [ [ -96.80083, 32.70708 ], [ -96.80058, 32.7072 ], [ -96.80045, 32.70702 ], [ -96.80039, 32.70705 ], [ -96.80028, 32.70691 ], [ -96.80038, 32.70686 ], [ -96.80023, 32.70664 ], [ -96.80014, 32.70669 ], [ -96.80002, 32.7065 ], [ -96.80035, 32.70635 ], [ -96.80046, 32.70652 ], [ -96.80038, 32.70656 ], [ -96.80071, 32.70704 ], [ -96.80078, 32.707 ], [ -96.80083, 32.70708 ] ] ] } },
{ "type": "Feature", "properties": { "area_acres": 0.39 }, "geometry": { "type": "Polygon", "coordinates": [ [ [ -96.79527, 32.70321 ], [ -96.7952, 32.70311 ], [ -96.79469, 32.70335 ], [ -96.79487, 32.70361 ], [ -96.79528, 32.70336 ], [ -96.7952, 32.70325 ], [ -96.79527, 32.70321 ] ] ] } },
{ "type": "Feature", "properties": { "area_acres": 0.26 }, "geometry": { "type": "Polygon", "coordinates": [ [ [ -96.79556, 32.70374 ], [ -96.7954, 32.70351 ], [ -96.79509, 32.70365 ], [ -96.79525, 32.7039 ], [ -96.79556, 32.70374 ] ] ] } },
{ "type": "Feature", "properties": { "area_acres": 0.27 }, "geometry": { "type": "Polygon", "coordinates": [ [ [ -96.80032, 32.70412 ], [ -96.8001, 32.70379 ], [ -96.79999, 32.70385 ], [ -96.80008, 32.70398 ], [ -96.79986, 32.70408 ], [ -96.79999, 32.70428 ], [ -96.80032, 32.70412 ] ] ] } },
{ "type": "Feature", "properties": { "area_acres": 0.11 }, "geometry": { "type": "Polygon", "coordinates": [ [ [ -96.80051, 32.70403 ], [ -96.80062, 32.70397 ], [ -96.80035, 32.7036 ], [ -96.80029, 32.70363 ], [ -96.80051, 32.70403 ] ] ] } },
{ "type": "Feature", "properties": { "area_acres": 0.09 }, "geometry": { "type": "Polygon", "coordinates": [ [ [ -96.8003, 32.70533 ], [ -96.8002, 32.70515 ], [ -96.8001, 32.70515 ], [ -96.80006, 32.70525 ], [ -96.80018, 32.70543 ], [ -96.80022, 32.70531 ], [ -96.8003, 32.70533 ] ] ] } },
{ "type": "Feature", "properties": { "area_acres": 0.11 }, "geometry": { "type": "Polygon", "coordinates": [ [ [ -96.80075, 32.70555 ], [ -96.8007, 32.70548 ], [ -96.8006, 32.70553 ], [ -96.80055, 32.70545 ], [ -96.80035, 32.70555 ], [ -96.80041, 32.70563 ], [ -96.80049, 32.70559 ], [ -96.80054, 32.70566 ], [ -96.80075, 32.70555 ] ] ] } },
{ "type": "Feature", "properties": { "area_acres": 0.12 }, "geometry": { "type": "Polygon", "coordinates": [ [ [ -96.80075, 32.7059 ], [ -96.80064, 32.70574 ], [ -96.80055, 32.70578 ], [ -96.80049, 32.7057 ], [ -96.8004, 32.70575 ], [ -96.80057, 32.70598 ], [ -96.80075, 32.7059 ] ] ] } },
{ "type": "Feature", "properties": { "area_acres": 0.19 }, "geometry": { "type": "Polygon", "coordinates": [ [ [ -96.80118, 32.70627 ], [ -96.80111, 32.70617 ], [ -96.80093, 32.70624 ], [ -96.80083, 32.70609 ], [ -96.80068, 32.70616 ], [ -96.80085, 32.70641 ], [ -96.80118, 32.70627 ] ] ] } },
{ "type": "Feature", "properties": { "area_acres": 0.08 }, "geometry": { "type": "Polygon", "coordinates": [ [ [ -96.80169, 32.70728 ], [ -96.8016, 32.70714 ], [ -96.80142, 32.70723 ], [ -96.80151, 32.70737 ], [ -96.80169, 32.70728 ] ] ] } },
{ "type": "Feature", "properties": { "area_acres": 0.08 }, "geometry": { "type": "Polygon", "coordinates": [ [ [ -96.80156, 32.70697 ], [ -96.80137, 32.70706 ], [ -96.80128, 32.70693 ], [ -96.80148, 32.70684 ], [ -96.80156, 32.70697 ] ] ] } },
{ "type": "Feature", "properties": { "area_acres": 0.12 }, "geometry": { "type": "Polygon", "coordinates": [ [ [ -96.79676, 32.70382 ], [ -96.79667, 32.70369 ], [ -96.79641, 32.7038 ], [ -96.7965, 32.70394 ], [ -96.79676, 32.70382 ] ] ] } },
{ "type": "Feature", "properties": { "area_acres": 0.22 }, "geometry": { "type": "Polygon", "coordinates": [ [ [ -96.7988, 32.70305 ], [ -96.79854, 32.70266 ], [ -96.79837, 32.70274 ], [ -96.79863, 32.70313 ], [ -96.7988, 32.70305 ] ] ] } },
{ "type": "Feature", "properties": { "area_acres": 0.12 }, "geometry": { "type": "Polygon", "coordinates": [ [ [ -96.79947, 32.70256 ], [ -96.79933, 32.70262 ], [ -96.79916, 32.70237 ], [ -96.7993, 32.70231 ], [ -96.79947, 32.70256 ] ] ] } },
{ "type": "Feature", "properties": { "area_acres": 0.12 }, "geometry": { "type": "Polygon", "coordinates": [ [ [ -96.79972, 32.70244 ], [ -96.79958, 32.70251 ], [ -96.79941, 32.70226 ], [ -96.79955, 32.70219 ], [ -96.79972, 32.70244 ] ] ] } },
{ "type": "Feature", "properties": { "area_acres": 0.13 }, "geometry": { "type": "Polygon", "coordinates": [ [ [ -96.80528, 32.70019 ], [ -96.80508, 32.69986 ], [ -96.80496, 32.69991 ], [ -96.80516, 32.70024 ], [ -96.80528, 32.70019 ] ] ] } },
{ "type": "Feature", "properties": { "area_acres": 0.22 }, "geometry": { "type": "Polygon", "coordinates": [ [ [ -96.80702, 32.69965 ], [ -96.80729, 32.69953 ], [ -96.80707, 32.69918 ], [ -96.8069, 32.69929 ], [ -96.80707, 32.69956 ], [ -96.80699, 32.69959 ], [ -96.80702, 32.69965 ] ] ] } },
{ "type": "Feature", "properties": { "area_acres": 0.32 }, "geometry": { "type": "Polygon", "coordinates": [ [ [ -96.80656, 32.70081 ], [ -96.80646, 32.70064 ], [ -96.80631, 32.7007 ], [ -96.80606, 32.70028 ], [ -96.80594, 32.70033 ], [ -96.80629, 32.70092 ], [ -96.80656, 32.70081 ] ] ] } },
{ "type": "Feature", "properties": { "area_acres": 0.28 }, "geometry": { "type": "Polygon", "coordinates": [ [ [ -96.80652, 32.70113 ], [ -96.80646, 32.70093 ], [ -96.80633, 32.70098 ], [ -96.8063, 32.70094 ], [ -96.80601, 32.70107 ], [ -96.80617, 32.70129 ], [ -96.80652, 32.70113 ] ] ] } },
{ "type": "Feature", "properties": { "area_acres": 0.08 }, "geometry": { "type": "Polygon", "coordinates": [ [ [ -96.7991, 32.70344 ], [ -96.79902, 32.70332 ], [ -96.79883, 32.70341 ], [ -96.79891, 32.70353 ], [ -96.7991, 32.70344 ] ] ] } },
{ "type": "Feature", "properties": { "area_acres": 0.27 }, "geometry": { "type": "Polygon", "coordinates": [ [ [ -96.78416, 32.71088 ], [ -96.78409, 32.71078 ], [ -96.78374, 32.71093 ], [ -96.78394, 32.71124 ], [ -96.7843, 32.71106 ], [ -96.78424, 32.71098 ], [ -96.78401, 32.71109 ], [ -96.78394, 32.71098 ], [ -96.78416, 32.71088 ] ] ] } },
{ "type": "Feature", "properties": { "area_acres": 0.1 }, "geometry": { "type": "Polygon", "coordinates": [ [ [ -96.78362, 32.71135 ], [ -96.78372, 32.7113 ], [ -96.78355, 32.71103 ], [ -96.78344, 32.71108 ], [ -96.78362, 32.71135 ] ] ] } },
{ "type": "Feature", "properties": { "area_acres": 0.22 }, "geometry": { "type": "Polygon", "coordinates": [ [ [ -96.78294, 32.71118 ], [ -96.78329, 32.71107 ], [ -96.78333, 32.71111 ], [ -96.78354, 32.71102 ], [ -96.78345, 32.71089 ], [ -96.78317, 32.71102 ], [ -96.78313, 32.71096 ], [ -96.78286, 32.71105 ], [ -96.78294, 32.71118 ] ] ] } },
{ "type": "Feature", "properties": { "area_acres": 0.2 }, "geometry": { "type": "Polygon", "coordinates": [ [ [ -96.78445, 32.71145 ], [ -96.7843, 32.71121 ], [ -96.78402, 32.71133 ], [ -96.78414, 32.71151 ], [ -96.78432, 32.71152 ], [ -96.78445, 32.71145 ] ] ] } },
{ "type": "Feature", "properties": { "area_acres": 0.13 }, "geometry": { "type": "Polygon", "coordinates": [ [ [ -96.78844, 32.71018 ], [ -96.78826, 32.7099 ], [ -96.7881, 32.70997 ], [ -96.78823, 32.71018 ], [ -96.78831, 32.71014 ], [ -96.78837, 32.71021 ], [ -96.78844, 32.71018 ] ] ] } },
{ "type": "Feature", "properties": { "area_acres": 0.41 }, "geometry": { "type": "Polygon", "coordinates": [ [ [ -96.79166, 32.70803 ], [ -96.7918, 32.70796 ], [ -96.79176, 32.7079 ], [ -96.7919, 32.70784 ], [ -96.79194, 32.7079 ], [ -96.79205, 32.70784 ], [ -96.7918, 32.70748 ], [ -96.7915, 32.70763 ], [ -96.7916, 32.70776 ], [ -96.79151, 32.70781 ], [ -96.79166, 32.70803 ] ] ] } },
{ "type": "Feature", "properties": { "area_acres": 1.24 }, "geometry": { "type": "Polygon", "coordinates": [ [ [ -96.78337, 32.71196 ], [ -96.78345, 32.71211 ], [ -96.78381, 32.71204 ], [ -96.7845, 32.71307 ], [ -96.78481, 32.71293 ], [ -96.7846, 32.71262 ], [ -96.78453, 32.71265 ], [ -96.78446, 32.71254 ], [ -96.78454, 32.71251 ], [ -96.78415, 32.71194 ], [ -96.78397, 32.71198 ], [ -96.78381, 32.71186 ], [ -96.78337, 32.71196 ] ] ] } },
{ "type": "Feature", "properties": { "area_acres": 0.26 }, "geometry": { "type": "Polygon", "coordinates": [ [ [ -96.77653, 32.71789 ], [ -96.77665, 32.71772 ], [ -96.77619, 32.7175 ], [ -96.77608, 32.71767 ], [ -96.77653, 32.71789 ] ] ] } },
{ "type": "Feature", "properties": { "area_acres": 0.19 }, "geometry": { "type": "Polygon", "coordinates": [ [ [ -96.77721, 32.71853 ], [ -96.77708, 32.7182 ], [ -96.77687, 32.71824 ], [ -96.77701, 32.71857 ], [ -96.77721, 32.71853 ] ] ] } },
{ "type": "Feature", "properties": { "area_acres": 0.16 }, "geometry": { "type": "Polygon", "coordinates": [ [ [ -96.77702, 32.71865 ], [ -96.77651, 32.71901 ], [ -96.77658, 32.71908 ], [ -96.7771, 32.71873 ], [ -96.77702, 32.71865 ] ] ] } },
{ "type": "Feature", "properties": { "area_acres": 0.1 }, "geometry": { "type": "Polygon", "coordinates": [ [ [ -96.77642, 32.71905 ], [ -96.77599, 32.71895 ], [ -96.77597, 32.71904 ], [ -96.77639, 32.71913 ], [ -96.77642, 32.71905 ] ] ] } },
{ "type": "Feature", "properties": { "area_acres": 0.14 }, "geometry": { "type": "Polygon", "coordinates": [ [ [ -96.7763, 32.7192 ], [ -96.77633, 32.71912 ], [ -96.77572, 32.71898 ], [ -96.77569, 32.71906 ], [ -96.7763, 32.7192 ] ] ] } },
{ "type": "Feature", "properties": { "area_acres": 0.07 }, "geometry": { "type": "Polygon", "coordinates": [ [ [ -96.77558, 32.71822 ], [ -96.77565, 32.71798 ], [ -96.77554, 32.71795 ], [ -96.77547, 32.71819 ], [ -96.77558, 32.71822 ] ] ] } },
{ "type": "Feature", "properties": { "area_acres": 0.2 }, "geometry": { "type": "Polygon", "coordinates": [ [ [ -96.77546, 32.71621 ], [ -96.77547, 32.71614 ], [ -96.77538, 32.71606 ], [ -96.77513, 32.71607 ], [ -96.77502, 32.71596 ], [ -96.77481, 32.71603 ], [ -96.77483, 32.7161 ], [ -96.77493, 32.71609 ], [ -96.77498, 32.71616 ], [ -96.77546, 32.71621 ] ] ] } },
{ "type": "Feature", "properties": { "area_acres": 0.18 }, "geometry": { "type": "Polygon", "coordinates": [ [ [ -96.77654, 32.716 ], [ -96.77645, 32.71584 ], [ -96.77614, 32.71596 ], [ -96.77627, 32.71617 ], [ -96.77646, 32.7161 ], [ -96.77644, 32.71604 ], [ -96.77654, 32.716 ] ] ] } },
{ "type": "Feature", "properties": { "area_acres": 0.03 }, "geometry": { "type": "Polygon", "coordinates": [ [ [ -96.7764, 32.71583 ], [ -96.77647, 32.71581 ], [ -96.77638, 32.71565 ], [ -96.77631, 32.71567 ], [ -96.7764, 32.71583 ] ] ] } },
{ "type": "Feature", "properties": { "area_acres": 0.04 }, "geometry": { "type": "Polygon", "coordinates": [ [ [ -96.77639, 32.7163 ], [ -96.7764, 32.71623 ], [ -96.77616, 32.7162 ], [ -96.77616, 32.71627 ], [ -96.77639, 32.7163 ] ] ] } },
{ "type": "Feature", "properties": { "area_acres": 0.23 }, "geometry": { "type": "Polygon", "coordinates": [ [ [ -96.77717, 32.71765 ], [ -96.77733, 32.71756 ], [ -96.77704, 32.71717 ], [ -96.77688, 32.71725 ], [ -96.77717, 32.71765 ] ] ] } },
{ "type": "Feature", "properties": { "area_acres": 0.09 }, "geometry": { "type": "Polygon", "coordinates": [ [ [ -96.77673, 32.71709 ], [ -96.7762, 32.71705 ], [ -96.7762, 32.71699 ], [ -96.77675, 32.71704 ], [ -96.77673, 32.71709 ] ] ] } },
{ "type": "Feature", "properties": { "area_acres": 0.37 }, "geometry": { "type": "Polygon", "coordinates": [ [ [ -96.77856, 32.71181 ], [ -96.7784, 32.71188 ], [ -96.778, 32.71191 ], [ -96.77788, 32.71175 ], [ -96.77826, 32.71157 ], [ -96.77831, 32.71163 ], [ -96.77841, 32.71159 ], [ -96.77856, 32.71181 ] ] ] } },
{ "type": "Feature", "properties": { "area_acres": 0.21 }, "geometry": { "type": "Polygon", "coordinates": [ [ [ -96.77883, 32.71185 ], [ -96.77901, 32.71176 ], [ -96.77878, 32.71143 ], [ -96.77868, 32.71147 ], [ -96.77865, 32.71143 ], [ -96.77858, 32.71148 ], [ -96.77883, 32.71185 ] ] ] } },
{ "type": "Feature", "properties": { "area_acres": 0.54 }, "geometry": { "type": "Polygon", "coordinates": [ [ [ -96.78182, 32.71237 ], [ -96.78122, 32.71151 ], [ -96.78099, 32.71163 ], [ -96.78128, 32.71208 ], [ -96.78143, 32.71201 ], [ -96.7817, 32.71242 ], [ -96.78182, 32.71237 ] ] ] } },
{ "type": "Feature", "properties": { "area_acres": 0.11 }, "geometry": { "type": "Polygon", "coordinates": [ [ [ -96.78484, 32.71218 ], [ -96.78466, 32.71194 ], [ -96.78459, 32.71197 ], [ -96.78465, 32.71206 ], [ -96.78456, 32.7121 ], [ -96.78467, 32.71226 ], [ -96.78484, 32.71218 ] ] ] } },
{ "type": "Feature", "properties": { "area_acres": 0.09 }, "geometry": { "type": "Polygon", "coordinates": [ [ [ -96.78471, 32.71187 ], [ -96.78462, 32.71172 ], [ -96.7848, 32.71163 ], [ -96.78476, 32.71156 ], [ -96.78451, 32.71168 ], [ -96.78465, 32.7119 ], [ -96.78471, 32.71187 ] ] ] } },
{ "type": "Feature", "properties": { "area_acres": 0.11 }, "geometry": { "type": "Polygon", "coordinates": [ [ [ -96.79693, 32.70125 ], [ -96.79668, 32.70138 ], [ -96.79659, 32.70125 ], [ -96.79685, 32.70113 ], [ -96.79693, 32.70125 ] ] ] } },
{ "type": "Feature", "properties": { "area_acres": 0.1 }, "geometry": { "type": "Polygon", "coordinates": [ [ [ -96.79717, 32.70182 ], [ -96.79727, 32.70177 ], [ -96.7971, 32.7015 ], [ -96.79699, 32.70155 ], [ -96.79717, 32.70182 ] ] ] } },
{ "type": "Feature", "properties": { "area_acres": 0.2 }, "geometry": { "type": "Polygon", "coordinates": [ [ [ -96.79781, 32.7025 ], [ -96.79747, 32.70266 ], [ -96.79737, 32.70253 ], [ -96.7976, 32.70241 ], [ -96.79755, 32.70233 ], [ -96.79767, 32.70228 ], [ -96.79781, 32.7025 ] ] ] } },
{ "type": "Feature", "properties": { "area_acres": 0.25 }, "geometry": { "type": "Polygon", "coordinates": [ [ [ -96.78985, 32.70231 ], [ -96.78966, 32.70203 ], [ -96.7894, 32.70214 ], [ -96.78961, 32.70243 ], [ -96.78985, 32.70231 ] ] ] } },
{ "type": "Feature", "properties": { "area_acres": 0.04 }, "geometry": { "type": "Polygon", "coordinates": [ [ [ -96.79585, 32.71134 ], [ -96.79581, 32.71126 ], [ -96.79564, 32.71133 ], [ -96.79568, 32.71141 ], [ -96.79585, 32.71134 ] ] ] } },
{ "type": "Feature", "properties": { "area_acres": 0.41 }, "geometry": { "type": "Polygon", "coordinates": [ [ [ -96.79556, 32.71097 ], [ -96.7959, 32.71081 ], [ -96.79587, 32.71052 ], [ -96.79579, 32.71047 ], [ -96.79536, 32.71068 ], [ -96.79556, 32.71097 ] ] ] } },
{ "type": "Feature", "properties": { "area_acres": 0.35 }, "geometry": { "type": "Polygon", "coordinates": [ [ [ -96.79922, 32.71134 ], [ -96.79921, 32.71109 ], [ -96.7991, 32.71107 ], [ -96.79866, 32.71128 ], [ -96.7988, 32.71136 ], [ -96.7988, 32.71153 ], [ -96.79922, 32.71134 ] ] ] } },
{ "type": "Feature", "properties": { "area_acres": 0.93 }, "geometry": { "type": "Polygon", "coordinates": [ [ [ -96.79915, 32.71078 ], [ -96.79904, 32.71084 ], [ -96.79897, 32.71074 ], [ -96.79835, 32.71107 ], [ -96.79814, 32.71076 ], [ -96.7991, 32.71029 ], [ -96.79923, 32.71049 ], [ -96.79903, 32.71059 ], [ -96.79915, 32.71078 ] ] ] } },
{ "type": "Feature", "properties": { "area_acres": 0.33 }, "geometry": { "type": "Polygon", "coordinates": [ [ [ -96.79779, 32.71135 ], [ -96.79725, 32.71162 ], [ -96.7972, 32.71154 ], [ -96.79689, 32.71169 ], [ -96.79685, 32.71163 ], [ -96.79768, 32.71121 ], [ -96.79779, 32.71135 ] ] ] } },
{ "type": "Feature", "properties": { "area_acres": 0.15 }, "geometry": { "type": "Polygon", "coordinates": [ [ [ -96.79805, 32.71152 ], [ -96.79814, 32.71148 ], [ -96.79781, 32.71098 ], [ -96.79772, 32.71103 ], [ -96.79805, 32.71152 ] ] ] } },
{ "type": "Feature", "properties": { "area_acres": 0.03 }, "geometry": { "type": "Polygon", "coordinates": [ [ [ -96.79798, 32.71156 ], [ -96.79805, 32.71152 ], [ -96.79797, 32.71141 ], [ -96.79789, 32.71144 ], [ -96.79798, 32.71156 ] ] ] } },
{ "type": "Feature", "properties": { "area_acres": 0.09 }, "geometry": { "type": "Polygon", "coordinates": [ [ [ -96.7982, 32.71188 ], [ -96.7978, 32.71204 ], [ -96.79775, 32.71196 ], [ -96.79815, 32.71181 ], [ -96.7982, 32.71188 ] ] ] } },
{ "type": "Feature", "properties": { "area_acres": 0.05 }, "geometry": { "type": "Polygon", "coordinates": [ [ [ -96.79841, 32.71186 ], [ -96.79833, 32.71173 ], [ -96.79822, 32.71179 ], [ -96.7983, 32.71191 ], [ -96.79841, 32.71186 ] ] ] } },
{ "type": "Feature", "properties": { "area_acres": 0.03 }, "geometry": { "type": "Polygon", "coordinates": [ [ [ -96.79771, 32.71205 ], [ -96.79766, 32.71199 ], [ -96.79752, 32.71204 ], [ -96.79756, 32.71212 ], [ -96.79771, 32.71205 ] ] ] } },
{ "type": "Feature", "properties": { "area_acres": 0.19 }, "geometry": { "type": "Polygon", "coordinates": [ [ [ -96.79738, 32.71213 ], [ -96.79739, 32.71204 ], [ -96.79654, 32.71203 ], [ -96.79654, 32.71211 ], [ -96.79738, 32.71213 ] ] ] } },
{ "type": "Feature", "properties": { "area_acres": 0.03 }, "geometry": { "type": "Polygon", "coordinates": [ [ [ -96.79676, 32.71167 ], [ -96.79663, 32.71172 ], [ -96.79668, 32.71179 ], [ -96.7968, 32.71173 ], [ -96.79676, 32.71167 ] ] ] } },
{ "type": "Feature", "properties": { "area_acres": 0.07 }, "geometry": { "type": "Polygon", "coordinates": [ [ [ -96.7967, 32.71189 ], [ -96.79659, 32.71175 ], [ -96.79644, 32.71182 ], [ -96.79655, 32.71197 ], [ -96.7967, 32.71189 ] ] ] } },
{ "type": "Feature", "properties": { "area_acres": 0.07 }, "geometry": { "type": "Polygon", "coordinates": [ [ [ -96.79711, 32.71196 ], [ -96.79696, 32.71174 ], [ -96.79687, 32.71178 ], [ -96.797, 32.71196 ], [ -96.79711, 32.71196 ] ] ] } },
{ "type": "Feature", "properties": { "area_acres": 0.39 }, "geometry": { "type": "Polygon", "coordinates": [ [ [ -96.79644, 32.70057 ], [ -96.7962, 32.70021 ], [ -96.79559, 32.7005 ], [ -96.79567, 32.70061 ], [ -96.7961, 32.70041 ], [ -96.79626, 32.70065 ], [ -96.79644, 32.70057 ] ] ] } },
{ "type": "Feature", "properties": { "area_acres": 0.29 }, "geometry": { "type": "Polygon", "coordinates": [ [ [ -96.7964, 32.70099 ], [ -96.79622, 32.70071 ], [ -96.7965, 32.70057 ], [ -96.79674, 32.70089 ], [ -96.79663, 32.70089 ], [ -96.7964, 32.70099 ] ] ] } },
{ "type": "Feature", "properties": { "area_acres": 0.26 }, "geometry": { "type": "Polygon", "coordinates": [ [ [ -96.79329, 32.69979 ], [ -96.7928, 32.7 ], [ -96.79291, 32.70017 ], [ -96.79339, 32.69995 ], [ -96.79329, 32.69979 ] ] ] } },
{ "type": "Feature", "properties": { "area_acres": 0.28 }, "geometry": { "type": "Polygon", "coordinates": [ [ [ -96.79517, 32.69865 ], [ -96.79496, 32.6983 ], [ -96.7947, 32.69842 ], [ -96.79492, 32.69876 ], [ -96.79517, 32.69865 ] ] ] } },
{ "type": "Feature", "properties": { "area_acres": 0.17 }, "geometry": { "type": "Polygon", "coordinates": [ [ [ -96.79539, 32.69901 ], [ -96.79518, 32.69867 ], [ -96.79503, 32.69874 ], [ -96.79525, 32.69908 ], [ -96.79539, 32.69901 ] ] ] } },
{ "type": "Feature", "properties": { "area_acres": 0.46 }, "geometry": { "type": "Polygon", "coordinates": [ [ [ -96.79268, 32.6979 ], [ -96.79255, 32.69765 ], [ -96.79261, 32.69762 ], [ -96.79258, 32.69745 ], [ -96.79282, 32.69737 ], [ -96.79272, 32.69729 ], [ -96.79223, 32.69737 ], [ -96.79225, 32.69751 ], [ -96.79252, 32.69796 ], [ -96.79268, 32.6979 ] ] ] } },
{ "type": "Feature", "properties": { "area_acres": 0.54 }, "geometry": { "type": "Polygon", "coordinates": [ [ [ -96.79101, 32.6985 ], [ -96.79064, 32.69867 ], [ -96.79046, 32.6984 ], [ -96.79056, 32.69835 ], [ -96.79035, 32.69804 ], [ -96.79056, 32.69795 ], [ -96.79082, 32.69834 ], [ -96.79089, 32.6983 ], [ -96.79101, 32.6985 ] ] ] } },
{ "type": "Feature", "properties": { "area_acres": 0.13 }, "geometry": { "type": "Polygon", "coordinates": [ [ [ -96.79183, 32.69896 ], [ -96.79178, 32.6989 ], [ -96.79157, 32.699 ], [ -96.7915, 32.6989 ], [ -96.79136, 32.69897 ], [ -96.79147, 32.69914 ], [ -96.79183, 32.69896 ] ] ] } },
{ "type": "Feature", "properties": { "area_acres": 0.14 }, "geometry": { "type": "Polygon", "coordinates": [ [ [ -96.79027, 32.69739 ], [ -96.78967, 32.69757 ], [ -96.78964, 32.69749 ], [ -96.79023, 32.69731 ], [ -96.79027, 32.69739 ] ] ] } },
{ "type": "Feature", "properties": { "area_acres": 0.15 }, "geometry": { "type": "Polygon", "coordinates": [ [ [ -96.79594, 32.70154 ], [ -96.79606, 32.70148 ], [ -96.79597, 32.70135 ], [ -96.79553, 32.70156 ], [ -96.7956, 32.70165 ], [ -96.79591, 32.70151 ], [ -96.79594, 32.70154 ] ] ] } },
{ "type": "Feature", "properties": { "area_acres": 0.14 }, "geometry": { "type": "Polygon", "coordinates": [ [ [ -96.78482, 32.6999 ], [ -96.78472, 32.69975 ], [ -96.78444, 32.69988 ], [ -96.78454, 32.70003 ], [ -96.78482, 32.6999 ] ] ] } },
{ "type": "Feature", "properties": { "area_acres": 0.13 }, "geometry": { "type": "Polygon", "coordinates": [ [ [ -96.78688, 32.69793 ], [ -96.787, 32.69774 ], [ -96.78721, 32.69783 ], [ -96.78706, 32.69803 ], [ -96.78688, 32.69793 ] ] ] } },
{ "type": "Feature", "properties": { "area_acres": 0.15 }, "geometry": { "type": "Polygon", "coordinates": [ [ [ -96.78333, 32.7002 ], [ -96.78339, 32.70034 ], [ -96.78315, 32.7004 ], [ -96.78296, 32.70011 ], [ -96.78304, 32.70007 ], [ -96.78318, 32.70027 ], [ -96.78333, 32.7002 ] ] ] } },
{ "type": "Feature", "properties": { "area_acres": 0.1 }, "geometry": { "type": "Polygon", "coordinates": [ [ [ -96.78083, 32.70047 ], [ -96.78067, 32.70025 ], [ -96.78055, 32.70031 ], [ -96.7807, 32.70053 ], [ -96.78083, 32.70047 ] ] ] } },
{ "type": "Feature", "properties": { "area_acres": 0.07 }, "geometry": { "type": "Polygon", "coordinates": [ [ [ -96.78099, 32.70038 ], [ -96.78093, 32.7003 ], [ -96.78087, 32.70032 ], [ -96.78078, 32.7002 ], [ -96.7809, 32.70014 ], [ -96.78105, 32.70035 ], [ -96.78099, 32.70038 ] ] ] } },
{ "type": "Feature", "properties": { "area_acres": 0.09 }, "geometry": { "type": "Polygon", "coordinates": [ [ [ -96.78189, 32.70321 ], [ -96.78166, 32.70332 ], [ -96.78174, 32.70343 ], [ -96.78196, 32.70332 ], [ -96.78189, 32.70321 ] ] ] } },
{ "type": "Feature", "properties": { "area_acres": 0.22 }, "geometry": { "type": "Polygon", "coordinates": [ [ [ -96.78198, 32.70347 ], [ -96.7813, 32.70381 ], [ -96.78136, 32.70391 ], [ -96.78204, 32.70357 ], [ -96.78198, 32.70347 ] ] ] } },
{ "type": "Feature", "properties": { "area_acres": 0.16 }, "geometry": { "type": "Polygon", "coordinates": [ [ [ -96.79221, 32.78041 ], [ -96.79206, 32.78022 ], [ -96.79185, 32.78034 ], [ -96.79205, 32.78054 ], [ -96.79221, 32.78041 ] ] ] } },
{ "type": "Feature", "properties": { "area_acres": 0.19 }, "geometry": { "type": "Polygon", "coordinates": [ [ [ -96.7247, 32.86197 ], [ -96.72461, 32.86214 ], [ -96.72441, 32.86222 ], [ -96.7242, 32.86221 ], [ -96.72416, 32.86216 ], [ -96.72444, 32.862 ], [ -96.7247, 32.86197 ] ] ] } },
{ "type": "Feature", "properties": { "area_acres": 0.16 }, "geometry": { "type": "Polygon", "coordinates": [ [ [ -96.72231, 32.86122 ], [ -96.72225, 32.86095 ], [ -96.72202, 32.86099 ], [ -96.72209, 32.86125 ], [ -96.72231, 32.86122 ] ] ] } },
{ "type": "Feature", "properties": { "area_acres": 0.16 }, "geometry": { "type": "Polygon", "coordinates": [ [ [ -96.72162, 32.86114 ], [ -96.72182, 32.86123 ], [ -96.72198, 32.86098 ], [ -96.72178, 32.8609 ], [ -96.72162, 32.86114 ] ] ] } },
{ "type": "Feature", "properties": { "area_acres": 0.16 }, "geometry": { "type": "Polygon", "coordinates": [ [ [ -96.72421, 32.86297 ], [ -96.72421, 32.86282 ], [ -96.72386, 32.86282 ], [ -96.72386, 32.86295 ], [ -96.72393, 32.86295 ], [ -96.72393, 32.86302 ], [ -96.72404, 32.86302 ], [ -96.72407, 32.86296 ], [ -96.72407, 32.86302 ], [ -96.72414, 32.86302 ], [ -96.72414, 32.86297 ], [ -96.72421, 32.86297 ] ] ] } },
{ "type": "Feature", "properties": { "area_acres": 0.16 }, "geometry": { "type": "Polygon", "coordinates": [ [ [ -96.72407, 32.85906 ], [ -96.72393, 32.85918 ], [ -96.7239, 32.85913 ], [ -96.72364, 32.85925 ], [ -96.72372, 32.8594 ], [ -96.72413, 32.85916 ], [ -96.72407, 32.85906 ] ] ] } },
{ "type": "Feature", "properties": { "area_acres": 0.36 }, "geometry": { "type": "Polygon", "coordinates": [ [ [ -96.74319, 32.8468 ], [ -96.74355, 32.8468 ], [ -96.74355, 32.84671 ], [ -96.7437, 32.84671 ], [ -96.7437, 32.84701 ], [ -96.74363, 32.84705 ], [ -96.74319, 32.84705 ], [ -96.74319, 32.8468 ] ] ] } },
{ "type": "Feature", "properties": { "area_acres": 0.12 }, "geometry": { "type": "Polygon", "coordinates": [ [ [ -96.74306, 32.84752 ], [ -96.74298, 32.84746 ], [ -96.74328, 32.84722 ], [ -96.74331, 32.84713 ], [ -96.74341, 32.84714 ], [ -96.74335, 32.84727 ], [ -96.74306, 32.84752 ] ] ] } },
{ "type": "Feature", "properties": { "area_acres": 1.53 }, "geometry": { "type": "Polygon", "coordinates": [ [ [ -96.81921, 32.91308 ], [ -96.81863, 32.91308 ], [ -96.81862, 32.91411 ], [ -96.8192, 32.91411 ], [ -96.81921, 32.91308 ] ] ] } },
{ "type": "Feature", "properties": { "area_acres": 0.04 }, "geometry": { "type": "Polygon", "coordinates": [ [ [ -96.73631, 32.83148 ], [ -96.73626, 32.83153 ], [ -96.73644, 32.83167 ], [ -96.73649, 32.83163 ], [ -96.73631, 32.83148 ] ] ] } },
{ "type": "Feature", "properties": { "area_acres": 0.1 }, "geometry": { "type": "Polygon", "coordinates": [ [ [ -96.7165, 32.84175 ], [ -96.71655, 32.84169 ], [ -96.71629, 32.84155 ], [ -96.71616, 32.84158 ], [ -96.71601, 32.84171 ], [ -96.71606, 32.84175 ], [ -96.71628, 32.84161 ], [ -96.7165, 32.84175 ] ] ] } },
{ "type": "Feature", "properties": { "area_acres": 0.21 }, "geometry": { "type": "Polygon", "coordinates": [ [ [ -96.75338, 32.89311 ], [ -96.75343, 32.89294 ], [ -96.75302, 32.89292 ], [ -96.753, 32.89311 ], [ -96.75308, 32.89311 ], [ -96.75307, 32.89318 ], [ -96.75322, 32.89319 ], [ -96.75323, 32.89311 ], [ -96.75338, 32.89311 ] ] ] } },
{ "type": "Feature", "properties": { "area_acres": 3.82 }, "geometry": { "type": "Polygon", "coordinates": [ [ [ -96.83203, 32.80173 ], [ -96.83073, 32.80172 ], [ -96.83069, 32.80168 ], [ -96.83069, 32.80084 ], [ -96.83088, 32.8008 ], [ -96.83213, 32.80082 ], [ -96.83249, 32.80099 ], [ -96.83214, 32.8017 ], [ -96.83203, 32.80173 ] ] ] } },
{ "type": "Feature", "properties": { "area_acres": 2.17 }, "geometry": { "type": "Polygon", "coordinates": [ [ [ -96.83054, 32.80172 ], [ -96.82948, 32.80152 ], [ -96.82948, 32.80077 ], [ -96.82994, 32.80087 ], [ -96.83057, 32.80086 ], [ -96.83054, 32.80172 ] ] ] } },
{ "type": "Feature", "properties": { "area_acres": 2.04 }, "geometry": { "type": "Polygon", "coordinates": [ [ [ -96.82813, 32.80129 ], [ -96.82813, 32.8007 ], [ -96.82928, 32.80071 ], [ -96.8293, 32.80148 ], [ -96.82813, 32.80129 ] ] ] } },
{ "type": "Feature", "properties": { "area_acres": 0.59 }, "geometry": { "type": "Polygon", "coordinates": [ [ [ -96.82701, 32.80095 ], [ -96.82677, 32.80054 ], [ -96.82731, 32.80033 ], [ -96.82752, 32.80052 ], [ -96.82701, 32.80095 ] ] ] } },
{ "type": "Feature", "properties": { "area_acres": 0.72 }, "geometry": { "type": "Polygon", "coordinates": [ [ [ -96.83287, 32.79952 ], [ -96.83216, 32.7994 ], [ -96.8322, 32.79922 ], [ -96.8325, 32.79927 ], [ -96.83258, 32.79895 ], [ -96.83299, 32.799 ], [ -96.83287, 32.79952 ] ] ] } },
{ "type": "Feature", "properties": { "area_acres": 1.2 }, "geometry": { "type": "Polygon", "coordinates": [ [ [ -96.85385, 32.74559 ], [ -96.8534, 32.74583 ], [ -96.85342, 32.74632 ], [ -96.85308, 32.74633 ], [ -96.85308, 32.74628 ], [ -96.85298, 32.74628 ], [ -96.85298, 32.74621 ], [ -96.8531, 32.74619 ], [ -96.85303, 32.74617 ], [ -96.85304, 32.74577 ], [ -96.8531, 32.74577 ], [ -96.85304, 32.74574 ], [ -96.85304, 32.74556 ], [ -96.8531, 32.74556 ], [ -96.85312, 32.7455 ], [ -96.85307, 32.74544 ], [ -96.85315, 32.74539 ], [ -96.85319, 32.74545 ], [ -96.85327, 32.74541 ], [ -96.8532, 32.74533 ], [ -96.85333, 32.7454 ], [ -96.85344, 32.74535 ], [ -96.85349, 32.74543 ], [ -96.85354, 32.74541 ], [ -96.85348, 32.74533 ], [ -96.8536, 32.74533 ], [ -96.85385, 32.74559 ] ] ] } },
{ "type": "Feature", "properties": { "area_acres": 0.14 }, "geometry": { "type": "Polygon", "coordinates": [ [ [ -96.85415, 32.74534 ], [ -96.85401, 32.74533 ], [ -96.85408, 32.74543 ], [ -96.85402, 32.74547 ], [ -96.85422, 32.74562 ], [ -96.8544, 32.74557 ], [ -96.85439, 32.7455 ], [ -96.85424, 32.7454 ], [ -96.85416, 32.74541 ], [ -96.85415, 32.74534 ] ] ] } },
{ "type": "Feature", "properties": { "area_acres": 1.32 }, "geometry": { "type": "Polygon", "coordinates": [ [ [ -96.85576, 32.74549 ], [ -96.85567, 32.74551 ], [ -96.85573, 32.74551 ], [ -96.85573, 32.74589 ], [ -96.85567, 32.7459 ], [ -96.85576, 32.74594 ], [ -96.85576, 32.74601 ], [ -96.85568, 32.74605 ], [ -96.85574, 32.74607 ], [ -96.85573, 32.74634 ], [ -96.85563, 32.74636 ], [ -96.85555, 32.74633 ], [ -96.85555, 32.74627 ], [ -96.855, 32.74628 ], [ -96.85503, 32.74617 ], [ -96.85493, 32.74615 ], [ -96.85494, 32.74611 ], [ -96.85501, 32.74613 ], [ -96.85505, 32.74594 ], [ -96.85527, 32.74594 ], [ -96.85526, 32.74543 ], [ -96.85534, 32.74543 ], [ -96.85534, 32.74537 ], [ -96.85569, 32.74537 ], [ -96.8557, 32.74542 ], [ -96.85576, 32.74542 ], [ -96.85576, 32.74549 ] ] ] } },
{ "type": "Feature", "properties": { "area_acres": 0.07 }, "geometry": { "type": "Polygon", "coordinates": [ [ [ -96.75357, 32.81641 ], [ -96.75357, 32.81627 ], [ -96.75339, 32.81627 ], [ -96.75339, 32.81641 ], [ -96.75357, 32.81641 ] ] ] } },
{ "type": "Feature", "properties": { "area_acres": 0.16 }, "geometry": { "type": "Polygon", "coordinates": [ [ [ -96.75323, 32.81631 ], [ -96.75336, 32.81631 ], [ -96.75336, 32.81669 ], [ -96.75316, 32.81669 ], [ -96.75323, 32.81631 ] ] ] } },
{ "type": "Feature", "properties": { "area_acres": 0.14 }, "geometry": { "type": "Polygon", "coordinates": [ [ [ -96.75336, 32.81682 ], [ -96.75336, 32.81711 ], [ -96.75355, 32.81711 ], [ -96.75355, 32.81682 ], [ -96.75336, 32.81682 ] ] ] } },
{ "type": "Feature", "properties": { "area_acres": 0.2 }, "geometry": { "type": "Polygon", "coordinates": [ [ [ -96.73414, 32.8065 ], [ -96.73409, 32.80646 ], [ -96.73431, 32.80628 ], [ -96.7345, 32.80644 ], [ -96.73424, 32.80665 ], [ -96.7341, 32.80654 ], [ -96.73414, 32.8065 ] ] ] } },
{ "type": "Feature", "properties": { "area_acres": 0.44 }, "geometry": { "type": "Polygon", "coordinates": [ [ [ -96.86792, 32.73301 ], [ -96.86788, 32.73305 ], [ -96.8676, 32.73307 ], [ -96.86759, 32.73303 ], [ -96.86753, 32.73303 ], [ -96.86752, 32.7329 ], [ -96.86758, 32.7329 ], [ -96.8675, 32.73265 ], [ -96.86757, 32.73265 ], [ -96.86756, 32.73259 ], [ -96.86783, 32.73257 ], [ -96.86784, 32.73263 ], [ -96.8679, 32.73263 ], [ -96.86792, 32.73301 ] ] ] } },
{ "type": "Feature", "properties": { "area_acres": 0.11 }, "geometry": { "type": "Polygon", "coordinates": [ [ [ -96.86781, 32.73365 ], [ -96.86773, 32.73345 ], [ -96.86753, 32.73346 ], [ -96.86754, 32.73366 ], [ -96.86781, 32.73365 ] ] ] } },
{ "type": "Feature", "properties": { "area_acres": 0.55 }, "geometry": { "type": "Polygon", "coordinates": [ [ [ -96.8693, 32.72788 ], [ -96.869, 32.72788 ], [ -96.869, 32.72747 ], [ -96.8692, 32.72733 ], [ -96.86986, 32.72732 ], [ -96.86987, 32.72741 ], [ -96.86975, 32.72741 ], [ -96.86975, 32.72745 ], [ -96.86929, 32.72745 ], [ -96.8693, 32.72788 ] ] ] } },
{ "type": "Feature", "properties": { "area_acres": 0.59 }, "geometry": { "type": "Polygon", "coordinates": [ [ [ -96.8562, 32.7318 ], [ -96.85621, 32.73126 ], [ -96.85571, 32.73124 ], [ -96.85566, 32.73157 ], [ -96.8562, 32.7318 ] ] ] } },
{ "type": "Feature", "properties": { "area_acres": 0.08 }, "geometry": { "type": "Polygon", "coordinates": [ [ [ -96.85632, 32.73186 ], [ -96.85627, 32.73184 ], [ -96.85626, 32.73141 ], [ -96.85635, 32.73142 ], [ -96.85632, 32.73186 ] ] ] } },
{ "type": "Feature", "properties": { "area_acres": 0.18 }, "geometry": { "type": "Polygon", "coordinates": [ [ [ -96.85675, 32.73085 ], [ -96.85675, 32.73069 ], [ -96.85631, 32.73069 ], [ -96.85631, 32.73085 ], [ -96.85675, 32.73085 ] ] ] } },
{ "type": "Feature", "properties": { "area_acres": 0.33 }, "geometry": { "type": "Polygon", "coordinates": [ [ [ -96.84583, 32.73405 ], [ -96.84583, 32.73399 ], [ -96.84591, 32.73397 ], [ -96.84592, 32.73383 ], [ -96.84527, 32.73383 ], [ -96.84527, 32.73399 ], [ -96.84536, 32.734 ], [ -96.84537, 32.73404 ], [ -96.84583, 32.73405 ] ] ] } },
{ "type": "Feature", "properties": { "area_acres": 0.36 }, "geometry": { "type": "Polygon", "coordinates": [ [ [ -96.84496, 32.73382 ], [ -96.8444, 32.73383 ], [ -96.84439, 32.73434 ], [ -96.84459, 32.73423 ], [ -96.84459, 32.73396 ], [ -96.84496, 32.73396 ], [ -96.84496, 32.73382 ] ] ] } },
{ "type": "Feature", "properties": { "area_acres": 20.64 }, "geometry": { "type": "Polygon", "coordinates": [ [ [ -96.84193, 32.83643 ], [ -96.84188, 32.83659 ], [ -96.84024, 32.83792 ], [ -96.84008, 32.83793 ], [ -96.83782, 32.83598 ], [ -96.83779, 32.83589 ], [ -96.83987, 32.83424 ], [ -96.84081, 32.83506 ], [ -96.84193, 32.83643 ] ] ] } },
{ "type": "Feature", "properties": { "area_acres": 0.53 }, "geometry": { "type": "Polygon", "coordinates": [ [ [ -96.8476, 32.75119 ], [ -96.84759, 32.75098 ], [ -96.84749, 32.75098 ], [ -96.84749, 32.75104 ], [ -96.84734, 32.75104 ], [ -96.84734, 32.75101 ], [ -96.84677, 32.75097 ], [ -96.84678, 32.75104 ], [ -96.84671, 32.75104 ], [ -96.84669, 32.75126 ], [ -96.84716, 32.7513 ], [ -96.84717, 32.7512 ], [ -96.8476, 32.75119 ] ] ] } },
{ "type": "Feature", "properties": { "area_acres": 2.31 }, "geometry": { "type": "Polygon", "coordinates": [ [ [ -96.83731, 32.81519 ], [ -96.83731, 32.81527 ], [ -96.83688, 32.81565 ], [ -96.83678, 32.81564 ], [ -96.83585, 32.81488 ], [ -96.83594, 32.81481 ], [ -96.8359, 32.81477 ], [ -96.83627, 32.81445 ], [ -96.83631, 32.81449 ], [ -96.8364, 32.81442 ], [ -96.83731, 32.81519 ] ] ] } },
{ "type": "Feature", "properties": { "area_acres": 1.01 }, "geometry": { "type": "Polygon", "coordinates": [ [ [ -96.83825, 32.81456 ], [ -96.83759, 32.81512 ], [ -96.83722, 32.81484 ], [ -96.83791, 32.81428 ], [ -96.83825, 32.81456 ] ] ] } },
{ "type": "Feature", "properties": { "area_acres": 0.22 }, "geometry": { "type": "Polygon", "coordinates": [ [ [ -96.83203, 32.73787 ], [ -96.83157, 32.73786 ], [ -96.83157, 32.73781 ], [ -96.83148, 32.7378 ], [ -96.83148, 32.7377 ], [ -96.83154, 32.7377 ], [ -96.83152, 32.73764 ], [ -96.83164, 32.73764 ], [ -96.83161, 32.7377 ], [ -96.83203, 32.73771 ], [ -96.83203, 32.73787 ] ] ] } },
{ "type": "Feature", "properties": { "area_acres": 0.15 }, "geometry": { "type": "Polygon", "coordinates": [ [ [ -96.83118, 32.73763 ], [ -96.83121, 32.73798 ], [ -96.83102, 32.73798 ], [ -96.83102, 32.73765 ], [ -96.83118, 32.73763 ] ] ] } },
{ "type": "Feature", "properties": { "area_acres": 0.19 }, "geometry": { "type": "Polygon", "coordinates": [ [ [ -96.82807, 32.74144 ], [ -96.82801, 32.74147 ], [ -96.82801, 32.74184 ], [ -96.8282, 32.74185 ], [ -96.8282, 32.74147 ], [ -96.82807, 32.74144 ] ] ] } },
{ "type": "Feature", "properties": { "area_acres": 0.53 }, "geometry": { "type": "Polygon", "coordinates": [ [ [ -96.82721, 32.74183 ], [ -96.8266, 32.74183 ], [ -96.8266, 32.74154 ], [ -96.82691, 32.74154 ], [ -96.82691, 32.74147 ], [ -96.82714, 32.74147 ], [ -96.82715, 32.7414 ], [ -96.82721, 32.7414 ], [ -96.82721, 32.74183 ] ] ] } },
{ "type": "Feature", "properties": { "area_acres": 0.24 }, "geometry": { "type": "Polygon", "coordinates": [ [ [ -96.78841, 33.00992 ], [ -96.78841, 33.01026 ], [ -96.78821, 33.01018 ], [ -96.78821, 33.0101 ], [ -96.78802, 33.01009 ], [ -96.78801, 33.00992 ], [ -96.78841, 33.00992 ] ] ] } },
{ "type": "Feature", "properties": { "area_acres": 0.49 }, "geometry": { "type": "Polygon", "coordinates": [ [ [ -96.8273, 32.79475 ], [ -96.82718, 32.79485 ], [ -96.82659, 32.79458 ], [ -96.82643, 32.79464 ], [ -96.82626, 32.79443 ], [ -96.82647, 32.79432 ], [ -96.8273, 32.79475 ] ] ] } },
{ "type": "Feature", "properties": { "area_acres": 0.08 }, "geometry": { "type": "Polygon", "coordinates": [ [ [ -96.71606, 32.85263 ], [ -96.71618, 32.85253 ], [ -96.71603, 32.85241 ], [ -96.71591, 32.85251 ], [ -96.71606, 32.85263 ] ] ] } },
{ "type": "Feature", "properties": { "area_acres": 0.06 }, "geometry": { "type": "Polygon", "coordinates": [ [ [ -96.71661, 32.85233 ], [ -96.71655, 32.85243 ], [ -96.71637, 32.85234 ], [ -96.71644, 32.85224 ], [ -96.71661, 32.85233 ] ] ] } },
{ "type": "Feature", "properties": { "area_acres": 1.63 }, "geometry": { "type": "Polygon", "coordinates": [ [ [ -96.82536, 32.79323 ], [ -96.82558, 32.79294 ], [ -96.82601, 32.79316 ], [ -96.82694, 32.79186 ], [ -96.82668, 32.79173 ], [ -96.82672, 32.79167 ], [ -96.82767, 32.79216 ], [ -96.82749, 32.79226 ], [ -96.82703, 32.79202 ], [ -96.82605, 32.79342 ], [ -96.82583, 32.79347 ], [ -96.82536, 32.79323 ] ] ] } },
{ "type": "Feature", "properties": { "area_acres": 0.21 }, "geometry": { "type": "Polygon", "coordinates": [ [ [ -96.70861, 32.70882 ], [ -96.70861, 32.70865 ], [ -96.70814, 32.70865 ], [ -96.70811, 32.7087 ], [ -96.70814, 32.70882 ], [ -96.70861, 32.70882 ] ] ] } },
{ "type": "Feature", "properties": { "area_acres": 0.22 }, "geometry": { "type": "Polygon", "coordinates": [ [ [ -96.73754, 32.69783 ], [ -96.73741, 32.69788 ], [ -96.73707, 32.69738 ], [ -96.7372, 32.69731 ], [ -96.73754, 32.69783 ] ] ] } },
{ "type": "Feature", "properties": { "area_acres": 0.18 }, "geometry": { "type": "Polygon", "coordinates": [ [ [ -96.73767, 32.70626 ], [ -96.73752, 32.70597 ], [ -96.73772, 32.7059 ], [ -96.73787, 32.70619 ], [ -96.73767, 32.70626 ] ] ] } },
{ "type": "Feature", "properties": { "area_acres": 1.86 }, "geometry": { "type": "Polygon", "coordinates": [ [ [ -96.73939, 32.70758 ], [ -96.73862, 32.70767 ], [ -96.73834, 32.70782 ], [ -96.73792, 32.70855 ], [ -96.73819, 32.70872 ], [ -96.73878, 32.70819 ], [ -96.73915, 32.70809 ], [ -96.73939, 32.70758 ] ] ] } },
{ "type": "Feature", "properties": { "area_acres": 0.05 }, "geometry": { "type": "Polygon", "coordinates": [ [ [ -96.95803, 32.64802 ], [ -96.95775, 32.64788 ], [ -96.95779, 32.64783 ], [ -96.95807, 32.64797 ], [ -96.95803, 32.64802 ] ] ] } },
{ "type": "Feature", "properties": { "area_acres": 0.04 }, "geometry": { "type": "Polygon", "coordinates": [ [ [ -96.95834, 32.64796 ], [ -96.95827, 32.64794 ], [ -96.95831, 32.64784 ], [ -96.95824, 32.64782 ], [ -96.95826, 32.64777 ], [ -96.95841, 32.64782 ], [ -96.95834, 32.64796 ] ] ] } },
{ "type": "Feature", "properties": { "area_acres": 0.24 }, "geometry": { "type": "Polygon", "coordinates": [ [ [ -96.79394, 32.81223 ], [ -96.79402, 32.81209 ], [ -96.79347, 32.81187 ], [ -96.79339, 32.81202 ], [ -96.79394, 32.81223 ] ] ] } },
{ "type": "Feature", "properties": { "area_acres": 0.12 }, "geometry": { "type": "Polygon", "coordinates": [ [ [ -96.95653, 32.66614 ], [ -96.9566, 32.66614 ], [ -96.95659, 32.66677 ], [ -96.95652, 32.66677 ], [ -96.95653, 32.66614 ] ] ] } },
{ "type": "Feature", "properties": { "area_acres": 0.04 }, "geometry": { "type": "Polygon", "coordinates": [ [ [ -96.95558, 32.66744 ], [ -96.95564, 32.66744 ], [ -96.95564, 32.66719 ], [ -96.95558, 32.66719 ], [ -96.95558, 32.66744 ] ] ] } },
{ "type": "Feature", "properties": { "area_acres": 0.05 }, "geometry": { "type": "Polygon", "coordinates": [ [ [ -96.95657, 32.66746 ], [ -96.95651, 32.66746 ], [ -96.95651, 32.66716 ], [ -96.95657, 32.66716 ], [ -96.95657, 32.66746 ] ] ] } },
{ "type": "Feature", "properties": { "area_acres": 0.04 }, "geometry": { "type": "Polygon", "coordinates": [ [ [ -96.95642, 32.66746 ], [ -96.95636, 32.66746 ], [ -96.95637, 32.66721 ], [ -96.95642, 32.66721 ], [ -96.95642, 32.66746 ] ] ] } },
{ "type": "Feature", "properties": { "area_acres": 0.03 }, "geometry": { "type": "Polygon", "coordinates": [ [ [ -96.95645, 32.66634 ], [ -96.9564, 32.66634 ], [ -96.9564, 32.66614 ], [ -96.95646, 32.66614 ], [ -96.95645, 32.66634 ] ] ] } },
{ "type": "Feature", "properties": { "area_acres": 0.03 }, "geometry": { "type": "Polygon", "coordinates": [ [ [ -96.95559, 32.66698 ], [ -96.95564, 32.66698 ], [ -96.95565, 32.66679 ], [ -96.95559, 32.66678 ], [ -96.95559, 32.66698 ] ] ] } },
{ "type": "Feature", "properties": { "area_acres": 0.04 }, "geometry": { "type": "Polygon", "coordinates": [ [ [ -96.95559, 32.66676 ], [ -96.95565, 32.66676 ], [ -96.95565, 32.66651 ], [ -96.95559, 32.66651 ], [ -96.95559, 32.66676 ] ] ] } },
{ "type": "Feature", "properties": { "area_acres": 0.03 }, "geometry": { "type": "Polygon", "coordinates": [ [ [ -96.95544, 32.66676 ], [ -96.9555, 32.66676 ], [ -96.95551, 32.66653 ], [ -96.95545, 32.66653 ], [ -96.95544, 32.66676 ] ] ] } },
{ "type": "Feature", "properties": { "area_acres": 0.04 }, "geometry": { "type": "Polygon", "coordinates": [ [ [ -96.95507, 32.66648 ], [ -96.95513, 32.66649 ], [ -96.95513, 32.66622 ], [ -96.95508, 32.66622 ], [ -96.95507, 32.66648 ] ] ] } },
{ "type": "Feature", "properties": { "area_acres": 0.04 }, "geometry": { "type": "Polygon", "coordinates": [ [ [ -96.95546, 32.66647 ], [ -96.95552, 32.66647 ], [ -96.95548, 32.66621 ], [ -96.95542, 32.66622 ], [ -96.95546, 32.66647 ] ] ] } },
{ "type": "Feature", "properties": { "area_acres": 0.1 }, "geometry": { "type": "Polygon", "coordinates": [ [ [ -96.9551, 32.66744 ], [ -96.95515, 32.66744 ], [ -96.95516, 32.66672 ], [ -96.95511, 32.66672 ], [ -96.9551, 32.66744 ] ] ] } },
{ "type": "Feature", "properties": { "area_acres": 0.14 }, "geometry": { "type": "Polygon", "coordinates": [ [ [ -96.95495, 32.66753 ], [ -96.955, 32.6676 ], [ -96.95506, 32.66757 ], [ -96.95501, 32.6675 ], [ -96.95502, 32.66672 ], [ -96.95496, 32.66672 ], [ -96.95495, 32.66753 ] ] ] } },
{ "type": "Feature", "properties": { "area_acres": 0.03 }, "geometry": { "type": "Polygon", "coordinates": [ [ [ -96.95543, 32.66751 ], [ -96.95542, 32.66746 ], [ -96.95516, 32.66748 ], [ -96.95517, 32.66752 ], [ -96.95543, 32.66751 ] ] ] } },
{ "type": "Feature", "properties": { "area_acres": 0.25 }, "geometry": { "type": "Polygon", "coordinates": [ [ [ -96.82297, 32.99003 ], [ -96.82276, 32.99002 ], [ -96.82276, 32.98956 ], [ -96.82297, 32.98956 ], [ -96.82297, 32.99003 ] ] ] } },
{ "type": "Feature", "properties": { "area_acres": 0.43 }, "geometry": { "type": "Polygon", "coordinates": [ [ [ -96.82278, 32.99005 ], [ -96.82278, 32.99016 ], [ -96.82283, 32.99016 ], [ -96.82283, 32.9902 ], [ -96.82388, 32.99021 ], [ -96.82389, 32.99005 ], [ -96.82278, 32.99005 ] ] ] } },
{ "type": "Feature", "properties": { "area_acres": 0.16 }, "geometry": { "type": "Polygon", "coordinates": [ [ [ -96.75221, 32.79784 ], [ -96.75211, 32.79775 ], [ -96.75244, 32.79746 ], [ -96.75254, 32.79756 ], [ -96.75221, 32.79784 ] ] ] } },
{ "type": "Feature", "properties": { "area_acres": 1.16 }, "geometry": { "type": "Polygon", "coordinates": [ [ [ -96.80351, 32.72152 ], [ -96.8037, 32.72114 ], [ -96.80438, 32.7211 ], [ -96.80436, 32.7207 ], [ -96.80461, 32.7207 ], [ -96.80461, 32.72081 ], [ -96.80483, 32.72086 ], [ -96.80483, 32.72108 ], [ -96.80465, 32.72108 ], [ -96.80451, 32.72116 ], [ -96.80454, 32.72138 ], [ -96.80351, 32.72152 ] ] ] } },
{ "type": "Feature", "properties": { "area_acres": 0.6 }, "geometry": { "type": "Polygon", "coordinates": [ [ [ -96.73053, 32.68979 ], [ -96.73069, 32.69003 ], [ -96.73139, 32.6897 ], [ -96.73121, 32.68946 ], [ -96.73097, 32.68958 ], [ -96.73092, 32.68953 ], [ -96.73078, 32.6896 ], [ -96.73081, 32.68966 ], [ -96.73053, 32.68979 ] ] ] } },
{ "type": "Feature", "properties": { "area_acres": 0.58 }, "geometry": { "type": "Polygon", "coordinates": [ [ [ -96.77746, 32.87143 ], [ -96.77691, 32.87143 ], [ -96.77691, 32.87103 ], [ -96.77747, 32.87103 ], [ -96.77746, 32.87143 ] ] ] } },
{ "type": "Feature", "properties": { "area_acres": 0.2 }, "geometry": { "type": "Polygon", "coordinates": [ [ [ -96.77764, 32.87093 ], [ -96.77742, 32.87093 ], [ -96.77743, 32.87058 ], [ -96.77765, 32.87058 ], [ -96.77764, 32.87093 ] ] ] } },
{ "type": "Feature", "properties": { "area_acres": 0.18 }, "geometry": { "type": "Polygon", "coordinates": [ [ [ -96.85901, 32.67761 ], [ -96.8591, 32.67769 ], [ -96.85913, 32.67783 ], [ -96.85894, 32.67798 ], [ -96.8588, 32.67786 ], [ -96.85884, 32.67783 ], [ -96.8588, 32.67779 ], [ -96.85901, 32.67761 ] ] ] } },
{ "type": "Feature", "properties": { "area_acres": 0.64 }, "geometry": { "type": "Polygon", "coordinates": [ [ [ -96.85975, 32.67671 ], [ -96.85949, 32.6765 ], [ -96.85986, 32.67619 ], [ -96.86039, 32.67664 ], [ -96.86021, 32.6768 ], [ -96.85993, 32.67656 ], [ -96.85982, 32.67672 ], [ -96.85975, 32.67671 ] ] ] } },
{ "type": "Feature", "properties": { "area_acres": 0.09 }, "geometry": { "type": "Polygon", "coordinates": [ [ [ -96.84383, 32.80365 ], [ -96.84376, 32.80368 ], [ -96.84402, 32.8041 ], [ -96.84409, 32.80407 ], [ -96.84383, 32.80365 ] ] ] } },
{ "type": "Feature", "properties": { "area_acres": 0.34 }, "geometry": { "type": "Polygon", "coordinates": [ [ [ -96.89366, 32.74847 ], [ -96.89366, 32.74876 ], [ -96.89326, 32.74876 ], [ -96.89327, 32.74838 ], [ -96.89366, 32.74847 ] ] ] } },
{ "type": "Feature", "properties": { "area_acres": 0.66 }, "geometry": { "type": "Polygon", "coordinates": [ [ [ -96.81472, 32.75012 ], [ -96.81479, 32.75007 ], [ -96.81479, 32.74965 ], [ -96.81424, 32.74965 ], [ -96.81424, 32.75013 ], [ -96.81472, 32.75012 ] ] ] } },
{ "type": "Feature", "properties": { "area_acres": 0.67 }, "geometry": { "type": "Polygon", "coordinates": [ [ [ -96.81322, 32.75013 ], [ -96.81292, 32.75013 ], [ -96.81292, 32.75006 ], [ -96.81286, 32.75006 ], [ -96.81286, 32.74943 ], [ -96.81293, 32.74943 ], [ -96.81293, 32.74936 ], [ -96.81321, 32.74936 ], [ -96.81322, 32.75013 ] ] ] } },
{ "type": "Feature", "properties": { "area_acres": 0.47 }, "geometry": { "type": "Polygon", "coordinates": [ [ [ -96.81549, 32.75208 ], [ -96.81529, 32.75208 ], [ -96.81529, 32.75197 ], [ -96.81493, 32.75197 ], [ -96.81493, 32.75169 ], [ -96.81549, 32.75168 ], [ -96.81549, 32.75208 ] ] ] } },
{ "type": "Feature", "properties": { "area_acres": 0.51 }, "geometry": { "type": "Polygon", "coordinates": [ [ [ -96.89499, 32.78736 ], [ -96.89462, 32.78752 ], [ -96.89444, 32.78702 ], [ -96.89478, 32.78692 ], [ -96.89499, 32.78736 ] ] ] } },
{ "type": "Feature", "properties": { "area_acres": 1.15 }, "geometry": { "type": "Polygon", "coordinates": [ [ [ -96.865, 32.78695 ], [ -96.8644, 32.78751 ], [ -96.86396, 32.78718 ], [ -96.86456, 32.78662 ], [ -96.865, 32.78695 ] ] ] } },
{ "type": "Feature", "properties": { "area_acres": 0.17 }, "geometry": { "type": "Polygon", "coordinates": [ [ [ -96.86574, 32.78565 ], [ -96.86556, 32.78576 ], [ -96.86532, 32.78557 ], [ -96.8654, 32.78549 ], [ -96.86565, 32.78555 ], [ -96.86568, 32.78552 ], [ -96.86574, 32.78565 ] ] ] } },
{ "type": "Feature", "properties": { "area_acres": 0.23 }, "geometry": { "type": "Polygon", "coordinates": [ [ [ -96.86543, 32.78597 ], [ -96.86511, 32.78628 ], [ -96.86494, 32.78616 ], [ -96.86527, 32.78585 ], [ -96.86543, 32.78597 ] ] ] } },
{ "type": "Feature", "properties": { "area_acres": 0.5 }, "geometry": { "type": "Polygon", "coordinates": [ [ [ -96.86647, 32.78774 ], [ -96.86634, 32.78787 ], [ -96.86546, 32.78722 ], [ -96.86559, 32.78709 ], [ -96.86647, 32.78774 ] ] ] } },
{ "type": "Feature", "properties": { "area_acres": 0.68 }, "geometry": { "type": "Polygon", "coordinates": [ [ [ -96.86743, 32.7862 ], [ -96.86722, 32.78648 ], [ -96.86636, 32.78586 ], [ -96.86647, 32.78575 ], [ -96.86684, 32.78603 ], [ -96.867, 32.78588 ], [ -96.86743, 32.7862 ] ] ] } },
{ "type": "Feature", "properties": { "area_acres": 1.49 }, "geometry": { "type": "Polygon", "coordinates": [ [ [ -96.76841, 32.90596 ], [ -96.76803, 32.90595 ], [ -96.76802, 32.90591 ], [ -96.76706, 32.90595 ], [ -96.76657, 32.90497 ], [ -96.76697, 32.90469 ], [ -96.76711, 32.90482 ], [ -96.76708, 32.90484 ], [ -96.76712, 32.90488 ], [ -96.76707, 32.90492 ], [ -96.76703, 32.90487 ], [ -96.76681, 32.90502 ], [ -96.7672, 32.90578 ], [ -96.76734, 32.90578 ], [ -96.76734, 32.90573 ], [ -96.76782, 32.90577 ], [ -96.76787, 32.90555 ], [ -96.76843, 32.90573 ], [ -96.76841, 32.90596 ] ] ] } },
{ "type": "Feature", "properties": { "area_acres": 0.21 }, "geometry": { "type": "Polygon", "coordinates": [ [ [ -96.76974, 32.90155 ], [ -96.7696, 32.90143 ], [ -96.76965, 32.90139 ], [ -96.7696, 32.90135 ], [ -96.76974, 32.90122 ], [ -96.76979, 32.90125 ], [ -96.76983, 32.9012 ], [ -96.76998, 32.90132 ], [ -96.76994, 32.90136 ], [ -96.76999, 32.90145 ], [ -96.7698, 32.90149 ], [ -96.76974, 32.90155 ] ] ] } },
{ "type": "Feature", "properties": { "area_acres": 0.17 }, "geometry": { "type": "Polygon", "coordinates": [ [ [ -96.87339, 32.88498 ], [ -96.8734, 32.8849 ], [ -96.87323, 32.88493 ], [ -96.87295, 32.88509 ], [ -96.87294, 32.88518 ], [ -96.87312, 32.88518 ], [ -96.87339, 32.88498 ] ] ] } },
{ "type": "Feature", "properties": { "area_acres": 3.02 }, "geometry": { "type": "Polygon", "coordinates": [ [ [ -96.83407, 32.81042 ], [ -96.83382, 32.81021 ], [ -96.83366, 32.81034 ], [ -96.83358, 32.81028 ], [ -96.83343, 32.8104 ], [ -96.83298, 32.81005 ], [ -96.83348, 32.80956 ], [ -96.83363, 32.80956 ], [ -96.83407, 32.80994 ], [ -96.83421, 32.80982 ], [ -96.83355, 32.80934 ], [ -96.83267, 32.81004 ], [ -96.83312, 32.81041 ], [ -96.83249, 32.81095 ], [ -96.83293, 32.81137 ], [ -96.83407, 32.81042 ] ] ] } },
{ "type": "Feature", "properties": { "area_acres": 2.32 }, "geometry": { "type": "Polygon", "coordinates": [ [ [ -96.77032, 32.95162 ], [ -96.77073, 32.95161 ], [ -96.77073, 32.95294 ], [ -96.76966, 32.95294 ], [ -96.76965, 32.9524 ], [ -96.77032, 32.9524 ], [ -96.77032, 32.95162 ] ] ] } },
{ "type": "Feature", "properties": { "area_acres": 2.48 }, "geometry": { "type": "Polygon", "coordinates": [ [ [ -96.72516, 32.92308 ], [ -96.72618, 32.92308 ], [ -96.72616, 32.92211 ], [ -96.72516, 32.92212 ], [ -96.72516, 32.92308 ] ] ] } },
{ "type": "Feature", "properties": { "area_acres": 1.39 }, "geometry": { "type": "Polygon", "coordinates": [ [ [ -96.7274, 32.92284 ], [ -96.72663, 32.92284 ], [ -96.72663, 32.92252 ], [ -96.7262, 32.92252 ], [ -96.72621, 32.92321 ], [ -96.7266, 32.9232 ], [ -96.72661, 32.92316 ], [ -96.72742, 32.92316 ], [ -96.7274, 32.92284 ] ] ] } },
{ "type": "Feature", "properties": { "area_acres": 0.13 }, "geometry": { "type": "Polygon", "coordinates": [ [ [ -96.70755, 32.92005 ], [ -96.70755, 32.91995 ], [ -96.70705, 32.91994 ], [ -96.70705, 32.92004 ], [ -96.70755, 32.92005 ] ] ] } },
{ "type": "Feature", "properties": { "area_acres": 0.54 }, "geometry": { "type": "Polygon", "coordinates": [ [ [ -96.70601, 32.92137 ], [ -96.7058, 32.92136 ], [ -96.70583, 32.92032 ], [ -96.70603, 32.92033 ], [ -96.70601, 32.92137 ] ] ] } },
{ "type": "Feature", "properties": { "area_acres": 0.65 }, "geometry": { "type": "Polygon", "coordinates": [ [ [ -96.70587, 32.92377 ], [ -96.70574, 32.92377 ], [ -96.70575, 32.92305 ], [ -96.70585, 32.92288 ], [ -96.70606, 32.92279 ], [ -96.70682, 32.92279 ], [ -96.70682, 32.9229 ], [ -96.70606, 32.9229 ], [ -96.70596, 32.92294 ], [ -96.70588, 32.92307 ], [ -96.70588, 32.92313 ], [ -96.70593, 32.92314 ], [ -96.70594, 32.92364 ], [ -96.70587, 32.92377 ] ] ] } },
{ "type": "Feature", "properties": { "area_acres": 0.38 }, "geometry": { "type": "Polygon", "coordinates": [ [ [ -96.70874, 32.92386 ], [ -96.70874, 32.92368 ], [ -96.70793, 32.92368 ], [ -96.70793, 32.92386 ], [ -96.70874, 32.92386 ] ] ] } },
{ "type": "Feature", "properties": { "area_acres": 1.39 }, "geometry": { "type": "Polygon", "coordinates": [ [ [ -96.72705, 32.91984 ], [ -96.72683, 32.91925 ], [ -96.72701, 32.91919 ], [ -96.727, 32.91913 ], [ -96.72645, 32.91929 ], [ -96.72601, 32.91955 ], [ -96.72658, 32.92009 ], [ -96.72705, 32.91984 ] ] ] } },
{ "type": "Feature", "properties": { "area_acres": 0.51 }, "geometry": { "type": "Polygon", "coordinates": [ [ [ -96.72596, 32.91902 ], [ -96.72564, 32.91925 ], [ -96.72527, 32.91888 ], [ -96.72558, 32.91865 ], [ -96.72596, 32.91902 ] ] ] } },
{ "type": "Feature", "properties": { "area_acres": 0.33 }, "geometry": { "type": "Polygon", "coordinates": [ [ [ -96.7764, 32.7848 ], [ -96.77654, 32.78494 ], [ -96.77594, 32.78507 ], [ -96.77588, 32.78489 ], [ -96.77615, 32.78483 ], [ -96.77611, 32.7847 ], [ -96.77617, 32.78472 ], [ -96.77627, 32.78467 ], [ -96.77631, 32.78481 ], [ -96.7764, 32.7848 ] ] ] } },
{ "type": "Feature", "properties": { "area_acres": 0.22 }, "geometry": { "type": "Polygon", "coordinates": [ [ [ -96.76667, 32.88321 ], [ -96.76668, 32.88308 ], [ -96.76661, 32.88309 ], [ -96.76658, 32.88295 ], [ -96.76637, 32.88294 ], [ -96.76638, 32.88326 ], [ -96.7666, 32.88327 ], [ -96.76667, 32.88321 ] ] ] } },
{ "type": "Feature", "properties": { "area_acres": 0.85 }, "geometry": { "type": "Polygon", "coordinates": [ [ [ -96.98756, 32.93862 ], [ -96.98782, 32.93828 ], [ -96.98712, 32.93791 ], [ -96.98686, 32.93825 ], [ -96.98756, 32.93862 ] ] ] } },
{ "type": "Feature", "properties": { "area_acres": 1.77 }, "geometry": { "type": "Polygon", "coordinates": [ [ [ -96.98935, 32.93911 ], [ -96.98979, 32.93936 ], [ -96.98972, 32.93949 ], [ -96.98976, 32.93951 ], [ -96.98966, 32.93965 ], [ -96.9896, 32.93964 ], [ -96.98963, 32.93967 ], [ -96.98969, 32.93965 ], [ -96.98974, 32.93974 ], [ -96.98969, 32.93976 ], [ -96.98971, 32.93984 ], [ -96.98871, 32.94032 ], [ -96.98869, 32.94028 ], [ -96.98851, 32.94025 ], [ -96.98935, 32.93911 ] ] ] } },
{ "type": "Feature", "properties": { "area_acres": 0.1 }, "geometry": { "type": "Polygon", "coordinates": [ [ [ -96.9562, 32.66462 ], [ -96.95629, 32.66448 ], [ -96.95608, 32.66438 ], [ -96.95599, 32.66452 ], [ -96.9562, 32.66462 ] ] ] } },
{ "type": "Feature", "properties": { "area_acres": 0.31 }, "geometry": { "type": "Polygon", "coordinates": [ [ [ -96.82512, 32.74846 ], [ -96.82512, 32.74812 ], [ -96.82477, 32.74811 ], [ -96.82477, 32.74846 ], [ -96.82512, 32.74846 ] ] ] } },
{ "type": "Feature", "properties": { "area_acres": 0.6 }, "geometry": { "type": "Polygon", "coordinates": [ [ [ -96.79291, 32.76567 ], [ -96.7932, 32.76539 ], [ -96.79275, 32.76506 ], [ -96.79243, 32.76535 ], [ -96.79291, 32.76567 ] ] ] } },
{ "type": "Feature", "properties": { "area_acres": 0.97 }, "geometry": { "type": "Polygon", "coordinates": [ [ [ -96.78932, 32.78529 ], [ -96.78879, 32.78569 ], [ -96.78828, 32.78527 ], [ -96.78896, 32.78497 ], [ -96.78932, 32.78529 ] ] ] } },
{ "type": "Feature", "properties": { "area_acres": 0.15 }, "geometry": { "type": "Polygon", "coordinates": [ [ [ -96.80058, 32.78284 ], [ -96.80054, 32.78263 ], [ -96.80026, 32.78269 ], [ -96.80032, 32.78289 ], [ -96.80058, 32.78284 ] ] ] } },
{ "type": "Feature", "properties": { "area_acres": 0.12 }, "geometry": { "type": "Polygon", "coordinates": [ [ [ -96.81841, 32.93229 ], [ -96.81821, 32.93229 ], [ -96.81821, 32.93205 ], [ -96.81841, 32.93205 ], [ -96.81841, 32.93229 ] ] ] } },
{ "type": "Feature", "properties": { "area_acres": 0.51 }, "geometry": { "type": "Polygon", "coordinates": [ [ [ -96.81823, 32.93183 ], [ -96.81823, 32.93128 ], [ -96.81859, 32.93128 ], [ -96.8186, 32.93183 ], [ -96.81823, 32.93183 ] ] ] } },
{ "type": "Feature", "properties": { "area_acres": 0.25 }, "geometry": { "type": "Polygon", "coordinates": [ [ [ -96.7824, 32.78279 ], [ -96.78232, 32.78251 ], [ -96.78263, 32.78245 ], [ -96.78271, 32.78274 ], [ -96.7824, 32.78279 ] ] ] } },
{ "type": "Feature", "properties": { "area_acres": 0.16 }, "geometry": { "type": "Polygon", "coordinates": [ [ [ -96.78613, 32.7838 ], [ -96.78604, 32.78354 ], [ -96.78628, 32.78349 ], [ -96.78635, 32.78374 ], [ -96.78613, 32.7838 ] ] ] } },
{ "type": "Feature", "properties": { "area_acres": 0.45 }, "geometry": { "type": "Polygon", "coordinates": [ [ [ -96.80977, 32.86472 ], [ -96.80915, 32.86472 ], [ -96.80914, 32.86444 ], [ -96.80977, 32.86444 ], [ -96.80977, 32.86472 ] ] ] } },
{ "type": "Feature", "properties": { "area_acres": 0.15 }, "geometry": { "type": "Polygon", "coordinates": [ [ [ -96.7814, 32.78311 ], [ -96.78144, 32.78325 ], [ -96.78182, 32.7832 ], [ -96.78177, 32.78304 ], [ -96.7814, 32.78311 ] ] ] } },
{ "type": "Feature", "properties": { "area_acres": 0.76 }, "geometry": { "type": "Polygon", "coordinates": [ [ [ -96.82301, 32.79762 ], [ -96.82283, 32.79764 ], [ -96.82218, 32.79733 ], [ -96.82295, 32.79696 ], [ -96.82301, 32.79762 ] ] ] } },
{ "type": "Feature", "properties": { "area_acres": 1.33 }, "geometry": { "type": "Polygon", "coordinates": [ [ [ -96.78985, 32.78541 ], [ -96.78967, 32.78526 ], [ -96.78959, 32.78466 ], [ -96.79024, 32.78449 ], [ -96.79042, 32.7844 ], [ -96.79074, 32.78467 ], [ -96.79047, 32.78488 ], [ -96.79024, 32.78465 ], [ -96.78999, 32.78484 ], [ -96.79026, 32.78507 ], [ -96.78985, 32.78541 ] ] ] } },
{ "type": "Feature", "properties": { "area_acres": 0.6 }, "geometry": { "type": "Polygon", "coordinates": [ [ [ -96.7866, 32.78343 ], [ -96.78667, 32.7837 ], [ -96.7875, 32.78351 ], [ -96.78742, 32.78325 ], [ -96.7866, 32.78343 ] ] ] } },
{ "type": "Feature", "properties": { "area_acres": 0.29 }, "geometry": { "type": "Polygon", "coordinates": [ [ [ -96.83165, 32.84011 ], [ -96.83135, 32.84011 ], [ -96.83136, 32.83974 ], [ -96.83166, 32.83974 ], [ -96.83165, 32.84011 ] ] ] } },
{ "type": "Feature", "properties": { "area_acres": 0.26 }, "geometry": { "type": "Polygon", "coordinates": [ [ [ -96.83169, 32.83972 ], [ -96.83129, 32.83972 ], [ -96.83129, 32.83947 ], [ -96.83169, 32.83947 ], [ -96.83169, 32.83972 ] ] ] } },
{ "type": "Feature", "properties": { "area_acres": 0.38 }, "geometry": { "type": "Polygon", "coordinates": [ [ [ -96.80927, 32.86404 ], [ -96.80908, 32.86404 ], [ -96.80907, 32.86368 ], [ -96.80975, 32.86368 ], [ -96.80974, 32.86384 ], [ -96.80927, 32.86384 ], [ -96.80927, 32.86404 ] ] ] } },
{ "type": "Feature", "properties": { "area_acres": 0.21 }, "geometry": { "type": "Polygon", "coordinates": [ [ [ -96.81722, 32.9577 ], [ -96.81695, 32.9577 ], [ -96.81695, 32.95749 ], [ -96.81702, 32.95737 ], [ -96.81722, 32.95737 ], [ -96.81722, 32.9577 ] ] ] } },
{ "type": "Feature", "properties": { "area_acres": 7.66 }, "geometry": { "type": "Polygon", "coordinates": [ [ [ -96.81828, 32.95986 ], [ -96.81697, 32.96069 ], [ -96.81687, 32.96054 ], [ -96.81692, 32.9578 ], [ -96.81792, 32.95783 ], [ -96.818, 32.95798 ], [ -96.81806, 32.95798 ], [ -96.81801, 32.95858 ], [ -96.81796, 32.95862 ], [ -96.81776, 32.95862 ], [ -96.81776, 32.95891 ], [ -96.81805, 32.95888 ], [ -96.81832, 32.95969 ], [ -96.81825, 32.95981 ], [ -96.81828, 32.95986 ] ] ] } },
{ "type": "Feature", "properties": { "area_acres": 4.2 }, "geometry": { "type": "Polygon", "coordinates": [ [ [ -96.81671, 32.96036 ], [ -96.81592, 32.96035 ], [ -96.81592, 32.9603 ], [ -96.81571, 32.96032 ], [ -96.81553, 32.96001 ], [ -96.81511, 32.95958 ], [ -96.81523, 32.95508 ], [ -96.81537, 32.95508 ], [ -96.81532, 32.95769 ], [ -96.8161, 32.9577 ], [ -96.8161, 32.95799 ], [ -96.81533, 32.95798 ], [ -96.81531, 32.95948 ], [ -96.81559, 32.95979 ], [ -96.81675, 32.95986 ], [ -96.81671, 32.96036 ] ] ] } },
{ "type": "Feature", "properties": { "area_acres": 0.57 }, "geometry": { "type": "Polygon", "coordinates": [ [ [ -96.8164, 32.96086 ], [ -96.81632, 32.96088 ], [ -96.8163, 32.96082 ], [ -96.81597, 32.96091 ], [ -96.81588, 32.96042 ], [ -96.81601, 32.96042 ], [ -96.81601, 32.96037 ], [ -96.81638, 32.96038 ], [ -96.8164, 32.96086 ] ] ] } },
{ "type": "Feature", "properties": { "area_acres": 0.25 }, "geometry": { "type": "Polygon", "coordinates": [ [ [ -96.92243, 32.86647 ], [ -96.92232, 32.86658 ], [ -96.92233, 32.86669 ], [ -96.92264, 32.86669 ], [ -96.92268, 32.86663 ], [ -96.92282, 32.86663 ], [ -96.92283, 32.86646 ], [ -96.92243, 32.86647 ] ] ] } },
{ "type": "Feature", "properties": { "area_acres": 0.15 }, "geometry": { "type": "Polygon", "coordinates": [ [ [ -96.91593, 32.85839 ], [ -96.91575, 32.85839 ], [ -96.91575, 32.85806 ], [ -96.91593, 32.85806 ], [ -96.91593, 32.85839 ] ] ] } },
{ "type": "Feature", "properties": { "area_acres": 0.15 }, "geometry": { "type": "Polygon", "coordinates": [ [ [ -96.76329, 32.77744 ], [ -96.763, 32.77768 ], [ -96.76304, 32.77771 ], [ -96.76321, 32.77774 ], [ -96.76343, 32.77755 ], [ -96.76329, 32.77744 ] ] ] } },
{ "type": "Feature", "properties": { "area_acres": 0.19 }, "geometry": { "type": "Polygon", "coordinates": [ [ [ -96.81075, 32.80999 ], [ -96.81061, 32.80987 ], [ -96.81092, 32.80961 ], [ -96.81106, 32.80973 ], [ -96.81075, 32.80999 ] ] ] } },
{ "type": "Feature", "properties": { "area_acres": 1.57 }, "geometry": { "type": "Polygon", "coordinates": [ [ [ -96.71812, 32.8598 ], [ -96.71709, 32.85914 ], [ -96.71643, 32.85861 ], [ -96.71596, 32.85801 ], [ -96.71577, 32.8576 ], [ -96.71598, 32.85756 ], [ -96.71632, 32.85819 ], [ -96.71679, 32.85869 ], [ -96.71815, 32.8596 ], [ -96.71812, 32.8598 ] ] ] } },
{ "type": "Feature", "properties": { "area_acres": 0.38 }, "geometry": { "type": "Polygon", "coordinates": [ [ [ -96.79108, 32.76564 ], [ -96.79182, 32.76565 ], [ -96.79184, 32.76568 ], [ -96.79147, 32.766 ], [ -96.79108, 32.76564 ] ] ] } },
{ "type": "Feature", "properties": { "area_acres": 0.54 }, "geometry": { "type": "Polygon", "coordinates": [ [ [ -96.79103, 32.76579 ], [ -96.79069, 32.76605 ], [ -96.79091, 32.76625 ], [ -96.791, 32.76618 ], [ -96.79121, 32.76637 ], [ -96.79145, 32.76619 ], [ -96.79103, 32.76579 ] ] ] } },
{ "type": "Feature", "properties": { "area_acres": 0.43 }, "geometry": { "type": "Polygon", "coordinates": [ [ [ -96.84903, 33.00481 ], [ -96.84908, 33.00442 ], [ -96.84867, 33.00442 ], [ -96.8486, 33.0048 ], [ -96.84903, 33.00481 ] ] ] } },
{ "type": "Feature", "properties": { "area_acres": 0.44 }, "geometry": { "type": "Polygon", "coordinates": [ [ [ -96.84818, 33.00484 ], [ -96.84821, 33.00468 ], [ -96.84722, 33.00443 ], [ -96.84716, 33.00459 ], [ -96.84818, 33.00484 ] ] ] } },
{ "type": "Feature", "properties": { "area_acres": 0.32 }, "geometry": { "type": "Polygon", "coordinates": [ [ [ -96.84671, 33.00445 ], [ -96.84677, 33.0043 ], [ -96.84611, 33.0041 ], [ -96.84609, 33.00414 ], [ -96.84601, 33.00411 ], [ -96.84596, 33.00423 ], [ -96.84671, 33.00445 ] ] ] } },
{ "type": "Feature", "properties": { "area_acres": 1.92 }, "geometry": { "type": "Polygon", "coordinates": [ [ [ -96.94741, 32.70896 ], [ -96.94658, 32.70888 ], [ -96.94702, 32.708 ], [ -96.94715, 32.70802 ], [ -96.94717, 32.70797 ], [ -96.94777, 32.70804 ], [ -96.94741, 32.70896 ] ] ] } },
{ "type": "Feature", "properties": { "area_acres": 0.36 }, "geometry": { "type": "Polygon", "coordinates": [ [ [ -96.9441, 32.70697 ], [ -96.9438, 32.70697 ], [ -96.94377, 32.70675 ], [ -96.94368, 32.70662 ], [ -96.94413, 32.70663 ], [ -96.94413, 32.70669 ], [ -96.94419, 32.70669 ], [ -96.94419, 32.70689 ], [ -96.94409, 32.70692 ], [ -96.9441, 32.70697 ] ] ] } },
{ "type": "Feature", "properties": { "area_acres": 1.3 }, "geometry": { "type": "Polygon", "coordinates": [ [ [ -96.94746, 32.70729 ], [ -96.94703, 32.70756 ], [ -96.94635, 32.70673 ], [ -96.94619, 32.70667 ], [ -96.9466, 32.70642 ], [ -96.94668, 32.70654 ], [ -96.94664, 32.70656 ], [ -96.94746, 32.70729 ] ] ] } },
{ "type": "Feature", "properties": { "area_acres": 0.15 }, "geometry": { "type": "Polygon", "coordinates": [ [ [ -96.94806, 32.70705 ], [ -96.94778, 32.70713 ], [ -96.9477, 32.70695 ], [ -96.94802, 32.70687 ], [ -96.94806, 32.70705 ] ] ] } },
{ "type": "Feature", "properties": { "area_acres": 0.48 }, "geometry": { "type": "Polygon", "coordinates": [ [ [ -96.94592, 32.70782 ], [ -96.94573, 32.70777 ], [ -96.94546, 32.70871 ], [ -96.94559, 32.70873 ], [ -96.94562, 32.70867 ], [ -96.94567, 32.70868 ], [ -96.94592, 32.70782 ] ] ] } },
{ "type": "Feature", "properties": { "area_acres": 0.6 }, "geometry": { "type": "Polygon", "coordinates": [ [ [ -96.94619, 32.71068 ], [ -96.94563, 32.7095 ], [ -96.94546, 32.70957 ], [ -96.94595, 32.7106 ], [ -96.94601, 32.71058 ], [ -96.94608, 32.71071 ], [ -96.94619, 32.71068 ] ] ] } },
{ "type": "Feature", "properties": { "area_acres": 3.66 }, "geometry": { "type": "Polygon", "coordinates": [ [ [ -96.80257, 32.9273 ], [ -96.80337, 32.92731 ], [ -96.80338, 32.9282 ], [ -96.80125, 32.9282 ], [ -96.80122, 32.9273 ], [ -96.80187, 32.9273 ], [ -96.80187, 32.92802 ], [ -96.80254, 32.92802 ], [ -96.80254, 32.92778 ], [ -96.80263, 32.92778 ], [ -96.80257, 32.9273 ] ] ] } },
{ "type": "Feature", "properties": { "area_acres": 7.33 }, "geometry": { "type": "Polygon", "coordinates": [ [ [ -96.80622, 32.9235 ], [ -96.80622, 32.92312 ], [ -96.80643, 32.92312 ], [ -96.8065, 32.9232 ], [ -96.80651, 32.92387 ], [ -96.80606, 32.92387 ], [ -96.80607, 32.92515 ], [ -96.80656, 32.92522 ], [ -96.80656, 32.92533 ], [ -96.80545, 32.92518 ], [ -96.80546, 32.92465 ], [ -96.80539, 32.92465 ], [ -96.80542, 32.92429 ], [ -96.804, 32.92428 ], [ -96.80399, 32.92461 ], [ -96.8038, 32.92461 ], [ -96.80383, 32.92305 ], [ -96.80416, 32.92305 ], [ -96.80416, 32.92316 ], [ -96.80399, 32.92316 ], [ -96.80399, 32.92349 ], [ -96.80622, 32.9235 ] ] ] } },
{ "type": "Feature", "properties": { "area_acres": 0.33 }, "geometry": { "type": "Polygon", "coordinates": [ [ [ -96.80545, 32.92518 ], [ -96.80474, 32.92508 ], [ -96.80474, 32.9248 ], [ -96.80479, 32.9248 ], [ -96.80479, 32.925 ], [ -96.80497, 32.92502 ], [ -96.80497, 32.92496 ], [ -96.80545, 32.92492 ], [ -96.80545, 32.92518 ] ] ] } },
{ "type": "Feature", "properties": { "area_acres": 0.1 }, "geometry": { "type": "Polygon", "coordinates": [ [ [ -96.80285, 32.92474 ], [ -96.8026, 32.92474 ], [ -96.8026, 32.92457 ], [ -96.80284, 32.92457 ], [ -96.80285, 32.92474 ] ] ] } },
{ "type": "Feature", "properties": { "area_acres": 0.24 }, "geometry": { "type": "Polygon", "coordinates": [ [ [ -96.80231, 32.9247 ], [ -96.80197, 32.92464 ], [ -96.80172, 32.92452 ], [ -96.8019, 32.92441 ], [ -96.80203, 32.92448 ], [ -96.80235, 32.92454 ], [ -96.80231, 32.9247 ] ] ] } },
{ "type": "Feature", "properties": { "area_acres": 0.74 }, "geometry": { "type": "Polygon", "coordinates": [ [ [ -96.80262, 32.92351 ], [ -96.80262, 32.92314 ], [ -96.80294, 32.92315 ], [ -96.80294, 32.92302 ], [ -96.8034, 32.92303 ], [ -96.8034, 32.92342 ], [ -96.80295, 32.92342 ], [ -96.80283, 32.92351 ], [ -96.80262, 32.92351 ] ] ] } },
{ "type": "Feature", "properties": { "area_acres": 0.48 }, "geometry": { "type": "Polygon", "coordinates": [ [ [ -96.8034, 32.92259 ], [ -96.80244, 32.92259 ], [ -96.80243, 32.92296 ], [ -96.80267, 32.92296 ], [ -96.80267, 32.92279 ], [ -96.80282, 32.92272 ], [ -96.8034, 32.92272 ], [ -96.8034, 32.92259 ] ] ] } },
{ "type": "Feature", "properties": { "area_acres": 1.43 }, "geometry": { "type": "Polygon", "coordinates": [ [ [ -96.80341, 32.92159 ], [ -96.80242, 32.9216 ], [ -96.80241, 32.92249 ], [ -96.8034, 32.92249 ], [ -96.8034, 32.92229 ], [ -96.80276, 32.92229 ], [ -96.80277, 32.92178 ], [ -96.80341, 32.92178 ], [ -96.80341, 32.92159 ] ] ] } },
{ "type": "Feature", "properties": { "area_acres": 3.22 }, "geometry": { "type": "Polygon", "coordinates": [ [ [ -96.80188, 32.91032 ], [ -96.8029, 32.91031 ], [ -96.80307, 32.91051 ], [ -96.80359, 32.9105 ], [ -96.80356, 32.91153 ], [ -96.80338, 32.91153 ], [ -96.80338, 32.91129 ], [ -96.80274, 32.9113 ], [ -96.80254, 32.91108 ], [ -96.80203, 32.91066 ], [ -96.802, 32.91069 ], [ -96.80189, 32.91059 ], [ -96.80188, 32.91032 ] ] ] } },
{ "type": "Feature", "properties": { "area_acres": 0.68 }, "geometry": { "type": "Polygon", "coordinates": [ [ [ -96.80301, 32.90962 ], [ -96.80301, 32.90989 ], [ -96.80208, 32.9099 ], [ -96.80208, 32.90961 ], [ -96.80301, 32.90962 ] ] ] } },
{ "type": "Feature", "properties": { "area_acres": 0.81 }, "geometry": { "type": "Polygon", "coordinates": [ [ [ -96.80566, 32.91085 ], [ -96.80511, 32.91085 ], [ -96.80512, 32.91014 ], [ -96.80522, 32.91014 ], [ -96.80522, 32.91036 ], [ -96.80556, 32.91036 ], [ -96.80557, 32.91015 ], [ -96.80567, 32.91015 ], [ -96.80566, 32.91085 ] ] ] } },
{ "type": "Feature", "properties": { "area_acres": 1.33 }, "geometry": { "type": "Polygon", "coordinates": [ [ [ -96.80649, 32.91047 ], [ -96.80579, 32.91046 ], [ -96.80579, 32.91069 ], [ -96.8061, 32.91069 ], [ -96.8061, 32.91077 ], [ -96.8065, 32.91078 ], [ -96.8065, 32.91085 ], [ -96.80573, 32.91085 ], [ -96.80574, 32.91012 ], [ -96.80597, 32.91012 ], [ -96.80597, 32.90984 ], [ -96.80574, 32.90984 ], [ -96.80575, 32.90966 ], [ -96.80635, 32.90966 ], [ -96.80634, 32.90985 ], [ -96.80617, 32.90985 ], [ -96.80617, 32.91013 ], [ -96.8065, 32.91014 ], [ -96.80649, 32.91047 ] ] ] } },
{ "type": "Feature", "properties": { "area_acres": 0.23 }, "geometry": { "type": "Polygon", "coordinates": [ [ [ -96.80566, 32.90989 ], [ -96.80558, 32.90989 ], [ -96.80558, 32.90982 ], [ -96.80523, 32.90981 ], [ -96.80523, 32.9099 ], [ -96.80514, 32.90989 ], [ -96.80514, 32.90966 ], [ -96.80566, 32.90967 ], [ -96.80566, 32.90989 ] ] ] } },
{ "type": "Feature", "properties": { "area_acres": 0.26 }, "geometry": { "type": "Polygon", "coordinates": [ [ [ -96.80485, 32.91006 ], [ -96.80459, 32.91006 ], [ -96.80462, 32.90967 ], [ -96.8049, 32.90967 ], [ -96.80489, 32.90978 ], [ -96.80478, 32.90986 ], [ -96.80485, 32.90985 ], [ -96.80485, 32.91006 ] ] ] } },
{ "type": "Feature", "properties": { "area_acres": 1.46 }, "geometry": { "type": "Polygon", "coordinates": [ [ [ -96.8555, 32.89473 ], [ -96.85533, 32.89473 ], [ -96.85533, 32.89444 ], [ -96.85472, 32.89444 ], [ -96.85472, 32.89374 ], [ -96.85587, 32.89374 ], [ -96.85587, 32.89389 ], [ -96.85488, 32.89389 ], [ -96.85489, 32.89409 ], [ -96.85551, 32.89409 ], [ -96.85551, 32.89443 ], [ -96.85586, 32.89443 ], [ -96.85586, 32.89452 ], [ -96.8555, 32.89452 ], [ -96.8555, 32.89473 ] ] ] } },
{ "type": "Feature", "properties": { "area_acres": 0.17 }, "geometry": { "type": "Polygon", "coordinates": [ [ [ -96.80031, 32.95095 ], [ -96.80006, 32.95095 ], [ -96.79981, 32.95068 ], [ -96.80002, 32.95068 ], [ -96.80011, 32.95073 ], [ -96.80011, 32.95084 ], [ -96.80031, 32.95084 ], [ -96.80031, 32.95095 ] ] ] } },
{ "type": "Feature", "properties": { "area_acres": 0.06 }, "geometry": { "type": "Polygon", "coordinates": [ [ [ -96.79949, 32.95032 ], [ -96.79937, 32.95033 ], [ -96.79931, 32.95028 ], [ -96.79932, 32.95018 ], [ -96.79949, 32.95018 ], [ -96.79949, 32.95032 ] ] ] } },
{ "type": "Feature", "properties": { "area_acres": 0.28 }, "geometry": { "type": "Polygon", "coordinates": [ [ [ -96.80293, 32.95014 ], [ -96.80293, 32.95002 ], [ -96.80313, 32.95002 ], [ -96.80327, 32.95017 ], [ -96.80333, 32.95017 ], [ -96.80333, 32.9504 ], [ -96.80317, 32.95045 ], [ -96.8029, 32.95045 ], [ -96.80291, 32.95039 ], [ -96.80311, 32.95039 ], [ -96.80311, 32.95014 ], [ -96.80293, 32.95014 ] ] ] } },
{ "type": "Feature", "properties": { "area_acres": 0.05 }, "geometry": { "type": "Polygon", "coordinates": [ [ [ -96.80255, 32.95046 ], [ -96.80261, 32.95043 ], [ -96.80262, 32.95012 ], [ -96.80255, 32.95015 ], [ -96.80255, 32.95046 ] ] ] } },
{ "type": "Feature", "properties": { "area_acres": 3.86 }, "geometry": { "type": "Polygon", "coordinates": [ [ [ -96.80337, 32.95093 ], [ -96.80323, 32.95093 ], [ -96.80323, 32.95073 ], [ -96.80257, 32.95073 ], [ -96.80242, 32.95066 ], [ -96.80189, 32.95066 ], [ -96.80189, 32.95071 ], [ -96.80177, 32.95072 ], [ -96.80182, 32.95095 ], [ -96.80152, 32.95095 ], [ -96.80149, 32.9502 ], [ -96.80058, 32.95019 ], [ -96.80057, 32.95061 ], [ -96.80038, 32.95067 ], [ -96.80002, 32.95063 ], [ -96.79998, 32.95068 ], [ -96.79981, 32.95068 ], [ -96.79958, 32.95046 ], [ -96.79994, 32.95045 ], [ -96.79994, 32.95011 ], [ -96.80002, 32.9501 ], [ -96.80002, 32.95003 ], [ -96.80237, 32.95002 ], [ -96.80237, 32.95008 ], [ -96.80254, 32.95012 ], [ -96.80254, 32.95054 ], [ -96.80322, 32.95054 ], [ -96.80337, 32.95059 ], [ -96.80337, 32.95093 ] ] ] } },
{ "type": "Feature", "properties": { "area_acres": 0.28 }, "geometry": { "type": "Polygon", "coordinates": [ [ [ -96.8032, 32.95362 ], [ -96.803, 32.95358 ], [ -96.803, 32.95333 ], [ -96.80342, 32.95334 ], [ -96.80354, 32.95376 ], [ -96.80347, 32.95378 ], [ -96.80337, 32.95345 ], [ -96.8032, 32.95348 ], [ -96.8032, 32.95362 ] ] ] } },
{ "type": "Feature", "properties": { "area_acres": 1.77 }, "geometry": { "type": "Polygon", "coordinates": [ [ [ -96.80628, 32.95252 ], [ -96.80638, 32.95248 ], [ -96.8063, 32.95225 ], [ -96.80637, 32.95225 ], [ -96.80636, 32.95148 ], [ -96.80624, 32.95148 ], [ -96.80624, 32.9514 ], [ -96.80461, 32.95139 ], [ -96.80462, 32.95157 ], [ -96.80532, 32.95156 ], [ -96.80531, 32.95185 ], [ -96.8054, 32.95193 ], [ -96.80575, 32.95183 ], [ -96.80573, 32.95177 ], [ -96.80591, 32.95166 ], [ -96.806, 32.95177 ], [ -96.80628, 32.95252 ] ] ] } },
{ "type": "Feature", "properties": { "area_acres": 0.07 }, "geometry": { "type": "Polygon", "coordinates": [ [ [ -96.80395, 32.7824 ], [ -96.80415, 32.78233 ], [ -96.80434, 32.78251 ], [ -96.80438, 32.78248 ], [ -96.80416, 32.78227 ], [ -96.80392, 32.78235 ], [ -96.80395, 32.7824 ] ] ] } },
{ "type": "Feature", "properties": { "area_acres": 0.96 }, "geometry": { "type": "Polygon", "coordinates": [ [ [ -96.77429, 32.79716 ], [ -96.77481, 32.79675 ], [ -96.7748, 32.79668 ], [ -96.77429, 32.79623 ], [ -96.77412, 32.79638 ], [ -96.77433, 32.79657 ], [ -96.77396, 32.79687 ], [ -96.77429, 32.79716 ] ] ] } },
{ "type": "Feature", "properties": { "area_acres": 0.64 }, "geometry": { "type": "Polygon", "coordinates": [ [ [ -96.7727, 32.79381 ], [ -96.77224, 32.79341 ], [ -96.77256, 32.79314 ], [ -96.77302, 32.79354 ], [ -96.7727, 32.79381 ] ] ] } },
{ "type": "Feature", "properties": { "area_acres": 0.88 }, "geometry": { "type": "Polygon", "coordinates": [ [ [ -96.77372, 32.79414 ], [ -96.77348, 32.79433 ], [ -96.77335, 32.79422 ], [ -96.77322, 32.79433 ], [ -96.77275, 32.79392 ], [ -96.77312, 32.79362 ], [ -96.77372, 32.79414 ] ] ] } },
{ "type": "Feature", "properties": { "area_acres": 0.46 }, "geometry": { "type": "Polygon", "coordinates": [ [ [ -96.7858, 32.78801 ], [ -96.78618, 32.78776 ], [ -96.78622, 32.78756 ], [ -96.78627, 32.78759 ], [ -96.78641, 32.78749 ], [ -96.78625, 32.78734 ], [ -96.78573, 32.78772 ], [ -96.78585, 32.78786 ], [ -96.7857, 32.7879 ], [ -96.7858, 32.78801 ] ] ] } },
{ "type": "Feature", "properties": { "area_acres": 0.15 }, "geometry": { "type": "Polygon", "coordinates": [ [ [ -96.78577, 32.78744 ], [ -96.78553, 32.78762 ], [ -96.78539, 32.78749 ], [ -96.78563, 32.78731 ], [ -96.78577, 32.78744 ] ] ] } },
{ "type": "Feature", "properties": { "area_acres": 0.15 }, "geometry": { "type": "Polygon", "coordinates": [ [ [ -96.78586, 32.7873 ], [ -96.78606, 32.78716 ], [ -96.78588, 32.78698 ], [ -96.78568, 32.78712 ], [ -96.78586, 32.7873 ] ] ] } },
{ "type": "Feature", "properties": { "area_acres": 0.26 }, "geometry": { "type": "Polygon", "coordinates": [ [ [ -96.77843, 32.7752 ], [ -96.77833, 32.77507 ], [ -96.77767, 32.77545 ], [ -96.77776, 32.77556 ], [ -96.77801, 32.77536 ], [ -96.77805, 32.77541 ], [ -96.77843, 32.7752 ] ] ] } },
{ "type": "Feature", "properties": { "area_acres": 0.68 }, "geometry": { "type": "Polygon", "coordinates": [ [ [ -96.77919, 32.77307 ], [ -96.77865, 32.77337 ], [ -96.77862, 32.77267 ], [ -96.77874, 32.7725 ], [ -96.77919, 32.77307 ] ] ] } },
{ "type": "Feature", "properties": { "area_acres": 0.5 }, "geometry": { "type": "Polygon", "coordinates": [ [ [ -96.7776, 32.77168 ], [ -96.77743, 32.77149 ], [ -96.77705, 32.77171 ], [ -96.77696, 32.77161 ], [ -96.77763, 32.7712 ], [ -96.77789, 32.7715 ], [ -96.7776, 32.77168 ] ] ] } },
{ "type": "Feature", "properties": { "area_acres": 0.42 }, "geometry": { "type": "Polygon", "coordinates": [ [ [ -96.77248, 32.77262 ], [ -96.77216, 32.77289 ], [ -96.77185, 32.77263 ], [ -96.77217, 32.77236 ], [ -96.77248, 32.77262 ] ] ] } },
{ "type": "Feature", "properties": { "area_acres": 0.22 }, "geometry": { "type": "Polygon", "coordinates": [ [ [ -96.77765, 32.76635 ], [ -96.77771, 32.7664 ], [ -96.77804, 32.76611 ], [ -96.77783, 32.76593 ], [ -96.77769, 32.76605 ], [ -96.77774, 32.76609 ], [ -96.77769, 32.76619 ], [ -96.77776, 32.76625 ], [ -96.77765, 32.76635 ] ] ] } },
{ "type": "Feature", "properties": { "area_acres": 0.27 }, "geometry": { "type": "Polygon", "coordinates": [ [ [ -96.77778, 32.7659 ], [ -96.77744, 32.76618 ], [ -96.77726, 32.76602 ], [ -96.7776, 32.76574 ], [ -96.77778, 32.7659 ] ] ] } },
{ "type": "Feature", "properties": { "area_acres": 0.22 }, "geometry": { "type": "Polygon", "coordinates": [ [ [ -96.77909, 32.76229 ], [ -96.77924, 32.76242 ], [ -96.77892, 32.7627 ], [ -96.77874, 32.76259 ], [ -96.77909, 32.76229 ] ] ] } },
{ "type": "Feature", "properties": { "area_acres": 0.31 }, "geometry": { "type": "Polygon", "coordinates": [ [ [ -96.77837, 32.75973 ], [ -96.77815, 32.75992 ], [ -96.77783, 32.75965 ], [ -96.77806, 32.75946 ], [ -96.77837, 32.75973 ] ] ] } },
{ "type": "Feature", "properties": { "area_acres": 0.75 }, "geometry": { "type": "Polygon", "coordinates": [ [ [ -96.78214, 32.75876 ], [ -96.7824, 32.7585 ], [ -96.78175, 32.75803 ], [ -96.78149, 32.75829 ], [ -96.78214, 32.75876 ] ] ] } },
{ "type": "Feature", "properties": { "area_acres": 1.16 }, "geometry": { "type": "Polygon", "coordinates": [ [ [ -96.81311, 32.77809 ], [ -96.8124, 32.77804 ], [ -96.81247, 32.77735 ], [ -96.81259, 32.77726 ], [ -96.81287, 32.77722 ], [ -96.8129, 32.77768 ], [ -96.81311, 32.77769 ], [ -96.81311, 32.77809 ] ] ] } },
{ "type": "Feature", "properties": { "area_acres": 0.9 }, "geometry": { "type": "Polygon", "coordinates": [ [ [ -96.8281, 32.79326 ], [ -96.82782, 32.79365 ], [ -96.82722, 32.79334 ], [ -96.82753, 32.79291 ], [ -96.82808, 32.79319 ], [ -96.82805, 32.79323 ], [ -96.8281, 32.79326 ] ] ] } },
{ "type": "Feature", "properties": { "area_acres": 0.28 }, "geometry": { "type": "Polygon", "coordinates": [ [ [ -96.887, 32.87758 ], [ -96.88666, 32.87739 ], [ -96.88667, 32.87721 ], [ -96.88705, 32.87715 ], [ -96.887, 32.87758 ] ] ] } },
{ "type": "Feature", "properties": { "area_acres": 0.25 }, "geometry": { "type": "Polygon", "coordinates": [ [ [ -96.88585, 32.87765 ], [ -96.8853, 32.8777 ], [ -96.88527, 32.87754 ], [ -96.88585, 32.87748 ], [ -96.88585, 32.87765 ] ] ] } },
{ "type": "Feature", "properties": { "area_acres": 0.14 }, "geometry": { "type": "Polygon", "coordinates": [ [ [ -96.88507, 32.87765 ], [ -96.88497, 32.87766 ], [ -96.88507, 32.87807 ], [ -96.88521, 32.87804 ], [ -96.88513, 32.87772 ], [ -96.88509, 32.87773 ], [ -96.88507, 32.87765 ] ] ] } },
{ "type": "Feature", "properties": { "area_acres": 0.16 }, "geometry": { "type": "Polygon", "coordinates": [ [ [ -96.88585, 32.87748 ], [ -96.88618, 32.87747 ], [ -96.88618, 32.87766 ], [ -96.88585, 32.87766 ], [ -96.88585, 32.87748 ] ] ] } },
{ "type": "Feature", "properties": { "area_acres": 0.15 }, "geometry": { "type": "Polygon", "coordinates": [ [ [ -96.88618, 32.87747 ], [ -96.88649, 32.87746 ], [ -96.88649, 32.87766 ], [ -96.88618, 32.87766 ], [ -96.88618, 32.87747 ] ] ] } },
{ "type": "Feature", "properties": { "area_acres": 0.43 }, "geometry": { "type": "Polygon", "coordinates": [ [ [ -96.88649, 32.87746 ], [ -96.88666, 32.87739 ], [ -96.88712, 32.87764 ], [ -96.88711, 32.87768 ], [ -96.88704, 32.87777 ], [ -96.88655, 32.87777 ], [ -96.88649, 32.87766 ], [ -96.88649, 32.87746 ] ] ] } },
{ "type": "Feature", "properties": { "area_acres": 0.14 }, "geometry": { "type": "Polygon", "coordinates": [ [ [ -96.68049, 32.68037 ], [ -96.67996, 32.6801 ], [ -96.68001, 32.68003 ], [ -96.68054, 32.6803 ], [ -96.68049, 32.68037 ] ] ] } },
{ "type": "Feature", "properties": { "area_acres": 0.14 }, "geometry": { "type": "Polygon", "coordinates": [ [ [ -96.67848, 32.67965 ], [ -96.67848, 32.67956 ], [ -96.67912, 32.67959 ], [ -96.67909, 32.67967 ], [ -96.67848, 32.67965 ] ] ] } },
{ "type": "Feature", "properties": { "area_acres": 0.97 }, "geometry": { "type": "Polygon", "coordinates": [ [ [ -96.6817, 32.68112 ], [ -96.68178, 32.68102 ], [ -96.68172, 32.68097 ], [ -96.68184, 32.68082 ], [ -96.68098, 32.68032 ], [ -96.68086, 32.68042 ], [ -96.68065, 32.68031 ], [ -96.68058, 32.68041 ], [ -96.68073, 32.68049 ], [ -96.68077, 32.68059 ], [ -96.6817, 32.68112 ] ] ] } },
{ "type": "Feature", "properties": { "area_acres": 0.25 }, "geometry": { "type": "Polygon", "coordinates": [ [ [ -96.80343, 32.93351 ], [ -96.80342, 32.93338 ], [ -96.80321, 32.93339 ], [ -96.80321, 32.93315 ], [ -96.80342, 32.93306 ], [ -96.8035, 32.93313 ], [ -96.80354, 32.9335 ], [ -96.80343, 32.93351 ] ] ] } },
{ "type": "Feature", "properties": { "area_acres": 1.91 }, "geometry": { "type": "Polygon", "coordinates": [ [ [ -96.77853, 32.94888 ], [ -96.77793, 32.94889 ], [ -96.77738, 32.94903 ], [ -96.77749, 32.95017 ], [ -96.77851, 32.95007 ], [ -96.77851, 32.94987 ], [ -96.77793, 32.94992 ], [ -96.77791, 32.94981 ], [ -96.77783, 32.94982 ], [ -96.77778, 32.94933 ], [ -96.77786, 32.94932 ], [ -96.77782, 32.9491 ], [ -96.77852, 32.94906 ], [ -96.77853, 32.94888 ] ] ] } },
{ "type": "Feature", "properties": { "area_acres": 2.69 }, "geometry": { "type": "Polygon", "coordinates": [ [ [ -96.70159, 32.85622 ], [ -96.70164, 32.85583 ], [ -96.70265, 32.85593 ], [ -96.70241, 32.85723 ], [ -96.70239, 32.85765 ], [ -96.70224, 32.85765 ], [ -96.70224, 32.8572 ], [ -96.70119, 32.85719 ], [ -96.70132, 32.85677 ], [ -96.70167, 32.85683 ], [ -96.70227, 32.8568 ], [ -96.70237, 32.85632 ], [ -96.70159, 32.85622 ] ] ] } },
{ "type": "Feature", "properties": { "area_acres": 1.08 }, "geometry": { "type": "Polygon", "coordinates": [ [ [ -96.77599, 32.80796 ], [ -96.77571, 32.80772 ], [ -96.77535, 32.80801 ], [ -96.77609, 32.80864 ], [ -96.77566, 32.80897 ], [ -96.77582, 32.8091 ], [ -96.7766, 32.80845 ], [ -96.77644, 32.80833 ], [ -96.77618, 32.80854 ], [ -96.77602, 32.80841 ], [ -96.77598, 32.80844 ], [ -96.77573, 32.80817 ], [ -96.77599, 32.80796 ] ] ] } },
{ "type": "Feature", "properties": { "area_acres": 0.87 }, "geometry": { "type": "Polygon", "coordinates": [ [ [ -96.83846, 32.86859 ], [ -96.83834, 32.86813 ], [ -96.83904, 32.86799 ], [ -96.83919, 32.86857 ], [ -96.839, 32.8686 ], [ -96.83894, 32.86849 ], [ -96.83882, 32.86843 ], [ -96.8387, 32.86845 ], [ -96.83854, 32.8686 ], [ -96.83846, 32.86859 ] ] ] } },
{ "type": "Feature", "properties": { "area_acres": 0.35 }, "geometry": { "type": "Polygon", "coordinates": [ [ [ -96.8393, 32.86905 ], [ -96.83849, 32.8692 ], [ -96.83845, 32.86904 ], [ -96.83927, 32.86889 ], [ -96.8393, 32.86905 ] ] ] } },
{ "type": "Feature", "properties": { "area_acres": 0.42 }, "geometry": { "type": "Polygon", "coordinates": [ [ [ -96.83779, 32.73094 ], [ -96.83725, 32.73095 ], [ -96.83725, 32.73126 ], [ -96.83762, 32.73123 ], [ -96.83762, 32.73128 ], [ -96.83778, 32.73128 ], [ -96.83779, 32.73094 ] ] ] } },
{ "type": "Feature", "properties": { "area_acres": 0.24 }, "geometry": { "type": "Polygon", "coordinates": [ [ [ -96.83742, 32.7321 ], [ -96.83731, 32.73193 ], [ -96.83789, 32.73193 ], [ -96.83789, 32.7321 ], [ -96.83742, 32.7321 ] ] ] } },
{ "type": "Feature", "properties": { "area_acres": 1.97 }, "geometry": { "type": "Polygon", "coordinates": [ [ [ -96.98339, 32.95167 ], [ -96.98387, 32.95113 ], [ -96.98437, 32.95042 ], [ -96.98422, 32.95034 ], [ -96.98396, 32.95034 ], [ -96.98307, 32.95104 ], [ -96.9832, 32.95116 ], [ -96.98307, 32.95134 ], [ -96.98313, 32.95146 ], [ -96.98339, 32.95167 ] ] ] } },
{ "type": "Feature", "properties": { "area_acres": 0.13 }, "geometry": { "type": "Polygon", "coordinates": [ [ [ -96.80566, 32.75601 ], [ -96.80566, 32.75582 ], [ -96.80594, 32.75582 ], [ -96.80594, 32.75601 ], [ -96.80566, 32.75601 ] ] ] } },
{ "type": "Feature", "properties": { "area_acres": 0.08 }, "geometry": { "type": "Polygon", "coordinates": [ [ [ -96.79319, 32.74759 ], [ -96.79305, 32.7476 ], [ -96.79303, 32.74739 ], [ -96.79316, 32.74736 ], [ -96.79319, 32.74759 ] ] ] } },
{ "type": "Feature", "properties": { "area_acres": 0.32 }, "geometry": { "type": "Polygon", "coordinates": [ [ [ -96.78607, 32.74667 ], [ -96.78619, 32.74652 ], [ -96.78619, 32.74626 ], [ -96.78592, 32.74634 ], [ -96.78579, 32.74654 ], [ -96.78584, 32.74665 ], [ -96.78607, 32.74667 ] ] ] } },
{ "type": "Feature", "properties": { "area_acres": 0.64 }, "geometry": { "type": "Polygon", "coordinates": [ [ [ -96.73727, 32.70675 ], [ -96.73741, 32.707 ], [ -96.73658, 32.70731 ], [ -96.73644, 32.70705 ], [ -96.73727, 32.70675 ] ] ] } },
{ "type": "Feature", "properties": { "area_acres": 0.03 }, "geometry": { "type": "Polygon", "coordinates": [ [ [ -96.81736, 32.95771 ], [ -96.81743, 32.95771 ], [ -96.81743, 32.95751 ], [ -96.81737, 32.95751 ], [ -96.81736, 32.95771 ] ] ] } },
{ "type": "Feature", "properties": { "area_acres": 0.24 }, "geometry": { "type": "Polygon", "coordinates": [ [ [ -96.81812, 32.95777 ], [ -96.81795, 32.95769 ], [ -96.81802, 32.95749 ], [ -96.81776, 32.95749 ], [ -96.81776, 32.95737 ], [ -96.8181, 32.95737 ], [ -96.81819, 32.95743 ], [ -96.81812, 32.95777 ] ] ] } },
{ "type": "Feature", "properties": { "area_acres": 0.37 }, "geometry": { "type": "Polygon", "coordinates": [ [ [ -96.81921, 32.95829 ], [ -96.81859, 32.95828 ], [ -96.81859, 32.95824 ], [ -96.81845, 32.95823 ], [ -96.81846, 32.9579 ], [ -96.81861, 32.95789 ], [ -96.81859, 32.95799 ], [ -96.81864, 32.958 ], [ -96.81858, 32.95814 ], [ -96.81896, 32.95811 ], [ -96.81896, 32.95816 ], [ -96.81921, 32.95816 ], [ -96.81921, 32.95829 ] ] ] } },
{ "type": "Feature", "properties": { "area_acres": 0.38 }, "geometry": { "type": "Polygon", "coordinates": [ [ [ -96.81991, 32.95791 ], [ -96.81964, 32.95787 ], [ -96.81964, 32.95791 ], [ -96.81947, 32.95791 ], [ -96.81947, 32.95786 ], [ -96.81942, 32.95786 ], [ -96.81942, 32.95762 ], [ -96.81996, 32.95762 ], [ -96.81996, 32.95785 ], [ -96.81991, 32.95785 ], [ -96.81991, 32.95791 ] ] ] } },
{ "type": "Feature", "properties": { "area_acres": 0.12 }, "geometry": { "type": "Polygon", "coordinates": [ [ [ -96.83668, 32.7501 ], [ -96.83668, 32.74982 ], [ -96.83684, 32.74982 ], [ -96.83684, 32.7501 ], [ -96.83668, 32.7501 ] ] ] } },
{ "type": "Feature", "properties": { "area_acres": 0.29 }, "geometry": { "type": "Polygon", "coordinates": [ [ [ -96.8375, 32.74995 ], [ -96.83704, 32.74994 ], [ -96.83704, 32.75011 ], [ -96.83684, 32.7501 ], [ -96.83684, 32.74982 ], [ -96.83751, 32.74983 ], [ -96.8375, 32.74995 ] ] ] } },
{ "type": "Feature", "properties": { "area_acres": 0.3 }, "geometry": { "type": "Polygon", "coordinates": [ [ [ -96.83588, 32.74994 ], [ -96.83588, 32.74978 ], [ -96.83644, 32.74978 ], [ -96.83644, 32.74988 ], [ -96.8365, 32.74988 ], [ -96.8365, 32.75008 ], [ -96.83635, 32.75007 ], [ -96.83635, 32.74995 ], [ -96.83588, 32.74994 ] ] ] } },
{ "type": "Feature", "properties": { "area_acres": 0.21 }, "geometry": { "type": "Polygon", "coordinates": [ [ [ -96.837, 32.7494 ], [ -96.83698, 32.74923 ], [ -96.83673, 32.74923 ], [ -96.83673, 32.74908 ], [ -96.83713, 32.74908 ], [ -96.83712, 32.7494 ], [ -96.837, 32.7494 ] ] ] } },
{ "type": "Feature", "properties": { "area_acres": 0.11 }, "geometry": { "type": "Polygon", "coordinates": [ [ [ -96.83718, 32.7494 ], [ -96.83719, 32.74921 ], [ -96.83751, 32.74922 ], [ -96.8375, 32.74937 ], [ -96.83736, 32.74925 ], [ -96.83729, 32.74932 ], [ -96.83739, 32.7494 ], [ -96.83718, 32.7494 ] ] ] } },
{ "type": "Feature", "properties": { "area_acres": 0.09 }, "geometry": { "type": "Polygon", "coordinates": [ [ [ -96.83803, 32.74942 ], [ -96.83769, 32.74941 ], [ -96.83769, 32.74934 ], [ -96.83793, 32.74934 ], [ -96.83774, 32.74921 ], [ -96.83776, 32.74919 ], [ -96.83803, 32.74935 ], [ -96.83803, 32.74942 ] ] ] } },
{ "type": "Feature", "properties": { "area_acres": 0.13 }, "geometry": { "type": "Polygon", "coordinates": [ [ [ -96.80596, 32.78042 ], [ -96.80614, 32.78038 ], [ -96.80606, 32.78011 ], [ -96.80588, 32.78015 ], [ -96.80596, 32.78042 ] ] ] } },
{ "type": "Feature", "properties": { "area_acres": 0.27 }, "geometry": { "type": "Polygon", "coordinates": [ [ [ -96.80572, 32.77751 ], [ -96.80569, 32.77728 ], [ -96.80575, 32.77713 ], [ -96.8059, 32.77701 ], [ -96.80611, 32.77695 ], [ -96.80612, 32.7771 ], [ -96.8059, 32.77722 ], [ -96.80588, 32.77745 ], [ -96.80572, 32.77751 ] ] ] } },
{ "type": "Feature", "properties": { "area_acres": 1.3 }, "geometry": { "type": "Polygon", "coordinates": [ [ [ -96.80774, 32.77671 ], [ -96.80822, 32.77692 ], [ -96.80832, 32.77679 ], [ -96.80823, 32.77675 ], [ -96.80816, 32.77651 ], [ -96.80811, 32.77652 ], [ -96.80808, 32.77643 ], [ -96.80813, 32.77642 ], [ -96.80789, 32.77564 ], [ -96.80785, 32.77565 ], [ -96.80782, 32.77555 ], [ -96.80787, 32.77554 ], [ -96.80775, 32.77511 ], [ -96.80734, 32.77557 ], [ -96.80742, 32.77565 ], [ -96.80767, 32.77562 ], [ -96.80787, 32.77627 ], [ -96.8078, 32.77629 ], [ -96.80785, 32.77645 ], [ -96.80774, 32.77671 ] ] ] } },
{ "type": "Feature", "properties": { "area_acres": 0.31 }, "geometry": { "type": "Polygon", "coordinates": [ [ [ -96.79585, 32.76059 ], [ -96.79606, 32.7607 ], [ -96.79634, 32.76036 ], [ -96.79598, 32.76015 ], [ -96.79592, 32.76023 ], [ -96.79607, 32.76031 ], [ -96.79585, 32.76059 ] ] ] } },
{ "type": "Feature", "properties": { "area_acres": 1.55 }, "geometry": { "type": "Polygon", "coordinates": [ [ [ -96.79258, 32.7605 ], [ -96.79321, 32.76095 ], [ -96.79364, 32.76021 ], [ -96.79306, 32.75988 ], [ -96.79258, 32.7605 ] ] ] } },
{ "type": "Feature", "properties": { "area_acres": 2.33 }, "geometry": { "type": "Polygon", "coordinates": [ [ [ -96.76519, 32.99426 ], [ -96.76538, 32.99414 ], [ -96.76538, 32.99351 ], [ -96.76479, 32.9935 ], [ -96.76407, 32.99369 ], [ -96.76406, 32.99419 ], [ -96.76415, 32.99425 ], [ -96.76519, 32.99426 ] ] ] } },
{ "type": "Feature", "properties": { "area_acres": 1.15 }, "geometry": { "type": "Polygon", "coordinates": [ [ [ -96.76242, 32.99477 ], [ -96.76235, 32.99482 ], [ -96.76195, 32.99482 ], [ -96.76189, 32.99476 ], [ -96.76189, 32.99461 ], [ -96.76114, 32.9946 ], [ -96.76114, 32.99427 ], [ -96.76209, 32.99428 ], [ -96.76209, 32.99452 ], [ -96.76242, 32.99452 ], [ -96.76242, 32.99477 ] ] ] } },
{ "type": "Feature", "properties": { "area_acres": 0.88 }, "geometry": { "type": "Polygon", "coordinates": [ [ [ -96.76432, 32.99583 ], [ -96.76445, 32.99572 ], [ -96.76445, 32.99564 ], [ -96.76432, 32.9953 ], [ -96.764, 32.9953 ], [ -96.76401, 32.99547 ], [ -96.76363, 32.99546 ], [ -96.76363, 32.99563 ], [ -96.76376, 32.99583 ], [ -96.76432, 32.99583 ] ] ] } },
{ "type": "Feature", "properties": { "area_acres": 1.16 }, "geometry": { "type": "Polygon", "coordinates": [ [ [ -96.76446, 32.99715 ], [ -96.76447, 32.99685 ], [ -96.76436, 32.99677 ], [ -96.76332, 32.99677 ], [ -96.76318, 32.99685 ], [ -96.76336, 32.99715 ], [ -96.76446, 32.99715 ] ] ] } },
{ "type": "Feature", "properties": { "area_acres": 0.6 }, "geometry": { "type": "Polygon", "coordinates": [ [ [ -96.76362, 32.99637 ], [ -96.76368, 32.99633 ], [ -96.76369, 32.99591 ], [ -96.76364, 32.99585 ], [ -96.76336, 32.99585 ], [ -96.76323, 32.9959 ], [ -96.76323, 32.99632 ], [ -96.76329, 32.99637 ], [ -96.76362, 32.99637 ] ] ] } },
{ "type": "Feature", "properties": { "area_acres": 1.12 }, "geometry": { "type": "Polygon", "coordinates": [ [ [ -96.76592, 32.99517 ], [ -96.76606, 32.99507 ], [ -96.76606, 32.99484 ], [ -96.76601, 32.99479 ], [ -96.76493, 32.99479 ], [ -96.76487, 32.99485 ], [ -96.76486, 32.99508 ], [ -96.76497, 32.99516 ], [ -96.76592, 32.99517 ] ] ] } },
{ "type": "Feature", "properties": { "area_acres": 1.09 }, "geometry": { "type": "Polygon", "coordinates": [ [ [ -96.76548, 32.99714 ], [ -96.76588, 32.99715 ], [ -96.76592, 32.99709 ], [ -96.76584, 32.99661 ], [ -96.76562, 32.99661 ], [ -96.76561, 32.99638 ], [ -96.76525, 32.99637 ], [ -96.76523, 32.99708 ], [ -96.76548, 32.99714 ] ] ] } },
{ "type": "Feature", "properties": { "area_acres": 0.26 }, "geometry": { "type": "Polygon", "coordinates": [ [ [ -96.80343, 32.98402 ], [ -96.80315, 32.98398 ], [ -96.80303, 32.98381 ], [ -96.80306, 32.98371 ], [ -96.80298, 32.98368 ], [ -96.80299, 32.98356 ], [ -96.80322, 32.98362 ], [ -96.80325, 32.98385 ], [ -96.80345, 32.98388 ], [ -96.80343, 32.98402 ] ] ] } },
{ "type": "Feature", "properties": { "area_acres": 2.11 }, "geometry": { "type": "Polygon", "coordinates": [ [ [ -96.7074, 32.70594 ], [ -96.70718, 32.70601 ], [ -96.70686, 32.70597 ], [ -96.70666, 32.70586 ], [ -96.70642, 32.7055 ], [ -96.70636, 32.70551 ], [ -96.70624, 32.70513 ], [ -96.70584, 32.70488 ], [ -96.70598, 32.70457 ], [ -96.70663, 32.70494 ], [ -96.7074, 32.70594 ] ] ] } },
{ "type": "Feature", "properties": { "area_acres": 0.11 }, "geometry": { "type": "Polygon", "coordinates": [ [ [ -96.79852, 32.78014 ], [ -96.79868, 32.78011 ], [ -96.79875, 32.78036 ], [ -96.79859, 32.78039 ], [ -96.79852, 32.78014 ] ] ] } },
{ "type": "Feature", "properties": { "area_acres": 0.19 }, "geometry": { "type": "Polygon", "coordinates": [ [ [ -96.80313, 32.78001 ], [ -96.80316, 32.7801 ], [ -96.80362, 32.78 ], [ -96.80372, 32.77982 ], [ -96.80321, 32.77993 ], [ -96.80323, 32.77999 ], [ -96.80313, 32.78001 ] ] ] } },
{ "type": "Feature", "properties": { "area_acres": 0.95 }, "geometry": { "type": "Polygon", "coordinates": [ [ [ -96.79457, 32.80569 ], [ -96.79474, 32.80554 ], [ -96.79507, 32.80585 ], [ -96.79511, 32.80581 ], [ -96.79518, 32.80587 ], [ -96.79545, 32.80564 ], [ -96.79511, 32.80534 ], [ -96.79513, 32.8053 ], [ -96.79505, 32.80522 ], [ -96.79509, 32.8052 ], [ -96.79519, 32.80529 ], [ -96.79532, 32.80519 ], [ -96.79517, 32.80505 ], [ -96.79512, 32.80508 ], [ -96.79508, 32.80504 ], [ -96.79446, 32.80558 ], [ -96.79457, 32.80569 ] ] ] } },
{ "type": "Feature", "properties": { "area_acres": 0.36 }, "geometry": { "type": "Polygon", "coordinates": [ [ [ -96.83784, 32.85178 ], [ -96.83784, 32.85142 ], [ -96.83746, 32.85142 ], [ -96.83746, 32.85178 ], [ -96.83784, 32.85178 ] ] ] } },
{ "type": "Feature", "properties": { "area_acres": 0.27 }, "geometry": { "type": "Polygon", "coordinates": [ [ [ -96.74793, 32.78327 ], [ -96.74789, 32.78348 ], [ -96.74771, 32.78347 ], [ -96.7476, 32.7834 ], [ -96.74757, 32.78342 ], [ -96.74744, 32.78331 ], [ -96.74738, 32.78336 ], [ -96.74722, 32.78326 ], [ -96.74723, 32.78322 ], [ -96.74793, 32.78327 ] ] ] } },
{ "type": "Feature", "properties": { "area_acres": 0.38 }, "geometry": { "type": "Polygon", "coordinates": [ [ [ -96.81797, 32.94716 ], [ -96.81747, 32.94734 ], [ -96.81731, 32.9471 ], [ -96.81777, 32.94694 ], [ -96.81797, 32.94716 ] ] ] } },
{ "type": "Feature", "properties": { "area_acres": 0.69 }, "geometry": { "type": "Polygon", "coordinates": [ [ [ -96.81897, 32.94767 ], [ -96.81872, 32.9477 ], [ -96.81871, 32.94765 ], [ -96.81865, 32.94766 ], [ -96.81853, 32.94699 ], [ -96.81891, 32.94695 ], [ -96.81902, 32.94761 ], [ -96.81896, 32.94762 ], [ -96.81897, 32.94767 ] ] ] } },
{ "type": "Feature", "properties": { "area_acres": 0.47 }, "geometry": { "type": "Polygon", "coordinates": [ [ [ -96.82832, 32.80719 ], [ -96.82795, 32.80684 ], [ -96.82799, 32.8068 ], [ -96.82796, 32.80677 ], [ -96.828, 32.80674 ], [ -96.82804, 32.80677 ], [ -96.82816, 32.80662 ], [ -96.8282, 32.80666 ], [ -96.82824, 32.80663 ], [ -96.82857, 32.80694 ], [ -96.82832, 32.80719 ] ] ] } },
{ "type": "Feature", "properties": { "area_acres": 0.26 }, "geometry": { "type": "Polygon", "coordinates": [ [ [ -96.83748, 32.797 ], [ -96.83694, 32.79674 ], [ -96.83704, 32.79659 ], [ -96.83758, 32.79687 ], [ -96.83748, 32.797 ] ] ] } },
{ "type": "Feature", "properties": { "area_acres": 0.88 }, "geometry": { "type": "Polygon", "coordinates": [ [ [ -96.90046, 32.70536 ], [ -96.90004, 32.70535 ], [ -96.90005, 32.70443 ], [ -96.90041, 32.70443 ], [ -96.90041, 32.70523 ], [ -96.90046, 32.70524 ], [ -96.90046, 32.70536 ] ] ] } },
{ "type": "Feature", "properties": { "area_acres": 0.58 }, "geometry": { "type": "Polygon", "coordinates": [ [ [ -96.90144, 32.70486 ], [ -96.90115, 32.70486 ], [ -96.90115, 32.70406 ], [ -96.90144, 32.70406 ], [ -96.90144, 32.70486 ] ] ] } },
{ "type": "Feature", "properties": { "area_acres": 0.03 }, "geometry": { "type": "Polygon", "coordinates": [ [ [ -96.90045, 32.70416 ], [ -96.90044, 32.70434 ], [ -96.90038, 32.70434 ], [ -96.90038, 32.70416 ], [ -96.90045, 32.70416 ] ] ] } },
{ "type": "Feature", "properties": { "area_acres": 0.65 }, "geometry": { "type": "Polygon", "coordinates": [ [ [ -96.86048, 32.81079 ], [ -96.86102, 32.81126 ], [ -96.86113, 32.81124 ], [ -96.86138, 32.81107 ], [ -96.86121, 32.8109 ], [ -96.86112, 32.81097 ], [ -96.86075, 32.8106 ], [ -96.86048, 32.81079 ] ] ] } },
{ "type": "Feature", "properties": { "area_acres": 7.36 }, "geometry": { "type": "Polygon", "coordinates": [ [ [ -96.863, 32.8081 ], [ -96.86245, 32.80813 ], [ -96.86033, 32.80843 ], [ -96.86044, 32.80905 ], [ -96.86066, 32.80902 ], [ -96.86068, 32.80914 ], [ -96.86061, 32.80915 ], [ -96.86078, 32.8099 ], [ -96.86104, 32.80993 ], [ -96.86121, 32.8099 ], [ -96.86138, 32.80974 ], [ -96.8615, 32.80952 ], [ -96.86182, 32.80946 ], [ -96.8629, 32.80864 ], [ -96.86301, 32.80854 ], [ -96.86304, 32.80841 ], [ -96.863, 32.8081 ] ] ] } },
{ "type": "Feature", "properties": { "area_acres": 0.43 }, "geometry": { "type": "Polygon", "coordinates": [ [ [ -96.85935, 32.81032 ], [ -96.85928, 32.80992 ], [ -96.85886, 32.80999 ], [ -96.85895, 32.81038 ], [ -96.85935, 32.81032 ] ] ] } },
{ "type": "Feature", "properties": { "area_acres": 1.15 }, "geometry": { "type": "Polygon", "coordinates": [ [ [ -96.82066, 32.79903 ], [ -96.82069, 32.79897 ], [ -96.82085, 32.79897 ], [ -96.82087, 32.79891 ], [ -96.82148, 32.79897 ], [ -96.82227, 32.79917 ], [ -96.82223, 32.79947 ], [ -96.82198, 32.79933 ], [ -96.82186, 32.79949 ], [ -96.8213, 32.79912 ], [ -96.82116, 32.79928 ], [ -96.82121, 32.79931 ], [ -96.82118, 32.79935 ], [ -96.82066, 32.79903 ] ] ] } },
{ "type": "Feature", "properties": { "area_acres": 0.05 }, "geometry": { "type": "Polygon", "coordinates": [ [ [ -96.82152, 32.79956 ], [ -96.82156, 32.79951 ], [ -96.82169, 32.79958 ], [ -96.82173, 32.79953 ], [ -96.8218, 32.79957 ], [ -96.82172, 32.79967 ], [ -96.82152, 32.79956 ] ] ] } },
{ "type": "Feature", "properties": { "area_acres": 0.24 }, "geometry": { "type": "Polygon", "coordinates": [ [ [ -96.82237, 32.79648 ], [ -96.82269, 32.79691 ], [ -96.82282, 32.79678 ], [ -96.82253, 32.79639 ], [ -96.82237, 32.79648 ] ] ] } },
{ "type": "Feature", "properties": { "area_acres": 0.18 }, "geometry": { "type": "Polygon", "coordinates": [ [ [ -96.823, 32.7965 ], [ -96.82313, 32.79619 ], [ -96.82314, 32.79606 ], [ -96.82281, 32.79624 ], [ -96.823, 32.7965 ] ] ] } },
{ "type": "Feature", "properties": { "area_acres": 0.1 }, "geometry": { "type": "Polygon", "coordinates": [ [ [ -96.82349, 32.79603 ], [ -96.82333, 32.79621 ], [ -96.82323, 32.79615 ], [ -96.82323, 32.79602 ], [ -96.82335, 32.79597 ], [ -96.82341, 32.79603 ], [ -96.82349, 32.79603 ] ] ] } },
{ "type": "Feature", "properties": { "area_acres": 1.98 }, "geometry": { "type": "Polygon", "coordinates": [ [ [ -96.8191, 32.79896 ], [ -96.82061, 32.79985 ], [ -96.8209, 32.79942 ], [ -96.82021, 32.79896 ], [ -96.81989, 32.79886 ], [ -96.8191, 32.79896 ] ] ] } },
{ "type": "Feature", "properties": { "area_acres": 0.66 }, "geometry": { "type": "Polygon", "coordinates": [ [ [ -96.82117, 32.80016 ], [ -96.82074, 32.79992 ], [ -96.82104, 32.7995 ], [ -96.82149, 32.79977 ], [ -96.82117, 32.80016 ] ] ] } },
{ "type": "Feature", "properties": { "area_acres": 0.8 }, "geometry": { "type": "Polygon", "coordinates": [ [ [ -96.81883, 32.95651 ], [ -96.81883, 32.95671 ], [ -96.81869, 32.95671 ], [ -96.8187, 32.95646 ], [ -96.81875, 32.95646 ], [ -96.81875, 32.95639 ], [ -96.81889, 32.95639 ], [ -96.81889, 32.95634 ], [ -96.81977, 32.95635 ], [ -96.81987, 32.95651 ], [ -96.81987, 32.95669 ], [ -96.8198, 32.95669 ], [ -96.8198, 32.95674 ], [ -96.81933, 32.95673 ], [ -96.81934, 32.95652 ], [ -96.81883, 32.95651 ] ] ] } },
{ "type": "Feature", "properties": { "area_acres": 0.35 }, "geometry": { "type": "Polygon", "coordinates": [ [ [ -96.81933, 32.95615 ], [ -96.81933, 32.95632 ], [ -96.81869, 32.9563 ], [ -96.8187, 32.95591 ], [ -96.81885, 32.95591 ], [ -96.81884, 32.95615 ], [ -96.81933, 32.95615 ] ] ] } },
{ "type": "Feature", "properties": { "area_acres": 0.51 }, "geometry": { "type": "Polygon", "coordinates": [ [ [ -96.81981, 32.95712 ], [ -96.81981, 32.95724 ], [ -96.81888, 32.95722 ], [ -96.81884, 32.95717 ], [ -96.81868, 32.95713 ], [ -96.81869, 32.95693 ], [ -96.81885, 32.9569 ], [ -96.81884, 32.95704 ], [ -96.81955, 32.95706 ], [ -96.81981, 32.95712 ] ] ] } },
{ "type": "Feature", "properties": { "area_acres": 0.51 }, "geometry": { "type": "Polygon", "coordinates": [ [ [ -96.81869, 32.95547 ], [ -96.81871, 32.95571 ], [ -96.81928, 32.95573 ], [ -96.81932, 32.9553 ], [ -96.81927, 32.95526 ], [ -96.81882, 32.95527 ], [ -96.81884, 32.95539 ], [ -96.81918, 32.95541 ], [ -96.81918, 32.95556 ], [ -96.81882, 32.95556 ], [ -96.81882, 32.95545 ], [ -96.81869, 32.95547 ] ] ] } },
{ "type": "Feature", "properties": { "area_acres": 0.05 }, "geometry": { "type": "Polygon", "coordinates": [ [ [ -96.82144, 32.95547 ], [ -96.82142, 32.95511 ], [ -96.82137, 32.95511 ], [ -96.82138, 32.95547 ], [ -96.82144, 32.95547 ] ] ] } },
{ "type": "Feature", "properties": { "area_acres": 0.38 }, "geometry": { "type": "Polygon", "coordinates": [ [ [ -96.82094, 32.95426 ], [ -96.82094, 32.95443 ], [ -96.82147, 32.95444 ], [ -96.82146, 32.95475 ], [ -96.8216, 32.95475 ], [ -96.8216, 32.95445 ], [ -96.82153, 32.95427 ], [ -96.82094, 32.95426 ] ] ] } },
{ "type": "Feature", "properties": { "area_acres": 0.79 }, "geometry": { "type": "Polygon", "coordinates": [ [ [ -96.82013, 32.95654 ], [ -96.82028, 32.95654 ], [ -96.82028, 32.95622 ], [ -96.82033, 32.95622 ], [ -96.82034, 32.95612 ], [ -96.82075, 32.95612 ], [ -96.82075, 32.95623 ], [ -96.82082, 32.95624 ], [ -96.82083, 32.95631 ], [ -96.82079, 32.95653 ], [ -96.82113, 32.95656 ], [ -96.82122, 32.95614 ], [ -96.82095, 32.95611 ], [ -96.82096, 32.95607 ], [ -96.81995, 32.95608 ], [ -96.81994, 32.95623 ], [ -96.82014, 32.95632 ], [ -96.82013, 32.95654 ] ] ] } },
{ "type": "Feature", "properties": { "area_acres": 2.23 }, "geometry": { "type": "Polygon", "coordinates": [ [ [ -96.81901, 32.96197 ], [ -96.81908, 32.96196 ], [ -96.81914, 32.9621 ], [ -96.81965, 32.96191 ], [ -96.8196, 32.96182 ], [ -96.81933, 32.96186 ], [ -96.81932, 32.96072 ], [ -96.81926, 32.96072 ], [ -96.81923, 32.96018 ], [ -96.81957, 32.96017 ], [ -96.81955, 32.95984 ], [ -96.81941, 32.95985 ], [ -96.81941, 32.9599 ], [ -96.81918, 32.9599 ], [ -96.81919, 32.95995 ], [ -96.81886, 32.96001 ], [ -96.81901, 32.96197 ] ] ] } },
{ "type": "Feature", "properties": { "area_acres": 0.07 }, "geometry": { "type": "Polygon", "coordinates": [ [ [ -96.8174, 32.96092 ], [ -96.8172, 32.96102 ], [ -96.81727, 32.96112 ], [ -96.81748, 32.96102 ], [ -96.8174, 32.96092 ] ] ] } },
{ "type": "Feature", "properties": { "area_acres": 0.14 }, "geometry": { "type": "Polygon", "coordinates": [ [ [ -96.81654, 32.9614 ], [ -96.81648, 32.96128 ], [ -96.8169, 32.96115 ], [ -96.81696, 32.96125 ], [ -96.81654, 32.9614 ] ] ] } },
{ "type": "Feature", "properties": { "area_acres": 0.17 }, "geometry": { "type": "Polygon", "coordinates": [ [ [ -96.81632, 32.96192 ], [ -96.81608, 32.96146 ], [ -96.81602, 32.96148 ], [ -96.81609, 32.96161 ], [ -96.81597, 32.96165 ], [ -96.81606, 32.96182 ], [ -96.81613, 32.96179 ], [ -96.81621, 32.96196 ], [ -96.81632, 32.96192 ] ] ] } },
{ "type": "Feature", "properties": { "area_acres": 0.11 }, "geometry": { "type": "Polygon", "coordinates": [ [ [ -96.81547, 32.96178 ], [ -96.81553, 32.96194 ], [ -96.81536, 32.96203 ], [ -96.81528, 32.96178 ], [ -96.81547, 32.96178 ] ] ] } },
{ "type": "Feature", "properties": { "area_acres": 0.42 }, "geometry": { "type": "Polygon", "coordinates": [ [ [ -96.83736, 32.79958 ], [ -96.83723, 32.79949 ], [ -96.83715, 32.79936 ], [ -96.83741, 32.79903 ], [ -96.83747, 32.79902 ], [ -96.83771, 32.79917 ], [ -96.83736, 32.79958 ] ] ] } },
{ "type": "Feature", "properties": { "area_acres": 0.35 }, "geometry": { "type": "Polygon", "coordinates": [ [ [ -96.83728, 32.80061 ], [ -96.83698, 32.80044 ], [ -96.83706, 32.80005 ], [ -96.83716, 32.80005 ], [ -96.83727, 32.80011 ], [ -96.83716, 32.80025 ], [ -96.83744, 32.80042 ], [ -96.83728, 32.80061 ] ] ] } },
{ "type": "Feature", "properties": { "area_acres": 0.39 }, "geometry": { "type": "Polygon", "coordinates": [ [ [ -96.81413, 32.94341 ], [ -96.81336, 32.94342 ], [ -96.81335, 32.94318 ], [ -96.81393, 32.94318 ], [ -96.81394, 32.94334 ], [ -96.81413, 32.94335 ], [ -96.81413, 32.94341 ] ] ] } },
{ "type": "Feature", "properties": { "area_acres": 0.8 }, "geometry": { "type": "Polygon", "coordinates": [ [ [ -96.81591, 32.94004 ], [ -96.81588, 32.93962 ], [ -96.81439, 32.93962 ], [ -96.81439, 32.93982 ], [ -96.81576, 32.93981 ], [ -96.81576, 32.94004 ], [ -96.81591, 32.94004 ] ] ] } },
{ "type": "Feature", "properties": { "area_acres": 0.27 }, "geometry": { "type": "Polygon", "coordinates": [ [ [ -96.81576, 32.94004 ], [ -96.81432, 32.94004 ], [ -96.81435, 32.93975 ], [ -96.81439, 32.93975 ], [ -96.81439, 32.93995 ], [ -96.81576, 32.93998 ], [ -96.81576, 32.94004 ] ] ] } },
{ "type": "Feature", "properties": { "area_acres": 0.27 }, "geometry": { "type": "Polygon", "coordinates": [ [ [ -96.78834, 32.78662 ], [ -96.78856, 32.78642 ], [ -96.78827, 32.78619 ], [ -96.7881, 32.78634 ], [ -96.78814, 32.78637 ], [ -96.7881, 32.78641 ], [ -96.78834, 32.78662 ] ] ] } },
{ "type": "Feature", "properties": { "area_acres": 0.32 }, "geometry": { "type": "Polygon", "coordinates": [ [ [ -96.81919, 32.95788 ], [ -96.81866, 32.95787 ], [ -96.81866, 32.95775 ], [ -96.81852, 32.95773 ], [ -96.81859, 32.9575 ], [ -96.81877, 32.95757 ], [ -96.81874, 32.95771 ], [ -96.81916, 32.95772 ], [ -96.81919, 32.95788 ] ] ] } },
{ "type": "Feature", "properties": { "area_acres": 0.2 }, "geometry": { "type": "Polygon", "coordinates": [ [ [ -96.81853, 32.95858 ], [ -96.8185, 32.95842 ], [ -96.81916, 32.95843 ], [ -96.81918, 32.95859 ], [ -96.81908, 32.95859 ], [ -96.81908, 32.95853 ], [ -96.8186, 32.95853 ], [ -96.8186, 32.95858 ], [ -96.81853, 32.95858 ] ] ] } },
{ "type": "Feature", "properties": { "area_acres": 0.3 }, "geometry": { "type": "Polygon", "coordinates": [ [ [ -96.82018, 32.95932 ], [ -96.82016, 32.95943 ], [ -96.81987, 32.95945 ], [ -96.81987, 32.95938 ], [ -96.81982, 32.95938 ], [ -96.81991, 32.95886 ], [ -96.8202, 32.9589 ], [ -96.82018, 32.95899 ], [ -96.82003, 32.95897 ], [ -96.81996, 32.95932 ], [ -96.82018, 32.95932 ] ] ] } },
{ "type": "Feature", "properties": { "area_acres": 0.32 }, "geometry": { "type": "Polygon", "coordinates": [ [ [ -96.82034, 32.95941 ], [ -96.82055, 32.9594 ], [ -96.82062, 32.95936 ], [ -96.82069, 32.95896 ], [ -96.82037, 32.95891 ], [ -96.82034, 32.95906 ], [ -96.82045, 32.95908 ], [ -96.82041, 32.95927 ], [ -96.82035, 32.95926 ], [ -96.82034, 32.95941 ] ] ] } },
{ "type": "Feature", "properties": { "area_acres": 0.1 }, "geometry": { "type": "Polygon", "coordinates": [ [ [ -96.82891, 32.74771 ], [ -96.82891, 32.74798 ], [ -96.82906, 32.74798 ], [ -96.82906, 32.74771 ], [ -96.82891, 32.74771 ] ] ] } },
{ "type": "Feature", "properties": { "area_acres": 0.23 }, "geometry": { "type": "Polygon", "coordinates": [ [ [ -96.82743, 32.74761 ], [ -96.82743, 32.74731 ], [ -96.82772, 32.74731 ], [ -96.82772, 32.74761 ], [ -96.82743, 32.74761 ] ] ] } },
{ "type": "Feature", "properties": { "area_acres": 0.19 }, "geometry": { "type": "Polygon", "coordinates": [ [ [ -96.82739, 32.7476 ], [ -96.82682, 32.7476 ], [ -96.82677, 32.74748 ], [ -96.82739, 32.74748 ], [ -96.82739, 32.7476 ] ] ] } },
{ "type": "Feature", "properties": { "area_acres": 0.08 }, "geometry": { "type": "Polygon", "coordinates": [ [ [ -96.82676, 32.74799 ], [ -96.82659, 32.74799 ], [ -96.8266, 32.74779 ], [ -96.82676, 32.74779 ], [ -96.82676, 32.74799 ] ] ] } },
{ "type": "Feature", "properties": { "area_acres": 0.06 }, "geometry": { "type": "Polygon", "coordinates": [ [ [ -96.82709, 32.74833 ], [ -96.82693, 32.74833 ], [ -96.82693, 32.74847 ], [ -96.82709, 32.74847 ], [ -96.82709, 32.74833 ] ] ] } },
{ "type": "Feature", "properties": { "area_acres": 0.24 }, "geometry": { "type": "Polygon", "coordinates": [ [ [ -96.82713, 32.74935 ], [ -96.8268, 32.74931 ], [ -96.82681, 32.74902 ], [ -96.8271, 32.74902 ], [ -96.82713, 32.74935 ] ] ] } },
{ "type": "Feature", "properties": { "area_acres": 0.37 }, "geometry": { "type": "Polygon", "coordinates": [ [ [ -96.82596, 32.74979 ], [ -96.82596, 32.74953 ], [ -96.82538, 32.74954 ], [ -96.82538, 32.74979 ], [ -96.82596, 32.74979 ] ] ] } },
{ "type": "Feature", "properties": { "area_acres": 0.31 }, "geometry": { "type": "Polygon", "coordinates": [ [ [ -96.82638, 32.74262 ], [ -96.82638, 32.74235 ], [ -96.82609, 32.74235 ], [ -96.82609, 32.74254 ], [ -96.82583, 32.74254 ], [ -96.82583, 32.7424 ], [ -96.82575, 32.7424 ], [ -96.82575, 32.74262 ], [ -96.82638, 32.74262 ] ] ] } },
{ "type": "Feature", "properties": { "area_acres": 0.14 }, "geometry": { "type": "Polygon", "coordinates": [ [ [ -96.82611, 32.74298 ], [ -96.82611, 32.74285 ], [ -96.82631, 32.74285 ], [ -96.82631, 32.74274 ], [ -96.82611, 32.74274 ], [ -96.82611, 32.74269 ], [ -96.82639, 32.74269 ], [ -96.82639, 32.74292 ], [ -96.82634, 32.74292 ], [ -96.82634, 32.74298 ], [ -96.82611, 32.74298 ] ] ] } },
{ "type": "Feature", "properties": { "area_acres": 0.2 }, "geometry": { "type": "Polygon", "coordinates": [ [ [ -96.82587, 32.7427 ], [ -96.82587, 32.74275 ], [ -96.8257, 32.74275 ], [ -96.8257, 32.74286 ], [ -96.82526, 32.74286 ], [ -96.82526, 32.7427 ], [ -96.82587, 32.7427 ] ] ] } },
{ "type": "Feature", "properties": { "area_acres": 0.14 }, "geometry": { "type": "Polygon", "coordinates": [ [ [ -96.82532, 32.74262 ], [ -96.82557, 32.74262 ], [ -96.82557, 32.7424 ], [ -96.82535, 32.7424 ], [ -96.82532, 32.74262 ] ] ] } },
{ "type": "Feature", "properties": { "area_acres": 0.1 }, "geometry": { "type": "Polygon", "coordinates": [ [ [ -96.825, 32.74234 ], [ -96.825, 32.74242 ], [ -96.82486, 32.74242 ], [ -96.82486, 32.74263 ], [ -96.82475, 32.74263 ], [ -96.82475, 32.74234 ], [ -96.825, 32.74234 ] ] ] } },
{ "type": "Feature", "properties": { "area_acres": 0.54 }, "geometry": { "type": "Polygon", "coordinates": [ [ [ -96.83288, 32.80947 ], [ -96.83259, 32.80924 ], [ -96.83294, 32.80895 ], [ -96.83312, 32.80888 ], [ -96.83329, 32.80904 ], [ -96.83324, 32.80908 ], [ -96.83329, 32.80913 ], [ -96.83288, 32.80947 ] ] ] } },
{ "type": "Feature", "properties": { "area_acres": 0.09 }, "geometry": { "type": "Polygon", "coordinates": [ [ [ -96.82147, 32.9394 ], [ -96.82127, 32.93941 ], [ -96.82127, 32.93925 ], [ -96.82143, 32.93925 ], [ -96.82154, 32.9393 ], [ -96.82147, 32.9394 ] ] ] } },
{ "type": "Feature", "properties": { "area_acres": 0.68 }, "geometry": { "type": "Polygon", "coordinates": [ [ [ -96.82178, 32.79116 ], [ -96.82168, 32.79117 ], [ -96.82138, 32.79092 ], [ -96.82144, 32.79086 ], [ -96.8214, 32.79082 ], [ -96.82214, 32.79044 ], [ -96.82216, 32.79054 ], [ -96.8221, 32.7906 ], [ -96.82216, 32.79063 ], [ -96.82178, 32.79116 ] ] ] } },
{ "type": "Feature", "properties": { "area_acres": 0.69 }, "geometry": { "type": "Polygon", "coordinates": [ [ [ -96.82267, 32.79016 ], [ -96.82283, 32.79007 ], [ -96.82346, 32.79039 ], [ -96.82377, 32.78999 ], [ -96.82387, 32.79006 ], [ -96.82322, 32.79097 ], [ -96.82309, 32.7909 ], [ -96.82338, 32.79051 ], [ -96.82267, 32.79016 ] ] ] } },
{ "type": "Feature", "properties": { "area_acres": 0.17 }, "geometry": { "type": "Polygon", "coordinates": [ [ [ -96.82367, 32.79007 ], [ -96.82344, 32.78975 ], [ -96.8236, 32.78967 ], [ -96.82379, 32.78993 ], [ -96.82367, 32.79007 ] ] ] } },
{ "type": "Feature", "properties": { "area_acres": 0.1 }, "geometry": { "type": "Polygon", "coordinates": [ [ [ -96.82059, 32.92863 ], [ -96.82076, 32.92863 ], [ -96.82076, 32.92857 ], [ -96.8208, 32.92857 ], [ -96.82075, 32.92844 ], [ -96.82059, 32.92843 ], [ -96.82059, 32.92863 ] ] ] } },
{ "type": "Feature", "properties": { "area_acres": 0.77 }, "geometry": { "type": "Polygon", "coordinates": [ [ [ -96.82065, 32.93086 ], [ -96.82093, 32.93086 ], [ -96.82093, 32.93096 ], [ -96.82106, 32.93097 ], [ -96.8211, 32.9309 ], [ -96.82086, 32.93017 ], [ -96.82081, 32.92957 ], [ -96.82076, 32.92957 ], [ -96.82076, 32.92951 ], [ -96.82064, 32.92951 ], [ -96.82072, 32.92975 ], [ -96.82073, 32.93039 ], [ -96.82058, 32.93069 ], [ -96.82058, 32.93081 ], [ -96.82065, 32.93086 ] ] ] } },
{ "type": "Feature", "properties": { "area_acres": 0.13 }, "geometry": { "type": "Polygon", "coordinates": [ [ [ -96.82154, 32.93226 ], [ -96.8215, 32.93222 ], [ -96.82157, 32.93221 ], [ -96.8215, 32.932 ], [ -96.82123, 32.93209 ], [ -96.82147, 32.9323 ], [ -96.82154, 32.93226 ] ] ] } },
{ "type": "Feature", "properties": { "area_acres": 0.8 }, "geometry": { "type": "Polygon", "coordinates": [ [ [ -96.81997, 32.93321 ], [ -96.81997, 32.93304 ], [ -96.81829, 32.93304 ], [ -96.81829, 32.93309 ], [ -96.81822, 32.9331 ], [ -96.81822, 32.93371 ], [ -96.81836, 32.93371 ], [ -96.81836, 32.93316 ], [ -96.81997, 32.93321 ] ] ] } },
{ "type": "Feature", "properties": { "area_acres": 0.65 }, "geometry": { "type": "Polygon", "coordinates": [ [ [ -96.80201, 32.73328 ], [ -96.80168, 32.73329 ], [ -96.80164, 32.7323 ], [ -96.80182, 32.7323 ], [ -96.80179, 32.73274 ], [ -96.80199, 32.73273 ], [ -96.80201, 32.73328 ] ] ] } },
{ "type": "Feature", "properties": { "area_acres": 0.88 }, "geometry": { "type": "Polygon", "coordinates": [ [ [ -96.88607, 32.74294 ], [ -96.88575, 32.74296 ], [ -96.88571, 32.74305 ], [ -96.88528, 32.74319 ], [ -96.88528, 32.74326 ], [ -96.88519, 32.74333 ], [ -96.8852, 32.74294 ], [ -96.88529, 32.74281 ], [ -96.88566, 32.74272 ], [ -96.88561, 32.74257 ], [ -96.88598, 32.74249 ], [ -96.88611, 32.74287 ], [ -96.88605, 32.74288 ], [ -96.88607, 32.74294 ] ] ] } },
{ "type": "Feature", "properties": { "area_acres": 0.27 }, "geometry": { "type": "Polygon", "coordinates": [ [ [ -96.87431, 32.85251 ], [ -96.87435, 32.85246 ], [ -96.87492, 32.85248 ], [ -96.87517, 32.85235 ], [ -96.87523, 32.85241 ], [ -96.87518, 32.85244 ], [ -96.87522, 32.85248 ], [ -96.87503, 32.85258 ], [ -96.8744, 32.85255 ], [ -96.87439, 32.85268 ], [ -96.8743, 32.85268 ], [ -96.87431, 32.85251 ] ] ] } },
{ "type": "Feature", "properties": { "area_acres": 0.57 }, "geometry": { "type": "Polygon", "coordinates": [ [ [ -96.9839, 32.93617 ], [ -96.98325, 32.93702 ], [ -96.98345, 32.93711 ], [ -96.98408, 32.93627 ], [ -96.9839, 32.93617 ] ] ] } },
{ "type": "Feature", "properties": { "area_acres": 0.21 }, "geometry": { "type": "Polygon", "coordinates": [ [ [ -96.76714, 32.66955 ], [ -96.76742, 32.66924 ], [ -96.76759, 32.66933 ], [ -96.76728, 32.66966 ], [ -96.76714, 32.66955 ] ] ] } },
{ "type": "Feature", "properties": { "area_acres": 0.41 }, "geometry": { "type": "Polygon", "coordinates": [ [ [ -96.82184, 32.79184 ], [ -96.82257, 32.7923 ], [ -96.82233, 32.79264 ], [ -96.82223, 32.79247 ], [ -96.82232, 32.79234 ], [ -96.82186, 32.79204 ], [ -96.82181, 32.79188 ], [ -96.82184, 32.79184 ] ] ] } },
{ "type": "Feature", "properties": { "area_acres": 0.09 }, "geometry": { "type": "Polygon", "coordinates": [ [ [ -96.82243, 32.79299 ], [ -96.82229, 32.79275 ], [ -96.82249, 32.79275 ], [ -96.82256, 32.79287 ], [ -96.82243, 32.79299 ] ] ] } },
{ "type": "Feature", "properties": { "area_acres": 0.12 }, "geometry": { "type": "Polygon", "coordinates": [ [ [ -96.71148, 32.73671 ], [ -96.7112, 32.73672 ], [ -96.71119, 32.73656 ], [ -96.71147, 32.73655 ], [ -96.71148, 32.73671 ] ] ] } },
{ "type": "Feature", "properties": { "area_acres": 0.51 }, "geometry": { "type": "Polygon", "coordinates": [ [ [ -96.78449, 32.78856 ], [ -96.78457, 32.78864 ], [ -96.78466, 32.78858 ], [ -96.78469, 32.78861 ], [ -96.78489, 32.78843 ], [ -96.78495, 32.78849 ], [ -96.78506, 32.78842 ], [ -96.78517, 32.78846 ], [ -96.78554, 32.78822 ], [ -96.78541, 32.78808 ], [ -96.78529, 32.78817 ], [ -96.78518, 32.78806 ], [ -96.78487, 32.78828 ], [ -96.78492, 32.78833 ], [ -96.7848, 32.78842 ], [ -96.78476, 32.78837 ], [ -96.78449, 32.78856 ] ] ] } },
{ "type": "Feature", "properties": { "area_acres": 0.07 }, "geometry": { "type": "Polygon", "coordinates": [ [ [ -96.83813, 32.76782 ], [ -96.83773, 32.76782 ], [ -96.83773, 32.76776 ], [ -96.83813, 32.76776 ], [ -96.83813, 32.76782 ] ] ] } },
{ "type": "Feature", "properties": { "area_acres": 0.77 }, "geometry": { "type": "Polygon", "coordinates": [ [ [ -96.80775, 32.97002 ], [ -96.80808, 32.97051 ], [ -96.80812, 32.97069 ], [ -96.80835, 32.97079 ], [ -96.80846, 32.97092 ], [ -96.80843, 32.9711 ], [ -96.80834, 32.97116 ], [ -96.80811, 32.97116 ], [ -96.80798, 32.97106 ], [ -96.80791, 32.97065 ], [ -96.80797, 32.97062 ], [ -96.80796, 32.97056 ], [ -96.80762, 32.97007 ], [ -96.80775, 32.97002 ] ] ] } },
{ "type": "Feature", "properties": { "area_acres": 2.73 }, "geometry": { "type": "Polygon", "coordinates": [ [ [ -96.84326, 32.83128 ], [ -96.8427, 32.83081 ], [ -96.84385, 32.82989 ], [ -96.84441, 32.83037 ], [ -96.84326, 32.83128 ] ] ] } },
{ "type": "Feature", "properties": { "area_acres": 1.41 }, "geometry": { "type": "Polygon", "coordinates": [ [ [ -96.84438, 32.83033 ], [ -96.84384, 32.82987 ], [ -96.84446, 32.82938 ], [ -96.845, 32.82983 ], [ -96.84438, 32.83033 ] ] ] } },
{ "type": "Feature", "properties": { "area_acres": 0.17 }, "geometry": { "type": "Polygon", "coordinates": [ [ [ -96.82277, 32.79022 ], [ -96.82269, 32.79033 ], [ -96.82258, 32.79028 ], [ -96.82249, 32.79039 ], [ -96.82235, 32.79032 ], [ -96.82219, 32.7904 ], [ -96.82216, 32.79036 ], [ -96.8226, 32.79013 ], [ -96.82277, 32.79022 ] ] ] } },
{ "type": "Feature", "properties": { "area_acres": 0.31 }, "geometry": { "type": "Polygon", "coordinates": [ [ [ -96.81168, 32.81125 ], [ -96.81155, 32.81115 ], [ -96.81181, 32.81094 ], [ -96.81166, 32.81083 ], [ -96.81183, 32.81071 ], [ -96.81209, 32.81092 ], [ -96.81168, 32.81125 ] ] ] } },
{ "type": "Feature", "properties": { "area_acres": 0.14 }, "geometry": { "type": "Polygon", "coordinates": [ [ [ -96.81222, 32.81103 ], [ -96.81209, 32.81092 ], [ -96.81168, 32.81125 ], [ -96.81172, 32.81128 ], [ -96.81192, 32.81111 ], [ -96.81203, 32.81119 ], [ -96.81222, 32.81103 ] ] ] } },
{ "type": "Feature", "properties": { "area_acres": 0.3 }, "geometry": { "type": "Polygon", "coordinates": [ [ [ -96.81202, 32.81199 ], [ -96.8115, 32.81157 ], [ -96.81164, 32.81144 ], [ -96.81208, 32.81179 ], [ -96.81202, 32.81199 ] ] ] } },
{ "type": "Feature", "properties": { "area_acres": 0.2 }, "geometry": { "type": "Polygon", "coordinates": [ [ [ -96.8114, 32.81126 ], [ -96.81108, 32.81153 ], [ -96.81126, 32.81167 ], [ -96.81135, 32.8116 ], [ -96.8113, 32.81156 ], [ -96.81152, 32.81137 ], [ -96.8114, 32.81126 ] ] ] } },
{ "type": "Feature", "properties": { "area_acres": 0.36 }, "geometry": { "type": "Polygon", "coordinates": [ [ [ -96.81064, 32.81007 ], [ -96.8104, 32.80988 ], [ -96.81033, 32.80994 ], [ -96.8102, 32.80982 ], [ -96.81038, 32.80968 ], [ -96.8105, 32.80979 ], [ -96.81077, 32.80951 ], [ -96.81092, 32.80961 ], [ -96.81061, 32.80987 ], [ -96.81075, 32.80999 ], [ -96.81064, 32.81007 ] ] ] } },
{ "type": "Feature", "properties": { "area_acres": 0.41 }, "geometry": { "type": "Polygon", "coordinates": [ [ [ -96.8102, 32.81064 ], [ -96.80984, 32.81094 ], [ -96.80952, 32.81066 ], [ -96.80977, 32.81046 ], [ -96.80995, 32.81061 ], [ -96.81005, 32.81052 ], [ -96.8102, 32.81064 ] ] ] } },
{ "type": "Feature", "properties": { "area_acres": 0.66 }, "geometry": { "type": "Polygon", "coordinates": [ [ [ -96.81068, 32.81123 ], [ -96.81023, 32.81079 ], [ -96.81019, 32.81083 ], [ -96.81008, 32.81074 ], [ -96.80984, 32.81094 ], [ -96.81044, 32.81144 ], [ -96.81068, 32.81123 ] ] ] } },
{ "type": "Feature", "properties": { "area_acres": 6.93 }, "geometry": { "type": "Polygon", "coordinates": [ [ [ -96.76786, 32.92025 ], [ -96.76786, 32.91938 ], [ -96.76774, 32.91938 ], [ -96.76775, 32.91907 ], [ -96.76798, 32.91888 ], [ -96.769, 32.91889 ], [ -96.76901, 32.91829 ], [ -96.76892, 32.91824 ], [ -96.76838, 32.91817 ], [ -96.7679, 32.91819 ], [ -96.7679, 32.91824 ], [ -96.76729, 32.91827 ], [ -96.76706, 32.91833 ], [ -96.7665, 32.91977 ], [ -96.76715, 32.91978 ], [ -96.76714, 32.92025 ], [ -96.76786, 32.92025 ] ] ] } },
{ "type": "Feature", "properties": { "area_acres": 0.31 }, "geometry": { "type": "Polygon", "coordinates": [ [ [ -96.76418, 32.87351 ], [ -96.76414, 32.87369 ], [ -96.76406, 32.87374 ], [ -96.76362, 32.87367 ], [ -96.76369, 32.87343 ], [ -96.76418, 32.87351 ] ] ] } },
{ "type": "Feature", "properties": { "area_acres": 0.22 }, "geometry": { "type": "Polygon", "coordinates": [ [ [ -96.76433, 32.87325 ], [ -96.76428, 32.87349 ], [ -96.764, 32.87345 ], [ -96.76401, 32.8734 ], [ -96.76392, 32.87338 ], [ -96.76396, 32.8732 ], [ -96.76433, 32.87325 ] ] ] } },
{ "type": "Feature", "properties": { "area_acres": 0.06 }, "geometry": { "type": "Polygon", "coordinates": [ [ [ -96.7633, 32.87362 ], [ -96.76315, 32.87359 ], [ -96.76325, 32.87343 ], [ -96.76334, 32.87344 ], [ -96.7633, 32.87362 ] ] ] } },
{ "type": "Feature", "properties": { "area_acres": 0.18 }, "geometry": { "type": "Polygon", "coordinates": [ [ [ -96.76335, 32.8739 ], [ -96.76304, 32.87384 ], [ -96.76314, 32.87361 ], [ -96.76337, 32.87365 ], [ -96.76334, 32.87375 ], [ -96.76342, 32.87376 ], [ -96.76335, 32.8739 ] ] ] } },
{ "type": "Feature", "properties": { "area_acres": 0.09 }, "geometry": { "type": "Polygon", "coordinates": [ [ [ -96.76356, 32.87316 ], [ -96.76351, 32.87338 ], [ -96.76329, 32.87337 ], [ -96.76346, 32.87315 ], [ -96.76356, 32.87316 ] ] ] } },
{ "type": "Feature", "properties": { "area_acres": 0.39 }, "geometry": { "type": "Polygon", "coordinates": [ [ [ -96.80511, 32.78088 ], [ -96.80484, 32.78094 ], [ -96.80468, 32.78041 ], [ -96.80495, 32.78035 ], [ -96.80511, 32.78088 ] ] ] } },
{ "type": "Feature", "properties": { "area_acres": 0.21 }, "geometry": { "type": "Polygon", "coordinates": [ [ [ -96.8051, 32.78032 ], [ -96.80518, 32.78058 ], [ -96.80547, 32.7805 ], [ -96.80539, 32.78026 ], [ -96.8051, 32.78032 ] ] ] } },
{ "type": "Feature", "properties": { "area_acres": 0.19 }, "geometry": { "type": "Polygon", "coordinates": [ [ [ -96.80601, 32.78069 ], [ -96.80594, 32.78045 ], [ -96.80566, 32.78051 ], [ -96.80573, 32.78075 ], [ -96.80601, 32.78069 ] ] ] } },
{ "type": "Feature", "properties": { "area_acres": 0.81 }, "geometry": { "type": "Polygon", "coordinates": [ [ [ -96.81859, 32.78551 ], [ -96.81803, 32.7858 ], [ -96.81795, 32.78569 ], [ -96.81801, 32.78566 ], [ -96.81791, 32.78552 ], [ -96.81785, 32.78555 ], [ -96.81772, 32.78538 ], [ -96.81828, 32.78509 ], [ -96.81859, 32.78551 ] ] ] } },
{ "type": "Feature", "properties": { "area_acres": 0.52 }, "geometry": { "type": "Polygon", "coordinates": [ [ [ -96.76736, 32.87723 ], [ -96.76665, 32.87723 ], [ -96.76664, 32.87695 ], [ -96.76736, 32.87695 ], [ -96.76736, 32.87723 ] ] ] } },
{ "type": "Feature", "properties": { "area_acres": 0.49 }, "geometry": { "type": "Polygon", "coordinates": [ [ [ -96.76582, 32.87724 ], [ -96.76563, 32.87743 ], [ -96.76503, 32.877 ], [ -96.76522, 32.87681 ], [ -96.76582, 32.87724 ] ] ] } },
{ "type": "Feature", "properties": { "area_acres": 0.32 }, "geometry": { "type": "Polygon", "coordinates": [ [ [ -96.79118, 32.77194 ], [ -96.79137, 32.77212 ], [ -96.7918, 32.77175 ], [ -96.79164, 32.7716 ], [ -96.79118, 32.77194 ] ] ] } },
{ "type": "Feature", "properties": { "area_acres": 0.1 }, "geometry": { "type": "Polygon", "coordinates": [ [ [ -96.79109, 32.77245 ], [ -96.79125, 32.7726 ], [ -96.7914, 32.77249 ], [ -96.79124, 32.77234 ], [ -96.79109, 32.77245 ] ] ] } },
{ "type": "Feature", "properties": { "area_acres": 0.64 }, "geometry": { "type": "Polygon", "coordinates": [ [ [ -96.81973, 32.96454 ], [ -96.81921, 32.96454 ], [ -96.81922, 32.96403 ], [ -96.81956, 32.96403 ], [ -96.81963, 32.96407 ], [ -96.81968, 32.9642 ], [ -96.81973, 32.9642 ], [ -96.81973, 32.96454 ] ] ] } },
{ "type": "Feature", "properties": { "area_acres": 2.09 }, "geometry": { "type": "Polygon", "coordinates": [ [ [ -96.81949, 32.96377 ], [ -96.81949, 32.96386 ], [ -96.82016, 32.96387 ], [ -96.82015, 32.96393 ], [ -96.82068, 32.96393 ], [ -96.82068, 32.96389 ], [ -96.82082, 32.96393 ], [ -96.82092, 32.96418 ], [ -96.8209, 32.96446 ], [ -96.8208, 32.96463 ], [ -96.81918, 32.96459 ], [ -96.81917, 32.96494 ], [ -96.82039, 32.96495 ], [ -96.82075, 32.96483 ], [ -96.82099, 32.96466 ], [ -96.82106, 32.96434 ], [ -96.82104, 32.96409 ], [ -96.82102, 32.96404 ], [ -96.82096, 32.96405 ], [ -96.82079, 32.96377 ], [ -96.81949, 32.96377 ] ] ] } },
{ "type": "Feature", "properties": { "area_acres": 0.05 }, "geometry": { "type": "Polygon", "coordinates": [ [ [ -96.80618, 32.77748 ], [ -96.80603, 32.77751 ], [ -96.80599, 32.7774 ], [ -96.80615, 32.77737 ], [ -96.80618, 32.77748 ] ] ] } },
{ "type": "Feature", "properties": { "area_acres": 0.91 }, "geometry": { "type": "Polygon", "coordinates": [ [ [ -96.7602, 32.87954 ], [ -96.76046, 32.87894 ], [ -96.76089, 32.87832 ], [ -96.76107, 32.87839 ], [ -96.76097, 32.87874 ], [ -96.76044, 32.8795 ], [ -96.76032, 32.87956 ], [ -96.7602, 32.87954 ] ] ] } },
{ "type": "Feature", "properties": { "area_acres": 0.45 }, "geometry": { "type": "Polygon", "coordinates": [ [ [ -96.76122, 32.87832 ], [ -96.76093, 32.87821 ], [ -96.76111, 32.87786 ], [ -96.76121, 32.8779 ], [ -96.76123, 32.87784 ], [ -96.76149, 32.87792 ], [ -96.76133, 32.87832 ], [ -96.76125, 32.87829 ], [ -96.76122, 32.87832 ] ] ] } },
{ "type": "Feature", "properties": { "area_acres": 0.84 }, "geometry": { "type": "Polygon", "coordinates": [ [ [ -96.78679, 32.7658 ], [ -96.78739, 32.76531 ], [ -96.78699, 32.76507 ], [ -96.78642, 32.76555 ], [ -96.78679, 32.7658 ] ] ] } },
{ "type": "Feature", "properties": { "area_acres": 0.15 }, "geometry": { "type": "Polygon", "coordinates": [ [ [ -96.79287, 32.76989 ], [ -96.79301, 32.76978 ], [ -96.79276, 32.76955 ], [ -96.79262, 32.76966 ], [ -96.79287, 32.76989 ] ] ] } },
{ "type": "Feature", "properties": { "area_acres": 0.17 }, "geometry": { "type": "Polygon", "coordinates": [ [ [ -96.79355, 32.7698 ], [ -96.79328, 32.77002 ], [ -96.79314, 32.76989 ], [ -96.7934, 32.76967 ], [ -96.79355, 32.7698 ] ] ] } },
{ "type": "Feature", "properties": { "area_acres": 0.66 }, "geometry": { "type": "Polygon", "coordinates": [ [ [ -96.78795, 32.76772 ], [ -96.78842, 32.76732 ], [ -96.78806, 32.76697 ], [ -96.78759, 32.76736 ], [ -96.78769, 32.76744 ], [ -96.78791, 32.76728 ], [ -96.78805, 32.76741 ], [ -96.78782, 32.76759 ], [ -96.78795, 32.76772 ] ] ] } },
{ "type": "Feature", "properties": { "area_acres": 1.3 }, "geometry": { "type": "Polygon", "coordinates": [ [ [ -96.79654, 32.79378 ], [ -96.79628, 32.79353 ], [ -96.79667, 32.79305 ], [ -96.79696, 32.7929 ], [ -96.79708, 32.79291 ], [ -96.79743, 32.7932 ], [ -96.79654, 32.79378 ] ] ] } },
{ "type": "Feature", "properties": { "area_acres": 0.58 }, "geometry": { "type": "Polygon", "coordinates": [ [ [ -96.79247, 32.77576 ], [ -96.79303, 32.77625 ], [ -96.79282, 32.77643 ], [ -96.79253, 32.77617 ], [ -96.79247, 32.77622 ], [ -96.79226, 32.77604 ], [ -96.79231, 32.77601 ], [ -96.79224, 32.77595 ], [ -96.79247, 32.77576 ] ] ] } },
{ "type": "Feature", "properties": { "area_acres": 0.29 }, "geometry": { "type": "Polygon", "coordinates": [ [ [ -96.79532, 32.77439 ], [ -96.79583, 32.77401 ], [ -96.79502, 32.77417 ], [ -96.79532, 32.77439 ] ] ] } },
{ "type": "Feature", "properties": { "area_acres": 0.23 }, "geometry": { "type": "Polygon", "coordinates": [ [ [ -96.79686, 32.77438 ], [ -96.79669, 32.7742 ], [ -96.79702, 32.77392 ], [ -96.79715, 32.77401 ], [ -96.79686, 32.77438 ] ] ] } },
{ "type": "Feature", "properties": { "area_acres": 0.34 }, "geometry": { "type": "Polygon", "coordinates": [ [ [ -96.80405, 32.79915 ], [ -96.80341, 32.79968 ], [ -96.80327, 32.79959 ], [ -96.80393, 32.79905 ], [ -96.80405, 32.79915 ] ] ] } },
{ "type": "Feature", "properties": { "area_acres": 0.04 }, "geometry": { "type": "Polygon", "coordinates": [ [ [ -96.80352, 32.79798 ], [ -96.80358, 32.79803 ], [ -96.80347, 32.79811 ], [ -96.8032, 32.79805 ], [ -96.8034, 32.79808 ], [ -96.80352, 32.79798 ] ] ] } },
{ "type": "Feature", "properties": { "area_acres": 0.18 }, "geometry": { "type": "Polygon", "coordinates": [ [ [ -96.80259, 32.79723 ], [ -96.80243, 32.79707 ], [ -96.80232, 32.79748 ], [ -96.80251, 32.79752 ], [ -96.80259, 32.79723 ] ] ] } },
{ "type": "Feature", "properties": { "area_acres": 3.85 }, "geometry": { "type": "Polygon", "coordinates": [ [ [ -96.75871, 32.98984 ], [ -96.75872, 32.98976 ], [ -96.75881, 32.98977 ], [ -96.75881, 32.98918 ], [ -96.75872, 32.98918 ], [ -96.75872, 32.98913 ], [ -96.75774, 32.98912 ], [ -96.75774, 32.98918 ], [ -96.75758, 32.98918 ], [ -96.75758, 32.98913 ], [ -96.75685, 32.98912 ], [ -96.75685, 32.98918 ], [ -96.75663, 32.98931 ], [ -96.75663, 32.98978 ], [ -96.75672, 32.98978 ], [ -96.75672, 32.98984 ], [ -96.75871, 32.98984 ] ] ] } },
{ "type": "Feature", "properties": { "area_acres": 0.53 }, "geometry": { "type": "Polygon", "coordinates": [ [ [ -96.78834, 32.7668 ], [ -96.78864, 32.76656 ], [ -96.78827, 32.76621 ], [ -96.78793, 32.76643 ], [ -96.78834, 32.7668 ] ] ] } },
{ "type": "Feature", "properties": { "area_acres": 0.51 }, "geometry": { "type": "Polygon", "coordinates": [ [ [ -96.79249, 32.7729 ], [ -96.79291, 32.77254 ], [ -96.79233, 32.77202 ], [ -96.79223, 32.7721 ], [ -96.79264, 32.77247 ], [ -96.7923, 32.77274 ], [ -96.79249, 32.7729 ] ] ] } },
{ "type": "Feature", "properties": { "area_acres": 0.16 }, "geometry": { "type": "Polygon", "coordinates": [ [ [ -96.78638, 32.76747 ], [ -96.78656, 32.76731 ], [ -96.78633, 32.76713 ], [ -96.78619, 32.76726 ], [ -96.78638, 32.76747 ] ] ] } },
{ "type": "Feature", "properties": { "area_acres": 0.46 }, "geometry": { "type": "Polygon", "coordinates": [ [ [ -96.78446, 32.76799 ], [ -96.78395, 32.76765 ], [ -96.78419, 32.76745 ], [ -96.78469, 32.7678 ], [ -96.78446, 32.76799 ] ] ] } },
{ "type": "Feature", "properties": { "area_acres": 0.3 }, "geometry": { "type": "Polygon", "coordinates": [ [ [ -96.81352, 32.77365 ], [ -96.81322, 32.77371 ], [ -96.81312, 32.77344 ], [ -96.81352, 32.77332 ], [ -96.81361, 32.77354 ], [ -96.81349, 32.77358 ], [ -96.81352, 32.77365 ] ] ] } },
{ "type": "Feature", "properties": { "area_acres": 0.45 }, "geometry": { "type": "Polygon", "coordinates": [ [ [ -96.82346, 32.76479 ], [ -96.82307, 32.76479 ], [ -96.82307, 32.76438 ], [ -96.82353, 32.76438 ], [ -96.82346, 32.76479 ] ] ] } },
{ "type": "Feature", "properties": { "area_acres": 0.41 }, "geometry": { "type": "Polygon", "coordinates": [ [ [ -96.82658, 32.76195 ], [ -96.82644, 32.76178 ], [ -96.82597, 32.76194 ], [ -96.82598, 32.76229 ], [ -96.82658, 32.76195 ] ] ] } },
{ "type": "Feature", "properties": { "area_acres": 0.07 }, "geometry": { "type": "Polygon", "coordinates": [ [ [ -96.84287, 32.75529 ], [ -96.8428, 32.75529 ], [ -96.84279, 32.75496 ], [ -96.84288, 32.75497 ], [ -96.84287, 32.75529 ] ] ] } },
{ "type": "Feature", "properties": { "area_acres": 0.29 }, "geometry": { "type": "Polygon", "coordinates": [ [ [ -96.6954, 32.79225 ], [ -96.69518, 32.79228 ], [ -96.69508, 32.79177 ], [ -96.6953, 32.79174 ], [ -96.6954, 32.79225 ] ] ] } },
{ "type": "Feature", "properties": { "area_acres": 0.17 }, "geometry": { "type": "Polygon", "coordinates": [ [ [ -96.69945, 32.79131 ], [ -96.69944, 32.79126 ], [ -96.69812, 32.79146 ], [ -96.69813, 32.79151 ], [ -96.69945, 32.79131 ] ] ] } },
{ "type": "Feature", "properties": { "area_acres": 0.69 }, "geometry": { "type": "Polygon", "coordinates": [ [ [ -96.69526, 32.791 ], [ -96.69535, 32.79144 ], [ -96.69554, 32.79141 ], [ -96.69559, 32.79165 ], [ -96.69569, 32.79163 ], [ -96.69575, 32.79195 ], [ -96.69588, 32.79193 ], [ -96.69569, 32.79102 ], [ -96.69547, 32.79106 ], [ -96.69545, 32.79097 ], [ -96.69526, 32.791 ] ] ] } },
{ "type": "Feature", "properties": { "area_acres": 0.11 }, "geometry": { "type": "Polygon", "coordinates": [ [ [ -96.69649, 32.79227 ], [ -96.69612, 32.79231 ], [ -96.6961, 32.7922 ], [ -96.69647, 32.79215 ], [ -96.69649, 32.79227 ] ] ] } },
{ "type": "Feature", "properties": { "area_acres": 0.73 }, "geometry": { "type": "Polygon", "coordinates": [ [ [ -96.69731, 32.79214 ], [ -96.69723, 32.79175 ], [ -96.69652, 32.79185 ], [ -96.6966, 32.79224 ], [ -96.69731, 32.79214 ] ] ] } },
{ "type": "Feature", "properties": { "area_acres": 0.45 }, "geometry": { "type": "Polygon", "coordinates": [ [ [ -96.69781, 32.79206 ], [ -96.69774, 32.79207 ], [ -96.69775, 32.79211 ], [ -96.69741, 32.79216 ], [ -96.69732, 32.79173 ], [ -96.69773, 32.79167 ], [ -96.69781, 32.79206 ] ] ] } },
{ "type": "Feature", "properties": { "area_acres": 0.79 }, "geometry": { "type": "Polygon", "coordinates": [ [ [ -96.69985, 32.79121 ], [ -96.69986, 32.79059 ], [ -96.6993, 32.79067 ], [ -96.69941, 32.79126 ], [ -96.69985, 32.79121 ] ] ] } },
{ "type": "Feature", "properties": { "area_acres": 0.09 }, "geometry": { "type": "Polygon", "coordinates": [ [ [ -96.68417, 32.79377 ], [ -96.68417, 32.79393 ], [ -96.68433, 32.79393 ], [ -96.68441, 32.79377 ], [ -96.68417, 32.79377 ] ] ] } },
{ "type": "Feature", "properties": { "area_acres": 0.18 }, "geometry": { "type": "Polygon", "coordinates": [ [ [ -96.6845, 32.79359 ], [ -96.6845, 32.79342 ], [ -96.68409, 32.79342 ], [ -96.68409, 32.79358 ], [ -96.6845, 32.79359 ] ] ] } },
{ "type": "Feature", "properties": { "area_acres": 0.19 }, "geometry": { "type": "Polygon", "coordinates": [ [ [ -96.68708, 32.79648 ], [ -96.68669, 32.79647 ], [ -96.6867, 32.79628 ], [ -96.68709, 32.79628 ], [ -96.68708, 32.79648 ] ] ] } },
{ "type": "Feature", "properties": { "area_acres": 0.19 }, "geometry": { "type": "Polygon", "coordinates": [ [ [ -96.68589, 32.79318 ], [ -96.68589, 32.79302 ], [ -96.68562, 32.79302 ], [ -96.68562, 32.79278 ], [ -96.68554, 32.79278 ], [ -96.68553, 32.79318 ], [ -96.68589, 32.79318 ] ] ] } },
{ "type": "Feature", "properties": { "area_acres": 0.26 }, "geometry": { "type": "Polygon", "coordinates": [ [ [ -96.68563, 32.79359 ], [ -96.68516, 32.79358 ], [ -96.68516, 32.79328 ], [ -96.68531, 32.79328 ], [ -96.68531, 32.79341 ], [ -96.68563, 32.79341 ], [ -96.68563, 32.79359 ] ] ] } },
{ "type": "Feature", "properties": { "area_acres": 0.33 }, "geometry": { "type": "Polygon", "coordinates": [ [ [ -96.6886, 32.79604 ], [ -96.68818, 32.79615 ], [ -96.6881, 32.79592 ], [ -96.68817, 32.7959 ], [ -96.68815, 32.79583 ], [ -96.68848, 32.79574 ], [ -96.6886, 32.79604 ] ] ] } },
{ "type": "Feature", "properties": { "area_acres": 0.45 }, "geometry": { "type": "Polygon", "coordinates": [ [ [ -96.69133, 32.79498 ], [ -96.69137, 32.79539 ], [ -96.69061, 32.79545 ], [ -96.69059, 32.79528 ], [ -96.69117, 32.79524 ], [ -96.69115, 32.79499 ], [ -96.69133, 32.79498 ] ] ] } },
{ "type": "Feature", "properties": { "area_acres": 5.94 }, "geometry": { "type": "Polygon", "coordinates": [ [ [ -96.69047, 32.79493 ], [ -96.68989, 32.79492 ], [ -96.68984, 32.79544 ], [ -96.689, 32.79563 ], [ -96.68807, 32.79562 ], [ -96.68809, 32.79443 ], [ -96.69047, 32.79448 ], [ -96.69047, 32.79493 ] ] ] } },
{ "type": "Feature", "properties": { "area_acres": 0.27 }, "geometry": { "type": "Polygon", "coordinates": [ [ [ -96.69044, 32.79507 ], [ -96.69044, 32.79529 ], [ -96.69004, 32.79539 ], [ -96.69005, 32.79507 ], [ -96.69044, 32.79507 ] ] ] } },
{ "type": "Feature", "properties": { "area_acres": 0.08 }, "geometry": { "type": "Polygon", "coordinates": [ [ [ -96.70075, 32.79245 ], [ -96.70031, 32.79244 ], [ -96.70031, 32.79237 ], [ -96.70075, 32.79237 ], [ -96.70075, 32.79245 ] ] ] } },
{ "type": "Feature", "properties": { "area_acres": 0.04 }, "geometry": { "type": "Polygon", "coordinates": [ [ [ -96.70017, 32.7924 ], [ -96.70025, 32.7924 ], [ -96.70026, 32.7922 ], [ -96.70017, 32.7922 ], [ -96.70017, 32.7924 ] ] ] } },
{ "type": "Feature", "properties": { "area_acres": 0.03 }, "geometry": { "type": "Polygon", "coordinates": [ [ [ -96.70071, 32.79207 ], [ -96.70042, 32.79211 ], [ -96.70041, 32.79207 ], [ -96.7007, 32.79203 ], [ -96.70071, 32.79207 ] ] ] } },
{ "type": "Feature", "properties": { "area_acres": 0.12 }, "geometry": { "type": "Polygon", "coordinates": [ [ [ -96.70091, 32.79245 ], [ -96.70091, 32.79217 ], [ -96.70108, 32.79214 ], [ -96.70109, 32.7924 ], [ -96.70091, 32.79245 ] ] ] } },
{ "type": "Feature", "properties": { "area_acres": 0.05 }, "geometry": { "type": "Polygon", "coordinates": [ [ [ -96.70089, 32.79243 ], [ -96.70083, 32.79243 ], [ -96.70083, 32.79214 ], [ -96.7009, 32.79214 ], [ -96.70089, 32.79243 ] ] ] } },
{ "type": "Feature", "properties": { "area_acres": 0.05 }, "geometry": { "type": "Polygon", "coordinates": [ [ [ -96.70125, 32.79202 ], [ -96.7009, 32.79206 ], [ -96.70089, 32.792 ], [ -96.70124, 32.79197 ], [ -96.70125, 32.79202 ] ] ] } },
{ "type": "Feature", "properties": { "area_acres": 0.3 }, "geometry": { "type": "Polygon", "coordinates": [ [ [ -96.70141, 32.79245 ], [ -96.70149, 32.79245 ], [ -96.70149, 32.79239 ], [ -96.7017, 32.79239 ], [ -96.7017, 32.79197 ], [ -96.70139, 32.79197 ], [ -96.70134, 32.79201 ], [ -96.70134, 32.7921 ], [ -96.7015, 32.7921 ], [ -96.7015, 32.79235 ], [ -96.70141, 32.79235 ], [ -96.70141, 32.79245 ] ] ] } },
{ "type": "Feature", "properties": { "area_acres": 0.33 }, "geometry": { "type": "Polygon", "coordinates": [ [ [ -96.70191, 32.79245 ], [ -96.70191, 32.79218 ], [ -96.70226, 32.79219 ], [ -96.70226, 32.79198 ], [ -96.7018, 32.79197 ], [ -96.7018, 32.79245 ], [ -96.70191, 32.79245 ] ] ] } },
{ "type": "Feature", "properties": { "area_acres": 0.06 }, "geometry": { "type": "Polygon", "coordinates": [ [ [ -96.70227, 32.79208 ], [ -96.70227, 32.79196 ], [ -96.70247, 32.79197 ], [ -96.70247, 32.79208 ], [ -96.70227, 32.79208 ] ] ] } },
{ "type": "Feature", "properties": { "area_acres": 1.26 }, "geometry": { "type": "Polygon", "coordinates": [ [ [ -96.70248, 32.79195 ], [ -96.70247, 32.79256 ], [ -96.70276, 32.79256 ], [ -96.70272, 32.7926 ], [ -96.70295, 32.79284 ], [ -96.70314, 32.79267 ], [ -96.70322, 32.792 ], [ -96.70248, 32.79195 ] ] ] } },
{ "type": "Feature", "properties": { "area_acres": 0.25 }, "geometry": { "type": "Polygon", "coordinates": [ [ [ -96.70278, 32.79301 ], [ -96.70263, 32.7931 ], [ -96.70226, 32.79268 ], [ -96.70242, 32.79259 ], [ -96.70278, 32.79301 ] ] ] } },
{ "type": "Feature", "properties": { "area_acres": 0.27 }, "geometry": { "type": "Polygon", "coordinates": [ [ [ -96.70225, 32.79325 ], [ -96.70184, 32.79279 ], [ -96.70199, 32.7927 ], [ -96.7024, 32.79315 ], [ -96.70225, 32.79325 ] ] ] } },
{ "type": "Feature", "properties": { "area_acres": 0.08 }, "geometry": { "type": "Polygon", "coordinates": [ [ [ -96.70176, 32.79301 ], [ -96.7021, 32.79338 ], [ -96.70204, 32.79341 ], [ -96.70171, 32.79304 ], [ -96.70176, 32.79301 ] ] ] } },
{ "type": "Feature", "properties": { "area_acres": 0.05 }, "geometry": { "type": "Polygon", "coordinates": [ [ [ -96.70131, 32.79327 ], [ -96.70136, 32.79296 ], [ -96.70129, 32.79295 ], [ -96.70125, 32.79327 ], [ -96.70131, 32.79327 ] ] ] } },
{ "type": "Feature", "properties": { "area_acres": 0.25 }, "geometry": { "type": "Polygon", "coordinates": [ [ [ -96.7006, 32.79285 ], [ -96.70015, 32.79284 ], [ -96.70016, 32.79253 ], [ -96.7003, 32.79253 ], [ -96.70029, 32.79267 ], [ -96.7006, 32.79267 ], [ -96.7006, 32.79285 ] ] ] } },
{ "type": "Feature", "properties": { "area_acres": 0.26 }, "geometry": { "type": "Polygon", "coordinates": [ [ [ -96.69893, 32.79278 ], [ -96.69867, 32.79278 ], [ -96.69867, 32.79239 ], [ -96.69894, 32.79239 ], [ -96.69893, 32.79278 ] ] ] } },
{ "type": "Feature", "properties": { "area_acres": 0.11 }, "geometry": { "type": "Polygon", "coordinates": [ [ [ -96.70066, 32.79285 ], [ -96.70064, 32.79337 ], [ -96.70056, 32.79337 ], [ -96.70057, 32.79285 ], [ -96.70066, 32.79285 ] ] ] } },
{ "type": "Feature", "properties": { "area_acres": 0.11 }, "geometry": { "type": "Polygon", "coordinates": [ [ [ -96.70103, 32.7934 ], [ -96.70178, 32.79347 ], [ -96.70179, 32.79341 ], [ -96.70104, 32.79334 ], [ -96.70103, 32.7934 ] ] ] } },
{ "type": "Feature", "properties": { "area_acres": 0.09 }, "geometry": { "type": "Polygon", "coordinates": [ [ [ -96.70324, 32.79332 ], [ -96.70273, 32.7934 ], [ -96.70274, 32.79347 ], [ -96.70325, 32.79338 ], [ -96.70324, 32.79332 ] ] ] } },
{ "type": "Feature", "properties": { "area_acres": 0.04 }, "geometry": { "type": "Polygon", "coordinates": [ [ [ -96.70492, 32.7933 ], [ -96.70486, 32.7933 ], [ -96.70486, 32.79308 ], [ -96.70492, 32.79308 ], [ -96.70492, 32.7933 ] ] ] } },
{ "type": "Feature", "properties": { "area_acres": 0.04 }, "geometry": { "type": "Polygon", "coordinates": [ [ [ -96.7045, 32.79331 ], [ -96.70449, 32.79308 ], [ -96.70443, 32.79308 ], [ -96.70443, 32.79331 ], [ -96.7045, 32.79331 ] ] ] } },
{ "type": "Feature", "properties": { "area_acres": 0.04 }, "geometry": { "type": "Polygon", "coordinates": [ [ [ -96.70482, 32.793 ], [ -96.70455, 32.79301 ], [ -96.70455, 32.79295 ], [ -96.70482, 32.79295 ], [ -96.70482, 32.793 ] ] ] } },
{ "type": "Feature", "properties": { "area_acres": 1.25 }, "geometry": { "type": "Polygon", "coordinates": [ [ [ -96.7089, 32.79272 ], [ -96.70884, 32.7932 ], [ -96.70791, 32.79312 ], [ -96.70804, 32.79258 ], [ -96.70811, 32.7926 ], [ -96.70813, 32.79255 ], [ -96.7089, 32.79272 ] ] ] } },
{ "type": "Feature", "properties": { "area_acres": 2.55 }, "geometry": { "type": "Polygon", "coordinates": [ [ [ -96.70977, 32.79351 ], [ -96.70988, 32.7928 ], [ -96.71088, 32.79295 ], [ -96.71091, 32.79277 ], [ -96.70894, 32.7925 ], [ -96.70894, 32.79341 ], [ -96.70977, 32.79351 ] ] ] } },
{ "type": "Feature", "properties": { "area_acres": 0.99 }, "geometry": { "type": "Polygon", "coordinates": [ [ [ -96.70695, 32.79281 ], [ -96.70577, 32.79252 ], [ -96.70578, 32.79247 ], [ -96.70572, 32.79245 ], [ -96.70578, 32.79232 ], [ -96.70589, 32.79223 ], [ -96.70604, 32.79222 ], [ -96.70685, 32.7925 ], [ -96.70702, 32.79261 ], [ -96.70695, 32.79281 ] ] ] } },
{ "type": "Feature", "properties": { "area_acres": 0.36 }, "geometry": { "type": "Polygon", "coordinates": [ [ [ -96.69867, 32.79237 ], [ -96.69867, 32.79258 ], [ -96.69829, 32.79258 ], [ -96.69829, 32.79267 ], [ -96.6983, 32.79276 ], [ -96.69867, 32.79277 ], [ -96.69867, 32.79283 ], [ -96.6982, 32.79283 ], [ -96.69821, 32.7924 ], [ -96.69867, 32.79237 ] ] ] } },
{ "type": "Feature", "properties": { "area_acres": 0.42 }, "geometry": { "type": "Polygon", "coordinates": [ [ [ -96.69899, 32.79334 ], [ -96.69871, 32.79333 ], [ -96.69871, 32.79291 ], [ -96.69926, 32.79291 ], [ -96.69925, 32.79309 ], [ -96.69899, 32.79308 ], [ -96.69899, 32.79334 ] ] ] } },
{ "type": "Feature", "properties": { "area_acres": 0.19 }, "geometry": { "type": "Polygon", "coordinates": [ [ [ -96.6984, 32.79325 ], [ -96.69862, 32.79325 ], [ -96.69862, 32.79291 ], [ -96.6984, 32.79291 ], [ -96.6984, 32.79325 ] ] ] } },
{ "type": "Feature", "properties": { "area_acres": 0.42 }, "geometry": { "type": "Polygon", "coordinates": [ [ [ -96.69623, 32.79341 ], [ -96.69653, 32.79341 ], [ -96.69653, 32.79336 ], [ -96.69672, 32.79336 ], [ -96.69672, 32.79306 ], [ -96.69623, 32.79306 ], [ -96.69623, 32.79341 ] ] ] } },
{ "type": "Feature", "properties": { "area_acres": 0.67 }, "geometry": { "type": "Polygon", "coordinates": [ [ [ -96.6971, 32.79332 ], [ -96.6971, 32.79326 ], [ -96.69715, 32.79326 ], [ -96.69716, 32.79262 ], [ -96.69653, 32.79262 ], [ -96.69653, 32.79268 ], [ -96.69671, 32.79268 ], [ -96.69671, 32.79294 ], [ -96.69686, 32.79294 ], [ -96.69686, 32.79332 ], [ -96.6971, 32.79332 ] ] ] } },
{ "type": "Feature", "properties": { "area_acres": 3.14 }, "geometry": { "type": "Polygon", "coordinates": [ [ [ -96.69344, 32.7937 ], [ -96.69345, 32.79399 ], [ -96.69357, 32.79429 ], [ -96.69357, 32.79477 ], [ -96.69389, 32.79463 ], [ -96.69538, 32.79377 ], [ -96.69534, 32.79372 ], [ -96.69539, 32.7937 ], [ -96.69539, 32.7935 ], [ -96.69518, 32.79361 ], [ -96.69508, 32.79348 ], [ -96.69483, 32.79362 ], [ -96.69483, 32.79367 ], [ -96.69478, 32.79356 ], [ -96.69485, 32.79356 ], [ -96.69486, 32.79318 ], [ -96.69479, 32.79318 ], [ -96.69479, 32.79312 ], [ -96.69462, 32.79312 ], [ -96.69463, 32.79371 ], [ -96.69469, 32.79375 ], [ -96.69452, 32.79384 ], [ -96.69449, 32.79379 ], [ -96.69422, 32.79394 ], [ -96.69407, 32.79384 ], [ -96.69407, 32.79372 ], [ -96.69344, 32.7937 ] ] ] } },
{ "type": "Feature", "properties": { "area_acres": 0.16 }, "geometry": { "type": "Polygon", "coordinates": [ [ [ -96.67927, 32.71949 ], [ -96.67927, 32.71932 ], [ -96.67889, 32.71932 ], [ -96.67889, 32.71949 ], [ -96.67927, 32.71949 ] ] ] } },
{ "type": "Feature", "properties": { "area_acres": 0.15 }, "geometry": { "type": "Polygon", "coordinates": [ [ [ -96.75729, 32.89547 ], [ -96.75758, 32.89563 ], [ -96.75769, 32.89548 ], [ -96.7574, 32.89532 ], [ -96.75729, 32.89547 ] ] ] } },
{ "type": "Feature", "properties": { "area_acres": 0.17 }, "geometry": { "type": "Polygon", "coordinates": [ [ [ -96.77243, 32.90924 ], [ -96.77203, 32.90917 ], [ -96.77207, 32.90901 ], [ -96.77247, 32.90908 ], [ -96.77243, 32.90924 ] ] ] } },
{ "type": "Feature", "properties": { "area_acres": 0.45 }, "geometry": { "type": "Polygon", "coordinates": [ [ [ -96.77219, 32.90895 ], [ -96.77201, 32.90892 ], [ -96.77215, 32.90844 ], [ -96.77261, 32.90864 ], [ -96.77254, 32.90885 ], [ -96.77222, 32.90884 ], [ -96.77219, 32.90895 ] ] ] } },
{ "type": "Feature", "properties": { "area_acres": 0.05 }, "geometry": { "type": "Polygon", "coordinates": [ [ [ -96.77004, 32.90898 ], [ -96.77005, 32.90881 ], [ -96.76994, 32.9088 ], [ -96.76992, 32.90897 ], [ -96.77004, 32.90898 ] ] ] } },
{ "type": "Feature", "properties": { "area_acres": 0.11 }, "geometry": { "type": "Polygon", "coordinates": [ [ [ -96.77131, 32.90821 ], [ -96.77134, 32.90823 ], [ -96.77175, 32.9083 ], [ -96.77144, 32.90807 ], [ -96.77131, 32.90821 ] ] ] } },
{ "type": "Feature", "properties": { "area_acres": 0.37 }, "geometry": { "type": "Polygon", "coordinates": [ [ [ -96.77124, 32.90775 ], [ -96.77107, 32.90757 ], [ -96.77094, 32.90753 ], [ -96.77091, 32.90758 ], [ -96.76959, 32.90759 ], [ -96.77046, 32.90764 ], [ -96.77065, 32.90783 ], [ -96.77085, 32.90764 ], [ -96.77092, 32.90764 ], [ -96.77107, 32.9078 ], [ -96.77111, 32.90777 ], [ -96.77116, 32.90781 ], [ -96.77124, 32.90775 ] ] ] } },
{ "type": "Feature", "properties": { "area_acres": 0.06 }, "geometry": { "type": "Polygon", "coordinates": [ [ [ -96.60185, 32.6775 ], [ -96.60155, 32.67726 ], [ -96.60159, 32.67721 ], [ -96.6019, 32.67746 ], [ -96.60185, 32.6775 ] ] ] } },
{ "type": "Feature", "properties": { "area_acres": 2.97 }, "geometry": { "type": "Polygon", "coordinates": [ [ [ -96.58096, 32.67634 ], [ -96.58099, 32.67642 ], [ -96.58154, 32.67682 ], [ -96.58171, 32.6768 ], [ -96.58195, 32.67696 ], [ -96.58261, 32.67636 ], [ -96.58199, 32.67564 ], [ -96.58096, 32.67634 ] ] ] } },
{ "type": "Feature", "properties": { "area_acres": 0.11 }, "geometry": { "type": "Polygon", "coordinates": [ [ [ -96.8893, 32.89496 ], [ -96.8891, 32.89496 ], [ -96.8891, 32.89476 ], [ -96.8893, 32.89476 ], [ -96.8893, 32.89496 ] ] ] } },
{ "type": "Feature", "properties": { "area_acres": 0.59 }, "geometry": { "type": "Polygon", "coordinates": [ [ [ -96.78846, 32.89499 ], [ -96.78809, 32.89499 ], [ -96.78809, 32.89561 ], [ -96.78846, 32.89561 ], [ -96.78846, 32.89499 ] ] ] } },
{ "type": "Feature", "properties": { "area_acres": 0.24 }, "geometry": { "type": "Polygon", "coordinates": [ [ [ -96.78869, 32.89598 ], [ -96.78815, 32.89597 ], [ -96.78815, 32.8958 ], [ -96.78869, 32.89581 ], [ -96.78869, 32.89598 ] ] ] } },
{ "type": "Feature", "properties": { "area_acres": 0.28 }, "geometry": { "type": "Polygon", "coordinates": [ [ [ -96.78953, 32.89562 ], [ -96.78953, 32.89525 ], [ -96.78923, 32.89525 ], [ -96.78924, 32.89562 ], [ -96.78953, 32.89562 ] ] ] } },
{ "type": "Feature", "properties": { "area_acres": 0.2 }, "geometry": { "type": "Polygon", "coordinates": [ [ [ -96.77212, 32.8877 ], [ -96.77206, 32.88756 ], [ -96.77158, 32.88769 ], [ -96.77164, 32.88784 ], [ -96.77212, 32.8877 ] ] ] } },
{ "type": "Feature", "properties": { "area_acres": 0.21 }, "geometry": { "type": "Polygon", "coordinates": [ [ [ -96.77208, 32.89024 ], [ -96.77159, 32.89023 ], [ -96.77159, 32.89007 ], [ -96.77209, 32.89007 ], [ -96.77208, 32.89024 ] ] ] } },
{ "type": "Feature", "properties": { "area_acres": 0.44 }, "geometry": { "type": "Polygon", "coordinates": [ [ [ -96.77086, 32.88871 ], [ -96.77086, 32.88889 ], [ -96.77032, 32.88889 ], [ -96.77024, 32.88883 ], [ -96.7703, 32.88834 ], [ -96.77045, 32.88835 ], [ -96.77046, 32.8887 ], [ -96.77064, 32.8887 ], [ -96.77064, 32.88876 ], [ -96.77086, 32.88871 ] ] ] } },
{ "type": "Feature", "properties": { "area_acres": 0.58 }, "geometry": { "type": "Polygon", "coordinates": [ [ [ -96.77088, 32.88946 ], [ -96.77087, 32.88902 ], [ -96.77028, 32.88901 ], [ -96.7702, 32.88907 ], [ -96.77014, 32.88945 ], [ -96.77035, 32.88945 ], [ -96.7704, 32.88915 ], [ -96.77064, 32.88915 ], [ -96.77065, 32.88946 ], [ -96.77088, 32.88946 ] ] ] } },
{ "type": "Feature", "properties": { "area_acres": 2.8 }, "geometry": { "type": "Polygon", "coordinates": [ [ [ -96.76258, 32.78212 ], [ -96.76246, 32.78248 ], [ -96.76187, 32.78234 ], [ -96.76181, 32.7825 ], [ -96.76118, 32.78235 ], [ -96.76087, 32.78236 ], [ -96.76047, 32.78223 ], [ -96.76043, 32.78215 ], [ -96.76063, 32.78161 ], [ -96.76258, 32.78212 ] ] ] } },
{ "type": "Feature", "properties": { "area_acres": 0.1 }, "geometry": { "type": "Polygon", "coordinates": [ [ [ -96.77022, 32.85254 ], [ -96.77027, 32.85236 ], [ -96.77006, 32.85233 ], [ -96.77001, 32.8525 ], [ -96.77022, 32.85254 ] ] ] } },
{ "type": "Feature", "properties": { "area_acres": 0.19 }, "geometry": { "type": "Polygon", "coordinates": [ [ [ -96.81826, 32.80849 ], [ -96.81841, 32.80861 ], [ -96.81872, 32.80834 ], [ -96.81858, 32.80822 ], [ -96.81826, 32.80849 ] ] ] } },
{ "type": "Feature", "properties": { "area_acres": 0.08 }, "geometry": { "type": "Polygon", "coordinates": [ [ [ -96.82559, 32.81406 ], [ -96.82543, 32.8142 ], [ -96.82532, 32.81411 ], [ -96.82548, 32.81397 ], [ -96.82559, 32.81406 ] ] ] } },
{ "type": "Feature", "properties": { "area_acres": 0.09 }, "geometry": { "type": "Polygon", "coordinates": [ [ [ -96.82543, 32.814 ], [ -96.82526, 32.81415 ], [ -96.82514, 32.81406 ], [ -96.82532, 32.8139 ], [ -96.82543, 32.814 ] ] ] } },
{ "type": "Feature", "properties": { "area_acres": 0.17 }, "geometry": { "type": "Polygon", "coordinates": [ [ [ -96.7791, 32.79937 ], [ -96.77928, 32.79953 ], [ -96.77907, 32.79971 ], [ -96.77888, 32.79956 ], [ -96.7791, 32.79937 ] ] ] } },
{ "type": "Feature", "properties": { "area_acres": 0.16 }, "geometry": { "type": "Polygon", "coordinates": [ [ [ -96.7799, 32.79948 ], [ -96.77999, 32.79956 ], [ -96.77971, 32.79981 ], [ -96.77982, 32.79989 ], [ -96.77977, 32.79993 ], [ -96.77957, 32.79977 ], [ -96.7799, 32.79948 ] ] ] } },
{ "type": "Feature", "properties": { "area_acres": 0.26 }, "geometry": { "type": "Polygon", "coordinates": [ [ [ -96.69714, 32.83951 ], [ -96.69675, 32.83916 ], [ -96.69655, 32.83932 ], [ -96.69667, 32.83943 ], [ -96.69672, 32.83939 ], [ -96.69682, 32.83948 ], [ -96.69686, 32.83945 ], [ -96.69695, 32.8396 ], [ -96.69714, 32.83951 ] ] ] } },
{ "type": "Feature", "properties": { "area_acres": 0.16 }, "geometry": { "type": "Polygon", "coordinates": [ [ [ -96.81583, 32.9103 ], [ -96.81563, 32.9103 ], [ -96.81563, 32.9105 ], [ -96.81552, 32.9105 ], [ -96.81552, 32.91017 ], [ -96.81583, 32.91017 ], [ -96.81583, 32.9103 ] ] ] } },
{ "type": "Feature", "properties": { "area_acres": 0.2 }, "geometry": { "type": "Polygon", "coordinates": [ [ [ -96.82309, 32.76494 ], [ -96.82356, 32.76494 ], [ -96.82356, 32.76511 ], [ -96.82309, 32.76511 ], [ -96.82309, 32.76494 ] ] ] } },
{ "type": "Feature", "properties": { "area_acres": 0.14 }, "geometry": { "type": "Polygon", "coordinates": [ [ [ -96.82309, 32.7648 ], [ -96.82357, 32.7648 ], [ -96.82357, 32.76492 ], [ -96.82309, 32.76492 ], [ -96.82309, 32.7648 ] ] ] } },
{ "type": "Feature", "properties": { "area_acres": 0.2 }, "geometry": { "type": "Polygon", "coordinates": [ [ [ -96.69268, 32.84133 ], [ -96.69255, 32.84143 ], [ -96.69221, 32.84113 ], [ -96.69234, 32.84103 ], [ -96.69268, 32.84133 ] ] ] } },
{ "type": "Feature", "properties": { "area_acres": 0.1 }, "geometry": { "type": "Polygon", "coordinates": [ [ [ -96.80359, 32.9105 ], [ -96.80364, 32.91032 ], [ -96.80343, 32.91031 ], [ -96.80338, 32.91049 ], [ -96.80359, 32.9105 ] ] ] } },
{ "type": "Feature", "properties": { "area_acres": 0.22 }, "geometry": { "type": "Polygon", "coordinates": [ [ [ -96.80507, 32.91052 ], [ -96.80461, 32.91052 ], [ -96.80461, 32.91071 ], [ -96.80507, 32.9107 ], [ -96.80507, 32.91052 ] ] ] } },
{ "type": "Feature", "properties": { "area_acres": 0.32 }, "geometry": { "type": "Polygon", "coordinates": [ [ [ -96.80238, 32.90788 ], [ -96.80193, 32.90763 ], [ -96.80174, 32.90787 ], [ -96.80192, 32.90797 ], [ -96.80196, 32.90792 ], [ -96.80213, 32.90801 ], [ -96.80219, 32.90794 ], [ -96.80229, 32.90799 ], [ -96.80238, 32.90788 ] ] ] } },
{ "type": "Feature", "properties": { "area_acres": 0.19 }, "geometry": { "type": "Polygon", "coordinates": [ [ [ -96.76362, 32.80265 ], [ -96.76339, 32.80283 ], [ -96.7632, 32.80266 ], [ -96.7634, 32.8025 ], [ -96.76362, 32.80265 ] ] ] } },
{ "type": "Feature", "properties": { "area_acres": 0.2 }, "geometry": { "type": "Polygon", "coordinates": [ [ [ -96.80633, 32.94877 ], [ -96.80634, 32.94862 ], [ -96.80582, 32.94861 ], [ -96.80582, 32.94877 ], [ -96.80633, 32.94877 ] ] ] } },
{ "type": "Feature", "properties": { "area_acres": 0.49 }, "geometry": { "type": "Polygon", "coordinates": [ [ [ -96.77618, 32.90019 ], [ -96.77626, 32.90081 ], [ -96.77595, 32.90084 ], [ -96.77587, 32.90022 ], [ -96.77618, 32.90019 ] ] ] } },
{ "type": "Feature", "properties": { "area_acres": 0.33 }, "geometry": { "type": "Polygon", "coordinates": [ [ [ -96.77587, 32.90069 ], [ -96.77589, 32.90087 ], [ -96.77517, 32.90094 ], [ -96.77514, 32.90076 ], [ -96.77587, 32.90069 ] ] ] } },
{ "type": "Feature", "properties": { "area_acres": 0.28 }, "geometry": { "type": "Polygon", "coordinates": [ [ [ -96.84381, 32.72353 ], [ -96.84381, 32.72343 ], [ -96.84374, 32.72343 ], [ -96.84374, 32.72336 ], [ -96.84366, 32.72336 ], [ -96.84364, 32.72348 ], [ -96.84361, 32.72343 ], [ -96.84329, 32.72342 ], [ -96.84327, 32.72347 ], [ -96.84325, 32.72336 ], [ -96.84317, 32.72336 ], [ -96.84317, 32.72359 ], [ -96.84375, 32.72359 ], [ -96.84376, 32.72353 ], [ -96.84381, 32.72353 ] ] ] } },
{ "type": "Feature", "properties": { "area_acres": 0.22 }, "geometry": { "type": "Polygon", "coordinates": [ [ [ -96.84431, 32.7234 ], [ -96.84452, 32.7234 ], [ -96.84452, 32.72386 ], [ -96.84431, 32.72376 ], [ -96.84431, 32.7234 ] ] ] } },
{ "type": "Feature", "properties": { "area_acres": 0.79 }, "geometry": { "type": "Polygon", "coordinates": [ [ [ -96.80346, 32.93356 ], [ -96.80324, 32.93357 ], [ -96.80324, 32.93365 ], [ -96.8023, 32.93365 ], [ -96.80231, 32.93392 ], [ -96.80243, 32.93409 ], [ -96.80302, 32.93409 ], [ -96.80301, 32.93398 ], [ -96.80257, 32.93398 ], [ -96.80256, 32.93373 ], [ -96.80299, 32.93372 ], [ -96.80299, 32.93393 ], [ -96.80347, 32.93383 ], [ -96.80346, 32.93356 ] ] ] } },
{ "type": "Feature", "properties": { "area_acres": 0.16 }, "geometry": { "type": "Polygon", "coordinates": [ [ [ -96.80353, 32.93417 ], [ -96.80318, 32.93417 ], [ -96.80318, 32.934 ], [ -96.80356, 32.934 ], [ -96.80353, 32.93417 ] ] ] } },
{ "type": "Feature", "properties": { "area_acres": 0.29 }, "geometry": { "type": "Polygon", "coordinates": [ [ [ -96.76838, 32.98884 ], [ -96.76841, 32.98854 ], [ -96.76856, 32.98856 ], [ -96.76857, 32.98849 ], [ -96.76893, 32.98849 ], [ -96.76893, 32.98884 ], [ -96.76886, 32.98884 ], [ -96.76886, 32.98856 ], [ -96.76864, 32.98856 ], [ -96.76864, 32.98883 ], [ -96.76838, 32.98884 ] ] ] } },
{ "type": "Feature", "properties": { "area_acres": 0.23 }, "geometry": { "type": "Polygon", "coordinates": [ [ [ -96.76819, 32.98979 ], [ -96.76833, 32.98899 ], [ -96.76843, 32.98901 ], [ -96.7683, 32.9898 ], [ -96.76819, 32.98979 ] ] ] } },
{ "type": "Feature", "properties": { "area_acres": 0.18 }, "geometry": { "type": "Polygon", "coordinates": [ [ [ -96.76883, 32.98969 ], [ -96.76886, 32.98951 ], [ -96.76843, 32.98951 ], [ -96.76843, 32.98969 ], [ -96.76883, 32.98969 ] ] ] } },
{ "type": "Feature", "properties": { "area_acres": 0.23 }, "geometry": { "type": "Polygon", "coordinates": [ [ [ -96.76841, 32.98949 ], [ -96.7686, 32.98949 ], [ -96.7686, 32.98944 ], [ -96.76866, 32.98944 ], [ -96.76866, 32.98904 ], [ -96.76846, 32.98908 ], [ -96.76846, 32.98938 ], [ -96.76841, 32.98938 ], [ -96.76841, 32.98949 ] ] ] } },
{ "type": "Feature", "properties": { "area_acres": 0.13 }, "geometry": { "type": "Polygon", "coordinates": [ [ [ -96.76863, 32.98902 ], [ -96.76859, 32.98885 ], [ -96.7689, 32.98885 ], [ -96.7689, 32.98902 ], [ -96.76863, 32.98902 ] ] ] } },
{ "type": "Feature", "properties": { "area_acres": 0.05 }, "geometry": { "type": "Polygon", "coordinates": [ [ [ -96.76886, 32.9881 ], [ -96.76886, 32.98822 ], [ -96.76868, 32.98821 ], [ -96.76868, 32.9881 ], [ -96.76886, 32.9881 ] ] ] } },
{ "type": "Feature", "properties": { "area_acres": 0.04 }, "geometry": { "type": "Polygon", "coordinates": [ [ [ -96.76849, 32.98842 ], [ -96.76849, 32.98827 ], [ -96.7686, 32.98827 ], [ -96.76859, 32.98842 ], [ -96.76849, 32.98842 ] ] ] } },
{ "type": "Feature", "properties": { "area_acres": 0.22 }, "geometry": { "type": "Polygon", "coordinates": [ [ [ -96.76923, 32.98819 ], [ -96.76923, 32.98803 ], [ -96.76977, 32.98804 ], [ -96.76977, 32.9882 ], [ -96.76923, 32.98819 ] ] ] } },
{ "type": "Feature", "properties": { "area_acres": 0.86 }, "geometry": { "type": "Polygon", "coordinates": [ [ [ -96.75962, 32.87252 ], [ -96.75889, 32.87312 ], [ -96.75861, 32.87288 ], [ -96.75934, 32.87228 ], [ -96.75962, 32.87252 ] ] ] } },
{ "type": "Feature", "properties": { "area_acres": 0.66 }, "geometry": { "type": "Polygon", "coordinates": [ [ [ -96.76315, 32.87239 ], [ -96.7631, 32.87263 ], [ -96.76274, 32.87257 ], [ -96.76266, 32.87296 ], [ -96.76238, 32.87291 ], [ -96.7625, 32.87235 ], [ -96.76269, 32.87238 ], [ -96.7627, 32.87232 ], [ -96.76315, 32.87239 ] ] ] } },
{ "type": "Feature", "properties": { "area_acres": 0.28 }, "geometry": { "type": "Polygon", "coordinates": [ [ [ -96.76228, 32.87295 ], [ -96.76204, 32.87279 ], [ -96.76211, 32.87247 ], [ -96.7624, 32.87252 ], [ -96.76228, 32.87295 ] ] ] } },
{ "type": "Feature", "properties": { "area_acres": 0.63 }, "geometry": { "type": "Polygon", "coordinates": [ [ [ -96.76077, 32.8735 ], [ -96.76104, 32.87374 ], [ -96.76051, 32.87417 ], [ -96.76023, 32.87393 ], [ -96.76077, 32.8735 ] ] ] } },
{ "type": "Feature", "properties": { "area_acres": 0.15 }, "geometry": { "type": "Polygon", "coordinates": [ [ [ -96.76191, 32.87374 ], [ -96.76177, 32.87386 ], [ -96.76152, 32.87364 ], [ -96.76166, 32.87353 ], [ -96.76191, 32.87374 ] ] ] } },
{ "type": "Feature", "properties": { "area_acres": 0.42 }, "geometry": { "type": "Polygon", "coordinates": [ [ [ -96.76255, 32.87328 ], [ -96.76236, 32.87368 ], [ -96.76271, 32.8738 ], [ -96.7629, 32.8734 ], [ -96.76255, 32.87328 ] ] ] } },
{ "type": "Feature", "properties": { "area_acres": 0.5 }, "geometry": { "type": "Polygon", "coordinates": [ [ [ -96.76358, 32.86961 ], [ -96.76319, 32.86955 ], [ -96.7633, 32.86906 ], [ -96.76369, 32.86913 ], [ -96.76358, 32.86961 ] ] ] } },
{ "type": "Feature", "properties": { "area_acres": 0.35 }, "geometry": { "type": "Polygon", "coordinates": [ [ [ -96.97508, 32.93048 ], [ -96.97465, 32.92989 ], [ -96.97446, 32.93 ], [ -96.97471, 32.93023 ], [ -96.97466, 32.93026 ], [ -96.9749, 32.93058 ], [ -96.97508, 32.93048 ] ] ] } },
{ "type": "Feature", "properties": { "area_acres": 0.14 }, "geometry": { "type": "Polygon", "coordinates": [ [ [ -96.81593, 32.94607 ], [ -96.81611, 32.94598 ], [ -96.81595, 32.94576 ], [ -96.81577, 32.94585 ], [ -96.81593, 32.94607 ] ] ] } },
{ "type": "Feature", "properties": { "area_acres": 0.91 }, "geometry": { "type": "Polygon", "coordinates": [ [ [ -96.76571, 32.85353 ], [ -96.76571, 32.85358 ], [ -96.76667, 32.8536 ], [ -96.76667, 32.85356 ], [ -96.76674, 32.85356 ], [ -96.76675, 32.85343 ], [ -96.76653, 32.85342 ], [ -96.76653, 32.85347 ], [ -96.76645, 32.85347 ], [ -96.7665, 32.85344 ], [ -96.76646, 32.85322 ], [ -96.76571, 32.8532 ], [ -96.76571, 32.85325 ], [ -96.76565, 32.85325 ], [ -96.76564, 32.85353 ], [ -96.76571, 32.85353 ] ] ] } },
{ "type": "Feature", "properties": { "area_acres": 0.98 }, "geometry": { "type": "Polygon", "coordinates": [ [ [ -96.76556, 32.85386 ], [ -96.76531, 32.8535 ], [ -96.76524, 32.8535 ], [ -96.76525, 32.85342 ], [ -96.76531, 32.85342 ], [ -96.76532, 32.85312 ], [ -96.76494, 32.85311 ], [ -96.76493, 32.85322 ], [ -96.76487, 32.85322 ], [ -96.76487, 32.85354 ], [ -96.76492, 32.85354 ], [ -96.76497, 32.85365 ], [ -96.76492, 32.85367 ], [ -96.76519, 32.85405 ], [ -96.76556, 32.85386 ] ] ] } },
{ "type": "Feature", "properties": { "area_acres": 0.51 }, "geometry": { "type": "Polygon", "coordinates": [ [ [ -96.76656, 32.85279 ], [ -96.76655, 32.85282 ], [ -96.76603, 32.85269 ], [ -96.76601, 32.85262 ], [ -96.76595, 32.85262 ], [ -96.76586, 32.85206 ], [ -96.76591, 32.85201 ], [ -96.76608, 32.85199 ], [ -96.7661, 32.8521 ], [ -96.76614, 32.85209 ], [ -96.76623, 32.85261 ], [ -96.7662, 32.85269 ], [ -96.76656, 32.85279 ] ] ] } },
{ "type": "Feature", "properties": { "area_acres": 0.87 }, "geometry": { "type": "Polygon", "coordinates": [ [ [ -96.76604, 32.85178 ], [ -96.76497, 32.85177 ], [ -96.76491, 32.85172 ], [ -96.76491, 32.85145 ], [ -96.76501, 32.85145 ], [ -96.76501, 32.8514 ], [ -96.7657, 32.85141 ], [ -96.7657, 32.85146 ], [ -96.76577, 32.85147 ], [ -96.76572, 32.85165 ], [ -96.76604, 32.85162 ], [ -96.76604, 32.85178 ] ] ] } },
{ "type": "Feature", "properties": { "area_acres": 0.73 }, "geometry": { "type": "Polygon", "coordinates": [ [ [ -96.76556, 32.85255 ], [ -96.76551, 32.85254 ], [ -96.7655, 32.85259 ], [ -96.76492, 32.85258 ], [ -96.76492, 32.85254 ], [ -96.76487, 32.85253 ], [ -96.76487, 32.85237 ], [ -96.76462, 32.85236 ], [ -96.76462, 32.85221 ], [ -96.76551, 32.85222 ], [ -96.76557, 32.85227 ], [ -96.76556, 32.85255 ] ] ] } },
{ "type": "Feature", "properties": { "area_acres": 1.27 }, "geometry": { "type": "Polygon", "coordinates": [ [ [ -96.75002, 32.91032 ], [ -96.74991, 32.91023 ], [ -96.74992, 32.90948 ], [ -96.7491, 32.90949 ], [ -96.74911, 32.90933 ], [ -96.75029, 32.90933 ], [ -96.75029, 32.91032 ], [ -96.75002, 32.91032 ] ] ] } },
{ "type": "Feature", "properties": { "area_acres": 0.1 }, "geometry": { "type": "Polygon", "coordinates": [ [ [ -96.75591, 32.76108 ], [ -96.75579, 32.76098 ], [ -96.7559, 32.76081 ], [ -96.75606, 32.76095 ], [ -96.75591, 32.76108 ] ] ] } },
{ "type": "Feature", "properties": { "area_acres": 3.76 }, "geometry": { "type": "Polygon", "coordinates": [ [ [ -96.80227, 32.89224 ], [ -96.80242, 32.89216 ], [ -96.80243, 32.89176 ], [ -96.80256, 32.89176 ], [ -96.80257, 32.89138 ], [ -96.80161, 32.89136 ], [ -96.80116, 32.89151 ], [ -96.8007, 32.8915 ], [ -96.80069, 32.89216 ], [ -96.8008, 32.89224 ], [ -96.80227, 32.89224 ] ] ] } },
{ "type": "Feature", "properties": { "area_acres": 1.16 }, "geometry": { "type": "Polygon", "coordinates": [ [ [ -96.80289, 32.98467 ], [ -96.80236, 32.98429 ], [ -96.802, 32.98465 ], [ -96.80201, 32.98477 ], [ -96.80171, 32.98505 ], [ -96.80262, 32.98499 ], [ -96.80289, 32.98467 ] ] ] } },
{ "type": "Feature", "properties": { "area_acres": 0.19 }, "geometry": { "type": "Polygon", "coordinates": [ [ [ -96.76697, 32.78222 ], [ -96.76675, 32.78216 ], [ -96.7669, 32.78184 ], [ -96.76709, 32.78189 ], [ -96.76697, 32.78222 ] ] ] } },
{ "type": "Feature", "properties": { "area_acres": 0.86 }, "geometry": { "type": "Polygon", "coordinates": [ [ [ -96.66643, 32.77106 ], [ -96.66578, 32.77105 ], [ -96.66579, 32.77055 ], [ -96.66644, 32.77056 ], [ -96.66643, 32.77106 ] ] ] } },
{ "type": "Feature", "properties": { "area_acres": 0.23 }, "geometry": { "type": "Polygon", "coordinates": [ [ [ -96.66603, 32.76933 ], [ -96.66583, 32.76931 ], [ -96.6659, 32.76887 ], [ -96.6661, 32.76889 ], [ -96.66603, 32.76933 ] ] ] } },
{ "type": "Feature", "properties": { "area_acres": 0.26 }, "geometry": { "type": "Polygon", "coordinates": [ [ [ -96.66594, 32.7699 ], [ -96.66574, 32.76987 ], [ -96.66582, 32.76938 ], [ -96.66602, 32.7694 ], [ -96.66594, 32.7699 ] ] ] } },
{ "type": "Feature", "properties": { "area_acres": 0.3 }, "geometry": { "type": "Polygon", "coordinates": [ [ [ -96.66226, 32.76437 ], [ -96.66193, 32.76437 ], [ -96.66193, 32.76404 ], [ -96.66231, 32.76405 ], [ -96.66226, 32.76437 ] ] ] } },
{ "type": "Feature", "properties": { "area_acres": 0.31 }, "geometry": { "type": "Polygon", "coordinates": [ [ [ -96.66194, 32.76777 ], [ -96.66195, 32.76811 ], [ -96.66237, 32.76811 ], [ -96.66237, 32.76792 ], [ -96.66222, 32.76792 ], [ -96.66222, 32.76776 ], [ -96.66194, 32.76777 ] ] ] } },
{ "type": "Feature", "properties": { "area_acres": 2.38 }, "geometry": { "type": "Polygon", "coordinates": [ [ [ -96.67416, 32.76818 ], [ -96.67471, 32.76818 ], [ -96.67471, 32.7669 ], [ -96.67335, 32.7669 ], [ -96.67335, 32.7672 ], [ -96.67354, 32.7672 ], [ -96.67354, 32.76715 ], [ -96.67397, 32.76715 ], [ -96.67397, 32.76721 ], [ -96.67416, 32.76721 ], [ -96.67416, 32.76818 ] ] ] } },
{ "type": "Feature", "properties": { "area_acres": 8.64 }, "geometry": { "type": "Polygon", "coordinates": [ [ [ -96.67851, 32.77046 ], [ -96.67862, 32.76944 ], [ -96.67595, 32.76924 ], [ -96.67581, 32.77018 ], [ -96.67587, 32.77066 ], [ -96.67627, 32.77101 ], [ -96.67699, 32.77067 ], [ -96.67703, 32.77035 ], [ -96.67851, 32.77046 ] ] ] } },
{ "type": "Feature", "properties": { "area_acres": 1.39 }, "geometry": { "type": "Polygon", "coordinates": [ [ [ -96.68455, 32.77168 ], [ -96.68366, 32.77168 ], [ -96.68366, 32.77107 ], [ -96.68455, 32.77107 ], [ -96.68455, 32.77168 ] ] ] } },
{ "type": "Feature", "properties": { "area_acres": 0.65 }, "geometry": { "type": "Polygon", "coordinates": [ [ [ -96.67351, 32.76363 ], [ -96.67384, 32.76363 ], [ -96.67384, 32.76393 ], [ -96.6737, 32.76393 ], [ -96.6737, 32.76431 ], [ -96.67383, 32.76431 ], [ -96.67383, 32.76473 ], [ -96.6737, 32.76473 ], [ -96.6737, 32.76445 ], [ -96.67351, 32.76445 ], [ -96.67351, 32.76363 ] ] ] } },
{ "type": "Feature", "properties": { "area_acres": 1.65 }, "geometry": { "type": "Polygon", "coordinates": [ [ [ -96.68405, 32.76007 ], [ -96.68305, 32.76005 ], [ -96.68306, 32.75948 ], [ -96.68324, 32.75948 ], [ -96.68324, 32.75941 ], [ -96.68407, 32.75942 ], [ -96.68405, 32.76007 ] ] ] } },
{ "type": "Feature", "properties": { "area_acres": 2.71 }, "geometry": { "type": "Polygon", "coordinates": [ [ [ -96.68389, 32.76209 ], [ -96.68302, 32.76208 ], [ -96.68304, 32.76086 ], [ -96.6839, 32.76087 ], [ -96.68389, 32.76209 ] ] ] } },
{ "type": "Feature", "properties": { "area_acres": 6.87 }, "geometry": { "type": "Polygon", "coordinates": [ [ [ -96.6664, 32.7782 ], [ -96.6664, 32.77913 ], [ -96.66613, 32.77913 ], [ -96.66613, 32.77964 ], [ -96.66578, 32.77964 ], [ -96.66578, 32.78038 ], [ -96.66735, 32.78038 ], [ -96.66735, 32.7782 ], [ -96.6664, 32.7782 ] ] ] } },
{ "type": "Feature", "properties": { "area_acres": 0.36 }, "geometry": { "type": "Polygon", "coordinates": [ [ [ -96.69531, 32.77246 ], [ -96.69497, 32.77244 ], [ -96.69499, 32.772 ], [ -96.69532, 32.77207 ], [ -96.69531, 32.77246 ] ] ] } },
{ "type": "Feature", "properties": { "area_acres": 0.32 }, "geometry": { "type": "Polygon", "coordinates": [ [ [ -96.81163, 32.92686 ], [ -96.81142, 32.92686 ], [ -96.81143, 32.92648 ], [ -96.81156, 32.92642 ], [ -96.81196, 32.92643 ], [ -96.81195, 32.92655 ], [ -96.81164, 32.92654 ], [ -96.81163, 32.92686 ] ] ] } },
{ "type": "Feature", "properties": { "area_acres": 0.4 }, "geometry": { "type": "Polygon", "coordinates": [ [ [ -96.81144, 32.92743 ], [ -96.81205, 32.92743 ], [ -96.81205, 32.92724 ], [ -96.81186, 32.92723 ], [ -96.81186, 32.92713 ], [ -96.8115, 32.92712 ], [ -96.81144, 32.92743 ] ] ] } },
{ "type": "Feature", "properties": { "area_acres": 0.18 }, "geometry": { "type": "Polygon", "coordinates": [ [ [ -96.81206, 32.92688 ], [ -96.81142, 32.92687 ], [ -96.81142, 32.92698 ], [ -96.81206, 32.92698 ], [ -96.81206, 32.92688 ] ] ] } },
{ "type": "Feature", "properties": { "area_acres": 1.41 }, "geometry": { "type": "Polygon", "coordinates": [ [ [ -96.81327, 32.92883 ], [ -96.81304, 32.92883 ], [ -96.81305, 32.92827 ], [ -96.8124, 32.92826 ], [ -96.8124, 32.92905 ], [ -96.81327, 32.92905 ], [ -96.81327, 32.92883 ] ] ] } },
{ "type": "Feature", "properties": { "area_acres": 1.1 }, "geometry": { "type": "Polygon", "coordinates": [ [ [ -96.8124, 32.92829 ], [ -96.81241, 32.92864 ], [ -96.81158, 32.92863 ], [ -96.81158, 32.92893 ], [ -96.81203, 32.92891 ], [ -96.81203, 32.92905 ], [ -96.81146, 32.92901 ], [ -96.81147, 32.92829 ], [ -96.8124, 32.92829 ] ] ] } },
{ "type": "Feature", "properties": { "area_acres": 0.19 }, "geometry": { "type": "Polygon", "coordinates": [ [ [ -96.87332, 32.7562 ], [ -96.87332, 32.75652 ], [ -96.87308, 32.75652 ], [ -96.87308, 32.7562 ], [ -96.87332, 32.7562 ] ] ] } },
{ "type": "Feature", "properties": { "area_acres": 0.08 }, "geometry": { "type": "Polygon", "coordinates": [ [ [ -96.87382, 32.75669 ], [ -96.87374, 32.75669 ], [ -96.87374, 32.75627 ], [ -96.87382, 32.75627 ], [ -96.87382, 32.75669 ] ] ] } },
{ "type": "Feature", "properties": { "area_acres": 5.61 }, "geometry": { "type": "Polygon", "coordinates": [ [ [ -96.87391, 32.75595 ], [ -96.87372, 32.75604 ], [ -96.87308, 32.75606 ], [ -96.87307, 32.7562 ], [ -96.87256, 32.7562 ], [ -96.8718, 32.75507 ], [ -96.8712, 32.75537 ], [ -96.87112, 32.7552 ], [ -96.87282, 32.7544 ], [ -96.8729, 32.75452 ], [ -96.87264, 32.75466 ], [ -96.87307, 32.75527 ], [ -96.87393, 32.75532 ], [ -96.87391, 32.75595 ] ] ] } },
{ "type": "Feature", "properties": { "area_acres": 0.3 }, "geometry": { "type": "Polygon", "coordinates": [ [ [ -96.87335, 32.75478 ], [ -96.87316, 32.75487 ], [ -96.87283, 32.75439 ], [ -96.8731, 32.75425 ], [ -96.87317, 32.75435 ], [ -96.87302, 32.75442 ], [ -96.87315, 32.75462 ], [ -96.87322, 32.75459 ], [ -96.87335, 32.75478 ] ] ] } },
{ "type": "Feature", "properties": { "area_acres": 0.24 }, "geometry": { "type": "Polygon", "coordinates": [ [ [ -96.87336, 32.75459 ], [ -96.87345, 32.75472 ], [ -96.87377, 32.75457 ], [ -96.8735, 32.75419 ], [ -96.87339, 32.75424 ], [ -96.87356, 32.75448 ], [ -96.87336, 32.75459 ] ] ] } },
{ "type": "Feature", "properties": { "area_acres": 0.07 }, "geometry": { "type": "Polygon", "coordinates": [ [ [ -96.73215, 32.81328 ], [ -96.73238, 32.81341 ], [ -96.73245, 32.81333 ], [ -96.73223, 32.81319 ], [ -96.73215, 32.81328 ] ] ] } },
{ "type": "Feature", "properties": { "area_acres": 0.05 }, "geometry": { "type": "Polygon", "coordinates": [ [ [ -96.73039, 32.81425 ], [ -96.73057, 32.8144 ], [ -96.73063, 32.81435 ], [ -96.73045, 32.8142 ], [ -96.73039, 32.81425 ] ] ] } },
{ "type": "Feature", "properties": { "area_acres": 0.42 }, "geometry": { "type": "Polygon", "coordinates": [ [ [ -96.77518, 32.79646 ], [ -96.77467, 32.79686 ], [ -96.77487, 32.79704 ], [ -96.77537, 32.79662 ], [ -96.77518, 32.79646 ] ] ] } },
{ "type": "Feature", "properties": { "area_acres": 2.63 }, "geometry": { "type": "Polygon", "coordinates": [ [ [ -96.89536, 32.89541 ], [ -96.89536, 32.89546 ], [ -96.89542, 32.89546 ], [ -96.89542, 32.89583 ], [ -96.89534, 32.89582 ], [ -96.89534, 32.89575 ], [ -96.89525, 32.89574 ], [ -96.89525, 32.89433 ], [ -96.89476, 32.89433 ], [ -96.89476, 32.89426 ], [ -96.89425, 32.89426 ], [ -96.89425, 32.89414 ], [ -96.89588, 32.89416 ], [ -96.8959, 32.89536 ], [ -96.89583, 32.89535 ], [ -96.89583, 32.89541 ], [ -96.89536, 32.89541 ] ] ] } },
{ "type": "Feature", "properties": { "area_acres": 0.99 }, "geometry": { "type": "Polygon", "coordinates": [ [ [ -96.79028, 32.8091 ], [ -96.79078, 32.80952 ], [ -96.79082, 32.80949 ], [ -96.79093, 32.80953 ], [ -96.79111, 32.80937 ], [ -96.7912, 32.80915 ], [ -96.79078, 32.80879 ], [ -96.79063, 32.80891 ], [ -96.79057, 32.80886 ], [ -96.79028, 32.8091 ] ] ] } },
{ "type": "Feature", "properties": { "area_acres": 0.9 }, "geometry": { "type": "Polygon", "coordinates": [ [ [ -96.79104, 32.80788 ], [ -96.79045, 32.80738 ], [ -96.79081, 32.80709 ], [ -96.7914, 32.80759 ], [ -96.79104, 32.80788 ] ] ] } },
{ "type": "Feature", "properties": { "area_acres": 0.15 }, "geometry": { "type": "Polygon", "coordinates": [ [ [ -96.7786, 32.79359 ], [ -96.77881, 32.79341 ], [ -96.77864, 32.79328 ], [ -96.77844, 32.79345 ], [ -96.7786, 32.79359 ] ] ] } },
{ "type": "Feature", "properties": { "area_acres": 0.08 }, "geometry": { "type": "Polygon", "coordinates": [ [ [ -96.76107, 32.89902 ], [ -96.76125, 32.89902 ], [ -96.76126, 32.89885 ], [ -96.76107, 32.89885 ], [ -96.76107, 32.89902 ] ] ] } },
{ "type": "Feature", "properties": { "area_acres": 0.16 }, "geometry": { "type": "Polygon", "coordinates": [ [ [ -96.76793, 32.78247 ], [ -96.7681, 32.78252 ], [ -96.76822, 32.78217 ], [ -96.76806, 32.78213 ], [ -96.76793, 32.78247 ] ] ] } },
{ "type": "Feature", "properties": { "area_acres": 0.4 }, "geometry": { "type": "Polygon", "coordinates": [ [ [ -96.77775, 32.78562 ], [ -96.77757, 32.78576 ], [ -96.7775, 32.7857 ], [ -96.77746, 32.78573 ], [ -96.77711, 32.78542 ], [ -96.77714, 32.78539 ], [ -96.77708, 32.78533 ], [ -96.77734, 32.78527 ], [ -96.77775, 32.78562 ] ] ] } },
{ "type": "Feature", "properties": { "area_acres": 0.54 }, "geometry": { "type": "Polygon", "coordinates": [ [ [ -96.78862, 32.78353 ], [ -96.78761, 32.78335 ], [ -96.78757, 32.78322 ], [ -96.78775, 32.78318 ], [ -96.78878, 32.78338 ], [ -96.78874, 32.78351 ], [ -96.78862, 32.78353 ] ] ] } },
{ "type": "Feature", "properties": { "area_acres": 0.16 }, "geometry": { "type": "Polygon", "coordinates": [ [ [ -96.78782, 32.78374 ], [ -96.78759, 32.78379 ], [ -96.78752, 32.78356 ], [ -96.78759, 32.78355 ], [ -96.78757, 32.7835 ], [ -96.78776, 32.78351 ], [ -96.78782, 32.78374 ] ] ] } },
{ "type": "Feature", "properties": { "area_acres": 0.4 }, "geometry": { "type": "Polygon", "coordinates": [ [ [ -96.7836, 32.78169 ], [ -96.78416, 32.78158 ], [ -96.78363, 32.78124 ], [ -96.78349, 32.78127 ], [ -96.7836, 32.78169 ] ] ] } },
{ "type": "Feature", "properties": { "area_acres": 0.51 }, "geometry": { "type": "Polygon", "coordinates": [ [ [ -96.78306, 32.78213 ], [ -96.78366, 32.78201 ], [ -96.78357, 32.7817 ], [ -96.78297, 32.78183 ], [ -96.78306, 32.78213 ] ] ] } },
{ "type": "Feature", "properties": { "area_acres": 0.13 }, "geometry": { "type": "Polygon", "coordinates": [ [ [ -96.82519, 32.69767 ], [ -96.82501, 32.69763 ], [ -96.82494, 32.69789 ], [ -96.82512, 32.69792 ], [ -96.82519, 32.69767 ] ] ] } },
{ "type": "Feature", "properties": { "area_acres": 0.14 }, "geometry": { "type": "Polygon", "coordinates": [ [ [ -96.82468, 32.69815 ], [ -96.8244, 32.69807 ], [ -96.82435, 32.69828 ], [ -96.82463, 32.69832 ], [ -96.82468, 32.69815 ] ] ] } },
{ "type": "Feature", "properties": { "area_acres": 0.11 }, "geometry": { "type": "Polygon", "coordinates": [ [ [ -96.82423, 32.69787 ], [ -96.82417, 32.69763 ], [ -96.82437, 32.69761 ], [ -96.8244, 32.69786 ], [ -96.82423, 32.69787 ] ] ] } },
{ "type": "Feature", "properties": { "area_acres": 0.12 }, "geometry": { "type": "Polygon", "coordinates": [ [ [ -96.82462, 32.6972 ], [ -96.82458, 32.69696 ], [ -96.8244, 32.69697 ], [ -96.82443, 32.69722 ], [ -96.82462, 32.6972 ] ] ] } },
{ "type": "Feature", "properties": { "area_acres": 0.12 }, "geometry": { "type": "Polygon", "coordinates": [ [ [ -96.82432, 32.69723 ], [ -96.82415, 32.69724 ], [ -96.8241, 32.697 ], [ -96.82429, 32.69698 ], [ -96.82432, 32.69723 ] ] ] } },
{ "type": "Feature", "properties": { "area_acres": 0.11 }, "geometry": { "type": "Polygon", "coordinates": [ [ [ -96.82436, 32.6966 ], [ -96.82433, 32.69635 ], [ -96.8245, 32.69634 ], [ -96.82456, 32.69658 ], [ -96.82436, 32.6966 ] ] ] } },
{ "type": "Feature", "properties": { "area_acres": 0.12 }, "geometry": { "type": "Polygon", "coordinates": [ [ [ -96.82425, 32.69661 ], [ -96.82408, 32.69662 ], [ -96.82401, 32.69638 ], [ -96.82421, 32.69636 ], [ -96.82425, 32.69661 ] ] ] } },
{ "type": "Feature", "properties": { "area_acres": 0.12 }, "geometry": { "type": "Polygon", "coordinates": [ [ [ -96.8264, 32.69547 ], [ -96.82611, 32.69547 ], [ -96.82611, 32.69564 ], [ -96.8264, 32.69563 ], [ -96.8264, 32.69547 ] ] ] } },
{ "type": "Feature", "properties": { "area_acres": 0.12 }, "geometry": { "type": "Polygon", "coordinates": [ [ [ -96.82641, 32.69538 ], [ -96.82611, 32.69538 ], [ -96.82611, 32.69523 ], [ -96.82641, 32.6952 ], [ -96.82641, 32.69538 ] ] ] } },
{ "type": "Feature", "properties": { "area_acres": 0.33 }, "geometry": { "type": "Polygon", "coordinates": [ [ [ -96.70555, 32.82644 ], [ -96.70527, 32.82621 ], [ -96.70554, 32.82597 ], [ -96.70582, 32.82621 ], [ -96.70555, 32.82644 ] ] ] } },
{ "type": "Feature", "properties": { "area_acres": 0.32 }, "geometry": { "type": "Polygon", "coordinates": [ [ [ -96.70497, 32.82642 ], [ -96.70527, 32.82667 ], [ -96.70551, 32.82645 ], [ -96.70521, 32.82621 ], [ -96.70497, 32.82642 ] ] ] } },
{ "type": "Feature", "properties": { "area_acres": 0.41 }, "geometry": { "type": "Polygon", "coordinates": [ [ [ -96.84087, 32.73638 ], [ -96.8404, 32.73638 ], [ -96.8404, 32.73625 ], [ -96.84008, 32.73625 ], [ -96.84008, 32.73612 ], [ -96.84088, 32.73613 ], [ -96.84087, 32.73638 ] ] ] } },
{ "type": "Feature", "properties": { "area_acres": 0.07 }, "geometry": { "type": "Polygon", "coordinates": [ [ [ -96.84028, 32.73589 ], [ -96.84011, 32.7359 ], [ -96.8401, 32.73576 ], [ -96.84028, 32.73575 ], [ -96.84028, 32.73589 ] ] ] } },
{ "type": "Feature", "properties": { "area_acres": 1.6 }, "geometry": { "type": "Polygon", "coordinates": [ [ [ -96.83831, 32.74039 ], [ -96.83829, 32.74112 ], [ -96.83924, 32.74112 ], [ -96.83922, 32.74098 ], [ -96.83899, 32.74057 ], [ -96.83876, 32.74028 ], [ -96.83838, 32.74028 ], [ -96.83831, 32.74039 ] ] ] } },
{ "type": "Feature", "properties": { "area_acres": 0.48 }, "geometry": { "type": "Polygon", "coordinates": [ [ [ -96.83989, 32.73894 ], [ -96.83955, 32.73894 ], [ -96.83955, 32.73877 ], [ -96.83942, 32.73877 ], [ -96.83942, 32.7385 ], [ -96.8399, 32.7385 ], [ -96.83989, 32.73894 ] ] ] } },
{ "type": "Feature", "properties": { "area_acres": 0.82 }, "geometry": { "type": "Polygon", "coordinates": [ [ [ -96.8369, 32.7463 ], [ -96.83691, 32.74581 ], [ -96.83625, 32.74581 ], [ -96.83624, 32.74629 ], [ -96.8369, 32.7463 ] ] ] } },
{ "type": "Feature", "properties": { "area_acres": 1.67 }, "geometry": { "type": "Polygon", "coordinates": [ [ [ -96.83848, 32.74581 ], [ -96.83847, 32.74618 ], [ -96.83788, 32.74618 ], [ -96.83788, 32.74581 ], [ -96.8377, 32.74581 ], [ -96.8377, 32.74634 ], [ -96.83932, 32.74635 ], [ -96.83932, 32.74581 ], [ -96.83848, 32.74581 ] ] ] } },
{ "type": "Feature", "properties": { "area_acres": 0.16 }, "geometry": { "type": "Polygon", "coordinates": [ [ [ -96.7145, 32.83613 ], [ -96.71462, 32.83595 ], [ -96.71454, 32.8358 ], [ -96.71446, 32.83578 ], [ -96.71433, 32.83592 ], [ -96.71441, 32.83608 ], [ -96.7145, 32.83613 ] ] ] } },
{ "type": "Feature", "properties": { "area_acres": 0.22 }, "geometry": { "type": "Polygon", "coordinates": [ [ [ -96.70838, 32.83482 ], [ -96.70848, 32.83486 ], [ -96.70868, 32.83486 ], [ -96.70884, 32.83472 ], [ -96.70881, 32.83455 ], [ -96.70865, 32.83462 ], [ -96.70838, 32.83482 ] ] ] } },
{ "type": "Feature", "properties": { "area_acres": 0.1 }, "geometry": { "type": "Polygon", "coordinates": [ [ [ -96.70897, 32.82912 ], [ -96.70889, 32.82918 ], [ -96.7086, 32.82893 ], [ -96.70862, 32.82888 ], [ -96.70867, 32.82892 ], [ -96.70868, 32.82887 ], [ -96.70897, 32.82912 ] ] ] } },
{ "type": "Feature", "properties": { "area_acres": 0.3 }, "geometry": { "type": "Polygon", "coordinates": [ [ [ -96.69492, 32.809 ], [ -96.6945, 32.80904 ], [ -96.6945, 32.80874 ], [ -96.69493, 32.80875 ], [ -96.69492, 32.809 ] ] ] } },
{ "type": "Feature", "properties": { "area_acres": 0.29 }, "geometry": { "type": "Polygon", "coordinates": [ [ [ -96.69474, 32.80727 ], [ -96.69428, 32.80727 ], [ -96.69427, 32.80751 ], [ -96.69473, 32.80752 ], [ -96.69474, 32.80727 ] ] ] } },
{ "type": "Feature", "properties": { "area_acres": 0.68 }, "geometry": { "type": "Polygon", "coordinates": [ [ [ -96.69247, 32.81426 ], [ -96.69238, 32.81411 ], [ -96.69233, 32.81413 ], [ -96.69229, 32.81408 ], [ -96.69217, 32.81414 ], [ -96.6921, 32.81404 ], [ -96.69198, 32.8141 ], [ -96.69205, 32.81421 ], [ -96.69172, 32.81437 ], [ -96.69165, 32.81427 ], [ -96.69153, 32.81433 ], [ -96.6916, 32.81443 ], [ -96.69152, 32.81447 ], [ -96.69156, 32.81453 ], [ -96.69144, 32.81459 ], [ -96.69153, 32.81472 ], [ -96.69247, 32.81426 ] ] ] } },
{ "type": "Feature", "properties": { "area_acres": 0.23 }, "geometry": { "type": "Polygon", "coordinates": [ [ [ -96.74755, 32.86743 ], [ -96.74823, 32.8689 ], [ -96.74818, 32.86892 ], [ -96.74759, 32.86757 ], [ -96.74755, 32.86743 ] ] ] } },
{ "type": "Feature", "properties": { "area_acres": 0.06 }, "geometry": { "type": "Polygon", "coordinates": [ [ [ -96.77568, 32.86761 ], [ -96.77568, 32.86752 ], [ -96.77545, 32.86752 ], [ -96.77545, 32.86762 ], [ -96.77568, 32.86761 ] ] ] } },
{ "type": "Feature", "properties": { "area_acres": 1.87 }, "geometry": { "type": "Polygon", "coordinates": [ [ [ -96.77608, 32.86851 ], [ -96.77626, 32.86858 ], [ -96.77635, 32.86836 ], [ -96.77637, 32.86735 ], [ -96.7763, 32.86728 ], [ -96.77607, 32.86729 ], [ -96.7758, 32.86738 ], [ -96.77575, 32.86863 ], [ -96.77602, 32.86863 ], [ -96.77608, 32.86851 ] ] ] } },
{ "type": "Feature", "properties": { "area_acres": 2.81 }, "geometry": { "type": "Polygon", "coordinates": [ [ [ -96.77403, 32.86581 ], [ -96.77403, 32.86635 ], [ -96.77397, 32.86635 ], [ -96.77397, 32.86653 ], [ -96.77362, 32.86654 ], [ -96.77341, 32.86649 ], [ -96.77298, 32.86659 ], [ -96.77257, 32.86659 ], [ -96.77256, 32.86576 ], [ -96.77291, 32.86576 ], [ -96.77331, 32.86589 ], [ -96.77357, 32.86577 ], [ -96.77397, 32.86575 ], [ -96.77397, 32.86581 ], [ -96.77403, 32.86581 ] ] ] } },
{ "type": "Feature", "properties": { "area_acres": 1.82 }, "geometry": { "type": "Polygon", "coordinates": [ [ [ -96.7763, 32.86708 ], [ -96.77637, 32.86697 ], [ -96.77636, 32.86599 ], [ -96.77616, 32.86575 ], [ -96.77581, 32.86571 ], [ -96.77583, 32.86703 ], [ -96.7763, 32.86708 ] ] ] } },
{ "type": "Feature", "properties": { "area_acres": 1.61 }, "geometry": { "type": "Polygon", "coordinates": [ [ [ -96.84916, 32.82404 ], [ -96.84831, 32.82335 ], [ -96.84876, 32.82298 ], [ -96.8496, 32.82365 ], [ -96.84916, 32.82404 ] ] ] } },
{ "type": "Feature", "properties": { "area_acres": 1.86 }, "geometry": { "type": "Polygon", "coordinates": [ [ [ -96.70563, 32.79532 ], [ -96.70561, 32.79441 ], [ -96.70664, 32.7944 ], [ -96.70664, 32.7945 ], [ -96.70635, 32.79474 ], [ -96.70625, 32.79475 ], [ -96.70626, 32.79506 ], [ -96.70661, 32.79536 ], [ -96.70656, 32.7954 ], [ -96.70634, 32.79531 ], [ -96.70563, 32.79532 ] ] ] } },
{ "type": "Feature", "properties": { "area_acres": 1.03 }, "geometry": { "type": "Polygon", "coordinates": [ [ [ -96.80437, 32.93393 ], [ -96.80397, 32.93399 ], [ -96.80404, 32.93431 ], [ -96.80422, 32.93432 ], [ -96.80421, 32.93445 ], [ -96.80504, 32.93446 ], [ -96.80505, 32.93396 ], [ -96.8049, 32.93396 ], [ -96.8049, 32.93412 ], [ -96.80441, 32.93412 ], [ -96.80437, 32.93393 ] ] ] } },
{ "type": "Feature", "properties": { "area_acres": 0.41 }, "geometry": { "type": "Polygon", "coordinates": [ [ [ -96.66767, 32.81276 ], [ -96.66767, 32.81244 ], [ -96.66718, 32.81244 ], [ -96.66718, 32.81251 ], [ -96.66711, 32.81251 ], [ -96.66711, 32.81263 ], [ -96.6672, 32.81263 ], [ -96.6672, 32.81276 ], [ -96.66767, 32.81276 ] ] ] } },
{ "type": "Feature", "properties": { "area_acres": 4.0 }, "geometry": { "type": "Polygon", "coordinates": [ [ [ -96.91478, 32.72135 ], [ -96.91368, 32.72133 ], [ -96.9137, 32.72059 ], [ -96.91464, 32.72061 ], [ -96.91509, 32.72151 ], [ -96.91526, 32.72152 ], [ -96.91575, 32.72254 ], [ -96.91556, 32.72275 ], [ -96.91544, 32.72306 ], [ -96.91531, 32.72314 ], [ -96.91506, 32.72314 ], [ -96.91505, 32.72268 ], [ -96.91522, 32.72268 ], [ -96.91521, 32.72206 ], [ -96.91506, 32.72207 ], [ -96.91505, 32.72172 ], [ -96.91493, 32.72172 ], [ -96.91492, 32.72151 ], [ -96.91478, 32.72135 ] ] ] } },
{ "type": "Feature", "properties": { "area_acres": 1.8 }, "geometry": { "type": "Polygon", "coordinates": [ [ [ -96.70451, 32.83394 ], [ -96.70459, 32.83374 ], [ -96.7045, 32.83351 ], [ -96.70429, 32.83349 ], [ -96.70329, 32.83434 ], [ -96.70382, 32.83478 ], [ -96.7039, 32.83472 ], [ -96.70381, 32.83464 ], [ -96.70385, 32.8346 ], [ -96.70367, 32.83446 ], [ -96.70375, 32.8344 ], [ -96.7037, 32.83436 ], [ -96.70391, 32.83425 ], [ -96.70425, 32.83453 ], [ -96.70425, 32.83463 ], [ -96.70442, 32.83464 ], [ -96.70443, 32.83449 ], [ -96.70419, 32.83427 ], [ -96.70446, 32.83393 ], [ -96.70451, 32.83394 ] ] ] } },
{ "type": "Feature", "properties": { "area_acres": 1.96 }, "geometry": { "type": "Polygon", "coordinates": [ [ [ -96.68368, 32.80816 ], [ -96.68345, 32.80789 ], [ -96.68339, 32.8079 ], [ -96.68348, 32.80814 ], [ -96.68341, 32.80817 ], [ -96.68378, 32.80868 ], [ -96.68408, 32.80845 ], [ -96.68436, 32.80872 ], [ -96.6844, 32.80869 ], [ -96.68444, 32.80872 ], [ -96.68482, 32.80845 ], [ -96.68476, 32.8084 ], [ -96.68532, 32.80798 ], [ -96.68527, 32.80794 ], [ -96.6848, 32.80829 ], [ -96.68469, 32.80819 ], [ -96.6846, 32.80826 ], [ -96.68436, 32.80804 ], [ -96.68446, 32.80796 ], [ -96.68419, 32.80771 ], [ -96.68414, 32.80774 ], [ -96.68419, 32.80778 ], [ -96.68368, 32.80816 ] ] ] } },
{ "type": "Feature", "properties": { "area_acres": 0.76 }, "geometry": { "type": "Polygon", "coordinates": [ [ [ -96.68545, 32.80781 ], [ -96.68545, 32.80724 ], [ -96.68538, 32.80724 ], [ -96.68538, 32.80719 ], [ -96.68426, 32.80719 ], [ -96.68427, 32.80751 ], [ -96.68456, 32.80736 ], [ -96.68456, 32.80724 ], [ -96.68502, 32.80724 ], [ -96.68502, 32.80745 ], [ -96.68545, 32.80781 ] ] ] } },
{ "type": "Feature", "properties": { "area_acres": 1.21 }, "geometry": { "type": "Polygon", "coordinates": [ [ [ -96.82861, 32.79791 ], [ -96.82878, 32.7971 ], [ -96.82937, 32.79719 ], [ -96.82922, 32.79789 ], [ -96.82904, 32.79786 ], [ -96.82901, 32.79797 ], [ -96.82861, 32.79791 ] ] ] } },
{ "type": "Feature", "properties": { "area_acres": 0.29 }, "geometry": { "type": "Polygon", "coordinates": [ [ [ -96.8324, 32.74155 ], [ -96.8324, 32.74187 ], [ -96.83222, 32.74187 ], [ -96.83222, 32.74139 ], [ -96.83257, 32.7414 ], [ -96.83257, 32.74156 ], [ -96.8324, 32.74155 ] ] ] } },
{ "type": "Feature", "properties": { "area_acres": 0.33 }, "geometry": { "type": "Polygon", "coordinates": [ [ [ -96.6843, 32.81581 ], [ -96.6841, 32.81581 ], [ -96.6841, 32.81645 ], [ -96.68431, 32.81643 ], [ -96.6843, 32.81581 ] ] ] } },
{ "type": "Feature", "properties": { "area_acres": 0.55 }, "geometry": { "type": "Polygon", "coordinates": [ [ [ -96.68425, 32.81772 ], [ -96.68405, 32.81772 ], [ -96.68403, 32.81671 ], [ -96.68409, 32.81671 ], [ -96.68409, 32.81666 ], [ -96.68424, 32.81666 ], [ -96.68425, 32.81772 ] ] ] } },
{ "type": "Feature", "properties": { "area_acres": 0.29 }, "geometry": { "type": "Polygon", "coordinates": [ [ [ -96.68431, 32.81558 ], [ -96.68409, 32.81566 ], [ -96.68408, 32.81511 ], [ -96.6843, 32.81511 ], [ -96.68431, 32.81558 ] ] ] } },
{ "type": "Feature", "properties": { "area_acres": 0.77 }, "geometry": { "type": "Polygon", "coordinates": [ [ [ -96.69217, 32.81688 ], [ -96.6927, 32.81661 ], [ -96.6924, 32.8162 ], [ -96.69187, 32.81647 ], [ -96.69217, 32.81688 ] ] ] } },
{ "type": "Feature", "properties": { "area_acres": 0.83 }, "geometry": { "type": "Polygon", "coordinates": [ [ [ -96.69115, 32.81717 ], [ -96.6902, 32.81776 ], [ -96.69032, 32.81796 ], [ -96.69136, 32.81744 ], [ -96.69115, 32.81717 ] ] ] } },
{ "type": "Feature", "properties": { "area_acres": 1.01 }, "geometry": { "type": "Polygon", "coordinates": [ [ [ -96.85685, 32.65479 ], [ -96.85568, 32.65479 ], [ -96.85568, 32.65446 ], [ -96.85685, 32.65445 ], [ -96.85685, 32.65479 ] ] ] } },
{ "type": "Feature", "properties": { "area_acres": 0.7 }, "geometry": { "type": "Polygon", "coordinates": [ [ [ -96.72345, 32.91481 ], [ -96.72273, 32.91444 ], [ -96.7228, 32.91426 ], [ -96.72314, 32.91427 ], [ -96.72365, 32.91453 ], [ -96.72345, 32.91481 ] ] ] } },
{ "type": "Feature", "properties": { "area_acres": 0.49 }, "geometry": { "type": "Polygon", "coordinates": [ [ [ -96.67518, 32.82642 ], [ -96.67399, 32.82635 ], [ -96.67401, 32.82619 ], [ -96.6752, 32.82626 ], [ -96.67518, 32.82642 ] ] ] } },
{ "type": "Feature", "properties": { "area_acres": 0.76 }, "geometry": { "type": "Polygon", "coordinates": [ [ [ -96.67456, 32.82746 ], [ -96.67458, 32.82713 ], [ -96.67499, 32.82717 ], [ -96.67484, 32.82764 ], [ -96.67379, 32.82762 ], [ -96.67378, 32.82745 ], [ -96.67456, 32.82746 ] ] ] } },
{ "type": "Feature", "properties": { "area_acres": 0.24 }, "geometry": { "type": "Polygon", "coordinates": [ [ [ -96.67052, 32.82522 ], [ -96.67044, 32.82513 ], [ -96.67047, 32.82507 ], [ -96.66991, 32.82518 ], [ -96.66986, 32.82524 ], [ -96.66995, 32.82534 ], [ -96.67052, 32.82522 ] ] ] } },
{ "type": "Feature", "properties": { "area_acres": 0.12 }, "geometry": { "type": "Polygon", "coordinates": [ [ [ -96.66318, 32.82106 ], [ -96.66298, 32.82106 ], [ -96.66298, 32.8213 ], [ -96.66318, 32.8213 ], [ -96.66318, 32.82106 ] ] ] } },
{ "type": "Feature", "properties": { "area_acres": 0.06 }, "geometry": { "type": "Polygon", "coordinates": [ [ [ -96.81872, 32.96275 ], [ -96.81883, 32.96275 ], [ -96.81883, 32.96258 ], [ -96.81865, 32.9626 ], [ -96.81872, 32.96275 ] ] ] } },
{ "type": "Feature", "properties": { "area_acres": 1.08 }, "geometry": { "type": "Polygon", "coordinates": [ [ [ -96.8375, 32.81542 ], [ -96.83819, 32.81601 ], [ -96.83781, 32.81633 ], [ -96.83714, 32.81576 ], [ -96.83699, 32.81588 ], [ -96.83782, 32.81658 ], [ -96.83843, 32.81607 ], [ -96.83758, 32.81536 ], [ -96.8375, 32.81542 ] ] ] } },
{ "type": "Feature", "properties": { "area_acres": 1.78 }, "geometry": { "type": "Polygon", "coordinates": [ [ [ -96.85152, 32.81945 ], [ -96.85151, 32.82008 ], [ -96.85251, 32.82009 ], [ -96.85252, 32.81938 ], [ -96.85195, 32.81938 ], [ -96.85195, 32.81942 ], [ -96.85173, 32.81942 ], [ -96.85173, 32.81937 ], [ -96.8516, 32.81937 ], [ -96.85152, 32.81945 ] ] ] } },
{ "type": "Feature", "properties": { "area_acres": 6.26 }, "geometry": { "type": "Polygon", "coordinates": [ [ [ -96.85112, 32.82349 ], [ -96.85199, 32.8242 ], [ -96.85132, 32.82478 ], [ -96.85105, 32.82457 ], [ -96.85085, 32.82474 ], [ -96.85108, 32.82493 ], [ -96.85009, 32.82577 ], [ -96.84918, 32.82503 ], [ -96.84951, 32.82475 ], [ -96.84976, 32.82495 ], [ -96.85038, 32.82442 ], [ -96.85021, 32.82428 ], [ -96.85112, 32.82349 ] ] ] } },
{ "type": "Feature", "properties": { "area_acres": 12.07 }, "geometry": { "type": "Polygon", "coordinates": [ [ [ -96.85361, 32.82539 ], [ -96.85335, 32.82559 ], [ -96.85437, 32.82643 ], [ -96.85385, 32.82683 ], [ -96.85339, 32.82644 ], [ -96.85308, 32.82666 ], [ -96.85271, 32.82633 ], [ -96.85233, 32.82665 ], [ -96.85188, 32.82626 ], [ -96.85172, 32.82636 ], [ -96.8514, 32.82605 ], [ -96.85072, 32.82655 ], [ -96.85013, 32.82599 ], [ -96.85189, 32.82457 ], [ -96.85254, 32.82514 ], [ -96.8529, 32.82484 ], [ -96.85361, 32.82539 ] ] ] } },
{ "type": "Feature", "properties": { "area_acres": 0.2 }, "geometry": { "type": "Polygon", "coordinates": [ [ [ -96.81664, 32.7464 ], [ -96.8165, 32.74652 ], [ -96.81625, 32.7464 ], [ -96.81605, 32.74637 ], [ -96.81604, 32.7463 ], [ -96.81638, 32.74628 ], [ -96.81664, 32.7464 ] ] ] } },
{ "type": "Feature", "properties": { "area_acres": 0.51 }, "geometry": { "type": "Polygon", "coordinates": [ [ [ -96.81618, 32.74613 ], [ -96.81609, 32.74613 ], [ -96.81607, 32.74606 ], [ -96.81606, 32.74612 ], [ -96.8159, 32.74612 ], [ -96.8159, 32.74606 ], [ -96.81584, 32.74606 ], [ -96.81584, 32.74584 ], [ -96.8159, 32.74581 ], [ -96.81583, 32.74581 ], [ -96.81583, 32.74564 ], [ -96.81589, 32.74564 ], [ -96.81589, 32.74558 ], [ -96.81623, 32.74558 ], [ -96.81624, 32.74606 ], [ -96.81618, 32.74606 ], [ -96.81618, 32.74613 ] ] ] } },
{ "type": "Feature", "properties": { "area_acres": 0.24 }, "geometry": { "type": "Polygon", "coordinates": [ [ [ -96.81623, 32.74557 ], [ -96.81602, 32.74557 ], [ -96.81601, 32.74512 ], [ -96.81623, 32.74512 ], [ -96.81623, 32.74557 ] ] ] } },
{ "type": "Feature", "properties": { "area_acres": 0.48 }, "geometry": { "type": "Polygon", "coordinates": [ [ [ -96.66631, 32.83391 ], [ -96.66631, 32.83352 ], [ -96.66582, 32.83352 ], [ -96.66582, 32.83378 ], [ -96.66588, 32.83378 ], [ -96.66588, 32.83391 ], [ -96.66631, 32.83391 ] ] ] } },
{ "type": "Feature", "properties": { "area_acres": 0.61 }, "geometry": { "type": "Polygon", "coordinates": [ [ [ -96.6671, 32.8347 ], [ -96.66711, 32.83456 ], [ -96.66679, 32.83456 ], [ -96.6668, 32.8342 ], [ -96.66639, 32.83419 ], [ -96.66639, 32.83458 ], [ -96.66649, 32.83458 ], [ -96.66649, 32.8347 ], [ -96.6671, 32.8347 ] ] ] } },
{ "type": "Feature", "properties": { "area_acres": 0.48 }, "geometry": { "type": "Polygon", "coordinates": [ [ [ -96.66711, 32.83456 ], [ -96.6672, 32.83456 ], [ -96.6672, 32.83423 ], [ -96.66757, 32.83424 ], [ -96.66757, 32.8347 ], [ -96.6671, 32.8347 ], [ -96.66711, 32.83456 ] ] ] } },
{ "type": "Feature", "properties": { "area_acres": 1.36 }, "geometry": { "type": "Polygon", "coordinates": [ [ [ -96.668, 32.83383 ], [ -96.66639, 32.83382 ], [ -96.6664, 32.83415 ], [ -96.66803, 32.83415 ], [ -96.668, 32.83383 ] ] ] } },
{ "type": "Feature", "properties": { "area_acres": 0.31 }, "geometry": { "type": "Polygon", "coordinates": [ [ [ -96.66679, 32.83369 ], [ -96.6664, 32.83369 ], [ -96.66639, 32.83338 ], [ -96.66678, 32.83338 ], [ -96.66679, 32.83369 ] ] ] } },
{ "type": "Feature", "properties": { "area_acres": 2.56 }, "geometry": { "type": "Polygon", "coordinates": [ [ [ -96.66961, 32.8339 ], [ -96.66962, 32.83349 ], [ -96.67008, 32.8335 ], [ -96.67008, 32.83376 ], [ -96.66997, 32.83382 ], [ -96.66996, 32.83422 ], [ -96.67008, 32.83428 ], [ -96.67008, 32.83434 ], [ -96.67, 32.83442 ], [ -96.67, 32.83469 ], [ -96.67034, 32.83466 ], [ -96.67035, 32.83341 ], [ -96.66828, 32.8334 ], [ -96.66828, 32.83378 ], [ -96.66875, 32.83378 ], [ -96.66875, 32.83373 ], [ -96.66902, 32.83373 ], [ -96.66902, 32.83378 ], [ -96.66917, 32.83378 ], [ -96.66917, 32.8339 ], [ -96.66961, 32.8339 ] ] ] } },
{ "type": "Feature", "properties": { "area_acres": 0.2 }, "geometry": { "type": "Polygon", "coordinates": [ [ [ -96.72952, 32.85993 ], [ -96.72924, 32.86021 ], [ -96.72908, 32.8601 ], [ -96.72936, 32.85981 ], [ -96.72952, 32.85993 ] ] ] } },
{ "type": "Feature", "properties": { "area_acres": 0.03 }, "geometry": { "type": "Polygon", "coordinates": [ [ [ -96.71604, 32.91722 ], [ -96.71599, 32.91722 ], [ -96.71598, 32.91704 ], [ -96.71604, 32.91704 ], [ -96.71604, 32.91722 ] ] ] } },
{ "type": "Feature", "properties": { "area_acres": 0.76 }, "geometry": { "type": "Polygon", "coordinates": [ [ [ -96.7306, 32.86796 ], [ -96.73062, 32.86771 ], [ -96.73033, 32.86717 ], [ -96.73022, 32.86716 ], [ -96.72999, 32.86735 ], [ -96.73031, 32.86795 ], [ -96.7306, 32.86796 ] ] ] } },
{ "type": "Feature", "properties": { "area_acres": 0.1 }, "geometry": { "type": "Polygon", "coordinates": [ [ [ -96.71955, 32.89379 ], [ -96.71926, 32.89379 ], [ -96.71926, 32.89392 ], [ -96.71955, 32.89392 ], [ -96.71955, 32.89379 ] ] ] } },
{ "type": "Feature", "properties": { "area_acres": 1.52 }, "geometry": { "type": "Polygon", "coordinates": [ [ [ -96.97773, 32.73324 ], [ -96.97708, 32.73369 ], [ -96.97761, 32.73423 ], [ -96.97826, 32.73377 ], [ -96.97773, 32.73324 ] ] ] } },
{ "type": "Feature", "properties": { "area_acres": 0.16 }, "geometry": { "type": "Polygon", "coordinates": [ [ [ -96.96054, 32.74255 ], [ -96.96028, 32.74275 ], [ -96.96014, 32.74261 ], [ -96.9604, 32.74241 ], [ -96.96054, 32.74255 ] ] ] } },
{ "type": "Feature", "properties": { "area_acres": 0.3 }, "geometry": { "type": "Polygon", "coordinates": [ [ [ -96.95656, 32.7387 ], [ -96.95635, 32.7387 ], [ -96.95636, 32.73813 ], [ -96.95657, 32.73813 ], [ -96.95656, 32.7387 ] ] ] } },
{ "type": "Feature", "properties": { "area_acres": 0.32 }, "geometry": { "type": "Polygon", "coordinates": [ [ [ -96.97899, 32.73259 ], [ -96.97838, 32.73304 ], [ -96.97826, 32.73292 ], [ -96.97887, 32.73248 ], [ -96.97899, 32.73259 ] ] ] } },
{ "type": "Feature", "properties": { "area_acres": 0.18 }, "geometry": { "type": "Polygon", "coordinates": [ [ [ -96.95337, 32.73824 ], [ -96.95316, 32.73824 ], [ -96.95316, 32.73858 ], [ -96.95337, 32.73858 ], [ -96.95337, 32.73824 ] ] ] } },
{ "type": "Feature", "properties": { "area_acres": 0.25 }, "geometry": { "type": "Polygon", "coordinates": [ [ [ -96.95553, 32.73821 ], [ -96.95533, 32.73821 ], [ -96.95532, 32.73868 ], [ -96.95552, 32.73869 ], [ -96.95553, 32.73821 ] ] ] } },
{ "type": "Feature", "properties": { "area_acres": 0.98 }, "geometry": { "type": "Polygon", "coordinates": [ [ [ -96.96111, 32.73582 ], [ -96.96063, 32.73613 ], [ -96.96108, 32.73663 ], [ -96.96157, 32.73631 ], [ -96.96111, 32.73582 ] ] ] } },
{ "type": "Feature", "properties": { "area_acres": 0.27 }, "geometry": { "type": "Polygon", "coordinates": [ [ [ -96.70651, 32.83954 ], [ -96.70622, 32.83907 ], [ -96.70604, 32.83914 ], [ -96.70633, 32.83961 ], [ -96.70651, 32.83954 ] ] ] } },
{ "type": "Feature", "properties": { "area_acres": 0.1 }, "geometry": { "type": "Polygon", "coordinates": [ [ [ -96.73221, 32.89244 ], [ -96.73192, 32.89244 ], [ -96.73192, 32.89262 ], [ -96.73208, 32.89262 ], [ -96.73221, 32.89244 ] ] ] } },
{ "type": "Feature", "properties": { "area_acres": 0.04 }, "geometry": { "type": "Polygon", "coordinates": [ [ [ -96.73162, 32.89391 ], [ -96.73165, 32.89384 ], [ -96.73143, 32.89378 ], [ -96.7314, 32.89385 ], [ -96.73162, 32.89391 ] ] ] } },
{ "type": "Feature", "properties": { "area_acres": 0.07 }, "geometry": { "type": "Polygon", "coordinates": [ [ [ -96.73328, 32.89215 ], [ -96.73346, 32.89221 ], [ -96.7333, 32.89235 ], [ -96.7332, 32.89222 ], [ -96.73328, 32.89215 ] ] ] } },
{ "type": "Feature", "properties": { "area_acres": 0.16 }, "geometry": { "type": "Polygon", "coordinates": [ [ [ -96.87656, 32.70683 ], [ -96.87633, 32.70682 ], [ -96.87633, 32.70656 ], [ -96.87656, 32.70656 ], [ -96.87656, 32.70683 ] ] ] } },
{ "type": "Feature", "properties": { "area_acres": 0.17 }, "geometry": { "type": "Polygon", "coordinates": [ [ [ -96.93459, 32.7211 ], [ -96.93443, 32.7214 ], [ -96.93424, 32.72133 ], [ -96.93441, 32.72103 ], [ -96.93459, 32.7211 ] ] ] } },
{ "type": "Feature", "properties": { "area_acres": 0.28 }, "geometry": { "type": "Polygon", "coordinates": [ [ [ -96.83184, 32.74711 ], [ -96.83202, 32.74712 ], [ -96.83202, 32.74652 ], [ -96.83184, 32.74652 ], [ -96.83184, 32.74711 ] ] ] } }
]
}
