{
"type": "FeatureCollection",
"name": "station_areas",
"crs": { "type": "name", "properties": { "name": "urn:ogc:def:crs:OGC:1.3:CRS84" } },
"features": [
{ "type": "Feature", "properties": { }, "geometry": { "type": "MultiPolygon", "coordinates": [ [ [ [ -97.321122952584957, 32.741164864548523 ], [ -97.321632468013263, 32.740597666492654 ], [ -97.322205305778482, 32.740075404267017 ], [ -97.32283594898999, 32.739603106712579 ], [ -97.323518324447264, 32.739185321486808 ], [ -97.324245861119024, 32.738826071299144 ], [ -97.325011553402121, 32.738528815200311 ], [ -97.325808028551862, 32.738296415297683 ], [ -97.326627617636092, 32.738131109215985 ], [ -97.327462429331263, 32.738034488567358 ], [ -97.328304425852224, 32.738007483637709 ], [ -97.329145500287325, 32.738050354436226 ], [ -97.329977554596368, 32.738162688193661 ], [ -97.330792577523781, 32.738343403333822 ], [ -97.33158272167887, 32.738590759879649 ], [ -97.33234037904441, 32.738902376194481 ], [ -97.333058254188074, 32.739275251897737 ], [ -97.333729434474591, 32.739705796735031 ], [ -97.334347456603695, 32.740189865125728 ], [ -97.334906368834879, 32.740722796056325 ], [ -97.335400788300063, 32.741299457936783 ], [ -97.335825952852659, 32.7419142979887 ], [ -97.336177766953369, 32.742561395691219 ], [ -97.336452841149764, 32.743234519771143 ], [ -97.336648524768165, 32.743927188188998 ], [ -97.336762931500971, 32.744632730545113 ], [ -97.336794957640691, 32.745344352304727 ], [ -97.336744292782654, 32.746055200224355 ], [ -97.336611422890201, 32.746758428349914 ], [ -97.336397625690239, 32.747447263950953 ], [ -97.33610495844033, 32.748115072755482 ], [ -97.335736238182676, 32.748755422857563 ], [ -97.335295014672084, 32.749362146680717 ], [ -97.334785536236993, 32.749929400400433 ], [ -97.334212708900182, 32.750451720251753 ], [ -97.333883010748821, 32.750698660372805 ], [ -97.333959581136483, 32.751170924748514 ], [ -97.333991587162913, 32.751882546913855 ], [ -97.333940896125469, 32.752593393373729 ], [ -97.333807994239336, 32.753296618188138 ], [ -97.333594159539302, 32.753985448658426 ], [ -97.333301449643884, 32.754653250562079 ], [ -97.332932682005818, 32.755293592059608 ], [ -97.332491406836112, 32.755900305657462 ], [ -97.331981872960696, 32.756467547629661 ], [ -97.331408986936253, 32.756989854324431 ], [ -97.330778265817969, 32.757462194813087 ], [ -97.33009578403302, 32.757880019372429 ], [ -97.329368114871386, 32.758239303332836 ], [ -97.328602267157819, 32.758536585868534 ], [ -97.327805617715541, 32.758769003354857 ], [ -97.326985840273849, 32.758934316971008 ], [ -97.32615083150597, 32.75903093428073 ], [ -97.325308634911735, 32.759057924582855 ], [ -97.32446736328103, 32.759015027882931 ], [ -97.32363512048704, 32.758902657399773 ], [ -97.322819923366097, 32.7587218955818 ], [ -97.322029624438585, 32.758474483672707 ], [ -97.321271836218671, 32.758162804926577 ], [ -97.32055385784372, 32.757789861635032 ], [ -97.319882604732726, 32.75735924618823 ], [ -97.319264541952563, 32.756875106449826 ], [ -97.318705621935507, 32.756342105779879 ], [ -97.31821122714824, 32.755765378092271 ], [ -97.317786118264934, 32.755150478380585 ], [ -97.317434388343202, 32.754503329190015 ], [ -97.317159423443073, 32.753830163552294 ], [ -97.316963870067013, 32.753137464933872 ], [ -97.316849609732685, 32.752431904776813 ], [ -97.31681774092084, 32.751720278234757 ], [ -97.31686856856966, 32.751009438723329 ], [ -97.317001601214102, 32.750306231915552 ], [ -97.317215555794391, 32.749617429818031 ], [ -97.317508370085065, 32.748949665562996 ], [ -97.317877222621561, 32.748309369543101 ], [ -97.318318559930262, 32.747702707504175 ], [ -97.318828130797272, 32.747135521190856 ], [ -97.319401027244325, 32.746613272115994 ], [ -97.319730750502529, 32.746366370335686 ], [ -97.3196542599498, 32.74589409704604 ], [ -97.319622371003874, 32.745182470906165 ], [ -97.319673172454074, 32.744471629932676 ], [ -97.319806173087855, 32.74376841981266 ], [ -97.320020090154031, 32.743079612584708 ], [ -97.320312861788594, 32.742411841430368 ], [ -97.320681666937958, 32.741771536808749 ], [ -97.321122952584957, 32.741164864548523 ] ] ], [ [ [ -97.14854414254016, 32.7999155550118 ], [ -97.149118381336748, 32.799394093456669 ], [ -97.149750366666879, 32.798922676769067 ], [ -97.150434012411552, 32.798505844124364 ], [ -97.151162735312951, 32.798147609059704 ], [ -97.151929518350826, 32.797851420851657 ], [ -97.152726978282672, 32.797620131325658 ], [ -97.153547436698418, 32.797455967415488 ], [ -97.15438299390766, 32.797360509736365 ], [ -97.155225604949891, 32.797334677377009 ], [ -97.156067156998375, 32.797378719056915 ], [ -97.15689954741508, 32.797492210733296 ], [ -97.157714761707979, 32.797674059680809 ], [ -97.158504950642566, 32.797922515005247 ], [ -97.159262505768069, 32.79823518448972 ], [ -97.159980132633294, 32.798609057612104 ], [ -97.160650920989383, 32.799040534512798 ], [ -97.161268411304988, 32.799525460634889 ], [ -97.161826656954943, 32.800059166703896 ], [ -97.162320281483915, 32.800636513663612 ], [ -97.162744530393937, 32.801251942136361 ], [ -97.163095316956856, 32.801899525932484 ], [ -97.163369261609319, 32.802573029094958 ], [ -97.163563724549661, 32.803265965930976 ], [ -97.163676831220769, 32.803971663452998 ], [ -97.163707490431193, 32.804683325629107 ], [ -97.163655404937344, 32.805394098823776 ], [ -97.163521074382246, 32.806097137799959 ], [ -97.16330579055932, 32.806785671646402 ], [ -97.163011625044064, 32.807453068995272 ], [ -97.162641409309998, 32.808092901901531 ], [ -97.162198707517717, 32.808699007768581 ], [ -97.161687782236939, 32.809265548722593 ], [ -97.161113553429971, 32.809787067862942 ], [ -97.160481551089944, 32.810258541846018 ], [ -97.159797861989546, 32.810675429294591 ], [ -97.159069071052741, 32.811033714565426 ], [ -97.15830219791431, 32.811329946452602 ], [ -97.157504629279302, 32.811561271452085 ], [ -97.156684047735183, 32.811725461266882 ], [ -97.155848357704102, 32.811820934286267 ], [ -97.15500560925085, 32.811846770831998 ], [ -97.154163920482816, 32.811802722023671 ], [ -97.153331399292014, 32.811689212178109 ], [ -97.15251606519611, 32.811507334718776 ], [ -97.151725772033529, 32.811258841635649 ], [ -97.150968132260502, 32.810946126596633 ], [ -97.150250443581157, 32.8105722018745 ], [ -97.149579618619867, 32.810140669311771 ], [ -97.148962118314671, 32.809655685604454 ], [ -97.148403889674597, 32.809121922239989 ], [ -97.147910308501366, 32.80854452047636 ], [ -97.147486127626763, 32.807929041797429 ], [ -97.147135431164386, 32.80728141432219 ], [ -97.146861595215071, 32.806607875686225 ], [ -97.146667255403102, 32.805914912945603 ], [ -97.146554281553819, 32.805209200083311 ], [ -97.146523759754416, 32.804497533720848 ], [ -97.146575981967842, 32.803786767654564 ], [ -97.14671044329701, 32.803083746847598 ], [ -97.146925846922954, 32.802395241512933 ], [ -97.14722011666619, 32.801727881922758 ], [ -97.147590417047795, 32.801088094571057 ], [ -97.148033180654195, 32.80048204030377 ], [ -97.14854414254016, 32.7999155550118 ] ] ], [ [ [ -97.20257860647753, 32.801275144298515 ], [ -97.20308922460174, 32.800708435058816 ], [ -97.203663147875275, 32.800186721799264 ], [ -97.20429484895773, 32.799715028074637 ], [ -97.204978244465465, 32.799297895728252 ], [ -97.205706753548668, 32.798939341183264 ], [ -97.206473361244505, 32.798642816792572 ], [ -97.207270685997543, 32.798411177618725 ], [ -97.208091050698357, 32.798246653962103 ], [ -97.208926556558154, 32.798150829901715 ], [ -97.209769159110436, 32.798124628053934 ], [ -97.210610745610111, 32.798168300695721 ], [ -97.211443213087676, 32.798281427337464 ], [ -97.212258546309627, 32.798462918768557 ], [ -97.213048894897156, 32.798711027537074 ], [ -97.213806648863311, 32.799023364762945 ], [ -97.214524511843607, 32.799396923123368 ], [ -97.215195571317111, 32.799828105789693 ], [ -97.215813365143489, 32.800312761038384 ], [ -97.216371943776664, 32.800846222203575 ], [ -97.216865927556483, 32.801423352587705 ], [ -97.217290558527182, 32.802038594899038 ], [ -97.217641746282908, 32.802686024741249 ], [ -97.217916107398153, 32.803359407640492 ], [ -97.218110998061732, 32.804052259062814 ], [ -97.218224539598197, 32.804757906844102 ], [ -97.218255636628626, 32.805469555432211 ], [ -97.218203987693101, 32.806180351323384 ], [ -97.218070088230093, 32.80688344906283 ], [ -97.217855225880655, 32.807572077174235 ], [ -97.217561468160213, 32.808239603382646 ], [ -97.217191642613642, 32.80887959850272 ], [ -97.216749309642168, 32.809485898376181 ], [ -97.216238728261757, 32.810052663261246 ], [ -97.215664815120689, 32.810574434100907 ], [ -97.215033097170036, 32.811046185127651 ], [ -97.21434965844162, 32.811463372296032 ], [ -97.213621081446249, 32.811821977076185 ], [ -97.212854383756536, 32.812118545184624 ], [ -97.212056950386369, 32.812350219878809 ], [ -97.211236462619254, 32.812514769493291 ], [ -97.210400823973345, 32.81261060895153 ], [ -97.209558084018042, 32.812636815045423 ], [ -97.20871636077878, 32.812593135334843 ], [ -97.207883762479838, 32.812479990581046 ], [ -97.207068309382166, 32.812298470690671 ], [ -97.206277856471289, 32.812050324209331 ], [ -97.205520017743254, 32.811737941466312 ], [ -97.204802092819904, 32.811364331533717 ], [ -97.204130996602615, 32.810933093222026 ], [ -97.203513192643754, 32.810448380393211 ], [ -97.202954630878793, 32.809914861925925 ], [ -97.202460690319654, 32.8093376767198 ], [ -97.202036127261124, 32.808722384173279 ], [ -97.201685029499259, 32.808074910613335 ], [ -97.201410777001144, 32.80740149219379 ], [ -97.201216009403865, 32.806708614813573 ], [ -97.201102600653499, 32.806002951634433 ], [ -97.201071641026104, 32.805291298800206 ], [ -97.201123426701216, 32.804580509977832 ], [ -97.201257456985601, 32.803877430350418 ], [ -97.201472439210775, 32.803188830698325 ], [ -97.201766301254565, 32.802521342202766 ], [ -97.202136211563015, 32.801881392599782 ], [ -97.20257860647753, 32.801275144298515 ] ] ], [ [ [ -96.941005272560105, 32.810291615092765 ], [ -96.941580797295387, 32.809771113125421 ], [ -96.942213958126203, 32.809300752231927 ], [ -96.942898657620646, 32.808885061420369 ], [ -96.943628302380262, 32.808528043232542 ], [ -96.944395866513887, 32.808233135227553 ], [ -96.945193959262838, 32.808003176904066 ], [ -96.946014896127835, 32.807840382378359 ], [ -96.946850772814685, 32.807746319080671 ], [ -96.947693541288629, 32.807721892674373 ], [ -96.948535087207787, 32.807767338342032 ], [ -96.949367307992674, 32.807882218522963 ], [ -96.950182190782826, 32.808065427122891 ], [ -96.950971889532852, 32.808315200156194 ], [ -96.951728800507894, 32.808629132718046 ], [ -96.95244563545441, 32.809004202124115 ], [ -96.95311549174329, 32.809436796995342 ], [ -96.953731918812153, 32.809922752008823 ], [ -96.954288980267648, 32.810457387981423 ], [ -96.954781311051036, 32.811035556900876 ], [ -96.955204169116257, 32.811651691472434 ], [ -96.95555348112272, 32.812299858704563 ], [ -96.955825881701614, 32.812973817019149 ], [ -96.95601874591641, 32.813667076337389 ], [ -96.956130214602652, 32.814372960563041 ], [ -96.956159212341035, 32.815084671862927 ], [ -96.956105457887872, 32.815795356125129 ], [ -96.955969466959687, 32.816498168965857 ], [ -96.955752547342243, 32.817186341648593 ], [ -96.955456786368103, 32.817853246280883 ], [ -96.95508503088071, 32.818492459660483 ], [ -96.954640859875255, 32.819097825155218 ], [ -96.954128550077584, 32.819663512020121 ], [ -96.953553034791085, 32.820184071579192 ], [ -96.952919856406183, 32.820654489730039 ], [ -96.95223511302936, 32.821070235264152 ], [ -96.951505399745443, 32.821427303536836 ], [ -96.950737745078925, 32.821722255064167 ], [ -96.949939543267675, 32.821952248674982 ], [ -96.949118483002124, 32.822115068896977 ], [ -96.948282473318713, 32.822209147312321 ], [ -96.947439567363162, 32.822233577676791 ], [ -96.946597884760706, 32.822188124655625 ], [ -96.94576553334349, 32.82207322609213 ], [ -96.944950530992088, 32.821889988787014 ], [ -96.944160728346574, 32.821640177829025 ], [ -96.94340373313446, 32.82132619958044 ], [ -96.942686836846477, 32.820951078481208 ], [ -96.942016944469017, 32.820518427897028 ], [ -96.941400507951371, 32.820032415291777 ], [ -96.940843464049976, 32.819497722061868 ], [ -96.940351177148983, 32.818919498419824 ], [ -96.939928387608063, 32.818303313763437 ], [ -96.939579166134465, 32.81765510300896 ], [ -96.93930687461787, 32.81698110940701 ], [ -96.939114133803628, 32.816287824392518 ], [ -96.939002798113961, 32.815581925049159 ], [ -96.938973937857199, 32.814870209791131 ], [ -96.939027828993645, 32.814159532882428 ], [ -96.93916395055416, 32.813456738424257 ], [ -96.939380989732854, 32.812768594446723 ], [ -96.939676854602482, 32.812101727739147 ], [ -96.940048694326947, 32.811462560046301 ], [ -96.940492926673883, 32.810857246244701 ], [ -96.941005272560105, 32.810291615092765 ] ] ], [ [ [ -97.000540061779603, 32.811396753565596 ], [ -97.001115244290247, 32.810875976304345 ], [ -97.001748097255344, 32.810405312521169 ], [ -97.002432526205709, 32.809989294141005 ], [ -97.00316194034626, 32.809631926860071 ], [ -97.003929316004886, 32.809336651598976 ], [ -97.004727264236337, 32.809106311392632 ], [ -97.005548101931822, 32.8089431240343 ], [ -97.006383925751194, 32.808848660736658 ], [ -97.00722668816833, 32.808823831014287 ], [ -97.008068274899586, 32.808868873933015 ], [ -97.008900582972714, 32.808983355809957 ], [ -97.009715598687436, 32.809166174385751 ], [ -97.010505474719352, 32.809415569430122 ], [ -97.01126260562782, 32.809729139677813 ], [ -97.011453289128497, 32.809828784194238 ], [ -97.011772708416899, 32.80970585156544 ], [ -97.012570639602174, 32.809475461056898 ], [ -97.013391466283238, 32.809312221950876 ], [ -97.014227285225971, 32.809217705958218 ], [ -97.015070048951074, 32.809192823100915 ], [ -97.015911643162326, 32.809237812956439 ], [ -97.016743964815547, 32.809352242352716 ], [ -97.0175590000797, 32.80953500953575 ], [ -97.018348901442337, 32.809784354770073 ], [ -97.019106063219056, 32.810097877269982 ], [ -97.019656085129199, 32.810385248884899 ], [ -97.019910699859523, 32.810260457855065 ], [ -97.020678025198947, 32.80996507929806 ], [ -97.021475935585897, 32.809734631675255 ], [ -97.022296748275707, 32.809571333814183 ], [ -97.02313256016879, 32.809476757991469 ], [ -97.023975323853747, 32.809451814805158 ], [ -97.024816925034685, 32.809496744413515 ], [ -97.025649260600332, 32.809611114224602 ], [ -97.026464316585844, 32.809793823058101 ], [ -97.027254245279337, 32.810043111740342 ], [ -97.028011440733465, 32.810356580030231 ], [ -97.028728611957263, 32.810731209713779 ], [ -97.029398853085752, 32.811163393646162 ], [ -97.030015709853089, 32.811648970461675 ], [ -97.030573241730607, 32.812183264619406 ], [ -97.031066079131989, 32.812761131399029 ], [ -97.031489475134876, 32.813377006415926 ], [ -97.031839351220469, 32.814024959178816 ], [ -97.032112336589762, 32.814698750175808 ], [ -97.032305800675999, 32.81539189094039 ], [ -97.032417878538908, 32.816097706519137 ], [ -97.032447488893126, 32.816809399741139 ], [ -97.032394344595289, 32.817520116669783 ], [ -97.032258955485347, 32.818223012607874 ], [ -97.032042623552215, 32.818911318019779 ], [ -97.031747430467263, 32.819578403735861 ], [ -97.031376217602897, 32.820217844810827 ], [ -97.030932558726192, 32.820823482420465 ], [ -97.03042072562836, 32.821389483199752 ], [ -97.029845647019059, 32.821910395449841 ], [ -97.029212861080396, 32.822381201671817 ], [ -97.028528462136549, 32.822797366919794 ], [ -97.027799041952548, 32.823154882506536 ], [ -97.027031626227725, 32.823450304639699 ], [ -97.026233606896668, 32.823680787615181 ], [ -97.025412670890731, 32.823844111246849 ], [ -97.024576726048437, 32.823938702267739 ], [ -97.023733824890385, 32.823963649495745 ], [ -97.022892086995483, 32.823918712617228 ], [ -97.022059620728783, 32.823804324503598 ], [ -97.021244445077969, 32.823621587038474 ], [ -97.020454412353558, 32.823372260495809 ], [ -97.019697132500767, 32.82305874657176 ], [ -97.019147031872322, 32.822771375461528 ], [ -97.018892380155734, 32.822896164789704 ], [ -97.018124937008551, 32.823191531993068 ], [ -97.017326896865512, 32.823421957846691 ], [ -97.016505946858587, 32.823585222714669 ], [ -97.0156699949613, 32.823679753896137 ], [ -97.01482709376225, 32.823704640785337 ], [ -97.013985362840756, 32.823659643649925 ], [ -97.013152910494682, 32.82354519594174 ], [ -97.012337755577491, 32.823362400118469 ], [ -97.011547750199895, 32.823113017016226 ], [ -97.01079050404347, 32.822799448875912 ], [ -97.01059979340431, 32.822699803458207 ], [ -97.010280325698844, 32.822822732933595 ], [ -97.009482268497919, 32.823053108478398 ], [ -97.008661307468444, 32.82321632159114 ], [ -97.007825350690183, 32.823310800069351 ], [ -97.006982450798816, 32.823335633815084 ], [ -97.006140727361057, 32.823290583607857 ], [ -97.005308288602691, 32.823176083410715 ], [ -97.004493153246145, 32.82299323618701 ], [ -97.003703173213623, 32.822743803267983 ], [ -97.00294595794243, 32.82243018737438 ], [ -97.00222880104441, 32.822055409456006 ], [ -97.001558610017824, 32.821623079573008 ], [ -97.000941839690313, 32.821137362100544 ], [ -97.000384430035311, 32.820602935592561 ], [ -96.999891748961588, 32.820024947693121 ], [ -96.999468540627049, 32.819408965529945 ], [ -96.999118879774102, 32.818760922069572 ], [ -96.998846132525529, 32.818087058952123 ], [ -96.998652924016952, 32.81739386635661 ], [ -96.998541113175762, 32.816688020477542 ], [ -96.998511774886708, 32.815976319215117 ], [ -96.998565189714, 32.815265616699435 ], [ -96.998700841275237, 32.814562757279305 ], [ -96.998917421290102, 32.813874509611317 ], [ -96.99921284225222, 32.813207501484221 ], [ -96.999584257599039, 32.812568156005518 ], [ -97.000028089183388, 32.81196262976438 ], [ -97.000540061779603, 32.811396753565596 ] ] ], [ [ [ -97.046380584973747, 32.812335171564648 ], [ -97.046955504413958, 32.811814182451052 ], [ -97.047588120809138, 32.811343285555999 ], [ -97.048272341966651, 32.810927015049309 ], [ -97.049001579091012, 32.810569379055146 ], [ -97.049768810213351, 32.810273821081587 ], [ -97.050566647779092, 32.810043186885792 ], [ -97.051387409744208, 32.809879697091745 ], [ -97.05222319349717, 32.809784925824019 ], [ -97.053065951897239, 32.809759785562484 ], [ -97.053907570699394, 32.809804518362952 ], [ -97.054739946622817, 32.809918693528289 ], [ -97.055555065314365, 32.810101211752368 ], [ -97.056345078458804, 32.81035031569678 ], [ -97.057102379296197, 32.810663606899119 ], [ -97.057819675821577, 32.811038068850678 ], [ -97.058490060964232, 32.811470096021729 ], [ -97.059107079072433, 32.811955528556169 ], [ -97.059664788064822, 32.812489692302456 ], [ -97.060157816650445, 32.813067443796349 ], [ -97.060581416066782, 32.813683219763583 ], [ -97.060931505837004, 32.814331090667039 ], [ -97.061204713105013, 32.815004817783496 ], [ -97.061398405167736, 32.815697913261928 ], [ -97.061510714889778, 32.816403702585532 ], [ -97.061540558753194, 32.81711538883664 ], [ -97.061487647365837, 32.817826118146257 ], [ -97.061352488324431, 32.818529045698391 ], [ -97.06113638140188, 32.81921740165339 ], [ -97.060841406102, 32.819884556355284 ], [ -97.060470401699064, 32.820524084194737 ], [ -97.060026939951712, 32.821129825512237 ], [ -97.059515290751662, 32.821695945944228 ], [ -97.058940381036493, 32.822216992639632 ], [ -97.058307747360672, 32.822687946804805 ], [ -97.057623482580922, 32.823104272069031 ], [ -97.056894177169141, 32.8234619582039 ], [ -97.056126855718389, 32.823757559774371 ], [ -97.055328909254541, 32.823988229347954 ], [ -97.054508024006537, 32.824151744941091 ], [ -97.053672107323592, 32.824246531437758 ], [ -97.052829211454821, 32.824271675772827 ], [ -97.051987455928142, 32.824226935733996 ], [ -97.051154949278583, 32.824112742296506 ], [ -97.050339710883065, 32.823930195468705 ], [ -97.049549593656948, 32.82368105368824 ], [ -97.04879220835997, 32.823367716871488 ], [ -97.048074850242827, 32.822993203280113 ], [ -97.047404428743192, 32.822561120428389 ], [ -97.046787400909949, 32.822075630312106 ], [ -97.046229709198187, 32.821541409295726 ], [ -97.045736724234814, 32.820963603044291 ], [ -97.045313193105912, 32.820347776936345 ], [ -97.044963193664074, 32.819699862435961 ], [ -97.044690095294172, 32.819026099941752 ], [ -97.044496526514365, 32.818332978664209 ], [ -97.044384349722321, 32.817627174111678 ], [ -97.04435464332758, 32.816915483787028 ], [ -97.044407691439474, 32.816204761715802 ], [ -97.044542981206988, 32.815501852435801 ], [ -97.044759207833522, 32.81481352508451 ], [ -97.045054287215081, 32.814146408218697 ], [ -97.045425376077617, 32.813506925993622 ], [ -97.045868899416703, 32.812901236315916 ], [ -97.046380584973747, 32.812335171564648 ] ] ], [ [ [ -96.907938712726619, 32.844968416406289 ], [ -96.908451463303493, 32.844402921131646 ], [ -96.909027400457759, 32.843882571426448 ], [ -96.909660977465165, 32.843412377713996 ], [ -96.910346092887238, 32.842996867392792 ], [ -96.911076149321573, 32.842640041267089 ], [ -96.911844116914196, 32.842345335046957 ], [ -96.912642601022753, 32.842115586288422 ], [ -96.913463913380994, 32.841953007090218 ], [ -96.914300146080379, 32.841859162809556 ], [ -96.915143247659373, 32.841834957001097 ], [ -96.915985100569713, 32.841880622723572 ], [ -96.916817599276797, 32.841995720297454 ], [ -96.917632728244655, 32.842179141535183 ], [ -96.918422639057766, 32.842429120403551 ], [ -96.919179725939387, 32.842743250015545 ], [ -96.919896698941784, 32.843118505789057 ], [ -96.92056665410594, 32.843551274550066 ], [ -96.921183139916423, 32.844037389300674 ], [ -96.921740219413053, 32.844572169318944 ], [ -96.922232527361942, 32.845150465204966 ], [ -96.922655321935281, 32.845766708440522 ], [ -96.92300453040211, 32.846414964986984 ], [ -96.923276788388833, 32.847088992405439 ], [ -96.923469472330211, 32.84778229995085 ], [ -96.923580724795968, 32.848488211061891 ], [ -96.923609472447367, 32.849199927645806 ], [ -96.923555436447572, 32.849910595539292 ], [ -96.923419135223199, 32.850613370515681 ], [ -96.923201879547264, 32.851301484202835 ], [ -96.922905759988069, 32.851968309276195 ], [ -96.922533626842068, 32.852607423299624 ], [ -96.922089062741534, 32.853212670597884 ], [ -96.921576348198514, 32.853778221564468 ], [ -96.921000420415027, 32.854298628832439 ], [ -96.920366825755252, 32.854768879766439 ], [ -96.919681666336004, 32.855184444768909 ], [ -96.918951541250493, 32.85554132093435 ], [ -96.918183482990926, 32.855836070629593 ], [ -96.917384889683888, 32.856065854627929 ], [ -96.916563453792136, 32.856228459476341 ], [ -96.915727087971476, 32.856322318831943 ], [ -96.914883848799249, 32.856346528560714 ], [ -96.914041859111322, 32.856300855453277 ], [ -96.913209229698637, 32.856185739472977 ], [ -96.912393981120033, 32.856002289514691 ], [ -96.911603966387659, 32.855752272715371 ], [ -96.910846795271809, 32.855438097419693 ], [ -96.910129760957261, 32.855062789965338 ], [ -96.909459769759266, 32.854629965512451 ], [ -96.908843274578004, 32.854143793199064 ], [ -96.908286212733742, 32.853608955959224 ], [ -96.907793948782029, 32.853030605391908 ], [ -96.907371222859865, 32.852414312116657 ], [ -96.907022105060008, 32.851766012095055 ], [ -96.906749956271724, 32.851091949436807 ], [ -96.906557395863899, 32.850398616241193 ], [ -96.906446276519404, 32.849692690055214 ], [ -96.906417666461252, 32.848980969550972 ], [ -96.906471839238606, 32.848270309042469 ], [ -96.906608271168594, 32.847567552472491 ], [ -96.906825646455246, 32.846879467505879 ], [ -96.907121869933718, 32.846212680363472 ], [ -96.90749408731395, 32.845573612023721 ], [ -96.907938712726619, 32.844968416406289 ] ] ], [ [ [ -96.927017045321207, 32.863890912346285 ], [ -96.927593000098142, 32.863370477746201 ], [ -96.928226617898318, 32.862900190439312 ], [ -96.928911796889764, 32.862484578725748 ], [ -96.929641939057547, 32.862127644386305 ], [ -96.930410013721797, 32.861832824173355 ], [ -96.931208625209109, 32.861602956740732 ], [ -96.932030084026721, 32.861440255329974 ], [ -96.93286648085612, 32.861346286475083 ], [ -96.933709762655724, 32.861321954930297 ], [ -96.934551810142523, 32.861367494964966 ], [ -96.935384515908922, 32.861482468109614 ], [ -96.936199862425966, 32.861665767374724 ], [ -96.936989999184121, 32.861915627901325 ], [ -96.937747318231743, 32.862229643941717 ], [ -96.938464527386373, 32.862604792007161 ], [ -96.939134720415652, 32.863037459960537 ], [ -96.939751443514339, 32.8635234817745 ], [ -96.940308757437791, 32.864058177621871 ], [ -96.940801294695021, 32.864636398913049 ], [ -96.941224311250267, 32.86525257784816 ], [ -96.941573732234929, 32.865900781007646 ], [ -96.941846191228734, 32.866574766466819 ], [ -96.942039062730302, 32.867268043884749 ], [ -96.942150487502659, 32.86797393699046 ], [ -96.94217939054694, 32.868685647864744 ], [ -96.942125491529012, 32.869396322399609 ], [ -96.941989307555303, 32.870099116304758 ], [ -96.941949067164259, 32.870226632816866 ], [ -96.94197394617008, 32.870234498186846 ], [ -96.942731353933141, 32.870548483632319 ], [ -96.943448651476757, 32.870923602655232 ], [ -96.944118931717696, 32.871356243397948 ], [ -96.944735740011055, 32.871842240095091 ], [ -96.945293136291966, 32.872376913161233 ], [ -96.945785752276464, 32.872955114226116 ], [ -96.946208843170609, 32.873571275684533 ], [ -96.946558333389873, 32.874219464285197 ], [ -96.946830855847111, 32.874893438243589 ], [ -96.947023784429604, 32.875586707329539 ], [ -96.947135259350333, 32.87629259535229 ], [ -96.947164205127265, 32.877004304441719 ], [ -96.94711034101428, 32.877714980507037 ], [ -96.946974183781336, 32.878417779243328 ], [ -96.946757042813218, 32.87910593205001 ], [ -96.946461007572012, 32.879772811226381 ], [ -96.946088927540629, 32.880411993815741 ], [ -96.94564438483836, 32.881017323483043 ], [ -96.9451316597698, 32.88158296982904 ], [ -96.944555689637184, 32.882103484568667 ], [ -96.94392202121152, 32.882573854031982 ], [ -96.94323675731934, 32.882989547480257 ], [ -96.942506498059515, 32.883346560771166 ], [ -96.941738277216288, 32.883641454951103 ], [ -96.940939494482151, 32.883871389401925 ], [ -96.940117844144595, 32.884034149221641 ], [ -96.939281240925368, 32.884128166574669 ], [ -96.93843774368905, 32.8841525358052 ], [ -96.937595477758038, 32.884107022167377 ], [ -96.936762556584924, 32.883992064088353 ], [ -96.93594700353988, 32.883808768941869 ], [ -96.935156674568731, 32.883558902373444 ], [ -96.934399182469605, 32.883244871280432 ], [ -96.933681823519976, 32.882869700611209 ], [ -96.93301150716286, 32.882437004208114 ], [ -96.932394689431106, 32.881950949975604 ], [ -96.931837310752272, 32.881416219710097 ], [ -96.931344738733898, 32.880837963979985 ], [ -96.930921716480327, 32.880221752491273 ], [ -96.930572316938282, 32.87957352041785 ], [ -96.930299903710221, 32.87889951121489 ], [ -96.930107098711261, 32.878206216466999 ], [ -96.929995756979125, 32.877500313351035 ], [ -96.929966948877549, 32.876788600317248 ], [ -96.930020949861813, 32.876077931607952 ], [ -96.930157237902137, 32.8753751512454 ], [ -96.930197497591763, 32.875247638615299 ], [ -96.930172618224049, 32.875239770896009 ], [ -96.929415214866538, 32.874925709198656 ], [ -96.928697944329159, 32.874550509477572 ], [ -96.928027715203086, 32.874117785854963 ], [ -96.92741098268084, 32.873631706497598 ], [ -96.926853686369157, 32.873096953443955 ], [ -96.926361193082215, 32.872518677481999 ], [ -96.925938245166023, 32.871902448512657 ], [ -96.925588914851417, 32.871254201878187 ], [ -96.925316565074297, 32.870580181174098 ], [ -96.925123817138882, 32.869886878095663 ], [ -96.925012525533575, 32.869180969900079 ], [ -96.924983760139696, 32.868469255086353 ], [ -96.925037796001561, 32.867758587913933 ], [ -96.925174110753915, 32.867055812390127 ], [ -96.925391389728205, 32.866367696362722 ], [ -96.925687538686006, 32.865700866351986 ], [ -96.92605970405387, 32.865061743749699 ], [ -96.926504300462241, 32.864456482998449 ], [ -96.927017045321207, 32.863890912346285 ] ] ], [ [ [ -96.960559790017015, 32.87051768465539 ], [ -96.96113559090783, 32.869997095239953 ], [ -96.961769078102819, 32.869526637541483 ], [ -96.962454151026606, 32.869110841501154 ], [ -96.963184212684581, 32.868753710674802 ], [ -96.963952233171341, 32.868458683706898 ], [ -96.964750817334433, 32.86822860124213 ], [ -96.965572275943728, 32.868065678592608 ], [ -96.96640869968239, 32.867971484422505 ], [ -96.967252035249686, 32.867946925655509 ], [ -96.968094162844949, 32.867992238748663 ], [ -96.968926974289616, 32.868106987417605 ], [ -96.969742451037618, 32.868290066834049 ], [ -96.970532741326124, 32.868539714255803 ], [ -96.971290235726016, 32.868853525987014 ], [ -96.972007640367195, 32.869228480506195 ], [ -96.972678047136043, 32.869660967539829 ], [ -96.973295000170083, 32.870146822802724 ], [ -96.9738525580116, 32.87068136807153 ], [ -96.974345350821778, 32.871259456206801 ], [ -96.974768632104841, 32.871875520691106 ], [ -96.975118324443628, 32.872523629207322 ], [ -96.975391058805386, 32.873197540742488 ], [ -96.975584207037315, 32.873890765667944 ], [ -96.975695907237679, 32.874596628218711 ], [ -96.975725081755158, 32.875308330770324 ], [ -96.975671447640934, 32.876019019295462 ], [ -96.975535519449835, 32.876721849369645 ], [ -96.975318604360623, 32.877410052090951 ], [ -96.975022789659562, 32.878076999278285 ], [ -96.974650922704996, 32.878716267320335 ], [ -96.974206583563358, 32.879321699059361 ], [ -96.973694050577905, 32.879887463113235 ], [ -96.973118259199978, 32.880408110063492 ], [ -96.972484754478018, 32.880878624966833 ], [ -96.971799637660922, 32.88129447568388 ], [ -96.971069507430073, 32.881651656557487 ], [ -96.97030139632615, 32.881946727019915 ], [ -96.969502702983917, 32.882176844755008 ], [ -96.968681120829245, 32.882339793095284 ], [ -96.967844563926704, 32.882434002389211 ], [ -96.967001090694481, 32.882458565131991 ], [ -96.966158826223591, 32.882413244713696 ], [ -96.965325883952701, 32.882298477700274 ], [ -96.964510287455383, 32.882115369624927 ], [ -96.963751620122778, 32.881875707011332 ], [ -96.963765735582044, 32.882221158585082 ], [ -96.96371200140085, 32.88293184142335 ], [ -96.963575967784152, 32.883634657910086 ], [ -96.963358942925851, 32.884322839274034 ], [ -96.963063015169297, 32.884989757539692 ], [ -96.9626910329617, 32.885628989374169 ], [ -96.962246577479576, 32.886234377968364 ], [ -96.961733928186902, 32.886800092355742 ], [ -96.961158021655493, 32.887320683596087 ], [ -96.960524404043156, 32.887791137282804 ], [ -96.959839177686518, 32.88820692186605 ], [ -96.959108942322416, 32.888564032325817 ], [ -96.958340731504535, 32.888859028772671 ], [ -96.95754194482852, 32.889089069603422 ], [ -96.956720276619592, 32.889251938891455 ], [ -96.95588364177155, 32.889346067746715 ], [ -96.955040099453669, 32.889370549439327 ], [ -96.954197775422642, 32.889325148140131 ], [ -96.953364783690958, 32.889210301194119 ], [ -96.952549148308719, 32.889027114904472 ], [ -96.951758726015186, 32.888777353868129 ], [ -96.951001130507848, 32.888463423965824 ], [ -96.950283659060702, 32.888088349171241 ], [ -96.94961322220081, 32.88765574240319 ], [ -96.94899627712222, 32.887169770702727 ], [ -96.948438765479565, 32.886635115071421 ], [ -96.947946056161499, 32.886056925358872 ], [ -96.947522893595107, 32.885440770635221 ], [ -96.947173352078863, 32.884792585527819 ], [ -96.946900796582838, 32.884118613039632 ], [ -96.946707850392443, 32.883425344401829 ], [ -96.946596369905251, 32.882719456540066 ], [ -96.946567426821218, 32.882007747757889 ], [ -96.946621297895376, 32.881297072256942 ], [ -96.946757462348728, 32.880594274125123 ], [ -96.946974606959373, 32.879906121428299 ], [ -96.947270638781958, 32.879239241040331 ], [ -96.9476427053701, 32.878600054838437 ], [ -96.948087222304522, 32.877994717878103 ], [ -96.948599907759714, 32.87742905914169 ], [ -96.949175823774169, 32.876908525430643 ], [ -96.949809423825613, 32.876438128940855 ], [ -96.950494606252292, 32.876022399024038 ], [ -96.951224773005578, 32.875665338599461 ], [ -96.951992893168438, 32.875370385633694 ], [ -96.952791570629103, 32.875140380058987 ], [ -96.953613115259387, 32.874977536447084 ], [ -96.95444961691453, 32.874883422701316 ], [ -96.955293021543852, 32.874858944970931 ], [ -96.956135208681914, 32.874904338932794 ], [ -96.956968069576945, 32.875019167523902 ], [ -96.957783585206826, 32.875202325146425 ], [ -96.958542179292408, 32.875442024298657 ], [ -96.958528085267872, 32.87509657188081 ], [ -96.958581856257723, 32.874385890680799 ], [ -96.958717915275059, 32.873683078951103 ], [ -96.958934950113559, 32.872994904888685 ], [ -96.959230868885058, 32.872327995573315 ], [ -96.959602820231851, 32.871688773160876 ], [ -96.960047220844359, 32.871083393055628 ], [ -96.960559790017015, 32.87051768465539 ] ] ], [ [ [ -96.979943820993242, 32.883344715048224 ], [ -96.980519591354508, 32.882824036698388 ], [ -96.981153067328762, 32.882353481012053 ], [ -96.981838148448062, 32.881937578874137 ], [ -96.982568237638361, 32.881580334862342 ], [ -96.983336304728724, 32.881285188711189 ], [ -96.984134954117735, 32.881054982213072 ], [ -96.984956495947102, 32.880891931874473 ], [ -96.985793020098711, 32.880797607589116 ], [ -96.986636472305165, 32.880772917533449 ], [ -96.987478731643023, 32.880818099428673 ], [ -96.988311688665618, 32.880932718253568 ], [ -96.989127323425691, 32.881115670429963 ], [ -96.989917782639523, 32.88136519444074 ], [ -96.990675455252045, 32.881678887778236 ], [ -96.991393045677839, 32.882053730060782 ], [ -96.992063644014962, 32.882486112095492 ], [ -96.992680792556897, 32.882971870608145 ], [ -96.99323854796387, 32.883506328306908 ], [ -96.993731538495055, 32.884084338895633 ], [ -96.994155015750991, 32.884700336603565 ], [ -96.9945049004276, 32.88534838975675 ], [ -96.994777821639914, 32.886022257875361 ], [ -96.994971149435727, 32.886715451749133 ], [ -96.995083020183756, 32.88742129591224 ], [ -96.995112354589878, 32.888132992917605 ], [ -96.995058868164961, 32.888843688791553 ], [ -96.994923074040813, 32.889546539039223 ], [ -96.994706278104289, 32.890234774564711 ], [ -96.994410566493272, 32.890901766871387 ], [ -96.994038785572386, 32.891541091913723 ], [ -96.993594514578575, 32.892146591985373 ], [ -96.993082031197886, 32.892712435046427 ], [ -96.992506270403098, 32.893233170917767 ], [ -96.991872776947304, 32.89370378379995 ], [ -96.991187651970279, 32.89411974061008 ], [ -96.990457494231507, 32.8944770346694 ], [ -96.989689336536159, 32.894772224320114 ], [ -96.988890577967581, 32.895002466098148 ], [ -96.988068912579777, 32.895165542141292 ], [ -96.987232255239121, 32.895259881567902 ], [ -96.986388665331418, 32.895284575619741 ], [ -96.985546269071861, 32.895239386422006 ], [ -96.984713181168971, 32.895124749276576 ], [ -96.983897426599626, 32.894941768465621 ], [ -96.983106863251777, 32.894692206606727 ], [ -96.982349106182312, 32.894378467662037 ], [ -96.981631454222253, 32.894003573765822 ], [ -96.980960819638312, 32.893571136094444 ], [ -96.980343661529886, 32.893085320060329 ], [ -96.979785923604439, 32.892550805165676 ], [ -96.979292976930992, 32.891972739904759 ], [ -96.978869568223544, 32.891356692149301 ], [ -96.97851977415192, 32.890708595496584 ], [ -96.978246962119144, 32.890034692098006 ], [ -96.978053757881796, 32.889341472519746 ], [ -96.9779420203228, 32.888635613215371 ], [ -96.977912823617913, 32.887923912213843 ], [ -96.977966446964544, 32.887213223642377 ], [ -96.978102371969001, 32.886510391715248 ], [ -96.978319287714768, 32.885822184824306 ], [ -96.978615103459816, 32.885155230365747 ], [ -96.978986968837631, 32.884515950930634 ], [ -96.979431301365707, 32.883910502472645 ], [ -96.979943820993242, 32.883344715048224 ] ] ], [ [ [ -96.88104020998199, 32.89193691808812 ], [ -96.881553403875387, 32.891371536431791 ], [ -96.88212980412257, 32.890851313773254 ], [ -96.882763859540347, 32.890381259312861 ], [ -96.883449464084165, 32.889965899108709 ], [ -96.884180015642755, 32.889609232520066 ], [ -96.884948479595721, 32.889314693721339 ], [ -96.884971706097616, 32.88930801999372 ], [ -96.884529802486753, 32.889357479628408 ], [ -96.883686240548656, 32.889381477915897 ], [ -96.882843953159735, 32.889335593925914 ], [ -96.882011053979213, 32.889220269653173 ], [ -96.881195566165033, 32.889036615998833 ], [ -96.88040534503395, 32.888786402061797 ], [ -96.879648002344368, 32.888472038085311 ], [ -96.878930832933378, 32.888096552224113 ], [ -96.878260744416878, 32.887663561356348 ], [ -96.877644190631514, 32.887177236222456 ], [ -96.877087109460874, 32.88664226122777 ], [ -96.876594865645274, 32.886063789297452 ], [ -96.876172199126216, 32.88544739221922 ], [ -96.875823179422582, 32.884799006953791 ], [ -96.875551166477081, 32.884124878431081 ], [ -96.875358778348442, 32.883431499384038 ], [ -96.875247866058572, 32.882725547800639 ], [ -96.875219495834656, 32.88201382259696 ], [ -96.875273938914603, 32.881303178131702 ], [ -96.875410669011046, 32.880600458192745 ], [ -96.875628367455505, 32.879912430091863 ], [ -96.875924935970218, 32.879245719501981 ], [ -96.876297516941932, 32.878606746664282 ], [ -96.876742520999741, 32.878001664578704 ], [ -96.877255661629263, 32.877436299772491 ], [ -96.877831996488041, 32.876916096216135 ], [ -96.878465975022763, 32.876446062925872 ], [ -96.879151491929406, 32.876030725755768 ], [ -96.87988194594061, 32.875674083843023 ], [ -96.88065030337529, 32.87537957112432 ], [ -96.881449165838589, 32.875150023292825 ], [ -96.88227084142234, 32.874987650512864 ], [ -96.883107418721849, 32.874894016154379 ], [ -96.883950842958583, 32.874870021750993 ], [ -96.884792993478484, 32.874915898325938 ], [ -96.885625761882125, 32.875031204169552 ], [ -96.886441130037227, 32.875214829088812 ], [ -96.887231247225472, 32.875465005089197 ], [ -96.887988505682941, 32.87577932338526 ], [ -96.88870561380952, 32.87615475757773 ], [ -96.889375666344449, 32.876587692774102 ], [ -96.88999221083381, 32.877073960373345 ], [ -96.890549309751265, 32.87760887818115 ], [ -96.891041597674501, 32.878187295470028 ], [ -96.891464332967004, 32.878803642552072 ], [ -96.891813443466944, 32.879451984387913 ], [ -96.892085565742349, 32.880126077716604 ], [ -96.892278077533021, 32.880819431157676 ], [ -96.892389123064802, 32.881525367707184 ], [ -96.892417630990067, 32.882237089026795 ], [ -96.89236332477914, 32.882947740907063 ], [ -96.892226725459594, 32.883650479275133 ], [ -96.892009146674198, 32.884338536111073 ], [ -96.891712682102323, 32.885005284637636 ], [ -96.891340185362722, 32.885644303155786 ], [ -96.890895242589337, 32.886249436910077 ], [ -96.890382137941387, 32.886814857387677 ], [ -96.889805812378611, 32.887335118478653 ], [ -96.889171816097061, 32.887805208955797 ], [ -96.888486255082796, 32.888220600767369 ], [ -96.887755732298146, 32.888577292676317 ], [ -96.886987284067175, 32.888871848824607 ], [ -96.886964057831349, 32.888878522928515 ], [ -96.887405957695819, 32.888829054651971 ], [ -96.888249513368635, 32.888805031162569 ], [ -96.889091798512737, 32.888850878588741 ], [ -96.889924703432811, 32.888966155501343 ], [ -96.890740208682544, 32.889149751985947 ], [ -96.891530462223912, 32.889399900321614 ], [ -96.892287854980424, 32.889714191989235 ], [ -96.893005094059106, 32.890089600845769 ], [ -96.893675272938481, 32.890522512242519 ], [ -96.894291937948182, 32.891008757807469 ], [ -96.894849150401399, 32.891543655558287 ], [ -96.895341543782493, 32.892122054960467 ], [ -96.895764375439271, 32.892738386498287 ], [ -96.896113572281706, 32.893386715281871 ], [ -96.896385770046024, 32.8940607981759 ], [ -96.896578345744629, 32.894754143900357 ], [ -96.896689442987395, 32.895460075525563 ], [ -96.896717989928121, 32.896171794760619 ], [ -96.896663709660785, 32.896882447416246 ], [ -96.896527122962468, 32.897585189412197 ], [ -96.896309543353794, 32.898273252693706 ], [ -96.896013064521355, 32.898940010421619 ], [ -96.895640540220739, 32.899579040808447 ], [ -96.895195556850737, 32.900184188984667 ], [ -96.894682398961166, 32.900749626298733 ], [ -96.894106008024195, 32.901269906478724 ], [ -96.89347193486519, 32.901740018113848 ], [ -96.89278628621058, 32.902155432948746 ], [ -96.892055665866735, 32.902512149524753 ], [ -96.891287111097412, 32.90280673174648 ], [ -96.890488024813038, 32.903036342000782 ], [ -96.889666104226265, 32.903198768508652 ], [ -96.888829266663137, 32.903292446645317 ], [ -96.887985573246439, 32.903316474022624 ], [ -96.887143151188809, 32.903270619187786 ], [ -96.886310115447102, 32.903155323854619 ], [ -96.885494490495034, 32.90297169864548 ], [ -96.884704132970711, 32.902721512385142 ], [ -96.883946655946659, 32.902407175050186 ], [ -96.883229355554164, 32.902031714538573 ], [ -96.882559140670978, 32.901598747484108 ], [ -96.881942466351077, 32.901112444397683 ], [ -96.881385271639076, 32.900577489472177 ], [ -96.880892922368787, 32.899999035439201 ], [ -96.880470159497264, 32.899382653914017 ], [ -96.880121053471186, 32.898734281707455 ], [ -96.879848965064255, 32.898060163623505 ], [ -96.879656513061562, 32.897366792294584 ], [ -96.87954554909966, 32.896660845634287 ], [ -96.879517139902831, 32.895949122511311 ], [ -96.879571557083679, 32.895238477264371 ], [ -96.879708274603615, 32.89453575368897 ], [ -96.879925973914638, 32.89384771913199 ], [ -96.880222556730018, 32.893180999328727 ], [ -96.880595165298203, 32.892542014609248 ], [ -96.88104020998199, 32.89193691808812 ] ] ], [ [ [ -97.040526420874258, 32.899080940453025 ], [ -97.041370031719694, 32.899055879653268 ], [ -97.042212492598836, 32.899100691176102 ], [ -97.043045692125133, 32.899214943566342 ], [ -97.043861608017352, 32.899397536773947 ], [ -97.04465238428601, 32.899646712737855 ], [ -97.045410406824629, 32.899960072301539 ], [ -97.04612837667996, 32.900334598297057 ], [ -97.04679938029814, 32.900766684576944 ], [ -97.047416956071828, 32.90125217071472 ], [ -97.047975156548858, 32.901786382041465 ], [ -97.048468605704088, 32.902364174633504 ], [ -97.048892550722982, 32.902979984819623 ], [ -97.049242907798032, 32.903627882731975 ], [ -97.049516301495856, 32.904301629386225 ], [ -97.049710097314559, 32.904994736742353 ], [ -97.049822427115743, 32.905700530168446 ], [ -97.049852207184088, 32.906412212706805 ], [ -97.049799148737819, 32.907122930523968 ], [ -97.049663760786018, 32.907825838914576 ], [ -97.04944734530244, 32.908514168223704 ], [ -97.049151984759263, 32.909181289052398 ], [ -97.048780522138145, 32.909820776118231 ], [ -97.048336533608492, 32.91042647015518 ], [ -97.047824294133861, 32.910992537255964 ], [ -97.047248736335845, 32.911513525084239 ], [ -97.046615403010449, 32.91198441541448 ], [ -97.04593039375338, 32.912400672491898 ], [ -97.045457955196511, 32.912632084959881 ], [ -97.044876356644679, 32.913064489848296 ], [ -97.044191330868841, 32.913480737307687 ], [ -97.043461227406013, 32.913838341321664 ], [ -97.042693078537411, 32.914133857247251 ], [ -97.04189428326039, 32.914364438477776 ], [ -97.041072535981939, 32.914527863881389 ], [ -97.040235752356992, 32.914622559211381 ], [ -97.039391992987802, 32.914647612281101 ], [ -97.03854938572232, 32.914602781757495 ], [ -97.037716047302297, 32.91448849948727 ], [ -97.036900005118682, 32.914305866334125 ], [ -97.036109119831067, 32.914056641566646 ], [ -97.035351009598728, 32.913743225899786 ], [ -97.034632976656013, 32.913368638353774 ], [ -97.033961936940841, 32.912936487154106 ], [ -97.033344353456442, 32.912450934953732 ], [ -97.032786174008919, 32.911916658713757 ], [ -97.032292773921284, 32.911338804629892 ], [ -97.031868904275811, 32.910722938540147 ], [ -97.031518646182676, 32.910074992292472 ], [ -97.031245371514686, 32.909401206590147 ], [ -97.03105171048432, 32.908708070866318 ], [ -97.030939526373828, 32.908002260767674 ], [ -97.030909897659228, 32.907290573850013 ], [ -97.030963107697588, 32.906579864105765 ], [ -97.031098642074582, 32.905876975953937 ], [ -97.031315193634157, 32.905188678328713 ], [ -97.031610675139802, 32.904521599501031 ], [ -97.03198223944203, 32.903882163260441 ], [ -97.032426306955671, 32.903276527071526 ], [ -97.032938600179989, 32.902710522799175 ], [ -97.033514184927483, 32.902189600573337 ], [ -97.03414751786292, 32.901718776331897 ], [ -97.034832499894009, 32.901302583546176 ], [ -97.035304905797631, 32.901071211079611 ], [ -97.035886472340763, 32.900638850285617 ], [ -97.036571437858498, 32.900222647883439 ], [ -97.037301456952136, 32.899865083692049 ], [ -97.038069500124408, 32.899569600529233 ], [ -97.038868172003234, 32.89933904343264 ], [ -97.039689782513094, 32.899175632284575 ], [ -97.040526420874258, 32.899080940453025 ] ] ], [ [ [ -96.889165766015964, 32.917844396362774 ], [ -96.88967905811127, 32.917278982912819 ], [ -96.890255579180561, 32.916758724197621 ], [ -96.890889776876662, 32.916288629765077 ], [ -96.891575543784626, 32.915873226058636 ], [ -96.892306276229604, 32.91551651285674 ], [ -96.893074937849519, 32.915221924782976 ], [ -96.893874127320856, 32.914992298256465 ], [ -96.894696149587318, 32.914829844199588 ], [ -96.895533089906849, 32.914736126765135 ], [ -96.896376890006451, 32.91471204828666 ], [ -96.897219425614054, 32.914757840597019 ], [ -96.898052584623443, 32.914873062797703 ], [ -96.898868345142432, 32.915056605500936 ], [ -96.899658852675842, 32.915306701503503 ], [ -96.900416495702146, 32.915620942789936 ], [ -96.901133978919091, 32.915996303701981 ], [ -96.901804393454796, 32.916429170052382 ], [ -96.902421283370032, 32.916915373902569 ], [ -96.902978707812352, 32.917450233671552 ], [ -96.903471298224758, 32.918028599190357 ], [ -96.903894310057453, 32.918644901269211 ], [ -96.904243668484867, 32.919293205301727 ], [ -96.904516007686553, 32.919967268390828 ], [ -96.904708703312096, 32.920660599447046 ], [ -96.904819897815457, 32.921366521682003 ], [ -96.904848518412763, 32.922078236895203 ], [ -96.904794287487491, 32.922788890936246 ], [ -96.904657725340329, 32.923491639711699 ], [ -96.904440145254227, 32.924179715101737 ], [ -96.904143640919287, 32.924846490150891 ], [ -96.903771066335551, 32.925485542905157 ], [ -96.90332600838515, 32.926090718279958 ], [ -96.902812752335336, 32.926656187362212 ], [ -96.902236240603017, 32.92717650357438 ], [ -96.901602025176558, 32.927646655159016 ], [ -96.900916214152261, 32.928062113476372 ], [ -96.900185412900299, 32.928418876649317 ], [ -96.899416660427036, 32.928713508133896 ], [ -96.89861736154738, 32.928943169842732 ], [ -96.897795215522152, 32.92910564950143 ], [ -96.896958141849396, 32.929199381973376 ], [ -96.896114203926771, 32.929223464347018 ], [ -96.895271531322805, 32.929177664639923 ], [ -96.894438241408466, 32.929062424034782 ], [ -96.893622361106466, 32.928878852626653 ], [ -96.892831749515224, 32.928628718721924 ], [ -96.892074022155157, 32.928314431792586 ], [ -96.891356477569389, 32.927939019250864 ], [ -96.890686026988178, 32.927506097268179 ], [ -96.890069127735998, 32.927019835921044 ], [ -96.889511721024022, 32.926484918999947 ], [ -96.889019174727991, 32.925906498870248 ], [ -96.888596231702266, 32.925290146820338 ], [ -96.888246964128214, 32.924641799377021 ], [ -96.887974734334819, 32.923967701105596 ], [ -96.887782162468056, 32.923274344447506 ], [ -96.887671101317906, 32.922568407175142 ], [ -96.887642618543623, 32.921856688066718 ], [ -96.887696986465244, 32.921146041422439 ], [ -96.887833679517371, 32.920443311051415 ], [ -96.888051379386468, 32.919755264366259 ], [ -96.888347987779241, 32.91908852721928 ], [ -96.888720646696754, 32.918449520107941 ], [ -96.889165766015964, 32.917844396362774 ] ] ], [ [ [ -97.047624861166142, 32.92923831769675 ], [ -97.048200531900974, 32.928717329241678 ], [ -97.048833976417527, 32.92824643179916 ], [ -97.049519094548501, 32.927830159545891 ], [ -97.050249288861679, 32.927472520624221 ], [ -97.051017528172494, 32.927176958571863 ], [ -97.051816415220401, 32.926946319186335 ], [ -97.052638257858334, 32.926782823142553 ], [ -97.053475143071978, 32.926688044626005 ], [ -97.054319013118004, 32.926662896186741 ], [ -97.055161743050832, 32.926707619959387 ], [ -97.055995218894068, 32.926821785333573 ], [ -97.056811415706676, 32.927004293096964 ], [ -97.057602474795132, 32.927253386011046 ], [ -97.058360779330499, 32.927566665718686 ], [ -97.059079027644856, 32.927941115820573 ], [ -97.059750303503662, 32.928373130899715 ], [ -97.060368142678513, 32.928858551214958 ], [ -97.060926595181144, 32.929392702730894 ], [ -97.061420282559595, 32.929970442099531 ], [ -97.061844449705191, 32.930586206161905 ], [ -97.062195010671033, 32.931234065494152 ], [ -97.062468588059716, 32.931907781483403 ], [ -97.062662545599593, 32.932600866384824 ], [ -97.062775013593964, 32.933306645782814 ], [ -97.062804906995538, 32.93401832285484 ], [ -97.062751935929867, 32.93472904382029 ], [ -97.06261660856326, 32.935431963943707 ], [ -97.062400226284623, 32.936120313457522 ], [ -97.062104871245069, 32.936787462768542 ], [ -97.061733386371984, 32.937426986320396 ], [ -97.061289348047922, 32.938032724496139 ], [ -97.060777031714991, 32.938598842963835 ], [ -97.060201370734163, 32.939119888892847 ], [ -97.059567908894621, 32.939590843498493 ], [ -97.05888274702933, 32.94000717040727 ], [ -97.058152484251252, 32.940364859376466 ], [ -97.057384154375981, 32.94066046494509 ], [ -97.056585158144401, 32.940891139643277 ], [ -97.055763191899459, 32.941054661439061 ], [ -97.054926173405619, 32.94114945515738 ], [ -97.054082165528087, 32.941174607663925 ], [ -97.05323929850924, 32.941129876667837 ], [ -97.05240569159362, 32.941015693056983 ], [ -97.05158937475926, 32.940833156744631 ], [ -97.050798211312085, 32.94058402606629 ], [ -97.050039822091492, 32.940270700830482 ], [ -97.049321512019773, 32.939896199186052 ], [ -97.048650199704795, 32.93946412853078 ], [ -97.048032350775927, 32.938978650741554 ], [ -97.047473915596299, 32.938444442062512 ], [ -97.046980271952137, 32.937866648038373 ], [ -97.046556173271469, 32.937250833928452 ], [ -97.046205702870097, 32.936602931079946 ], [ -97.045932234665074, 32.935929179778057 ], [ -97.045738400732191, 32.935236069124599 ], [ -97.045626066018031, 32.93453027452486 ], [ -97.045596310447948, 32.933818593385539 ], [ -97.045649418599623, 32.933107879643565 ], [ -97.045784877038642, 32.932404977756782 ], [ -97.046001379339017, 32.931716656791977 ], [ -97.046296838737291, 32.931049545245173 ], [ -97.046668408295616, 32.930410067221509 ], [ -97.04711250837704, 32.929804380588287 ], [ -97.047624861166142, 32.92923831769675 ] ] ], [ [ [ -96.976676349053292, 32.946020590073019 ], [ -96.97725254602031, 32.945499930704592 ], [ -96.977886487577678, 32.945029395134561 ], [ -96.978572068774099, 32.944613514054957 ], [ -96.979302687720534, 32.944256291841533 ], [ -96.980071309145728, 32.943961168019548 ], [ -96.980870532111624, 32.943730984167082 ], [ -96.98169266123837, 32.943567956573013 ], [ -96.982529780754476, 32.943473654912545 ], [ -96.983373830661577, 32.943448987144407 ], [ -96.984216684282856, 32.943494190775333 ], [ -96.98505022645115, 32.943608830574661 ], [ -96.985866431586572, 32.943791802762071 ], [ -96.98665744091474, 32.944041345627312 ], [ -96.987415638084713, 32.944355056480639 ], [ -96.988133722460972, 32.944729914771095 ], [ -96.988804779385632, 32.945162311150881 ], [ -96.989422346736418, 32.945648082206823 ], [ -96.989980477140236, 32.946182550525535 ], [ -96.990473795244327, 32.946760569707656 ], [ -96.990897549493582, 32.947376573898907 ], [ -96.991247657914755, 32.948024631362138 ], [ -96.991520747466211, 32.948698501575407 ], [ -96.99171418657221, 32.949391695307654 ], [ -96.991826110526944, 32.950097537093995 ], [ -96.991855439521103, 32.950809229510021 ], [ -96.991801889114868, 32.95151991862614 ], [ -96.991665973053472, 32.952222760012603 ], [ -96.991448998395441, 32.95291098465907 ], [ -96.991153052997461, 32.953577964174031 ], [ -96.990780985473606, 32.95421727463571 ], [ -96.990336377819347, 32.954822758478748 ], [ -96.989823510961813, 32.955388583820309 ], [ -96.989247323566261, 32.955909300652642 ], [ -96.9886133644941, 32.956379893360563 ], [ -96.987927739369724, 32.956795829056283 ], [ -96.987197051770295, 32.957153101265156 ], [ -96.986428339605382, 32.957448268540602 ], [ -96.985629007300091, 32.957678487634702 ], [ -96.98480675443615, 32.957841540904212 ], [ -96.983969501540187, 32.957935857687303 ], [ -96.983125313736295, 32.957960529443994 ], [ -96.982282323000561, 32.957915318514388 ], [ -96.981448649769391, 32.957800660409532 ], [ -96.980632324659354, 32.95761765961327 ], [ -96.979841211055387, 32.957368078935268 ], [ -96.97908292931568, 32.957054322518353 ], [ -96.978364783325745, 32.956679412664549 ], [ -96.977693690111224, 32.956246960703133 ], [ -96.977076113188986, 32.955761132183262 ], [ -96.976518000299961, 32.955226606726676 ], [ -96.976024726123811, 32.954648532928445 ], [ -96.975601040527565, 32.95403247874173 ], [ -96.975251022846109, 32.953384377825031 ], [ -96.974978042634035, 32.95271047237015 ], [ -96.974784727265231, 32.952017252962428 ], [ -96.974672936690368, 32.951311396053498 ], [ -96.974643745592999, 32.950599699648883 ], [ -96.974697433113676, 32.949889017831467 ], [ -96.974833480237947, 32.949186194750524 ], [ -96.975050574870593, 32.948497998712924 ], [ -96.975346624544386, 32.94783105701071 ], [ -96.975718776637962, 32.947191792112612 ], [ -96.976163445905897, 32.946586359832942 ], [ -96.976676349053292, 32.946020590073019 ] ] ], [ [ [ -96.901715018426714, 32.949760642512679 ], [ -96.902291680215626, 32.949240330191969 ], [ -96.90292604659632, 32.948770176373962 ], [ -96.903612008529024, 32.948354708074419 ], [ -96.904342960460767, 32.947997925694203 ], [ -96.905111863915991, 32.947703264523426 ], [ -96.905911315242804, 32.947473561685349 ], [ -96.906733616863988, 32.947311028837433 ], [ -96.907570851348211, 32.947217230891226 ], [ -96.908414957590864, 32.947193070955628 ], [ -96.909257808372914, 32.947238781647783 ], [ -96.910091288554355, 32.947353922854987 ], [ -96.910907373151517, 32.947537385969163 ], [ -96.911698204549609, 32.947787404553189 ], [ -96.912456168109529, 32.948101571336728 ], [ -96.913173965443377, 32.948476861378637 ], [ -96.913844684655189, 32.948909661173644 ], [ -96.914461866872344, 32.949395803423684 ], [ -96.915019568427994, 32.949930607140587 ], [ -96.915512418096569, 32.950508922694794 ], [ -96.915935668831509, 32.951125181377343 ], [ -96.916285243506152, 32.951773448999504 ], [ -96.916557774216841, 32.952447483014645 ], [ -96.916750634767936, 32.953140792613205 ], [ -96.916861966024015, 32.953846701213408 ], [ -96.916890693882863, 32.954558410746188 ], [ -96.916836539693577, 32.955269067115921 ], [ -96.916710858603494, 32.955916047302551 ], [ -96.916666656644708, 32.956496078563944 ], [ -96.916530136728156, 32.957198837355669 ], [ -96.916312566072335, 32.957886930541584 ], [ -96.916016038275004, 32.958553730995249 ], [ -96.915643407560736, 32.95919281651846 ], [ -96.915198261350952, 32.959798031711529 ], [ -96.914684885761815, 32.960363547278305 ], [ -96.914108224360632, 32.960883916194149 ], [ -96.913473830576564, 32.961354126194514 ], [ -96.912787814223378, 32.961769648077421 ], [ -96.912056782648762, 32.962126479353969 ], [ -96.911287777077533, 32.962421182824663 ], [ -96.910488204762743, 32.96265091970907 ], [ -96.909665767599463, 32.962813477008858 ], [ -96.908828387890722, 32.962907288839787 ], [ -96.907984131982829, 32.962931451525996 ], [ -96.907141132508144, 32.962885732311371 ], [ -96.906307509987144, 32.962770571603244 ], [ -96.905491294547289, 32.962587078726834 ], [ -96.90470034851613, 32.962337021231868 ], [ -96.903942290636337, 32.962022807854026 ], [ -96.903224422635404, 32.961647465296757 ], [ -96.902553658859333, 32.961214609056995 ], [ -96.901936459649633, 32.96072840857758 ], [ -96.90137876910687, 32.960193547062367 ], [ -96.900885957840387, 32.959615176342759 ], [ -96.900462771256343, 32.958998867230903 ], [ -96.900113283881311, 32.958350555839758 ], [ -96.899840860160467, 32.957676486387243 ], [ -96.89964812210647, 32.956983151037157 ], [ -96.899536924108617, 32.956277227356559 ], [ -96.899508335142713, 32.955565513992944 ], [ -96.899562628550015, 32.954854865191251 ], [ -96.899688433396477, 32.95420790221911 ], [ -96.899732745400343, 32.953627876813933 ], [ -96.899869393088736, 32.952925136105129 ], [ -96.900087079297066, 32.952237071189906 ], [ -96.900383705862183, 32.951570308096585 ], [ -96.900756414608708, 32.950931267572855 ], [ -96.901201614932475, 32.950326103271522 ], [ -96.901715018426714, 32.949760642512679 ] ] ], [ [ [ -96.919911099942993, 32.976194622545265 ], [ -96.920487826951316, 32.975674227853389 ], [ -96.921122286082692, 32.975203983056836 ], [ -96.921808367403585, 32.974788416047836 ], [ -96.922539464210971, 32.974431528178151 ], [ -96.923308536634053, 32.974136755753889 ], [ -96.924108179393968, 32.973906936969918 ], [ -96.924930693070394, 32.973744284600244 ], [ -96.925768158190564, 32.973650364707375 ], [ -96.926612511429639, 32.973626081574523 ], [ -96.927455623191079, 32.973671669004922 ], [ -96.928289375822743, 32.973786688072678 ], [ -96.929105741718473, 32.973970031345608 ], [ -96.929896860555758, 32.974219933540247 ], [ -96.930655114928683, 32.974533988506721 ], [ -96.931373203649912, 32.974909172380315 ], [ -96.932044212018425, 32.97534187267776 ], [ -96.932661678377841, 32.975827923058766 ], [ -96.933219656325605, 32.976362643419606 ], [ -96.933712771974911, 32.976940884933107 ], [ -96.93413627571789, 32.977557079603145 ], [ -96.934486087991317, 32.978205293857336 ], [ -96.934758838603088, 32.978879285662856 ], [ -96.934951899239223, 32.979572564616724 ], [ -96.935063408836641, 32.980278454432366 ], [ -96.935092291574648, 32.98099015722179 ], [ -96.935038267309594, 32.981700818954621 ], [ -96.934901854349135, 32.98240359546395 ], [ -96.934684364536665, 32.983091718363568 ], [ -96.934387890689948, 32.983758560241235 ], [ -96.934015286512704, 32.98439769850031 ], [ -96.933688446285927, 32.9848421128548 ], [ -96.934384085478612, 32.984642145045761 ], [ -96.93520668000167, 32.984479425103274 ], [ -96.936044235757535, 32.984385436301714 ], [ -96.936888688548891, 32.984361083587714 ], [ -96.937731907820876, 32.984406601434543 ], [ -96.938565774886499, 32.984521551586241 ], [ -96.939382261038119, 32.984704827274072 ], [ -96.940173504795752, 32.984954663865288 ], [ -96.940931887550988, 32.985268655841615 ], [ -96.941650106880729, 32.985643779944709 ], [ -96.942321246826708, 32.986076424266749 ], [ -96.942938844465857, 32.986562423006355 ], [ -96.943496952131767, 32.98709709655693 ], [ -96.943990194688681, 32.987675296542015 ], [ -96.944413821306753, 32.988291455365335 ], [ -96.94476375123952, 32.988939639799696 ], [ -96.945036613161719, 32.989613608099482 ], [ -96.94522977768726, 32.990306870088077 ], [ -96.945341382752261, 32.99101274964238 ], [ -96.94537035161629, 32.991724448973379 ], [ -96.945316403305782, 32.99243511408411 ], [ -96.94518005539642, 32.993137900775352 ], [ -96.944962619104473, 32.993826040563007 ], [ -96.944666186731723, 32.994492905872448 ], [ -96.944293611581799, 32.995132073881507 ], [ -96.943848480539188, 32.995737388396762 ], [ -96.943335079572293, 32.996303019166248 ], [ -96.94275835249131, 32.996823518056374 ], [ -96.942123853356819, 32.997293871551342 ], [ -96.941437692996232, 32.997709549067714 ], [ -96.940706480143604, 32.998066546618112 ], [ -96.939937257769444, 32.998361425401846 ], [ -96.93913743521496, 32.99859134495015 ], [ -96.938314716785797, 32.998754090505592 ], [ -96.937477027494666, 32.998848094370643 ], [ -96.936632436670607, 32.998872451019786 ], [ -96.935789080172981, 32.998826925828496 ], [ -96.9349550819623, 32.998711957335026 ], [ -96.934138475786014, 32.99852865301294 ], [ -96.93334712773661, 32.998278778595413 ], [ -96.932588660430369, 32.997964741054332 ], [ -96.931870379539617, 32.997589565399075 ], [ -96.931199203388388, 32.997156865518619 ], [ -96.930581596291105, 32.996670809349375 ], [ -96.930023506277664, 32.99613607870495 ], [ -96.929530307805393, 32.995557824155895 ], [ -96.929106750010007, 32.994941615395327 ], [ -96.928756910993187, 32.994293387569527 ], [ -96.928484158586329, 32.993619384091588 ], [ -96.928291117966921, 32.992926096490052 ], [ -96.928179646437172, 32.992220201872243 ], [ -96.928150815605832, 32.991508498606109 ], [ -96.928204901141982, 32.990797840839818 ], [ -96.9283413801964, 32.990095072490362 ], [ -96.928558936512999, 32.989406961336954 ], [ -96.928855473177549, 32.988740133853838 ], [ -96.929228132878478, 32.988101011409519 ], [ -96.929555007524598, 32.987656608954275 ], [ -96.928859333740562, 32.98785654972837 ], [ -96.928036696176022, 32.988019227705337 ], [ -96.927199097545895, 32.988113162653413 ], [ -96.926354606305722, 32.988137449710862 ], [ -96.925511357355376, 32.988091854923553 ], [ -96.924677473619084, 32.987976817500162 ], [ -96.923860987741264, 32.987793445578269 ], [ -96.923069764655267, 32.987543505542313 ], [ -96.922311425773259, 32.987229404996334 ], [ -96.921593275530199, 32.986854169556672 ], [ -96.920922230991323, 32.986421413688255 ], [ -96.920304755203077, 32.985935305866903 ], [ -96.919746794930305, 32.985400528403808 ], [ -96.919253723380621, 32.984822232320496 ], [ -96.918830288467134, 32.984205987710212 ], [ -96.918480567108006, 32.983557730064469 ], [ -96.918207926001557, 32.982883703083658 ], [ -96.91801498925355, 32.982190398522476 ], [ -96.917903613166075, 32.981484493651649 ], [ -96.917874868429166, 32.980772786937635 ], [ -96.917929029883126, 32.980062132561692 ], [ -96.918065573948198, 32.979359374407984 ], [ -96.918283183742773, 32.978671280157329 ], [ -96.918579761838188, 32.978004476120979 ], [ -96.918952450524515, 32.977365383441423 ], [ -96.919397659389517, 32.97676015627421 ], [ -96.919911099942993, 32.976194622545265 ] ] ], [ [ [ -96.864672005745803, 32.715638892603188 ], [ -96.865184285089583, 32.71507356996355 ], [ -96.865759637003563, 32.714553415325661 ], [ -96.866392520401675, 32.714083437232432 ], [ -96.867076840526167, 32.713668161004215 ], [ -96.86780600763349, 32.713311585189373 ], [ -96.868573000432889, 32.71301714308624 ], [ -96.869370433667271, 32.712787669706437 ], [ -96.870190629187249, 32.712625374496078 ], [ -96.871025689835648, 32.712531820077281 ], [ -96.871867575433257, 32.712507907213457 ], [ -96.872708180136698, 32.712553866142599 ], [ -96.873539410426346, 32.712669254362403 ], [ -96.874353262975831, 32.71285296088741 ], [ -96.875141901656391, 32.713103216938364 ], [ -96.875897732937148, 32.713417612960519 ], [ -96.876613478957736, 32.713793121807846 ], [ -96.877282247571586, 32.714226127870901 ], [ -96.877897598687284, 32.714712461868302 ], [ -96.878453606270384, 32.715247440968454 ], [ -96.878944915409235, 32.715825913855703 ], [ -96.8793667938954, 32.716442310308686 ], [ -96.879715177821794, 32.71709069481436 ], [ -96.879986710758189, 32.717764823702282 ], [ -96.880178776125518, 32.718458205250748 ], [ -96.8802895224552, 32.719164162185891 ], [ -96.880317881288008, 32.719875895973431 ], [ -96.880263577537292, 32.720586552283812 ], [ -96.880127132214199, 32.721289287001035 ], [ -96.879909857485501, 32.721977332139467 ], [ -96.879613844108775, 32.722644061033286 ], [ -96.879241941363361, 32.723283052170899 ], [ -96.87879772966744, 32.723888151058823 ], [ -96.878285486143241, 32.724453529517945 ], [ -96.877710143459765, 32.724973741840827 ], [ -96.877077242348278, 32.725443777267792 ], [ -96.876392878247316, 32.725859108275181 ], [ -96.875663642590382, 32.72621573420944 ], [ -96.87489655930257, 32.726510219846219 ], [ -96.874099017118354, 32.726739728500974 ], [ -96.873278698374065, 32.726902049371901 ], [ -96.872443504962291, 32.7269956188508 ], [ -96.871601482164252, 32.72701953559551 ], [ -96.870760741095864, 32.726973569218885 ], [ -96.869929380517192, 32.72685816250948 ], [ -96.869115408761544, 32.726674427163253 ], [ -96.868326666538707, 32.726424133067034 ], [ -96.867570751358599, 32.726109691237653 ], [ -96.866854944305842, 32.7257341305815 ], [ -96.866186139872411, 32.725301068698968 ], [ -96.865570779526237, 32.724814677016539 ], [ -96.865014789656485, 32.724279640582672 ], [ -96.864523524494132, 32.723701112916267 ], [ -96.864101714557577, 32.72308466634383 ], [ -96.863753421119597, 32.72243623830451 ], [ -96.863481997133022, 32.721762074141658 ], [ -96.863290054990003, 32.721068666932624 ], [ -96.863179441423696, 32.720362694937357 ], [ -96.863151219791305, 32.719650957268932 ], [ -96.863205659906981, 32.718940308406026 ], [ -96.863342235519085, 32.718237592178411 ], [ -96.86355962945396, 32.717549575861206 ], [ -96.863855746372963, 32.716882885012659 ], [ -96.864227733017714, 32.716243939682244 ], [ -96.864672005745803, 32.715638892603188 ] ] ], [ [ [ -96.798622523716176, 32.718614066080356 ], [ -96.79919828831143, 32.718094219830853 ], [ -96.799831549063583, 32.717624580920855 ], [ -96.800516207583229, 32.71720967140444 ], [ -96.801245670870316, 32.716853486298703 ], [ -96.802012914783944, 32.716559455139787 ], [ -96.802810551650694, 32.716330408982394 ], [ -96.803630901361728, 32.716168553159171 ], [ -96.804466065276159, 32.716075446061687 ], [ -96.805308002221082, 32.716051984146354 ], [ -96.806148605858951, 32.716098393309409 ], [ -96.80697978268023, 32.716214226713525 ], [ -96.807793529872811, 32.71639836908691 ], [ -96.808582012321466, 32.716649047453728 ], [ -96.809337637998411, 32.716963848192847 ], [ -96.810053131021434, 32.717339740261266 ], [ -96.810721601678281, 32.717773104359225 ], [ -96.811336612744697, 32.718259767757587 ], [ -96.811892241458565, 32.718795044452442 ], [ -96.812383136554431, 32.719373780261918 ], [ -96.812804569808932, 32.719990402432288 ], [ -96.81315248160054, 32.720638973276039 ], [ -96.813423520043926, 32.721313247327501 ], [ -96.813615073320648, 32.722006731466159 ], [ -96.813725294892535, 32.722712747429092 ], [ -96.813753121353287, 32.723424496112564 ], [ -96.813698282742962, 32.724135123042501 ], [ -96.813561305223857, 32.72483778438486 ], [ -96.813343506088742, 32.725525712859564 ], [ -96.813046981146627, 32.726192282923492 ], [ -96.812674584605034, 32.726831074593967 ], [ -96.812229901639583, 32.727435935297777 ], [ -96.811717213913241, 32.728001039149248 ], [ -96.811141458375317, 32.728520943085357 ], [ -96.810508179735564, 32.728990639316358 ], [ -96.809823477070864, 32.72940560358537 ], [ -96.809093945077677, 32.729761838771168 ], [ -96.808326610537236, 32.73005591341304 ], [ -96.807528864605743, 32.730284994785258 ], [ -96.8067083915833, 32.730446876201938 ], [ -96.805873094849602, 32.730539998287931 ], [ -96.80503102068171, 32.730563464010849 ], [ -96.804190280690577, 32.7305170473281 ], [ -96.80335897362572, 32.730401195365999 ], [ -96.802545107304439, 32.730217024109528 ], [ -96.801756521419989, 32.72996630764446 ], [ -96.801000811975157, 32.729651461056051 ], [ -96.800285258071298, 32.729275517149276 ], [ -96.799616751760283, 32.728842097215924 ], [ -96.799001731636565, 32.728355376130935 ], [ -96.798446120810269, 32.727820042115091 ], [ -96.797955269859486, 32.727241251552989 ], [ -96.797533905311084, 32.726624579302609 ], [ -96.79718608414629, 32.725975964975902 ], [ -96.796915154767632, 32.725301655709572 ], [ -96.796723724802334, 32.724608145977491 ], [ -96.796613636049699, 32.723902115026 ], [ -96.796585946811916, 32.723190362534964 ], [ -96.796640921775506, 32.722479743124701 ], [ -96.796778029538189, 32.72177710034034 ], [ -96.796995947802017, 32.721089200748722 ], [ -96.797292576179913, 32.720422668783037 ], [ -96.797665056489393, 32.719783922961859 ], [ -96.798109800335666, 32.71917911409647 ], [ -96.798622523716176, 32.718614066080356 ] ] ], [ [ [ -96.848989651598302, 32.721647719320366 ], [ -96.849565140955278, 32.721127639869657 ], [ -96.850198156903588, 32.720657744440437 ], [ -96.850882603409531, 32.720242557557121 ], [ -96.851611889513165, 32.719886076907748 ], [ -96.852378992778355, 32.719591734874406 ], [ -96.853176526884866, 32.71936236550512 ], [ -96.853996812712452, 32.719200177244723 ], [ -96.854831952234719, 32.719106731685535 ], [ -96.855673904513324, 32.719082928542853 ], [ -96.856514563063087, 32.719128996998293 ], [ -96.857345833845969, 32.719244493494962 ], [ -96.858159713145724, 32.719428306004879 ], [ -96.858948364575937, 32.719678664728271 ], [ -96.859704194482759, 32.719993159121721 ], [ -96.860419925018761, 32.720368761091933 ], [ -96.861088664186013, 32.720801854132645 ], [ -96.861703972176272, 32.721288268124873 ], [ -96.862259923369777, 32.721823319466502 ], [ -96.862751163397292, 32.722401856146057 ], [ -96.863172960715303, 32.723018307327678 ], [ -96.863521252197728, 32.723666736970983 ], [ -96.863792682303995, 32.724340900970667 ], [ -96.863984635444723, 32.72503430726659 ], [ -96.864095261231597, 32.725740278346301 ], [ -96.864123492365863, 32.726452015539003 ], [ -96.864069054990324, 32.727162664482101 ], [ -96.863932471402819, 32.727865381130322 ], [ -96.863715055101551, 32.728553397671789 ], [ -96.863418898207627, 32.72922008771593 ], [ -96.863046851382677, 32.729859030125169 ], [ -96.862602496432785, 32.730464070875193 ], [ -96.862090111860169, 32.731029382346762 ], [ -96.861514631692742, 32.731549519477632 ], [ -96.860881597986392, 32.73201947223226 ], [ -96.860197107457282, 32.732434713883293 ], [ -96.859467752757141, 32.732791244637973 ], [ -96.858700558958191, 32.733085630188711 ], [ -96.857902915859867, 32.733315034815043 ], [ -96.857082506770908, 32.733477248717385 ], [ -96.856247234454557, 32.733570709317888 ], [ -96.855405144952357, 32.733594516323294 ], [ -96.85456435002294, 32.733548440403467 ], [ -96.853732948945307, 32.733432925402219 ], [ -96.852918950442884, 32.733249084058642 ], [ -96.852130195482971, 32.732998687280592 ], [ -96.851374281697971, 32.732684147073847 ], [ -96.850658490158764, 32.732308493292308 ], [ -96.849989715207542, 32.731875344433291 ], [ -96.849374398027763, 32.731388872760924 ], [ -96.848818464592284, 32.730853764093887 ], [ -96.848327268587951, 32.7302751726466 ], [ -96.84790553986646, 32.729658671359694 ], [ -96.847557338917767, 32.729010198199013 ], [ -96.847286017803313, 32.728335998942228 ], [ -96.847094187923972, 32.727642567004388 ], [ -96.846983694931154, 32.726936580883354 ], [ -96.846955601020483, 32.72622483982795 ], [ -96.84701017477569, 32.725514198349209 ], [ -96.847146888657946, 32.724811500205561 ], [ -96.847364424161896, 32.724123512497741 ], [ -96.84766068458552, 32.723456860508321 ], [ -96.848032815288633, 32.72281796391237 ], [ -96.848477231241745, 32.722212974973658 ], [ -96.848989651598302, 32.721647719320366 ] ] ], [ [ [ -96.831335482615387, 32.729019005100142 ], [ -96.831848051359728, 32.728453820367449 ], [ -96.832423685215488, 32.727933820516405 ], [ -96.833056840382611, 32.727464012599349 ], [ -96.833741419487353, 32.72704892029801 ], [ -96.834470830293455, 32.726692540389784 ], [ -96.835238049164545, 32.726398304286718 ], [ -96.836035688667735, 32.726169045016974 ], [ -96.836856068668368, 32.726006969965262 ], [ -96.837691290233693, 32.72591363963403 ], [ -96.838533311635686, 32.725889952629039 ], [ -96.839374025723828, 32.725936137013804 ], [ -96.840205337925454, 32.726051748115168 ], [ -96.841019244125476, 32.726235672801721 ], [ -96.841807907678358, 32.726486140193494 ], [ -96.842563734813339, 32.726800738700717 ], [ -96.843279447709321, 32.727176439227541 ], [ -96.84394815453787, 32.727609624318546 ], [ -96.844563415801559, 32.728096122968282 ], [ -96.845119306330048, 32.728631250759186 ], [ -96.845610472337668, 32.729209854943491 ], [ -96.846032182993014, 32.72982636403502 ], [ -96.846380376003935, 32.730474841435466 ], [ -96.846651696777485, 32.731149042579403 ], [ -96.846843530776596, 32.731842475048623 ], [ -96.846954028759797, 32.732548461078366 ], [ -96.846982124658652, 32.733260201853597 ], [ -96.846927545918064, 32.733970842976909 ], [ -96.846790816197014, 32.73467354047807 ], [ -96.84657325040105, 32.735361526729399 ], [ -96.846276942090995, 32.736028175631816 ], [ -96.84590474338691, 32.736667066443886 ], [ -96.845460237557887, 32.737272045638036 ], [ -96.844947704559644, 32.73783728618784 ], [ -96.844372079850032, 32.738357343714021 ], [ -96.843738906877633, 32.73882720894786 ], [ -96.843054283700454, 32.739242356004915 ], [ -96.842324804248406, 32.739598786003626 ], [ -96.841557494795893, 32.739893065606914 ], [ -96.840759746256822, 32.740122360114967 ], [ -96.839939242956021, 32.740284460788907 ], [ -96.839103888564566, 32.740377806141638 ], [ -96.838261729914947, 32.740401496990053 ], [ -96.837420879432031, 32.740355305123039 ], [ -96.836589436930069, 32.74023967550125 ], [ -96.835775411531486, 32.740055721967828 ], [ -96.83498664446256, 32.7398052165113 ], [ -96.83423073347214, 32.739490572184245 ], [ -96.833514959603832, 32.739114819843365 ], [ -96.8328462170292, 32.7386815789352 ], [ -96.832230946619347, 32.738195022610348 ], [ -96.831675073896136, 32.737659837502648 ], [ -96.831183951960966, 32.737081178562612 ], [ -96.830762309951567, 32.736464619380612 ], [ -96.830414207522054, 32.735816098479944 ], [ -96.830142995784385, 32.735141862097706 ], [ -96.829951285085457, 32.734448404006258 ], [ -96.829840919928387, 32.733742402955023 ], [ -96.829812961277128, 32.733030658336354 ], [ -96.829867676412505, 32.732320024695305 ], [ -96.830004536433876, 32.731617345714547 ], [ -96.8302222214284, 32.730929388310102 ], [ -96.830518633254499, 32.730262777472426 ], [ -96.830890915814024, 32.729623932480216 ], [ -96.831335482615387, 32.729019005100142 ] ] ], [ [ [ -96.808978340468087, 32.734322740888544 ], [ -96.809745709723771, 32.734028662301988 ], [ -96.810543483570399, 32.733799566755017 ], [ -96.811363980580367, 32.733637660055948 ], [ -96.812199300694829, 32.733544501086278 ], [ -96.813041401237243, 32.733520986801921 ], [ -96.813882174295287, 32.733567343603404 ], [ -96.814713524728646, 32.733683125157491 ], [ -96.815527448054027, 32.733867216691529 ], [ -96.816316107460793, 32.734117845719062 ], [ -96.817071909217759, 32.734432599093928 ], [ -96.817787575747616, 32.734808446228897 ], [ -96.818456215667808, 32.735241768256877 ], [ -96.819071390124407, 32.735728392853453 ], [ -96.819627174782156, 32.736263634388202 ], [ -96.820118216873922, 32.736842339017755 ], [ -96.820539786760733, 32.737458934288284 ], [ -96.820887823505089, 32.738107482771355 ], [ -96.821158974018005, 32.738781739216563 ], [ -96.82135062540128, 32.739475210672779 ], [ -96.821460930171412, 32.740181218999339 ], [ -96.821488824120109, 32.740892965166069 ], [ -96.821434036636774, 32.74160359472323 ], [ -96.821318558704604, 32.742196123948752 ], [ -96.821946372029586, 32.742015787724519 ], [ -96.822766924170367, 32.741853805839042 ], [ -96.823602309616007, 32.741760570285543 ], [ -96.824444485061051, 32.741736978757309 ], [ -96.825285341872188, 32.741783258398556 ], [ -96.826116784102894, 32.741898963619022 ], [ -96.826930806386343, 32.742082980380928 ], [ -96.827719570959374, 32.742333536917769 ], [ -96.828475483078549, 32.742648220781227 ], [ -96.829191264104338, 32.743024002053367 ], [ -96.82986002155198, 32.743457262501167 ], [ -96.830475315436288, 32.743943830393157 ], [ -96.831031220272251, 32.74447902064486 ], [ -96.831522382135759, 32.745057679906658 ], [ -96.83194407023467, 32.745674236161712 ], [ -96.832292222493194, 32.74632275235723 ], [ -96.832563484709979, 32.746996983553828 ], [ -96.832755242911048, 32.74769043704358 ], [ -96.832865648584004, 32.748396434859039 ], [ -96.832893636548604, 32.749108178071282 ], [ -96.832838935288464, 32.749818812259306 ], [ -96.832702069641869, 32.750521493519464 ], [ -96.832484355822899, 32.75120945438028 ], [ -96.832311804644405, 32.75159744198627 ], [ -96.832500683758255, 32.752280455715784 ], [ -96.832611093115304, 32.752986453534945 ], [ -96.832639080486103, 32.753698196579698 ], [ -96.832584374359783, 32.754408830430513 ], [ -96.832447499621324, 32.755111511187032 ], [ -96.83222977257212, 32.75579947138268 ], [ -96.831933288325473, 32.756466085169237 ], [ -96.831560900695465, 32.757104932143463 ], [ -96.831266139900819, 32.757505892103644 ], [ -96.831291207711089, 32.757596539494074 ], [ -96.831401614060908, 32.758302538124184 ], [ -96.83142959341005, 32.759014281175055 ], [ -96.831374874324638, 32.759724914227085 ], [ -96.831237981814226, 32.760427593387583 ], [ -96.831020232351165, 32.761115551205378 ], [ -96.83072372126442, 32.76178216185518 ], [ -96.830351302626397, 32.762421004963969 ], [ -96.829906561824089, 32.763025927463708 ], [ -96.829393781076107, 32.763591102874173 ], [ -96.828817898226546, 32.764111087443673 ], [ -96.828184459210505, 32.764580872606416 ], [ -96.827499564648903, 32.764995933249494 ], [ -96.826769811086152, 32.765352271323927 ], [ -96.826002227437542, 32.765646454378377 ], [ -96.825204207258878, 32.765875648643224 ], [ -96.824383437492244, 32.76603764634541 ], [ -96.823547824376277, 32.766130886989892 ], [ -96.823539753768458, 32.766131112974996 ], [ -96.823013331467152, 32.766450101357819 ], [ -96.82228354793854, 32.766806413063691 ], [ -96.821950264614713, 32.766934130989426 ], [ -96.821913633148114, 32.766974497556653 ], [ -96.821337684525759, 32.767494447350444 ], [ -96.820704181773266, 32.76796419428706 ], [ -96.820019226125623, 32.768379213621756 ], [ -96.819289414715897, 32.768735507703525 ], [ -96.81852177701677, 32.769029644504784 ], [ -96.817723707104875, 32.769258790701464 ], [ -96.8169028924016, 32.769420738983513 ], [ -96.816067239578587, 32.769513929332 ], [ -96.815224798343792, 32.769537464057045 ], [ -96.814383683844937, 32.769491116451455 ], [ -96.813551998440062, 32.769375332976018 ], [ -96.812737753591833, 32.769191228955883 ], [ -96.811948792640635, 32.76894057782885 ], [ -96.811192715202907, 32.768625794050507 ], [ -96.810476803925354, 32.768249909820412 ], [ -96.809807954302656, 32.767816545855105 ], [ -96.809192608236344, 32.767329876489995 ], [ -96.808636691976105, 32.766794589447201 ], [ -96.80814555904162, 32.766215840658532 ], [ -96.807723938675267, 32.765599204579132 ], [ -96.807375890321367, 32.764950620472312 ], [ -96.807104764569587, 32.764276335183396 ], [ -96.806913170937136, 32.763582842955223 ], [ -96.806802952798165, 32.762876822865458 ], [ -96.806775169699335, 32.762165074489332 ], [ -96.806830087229386, 32.76145445240774 ], [ -96.806967174537391, 32.760751800191699 ], [ -96.807185109520617, 32.760063884499218 ], [ -96.807481791629257, 32.759397329918976 ], [ -96.807854362161819, 32.758758555187782 ], [ -96.808299231853269, 32.758153711395806 ], [ -96.808812115487925, 32.75758862277349 ], [ -96.809388073202214, 32.757068730629733 ], [ -96.810021558077906, 32.756599040979985 ], [ -96.810706469566995, 32.75618407636744 ], [ -96.811436212233403, 32.755827832340202 ], [ -96.811769468984508, 32.755700142494995 ], [ -96.811806100411403, 32.755659778883768 ], [ -96.812382028076172, 32.755139872799731 ], [ -96.813015483345751, 32.754670167831364 ], [ -96.813700365957132, 32.754255186669376 ], [ -96.814430080752231, 32.753898925021225 ], [ -96.815197601168364, 32.753604813160528 ], [ -96.815468364732368, 32.753527063090715 ], [ -96.815466001690908, 32.753466671841664 ], [ -96.81552084426994, 32.752756045486308 ], [ -96.815657849356697, 32.752053383259152 ], [ -96.815875695640585, 32.751365451914666 ], [ -96.816048318199762, 32.750977487120053 ], [ -96.815859568440644, 32.750294448341577 ], [ -96.815749295650818, 32.749588435523442 ], [ -96.815721444985286, 32.74887668848416 ], [ -96.815776282684126, 32.748166061791856 ], [ -96.815891805372218, 32.74757353795264 ], [ -96.815263940446684, 32.747753843530425 ], [ -96.814443320085743, 32.747915775823458 ], [ -96.813607867104992, 32.748008949785685 ], [ -96.812765629286957, 32.748032467885054 ], [ -96.811924719819345, 32.747986103574391 ], [ -96.811093239084656, 32.747870303475587 ], [ -96.810279196573546, 32.747686183073853 ], [ -96.809490433676928, 32.747435515965066 ], [ -96.808734548103061, 32.747120716758893 ], [ -96.808018820650233, 32.74674481780368 ], [ -96.807350145042307, 32.746311439958113 ], [ -96.807046277045259, 32.746071045814084 ], [ -96.806769093520117, 32.746206363354133 ], [ -96.806929528635109, 32.746787192975248 ], [ -96.807039727805375, 32.747493213748946 ], [ -96.807067508433633, 32.748204962797807 ], [ -96.807012601000238, 32.748915585644141 ], [ -96.806875532329201, 32.749618238493156 ], [ -96.806657620590173, 32.750306154146607 ], [ -96.806360962675782, 32.750972707184886 ], [ -96.805988414073468, 32.751611477789424 ], [ -96.805543561422823, 32.75221631359009 ], [ -96.805030688020722, 32.752781388941337 ], [ -96.804454732604512, 32.753301261054865 ], [ -96.80382124180916, 32.753770922447686 ], [ -96.803136316755058, 32.754185849198784 ], [ -96.802406554281021, 32.754542044548614 ], [ -96.801638983388671, 32.754836077420443 ], [ -96.800840997511372, 32.755065115491163 ], [ -96.800020283261048, 32.755226952492109 ], [ -96.799184746341652, 32.755320029476174 ], [ -96.798342435344495, 32.755343449845519 ], [ -96.797501464162423, 32.755296987994427 ], [ -96.796669933772563, 32.755181091484296 ], [ -96.795855854143895, 32.754996876729109 ], [ -96.795067067024775, 32.754746118233506 ], [ -96.79431117035665, 32.754431231487388 ], [ -96.793595445044417, 32.75405524968221 ], [ -96.792926784790964, 32.753621794474569 ], [ -96.792311629673335, 32.753135041078785 ], [ -96.791755904101549, 32.75259967802652 ], [ -96.791264959758351, 32.752020861981627 ], [ -96.790843524069459, 32.751404168047202 ], [ -96.790495654700422, 32.750755536043641 ], [ -96.790224700517115, 32.750081213277575 ], [ -96.790033269384566, 32.749387694352656 ], [ -96.789923203112252, 32.748681658603473 ], [ -96.789895559784739, 32.74796990575588 ], [ -96.789950603645252, 32.747259290433554 ], [ -96.790087802626971, 32.746556656142161 ], [ -96.790305833552466, 32.745868769366766 ], [ -96.790602594948837, 32.745202254417201 ], [ -96.790975227351893, 32.744563529648332 ], [ -96.79142014090165, 32.743958745668849 ], [ -96.791933049960917, 32.743393726132844 ], [ -96.792509014422009, 32.742873911683631 ], [ -96.793142487302433, 32.742404307588217 ], [ -96.793827368170213, 32.741989435565735 ], [ -96.794324455996971, 32.741746820178051 ], [ -96.794164112453856, 32.741165974098038 ], [ -96.794054023524808, 32.740459941618091 ], [ -96.794026349642351, 32.739748189299057 ], [ -96.794081355344375, 32.739037571759575 ], [ -96.794218508931849, 32.738334932526762 ], [ -96.794436487664882, 32.737647038133233 ], [ -96.794733190573382, 32.736980512962234 ], [ -96.795105758756662, 32.736341775467068 ], [ -96.795550602973279, 32.73573697637886 ], [ -96.796063438253768, 32.735171939497242 ], [ -96.796639325200942, 32.734652105632385 ], [ -96.79727271757865, 32.734182480238282 ], [ -96.797957515730047, 32.733767585238944 ], [ -96.798687125310693, 32.733411415511938 ], [ -96.799454520771292, 32.733117400445515 ], [ -96.800252312979424, 32.732888370939548 ], [ -96.801072820330944, 32.732726532166552 ], [ -96.801908142667457, 32.732633442353951 ], [ -96.802750237291107, 32.732609997791876 ], [ -96.803590996346614, 32.732656424209388 ], [ -96.804422324828352, 32.732772274603121 ], [ -96.805236218464316, 32.732956433537538 ], [ -96.806024840729549, 32.733207127877293 ], [ -96.806780598250256, 32.7335219438473 ], [ -96.80749621387487, 32.733897850257662 ], [ -96.808164796710642, 32.734331227670438 ], [ -96.808468627558995, 32.734571619265424 ], [ -96.808978340468087, 32.734322740888544 ] ] ], [ [ [ -96.801460226501675, 32.765347559751547 ], [ -96.802295855427943, 32.765254467541418 ], [ -96.803138259434078, 32.765231020403597 ], [ -96.803979327686719, 32.765277444092106 ], [ -96.804810962203945, 32.765393291629721 ], [ -96.805625155767871, 32.76557744760828 ], [ -96.806414068966319, 32.765828138920668 ], [ -96.807170105624749, 32.766142951820648 ], [ -96.80788598590425, 32.766518855147574 ], [ -96.808554816363966, 32.766952229492837 ], [ -96.809170156315005, 32.767438902027841 ], [ -96.809726079828053, 32.767974186660091 ], [ -96.810217232798138, 32.768552929130614 ], [ -96.810585139916768, 32.769090960562202 ], [ -96.811057976755947, 32.769287823146357 ], [ -96.811481080888186, 32.769509966552214 ], [ -96.81162282227757, 32.769554998265434 ], [ -96.81237890915628, 32.769869779406697 ], [ -96.813094841555312, 32.770245652639929 ], [ -96.813763725532112, 32.770678998846165 ], [ -96.814379119882645, 32.771165645467818 ], [ -96.814935098153853, 32.771700906661842 ], [ -96.815426305713672, 32.772279628395012 ], [ -96.815848011328853, 32.772896238048432 ], [ -96.816196152753847, 32.773544798054608 ], [ -96.816467375890326, 32.774219063051788 ], [ -96.816659067139369, 32.774912540006127 ], [ -96.816769378631989, 32.775618550723784 ], [ -96.816797246093628, 32.776330296151322 ], [ -96.816742399167168, 32.777040921846009 ], [ -96.816605364092609, 32.777743583985846 ], [ -96.816387458714757, 32.778431515283401 ], [ -96.8160907798637, 32.779098090168695 ], [ -96.815718183227304, 32.77973688861313 ], [ -96.815273255906718, 32.780341757978867 ], [ -96.814760281917003, 32.78090687229745 ], [ -96.814184200963609, 32.781426788405753 ], [ -96.813999038933417, 32.781564047707676 ], [ -96.813984826049392, 32.781748111977677 ], [ -96.813847761871813, 32.782450770821953 ], [ -96.813847442388536, 32.782451779284791 ], [ -96.814331553742278, 32.782519164610243 ], [ -96.815145924185217, 32.782703258005768 ], [ -96.815935016522687, 32.782953888582909 ], [ -96.816691232855746, 32.783268643180079 ], [ -96.817407291615822, 32.783644491197862 ], [ -96.818076297643927, 32.784077813759971 ], [ -96.818691808560857, 32.784564438536322 ], [ -96.819247896791182, 32.785099679894088 ], [ -96.819739206643945, 32.785678383990899 ], [ -96.820161005900729, 32.786294978377562 ], [ -96.820509231413979, 32.78694352563349 ], [ -96.820780528275336, 32.787617780519632 ], [ -96.820972282175418, 32.788311250099468 ], [ -96.821082644641507, 32.789017256250148 ], [ -96.82111055090752, 32.789728999962236 ], [ -96.82105573024208, 32.790439626809594 ], [ -96.82091870863168, 32.791142292959229 ], [ -96.8207008037908, 32.791830231085136 ], [ -96.820404112543784, 32.792496815551814 ], [ -96.820031490697318, 32.793135626238524 ], [ -96.819586525594815, 32.793740510389682 ], [ -96.819073501614838, 32.794305641894702 ], [ -96.818497358943915, 32.794825577425065 ], [ -96.817863646019717, 32.795295308887653 ], [ -96.817178466101524, 32.795710311687138 ], [ -96.816448418482778, 32.79606658833201 ], [ -96.815680534911664, 32.796360706963043 ], [ -96.814882211833606, 32.796589834431416 ], [ -96.814061139109143, 32.796751763607745 ], [ -96.813225225895906, 32.796844934657251 ], [ -96.812382524410836, 32.796868450076062 ], [ -96.811541152309189, 32.796822083343002 ], [ -96.810709214431057, 32.796706281103056 ], [ -96.810347403085473, 32.796624491367005 ], [ -96.810346399461238, 32.796626211465444 ], [ -96.810166428827173, 32.796870804163824 ], [ -96.810108419114002, 32.796970225417631 ], [ -96.809663367134632, 32.797575073875045 ], [ -96.809278822805453, 32.79799857571755 ], [ -96.809325389211835, 32.798167045546194 ], [ -96.809435671260772, 32.798873061458451 ], [ -96.809463487196339, 32.799584807204234 ], [ -96.809408567156581, 32.80029542833762 ], [ -96.809299723746577, 32.800853145578721 ], [ -96.809336823740551, 32.800922249965758 ], [ -96.809608078439609, 32.801596528446495 ], [ -96.809799775225258, 32.802290014451195 ], [ -96.809910066174012, 32.802996029698576 ], [ -96.809937887207937, 32.803707775091361 ], [ -96.809882968415735, 32.804418396187046 ], [ -96.809745836728396, 32.805121049207884 ], [ -96.809527810920045, 32.805808966954189 ], [ -96.809230988979664, 32.806475523986663 ], [ -96.808858227972394, 32.807114300448774 ], [ -96.808413116581832, 32.807719143914603 ], [ -96.807899940595433, 32.808284228665414 ], [ -96.807323641663885, 32.808804111823164 ], [ -96.806689769730113, 32.809273785799213 ], [ -96.806004429585272, 32.809688726552075 ], [ -96.805274222066444, 32.810044937188096 ], [ -96.804506180462425, 32.810338986483906 ], [ -96.803707702741335, 32.810568041958739 ], [ -96.803059481515035, 32.810695800757493 ], [ -96.802667059054315, 32.810846033334379 ], [ -96.801868572021164, 32.811075076994591 ], [ -96.801047341484676, 32.811236920064701 ], [ -96.800211278123186, 32.811330003539446 ], [ -96.799368435600329, 32.811353430758608 ], [ -96.79870854950137, 32.811317002582783 ], [ -96.798507005117401, 32.811439006478054 ], [ -96.797776753089508, 32.811795173050633 ], [ -96.797008671483638, 32.812089176012336 ], [ -96.796210158653366, 32.812318183328628 ], [ -96.795388906287656, 32.812479989027658 ], [ -96.794896479001963, 32.812534790774748 ], [ -96.794722854301469, 32.812568997337955 ], [ -96.793886771751531, 32.812662038297397 ], [ -96.793043914904786, 32.812685422664778 ], [ -96.79220240291346, 32.812638925181268 ], [ -96.791370341965475, 32.812522993751394 ], [ -96.790555747141738, 32.812338745125274 ], [ -96.789766465154372, 32.812087954133418 ], [ -96.789010098712424, 32.811773036578217 ], [ -96.788293933246393, 32.811397025947379 ], [ -96.787624866699062, 32.810963544174392 ], [ -96.787009343060731, 32.810476766728719 ], [ -96.78645329029051, 32.809941382372827 ], [ -96.785962063221632, 32.809362547975084 ], [ -96.78554039200165, 32.808745838814474 ], [ -96.785192336562957, 32.808097194857396 ], [ -96.784921247561499, 32.807422863524934 ], [ -96.784729734158589, 32.806729339502731 ], [ -96.784619638953586, 32.80602330217404 ], [ -96.784592020307159, 32.805311551279665 ], [ -96.784647142222283, 32.804600941424312 ], [ -96.784784471877899, 32.803898316061058 ], [ -96.785002684835774, 32.803210441589087 ], [ -96.78529967786784, 32.802543942200096 ], [ -96.785672589277283, 32.80190523609955 ], [ -96.786117826515778, 32.801300473716836 ], [ -96.786631100827847, 32.800735478498744 ], [ -96.787207468587766, 32.800215690855147 ], [ -96.787841378929087, 32.799746115795593 ], [ -96.788526727207369, 32.799331274760348 ], [ -96.7892569137815, 32.798975162108093 ], [ -96.790024907547121, 32.798681206678239 ], [ -96.79082331361208, 32.798452238797161 ], [ -96.791644444462904, 32.798290463044417 ], [ -96.792136794702174, 32.798235674103253 ], [ -96.792310392351567, 32.798201471107426 ], [ -96.792424692475308, 32.798188751286027 ], [ -96.79247390433413, 32.797936833532276 ], [ -96.792692043016785, 32.79724894522905 ], [ -96.792988958333808, 32.796582427150469 ], [ -96.793361789336899, 32.795943697681999 ], [ -96.793806944251955, 32.795338907478126 ], [ -96.794191550896315, 32.794915453379595 ], [ -96.794145014931019, 32.794746977841704 ], [ -96.79403485967606, 32.794040948139212 ], [ -96.79402825390612, 32.793871155793056 ], [ -96.793336701882581, 32.793832942052958 ], [ -96.792504815801735, 32.793717018025561 ], [ -96.791690391269199, 32.793532776535081 ], [ -96.790901273356397, 32.793281992343488 ], [ -96.790195264985741, 32.792987987102649 ], [ -96.790078138458071, 32.793011063197248 ], [ -96.78924223532438, 32.793104073095691 ], [ -96.78839956303365, 32.793127426035198 ], [ -96.787558238959861, 32.79308089705971 ], [ -96.786726367480313, 32.792964934377103 ], [ -96.786261499057531, 32.792859747190704 ], [ -96.78606506267117, 32.792955550440773 ], [ -96.785297105344569, 32.793249481560167 ], [ -96.784498731835029, 32.793478414067685 ], [ -96.783677632489372, 32.793640142711816 ], [ -96.782841716722032, 32.793733109589482 ], [ -96.78199903677465, 32.79375641916355 ], [ -96.781157710095044, 32.793709846895666 ], [ -96.780325841085528, 32.793593841410768 ], [ -96.779511442977665, 32.793409520172411 ], [ -96.778722360588091, 32.793158658710709 ], [ -96.777966194702771, 32.792843673506987 ], [ -96.777250228819838, 32.792467598700718 ], [ -96.776581358959234, 32.792034056843768 ], [ -96.775966027216484, 32.791547223984566 ], [ -96.775410159702091, 32.791011789419471 ], [ -96.774919109464946, 32.790432910500613 ], [ -96.77449760494946, 32.789816162935914 ], [ -96.77414970448261, 32.789167487061775 ], [ -96.773878757228175, 32.788493130606732 ], [ -96.773687370982728, 32.787799588498359 ], [ -96.773577387121648, 32.78709354029408 ], [ -96.773549862934004, 32.786381785839311 ], [ -96.773605061513877, 32.785671179772933 ], [ -96.773710188308527, 32.785133552330919 ], [ -96.77344398968566, 32.785589442497006 ], [ -96.772998744905607, 32.786194160288446 ], [ -96.772485467909945, 32.786759099921944 ], [ -96.7719091013237, 32.787278819916587 ], [ -96.771275195742689, 32.787748314254806 ], [ -96.770589856283323, 32.788163060624889 ], [ -96.769859683777057, 32.788519064005115 ], [ -96.769091711176173, 32.788812895168071 ], [ -96.768293335784605, 32.789041723733966 ], [ -96.76747224796749, 32.789203345452449 ], [ -96.766636357028304, 32.789296203450384 ], [ -96.765793714969604, 32.789319403239453 ], [ -96.76495243887409, 32.789272721338833 ], [ -96.764120632656713, 32.789156607429561 ], [ -96.763306308943868, 32.788972180019627 ], [ -96.762517311835296, 32.78872121566188 ], [ -96.76176124129509, 32.788406131828872 ], [ -96.761045379902555, 32.788029963610064 ], [ -96.760376622670691, 32.787596334457184 ], [ -96.759761410609698, 32.787109421259352 ], [ -96.759205668676856, 32.786573914086837 ], [ -96.758714748711085, 32.785994970991027 ], [ -96.758293377901666, 32.785378168297832 ], [ -96.757945613287475, 32.784729446874515 ], [ -96.75767480272367, 32.784055054888178 ], [ -96.757483552690175, 32.783361487608353 ], [ -96.757373703250465, 32.782655424834715 ], [ -96.7573463103991, 32.781943666552721 ], [ -96.757401635965522, 32.781233067437924 ], [ -96.757539145168536, 32.780530470839359 ], [ -96.757757511842115, 32.779842642878776 ], [ -96.758054631279208, 32.7791762072994 ], [ -96.758320061264783, 32.778721768239805 ], [ -96.757854228588187, 32.77827284215509 ], [ -96.757363363357072, 32.777693893348562 ], [ -96.756942041352801, 32.777077085676915 ], [ -96.756594319144398, 32.77642836005537 ], [ -96.75632354417877, 32.775753964691496 ], [ -96.756132322593331, 32.775060394887525 ], [ -96.75602249417787, 32.774354330467382 ], [ -96.755995114724854, 32.773642571432404 ], [ -96.756050445935003, 32.772931972465344 ], [ -96.756187952973193, 32.772229376913863 ], [ -96.756406309694583, 32.771541550889495 ], [ -96.756703411488317, 32.770875118116777 ], [ -96.757076395611975, 32.770236496158951 ], [ -96.75752166881864, 32.769631834634467 ], [ -96.758034942008052, 32.7690669560183 ], [ -96.758611271566693, 32.768547299596769 ], [ -96.75924510699717, 32.768077869115267 ], [ -96.759930344377423, 32.767663184621313 ], [ -96.760660385134827, 32.767307238965778 ], [ -96.761428199569622, 32.767013459379655 ], [ -96.762226394516546, 32.766784674495845 ], [ -96.76304728449486, 32.766623087131663 ], [ -96.763882965663342, 32.766530253094096 ], [ -96.764725391870158, 32.766507066210693 ], [ -96.765566452068313, 32.766553749729667 ], [ -96.766398048353352, 32.766669854172022 ], [ -96.767212173875123, 32.766854261656157 ], [ -96.768000989876114, 32.767105196653233 ], [ -96.768756901116873, 32.767420243070703 ], [ -96.769472628965275, 32.767796367499379 ], [ -96.770141281447138, 32.768229948401505 ], [ -96.770756419586249, 32.768716810959468 ], [ -96.771312119395361, 32.769252267250707 ], [ -96.771803028922506, 32.769831161363015 ], [ -96.772224419803138, 32.770447919017236 ], [ -96.772572232821403, 32.771096601220208 ], [ -96.77284311704058, 32.771770961432949 ], [ -96.773034462124727, 32.772464505704107 ], [ -96.773144423538042, 32.773170555190923 ], [ -96.773171940377082, 32.773882310465908 ], [ -96.773116745661383, 32.774592916990855 ], [ -96.772979368980714, 32.775295531127661 ], [ -96.772761131470332, 32.775983386050513 ], [ -96.772464133159886, 32.776649856924422 ], [ -96.77219878179865, 32.77710432624167 ], [ -96.77266468089843, 32.77755319862883 ], [ -96.773155645165161, 32.778132087037228 ], [ -96.773577084860776, 32.778748839718858 ], [ -96.773924940299125, 32.779397517728384 ], [ -96.774195860134796, 32.780071874567078 ], [ -96.774387233688529, 32.780765416316129 ], [ -96.774497216150067, 32.781471464156965 ], [ -96.774524746412908, 32.782183218677964 ], [ -96.774469557366942, 32.782893825348204 ], [ -96.774364437826065, 32.783431453527186 ], [ -96.774630625247084, 32.782975561313265 ], [ -96.775075842758525, 32.782370837526052 ], [ -96.775589077882785, 32.781805887006435 ], [ -96.776165387372174, 32.781286149733447 ], [ -96.776799220921831, 32.780816630231364 ], [ -96.777484474627258, 32.780401849405166 ], [ -96.778214549758161, 32.780045801033481 ], [ -96.778982416283455, 32.779751913336533 ], [ -96.779780680536078, 32.779523015988296 ], [ -96.780601656367921, 32.779361312889115 ], [ -96.78143743911113, 32.779268360960401 ], [ -96.782279981636052, 32.779245055164807 ], [ -96.783121171776003, 32.779291619895467 ], [ -96.78395291037576, 32.779407606817095 ], [ -96.78441770559715, 32.779512802744655 ], [ -96.784614114006757, 32.779417001993977 ], [ -96.785381953897357, 32.779123074768634 ], [ -96.786180195986134, 32.778894136330834 ], [ -96.787001154338213, 32.77873239097655 ], [ -96.787836924453998, 32.778639396034009 ], [ -96.788679459325323, 32.778616046880025 ], [ -96.789520646859202, 32.778662568325196 ], [ -96.790352387925452, 32.778778512451005 ], [ -96.791166674280475, 32.778962762919356 ], [ -96.791209236193836, 32.778976291489897 ], [ -96.791692403103525, 32.778618267992833 ], [ -96.792377570220481, 32.778203405035384 ], [ -96.7931075675084, 32.777847269174316 ], [ -96.793718498653618, 32.777613352314916 ], [ -96.794089444004314, 32.777204858015729 ], [ -96.794665615263327, 32.776685034832497 ], [ -96.795299318068544, 32.776215420880355 ], [ -96.795541132156842, 32.77606899073966 ], [ -96.795359596186316, 32.775803444714001 ], [ -96.795265036092502, 32.775627199343155 ], [ -96.794799218998961, 32.7757190113173 ], [ -96.793963483681907, 32.775812053072173 ], [ -96.793120976821058, 32.775835438031123 ], [ -96.792279814196462, 32.775788940929587 ], [ -96.7914480986298, 32.775673009668488 ], [ -96.790633841874225, 32.775488760996453 ], [ -96.789844887384618, 32.775237969744687 ], [ -96.789088834714846, 32.774923051718389 ], [ -96.788372966272604, 32.774547040410248 ], [ -96.787704177139418, 32.774113557760629 ], [ -96.78708890863355, 32.773626779247969 ], [ -96.786533086256881, 32.773091393645515 ], [ -96.786042062624134, 32.772512557834084 ], [ -96.785620565924148, 32.77189584710672 ], [ -96.785272654409397, 32.771247201445384 ], [ -96.785001677350891, 32.770572868287921 ], [ -96.784810242833146, 32.769879342337845 ], [ -96.784700192697315, 32.769173302997224 ], [ -96.784672584871586, 32.768461550026295 ], [ -96.784727683256406, 32.7677509380499 ], [ -96.784864955258954, 32.767048310541369 ], [ -96.785083076997779, 32.766360433920475 ], [ -96.785379946124692, 32.765693932399344 ], [ -96.785752702137458, 32.7650552242036 ], [ -96.786197753985249, 32.764450459782509 ], [ -96.786710814698765, 32.763885462601991 ], [ -96.787286942709756, 32.763365673090341 ], [ -96.787920589460768, 32.762896096274673 ], [ -96.788605652845732, 32.762481253611611 ], [ -96.7893355359666, 32.762125139475081 ], [ -96.79010321064068, 32.761831182718353 ], [ -96.790901285047696, 32.761602213680206 ], [ -96.791722074866968, 32.761440436951077 ], [ -96.79255767722114, 32.761347410161243 ], [ -96.79340004671694, 32.761324028994046 ], [ -96.794241072853197, 32.761370518568327 ], [ -96.7950726580534, 32.761486431272452 ], [ -96.795886795574305, 32.761670651070922 ], [ -96.79667564654315, 32.761921404242095 ], [ -96.797431615384312, 32.762236276444163 ], [ -96.798147422911583, 32.762612235945561 ], [ -96.798816176384392, 32.763045662796706 ], [ -96.799431435854828, 32.76353238366351 ], [ -96.799987276168267, 32.764067711988041 ], [ -96.800478344020704, 32.764646493090616 ], [ -96.800899909523935, 32.765263153780623 ], [ -96.800994469765158, 32.7654393950029 ], [ -96.801460226501675, 32.765347559751547 ] ] ], [ [ [ -96.817166550595303, 32.799948086003461 ], [ -96.817742734327851, 32.79942815685817 ], [ -96.818376477410368, 32.798958426172433 ], [ -96.819061676808133, 32.798543416885124 ], [ -96.819791734312645, 32.798187124975158 ], [ -96.820559620061601, 32.79789298100804 ], [ -96.821357940202162, 32.797663817125489 ], [ -96.822179008047698, 32.797501839794336 ], [ -96.823014918044194, 32.797408608576546 ], [ -96.823857621836936, 32.797385021123894 ], [ -96.824699005706762, 32.797431304541369 ], [ -96.825530968633799, 32.797547013202241 ], [ -96.826345500238929, 32.797731033035376 ], [ -96.827134757856143, 32.797981592244355 ], [ -96.827891141995536, 32.798296278354613 ], [ -96.828607369473232, 32.798672061426011 ], [ -96.829276543506055, 32.799105323207499 ], [ -96.82989222009742, 32.799591891954144 ], [ -96.830448470076846, 32.80012708257248 ], [ -96.830939936195918, 32.800705741708548 ], [ -96.83136188473155, 32.801322297346104 ], [ -96.831710251098514, 32.801970812437602 ], [ -96.83198167903187, 32.802645042053705 ], [ -96.832173552959674, 32.80333849350135 ], [ -96.832284023252797, 32.80404448883229 ], [ -96.832312024106258, 32.804756229141489 ], [ -96.83225728387707, 32.8054668600357 ], [ -96.832120327776352, 32.806169537643143 ], [ -96.8320385659229, 32.806427732046735 ], [ -96.832416535167241, 32.806385550665397 ], [ -96.832785403891052, 32.80575308132326 ], [ -96.833230339249027, 32.805148150565032 ], [ -96.833743335744614, 32.804582961184906 ], [ -96.834319452425859, 32.804062955462854 ], [ -96.834953140842501, 32.803593140508788 ], [ -96.835638298485677, 32.803178040073213 ], [ -96.836368327548485, 32.802821651012778 ], [ -96.83713619844211, 32.802527404828552 ], [ -96.837934517456461, 32.802298134646541 ], [ -96.838755597915466, 32.802136047957134 ], [ -96.839591534143636, 32.802042705375229 ], [ -96.840434277533575, 32.802019005624864 ], [ -96.841275713985027, 32.802065176892313 ], [ -96.842107741971944, 32.802180774630585 ], [ -96.842922350489104, 32.802364685836594 ], [ -96.843711696130242, 32.802615139759695 ], [ -96.844468178558316, 32.802929724939133 ], [ -96.845184513643517, 32.803305412406559 ], [ -96.845853803566968, 32.803738584831486 ], [ -96.84646960321669, 32.804225071329341 ], [ -96.847025982237682, 32.80476018759871 ], [ -96.847517582139432, 32.805338781001673 ], [ -96.847939667910907, 32.805955280155004 ], [ -96.848288173645741, 32.806603748555219 ], [ -96.848559741737105, 32.80727794172283 ], [ -96.848751755263464, 32.807971367315865 ], [ -96.848862363251371, 32.808677347635367 ], [ -96.848890498569759, 32.809389083921033 ], [ -96.848835888280476, 32.810099721818681 ], [ -96.848699056342994, 32.810802417389304 ], [ -96.848481318643962, 32.811490403024152 ], [ -96.848184770396784, 32.812157052630617 ], [ -96.847812266029607, 32.812795945461168 ], [ -96.84736739175311, 32.813400927969603 ], [ -96.846854431069815, 32.813966173098542 ], [ -96.84627832355541, 32.814486236425566 ], [ -96.845644617307869, 32.814956108627065 ], [ -96.844959415521302, 32.815371263752546 ], [ -96.844229317699003, 32.815727702843631 ], [ -96.843461356072183, 32.816021992476642 ], [ -96.842662927837779, 32.816251297855821 ], [ -96.841841723869095, 32.816413410138232 ], [ -96.84109420504376, 32.816496880235356 ], [ -96.840725350885791, 32.817129373620674 ], [ -96.840280406545304, 32.817734330553172 ], [ -96.840185734864477, 32.817838632809007 ], [ -96.840588945127337, 32.818313190580795 ], [ -96.841011044480055, 32.818929712542833 ], [ -96.841359550537405, 32.819578199615371 ], [ -96.84163110568889, 32.820252407138838 ], [ -96.841823093136938, 32.820945842632881 ], [ -96.841933662158667, 32.821651828302969 ], [ -96.841961745997594, 32.82236356533712 ], [ -96.841907072210788, 32.823074199373856 ], [ -96.841770165368658, 32.823776886511233 ], [ -96.841552342078799, 32.824464859221671 ], [ -96.841255698378475, 32.825131491537043 ], [ -96.840883089614906, 32.825770362876384 ], [ -96.840438103003962, 32.826375319900492 ], [ -96.839925023129993, 32.82694053579754 ], [ -96.839348790716684, 32.827460566426744 ], [ -96.838714955065058, 32.8279304027796 ], [ -96.838029620615814, 32.82834551925103 ], [ -96.837299388150257, 32.828701917255096 ], [ -96.83653129119682, 32.828996163764046 ], [ -96.835732728256289, 32.829225424397592 ], [ -96.834911391499887, 32.829387490743912 ], [ -96.834075192628987, 32.829480801647136 ], [ -96.833232186612747, 32.829504458256295 ], [ -96.832390494040666, 32.829458232690129 ], [ -96.831558222840641, 32.829342570233791 ], [ -96.830743390119665, 32.829158585046379 ], [ -96.829953844882326, 32.82890804942064 ], [ -96.829197192374508, 32.828593376699096 ], [ -96.828480720783318, 32.828217598010937 ], [ -96.827811331001385, 32.827784333055448 ], [ -96.827195470133617, 32.827297755213678 ], [ -96.826639069388364, 32.82676255132553 ], [ -96.826147486951498, 32.826183876521164 ], [ -96.825725456394125, 32.825567304542659 ], [ -96.825377041110187, 32.824918774035361 ], [ -96.825105595221814, 32.824244531328027 ], [ -96.824913731327626, 32.82355107025316 ], [ -96.824803295402432, 32.822845069588297 ], [ -96.824775349087872, 32.822133328721648 ], [ -96.824830159541904, 32.821422702162018 ], [ -96.82496719694204, 32.820720033523976 ], [ -96.825185139663475, 32.820032089624192 ], [ -96.825481887079192, 32.819365495323616 ], [ -96.825854579856312, 32.818726669742354 ], [ -96.826299627550313, 32.81812176446109 ], [ -96.826394315859844, 32.818017472775423 ], [ -96.825991182881765, 32.817542868992163 ], [ -96.82556919452054, 32.816926296002379 ], [ -96.825220814317689, 32.816277764552517 ], [ -96.824949396057718, 32.815603520980503 ], [ -96.824757552073478, 32.814910059127229 ], [ -96.824647128148385, 32.814204057777744 ], [ -96.824619185808899, 32.813492316326915 ], [ -96.824673992175065, 32.812781689289189 ], [ -96.824811017464171, 32.812079020283711 ], [ -96.824892805561191, 32.811820830757377 ], [ -96.824426261906041, 32.811872864951866 ], [ -96.823583420641839, 32.811896456227508 ], [ -96.822741900162313, 32.811850165320301 ], [ -96.821909806737182, 32.811734438144846 ], [ -96.821095155760517, 32.811550389483742 ], [ -96.820305794485733, 32.8112997922413 ], [ -96.819549326386223, 32.810985060353651 ], [ -96.818833037872395, 32.810609225520103 ], [ -96.818163828073011, 32.810175907980955 ], [ -96.817548142359158, 32.809689281623839 ], [ -96.8169919102519, 32.809154033756244 ], [ -96.816500488312769, 32.808575319932046 ], [ -96.816078608567139, 32.807958714269233 ], [ -96.815730332956591, 32.807310155737746 ], [ -96.815459014258394, 32.806635890936278 ], [ -96.81526726384665, 32.805942413910088 ], [ -96.815156926603791, 32.805236403590378 ], [ -96.815129063221789, 32.804524659458217 ], [ -96.815183940060678, 32.803814036053708 ], [ -96.815321026659475, 32.803111376960864 ], [ -96.81553900092041, 32.802423448904193 ], [ -96.815835761913604, 32.801756876591874 ], [ -96.816208450176248, 32.801118078931914 ], [ -96.816653475308044, 32.800513207235845 ], [ -96.817166550595303, 32.799948086003461 ] ] ], [ [ [ -96.855624694932857, 32.838286134366555 ], [ -96.856200902240445, 32.837766028895317 ], [ -96.856834715542107, 32.837296103907718 ], [ -96.857520031125631, 32.836880884214381 ], [ -96.858250249662774, 32.836524367820751 ], [ -96.85901833973999, 32.836229987454395 ], [ -96.859816905536704, 32.836000577533703 ], [ -96.860638258000918, 32.835838346894789 ], [ -96.861474488838539, 32.835744857538785 ], [ -96.862317546606178, 32.835721009603034 ], [ -96.863159314177395, 32.835767032700538 ], [ -96.863991686838872, 32.835882483710918 ], [ -96.864806650267681, 32.836066251043668 ], [ -96.865596357641266, 32.836316565333213 ], [ -96.866353205140626, 32.83663101646296 ], [ -96.867069905121653, 32.837006576755009 ], [ -96.867739556252758, 32.837439630103042 ], [ -96.868355709944495, 32.837926006768747 ], [ -96.868912432433191, 32.838461023508003 ], [ -96.869404361921184, 32.839039528641024 ], [ -96.869826760223646, 32.839655951634356 ], [ -96.870175558424307, 32.840304356717709 ], [ -96.870447396099379, 32.840978500021343 ], [ -96.870639653730393, 32.841671889683425 ], [ -96.87075047799209, 32.842377848351234 ], [ -96.870778799669267, 32.843089577473116 ], [ -96.870724344027622, 32.843800222764237 ], [ -96.870587633535692, 32.844502940214802 ], [ -96.870369982908812, 32.845190962005788 ], [ -96.870073486520141, 32.845857661696911 ], [ -96.869700998296722, 32.846496618058872 ], [ -96.869256104292162, 32.847101676934194 ], [ -96.868743088197562, 32.847667010530543 ], [ -96.868166890121088, 32.84818717357409 ], [ -96.86753305903197, 32.848657155781368 ], [ -96.866847699325916, 32.849072430142861 ], [ -96.86611741202681, 32.849428996552199 ], [ -96.865349231190677, 32.849723420359709 ], [ -96.864550556125891, 32.84995286547769 ], [ -96.863729080083601, 32.85011512171733 ], [ -96.862892716106884, 32.850208626093718 ], [ -96.862049520755633, 32.85023247789227 ], [ -96.861207616443522, 32.850186447351518 ], [ -96.860375113138758, 32.850070977877927 ], [ -96.859560030184824, 32.8498871817715 ], [ -96.85877021899752, 32.849636829503581 ], [ -96.858013287385404, 32.849322332650253 ], [ -96.857296526224943, 32.848946720646538 ], [ -96.856626839198867, 32.848513611586021 ], [ -96.856010676276, 32.848027177347973 ], [ -96.855453971574775, 32.847492103389044 ], [ -96.854962086209312, 32.846913543587888 ], [ -96.854539756668814, 32.846297070578885 ], [ -96.854191049227069, 32.845648622054313 ], [ -96.853919320820069, 32.844974443553426 ], [ -96.853727186767131, 32.844281028290574 ], [ -96.85361649564453, 32.843575054602418 ], [ -96.853588311550965, 32.842863321617727 ], [ -96.853642903933491, 32.842152683769847 ], [ -96.853779745068721, 32.841449984782493 ], [ -96.85399751522074, 32.840761991765191 ], [ -96.854294115423102, 32.840095330052428 ], [ -96.854666687759291, 32.839456419414063 ], [ -96.855111642943271, 32.838851412250392 ], [ -96.855624694932857, 32.838286134366555 ] ] ], [ [ [ -96.870791098170358, 32.849093940466283 ], [ -96.871367286745311, 32.848573765319934 ], [ -96.872001096916691, 32.848103763582145 ], [ -96.872686425001959, 32.847688460802821 ], [ -96.87341667155205, 32.847331855787637 ], [ -96.874184804883384, 32.847037382117634 ], [ -96.874983428758739, 32.846807875109739 ], [ -96.875804853566805, 32.846645544534937 ], [ -96.876641170316944, 32.846551953356666 ], [ -96.877484326738724, 32.846528002692644 ], [ -96.878326204756036, 32.846573923145066 ], [ -96.879158698592477, 32.846689272581706 ], [ -96.879973792758761, 32.846872940390028 ], [ -96.880763639174006, 32.847123158162702 ], [ -96.881520632680846, 32.847437516712354 ], [ -96.882237484229819, 32.847812989252368 ], [ -96.882907291030378, 32.848245960521346 ], [ -96.8835236029946, 32.848732261571229 ], [ -96.884080484835138, 32.849267209885973 ], [ -96.884572573220183, 32.849845654444607 ], [ -96.884995128435051, 32.850462025296956 ], [ -96.885344080052576, 32.851110387174998 ], [ -96.885616066171579, 32.851784496624987 ], [ -96.885808465843979, 32.852477862111343 ], [ -96.885919424376382, 32.85318380651421 ], [ -96.8859478712602, 32.85389553141961 ], [ -96.885893530554853, 32.854606182583446 ], [ -96.8857569236214, 32.855308915939709 ], [ -96.885539364177276, 32.855996963516425 ], [ -96.885242945716726, 32.856663698625283 ], [ -96.884870521415607, 32.857302699696142 ], [ -96.88442567671116, 32.857907812141214 ], [ -96.88391269481896, 32.858473207652487 ], [ -96.883336515517115, 32.858993440360116 ], [ -96.882702687593408, 32.859463499309847 ], [ -96.882017315412625, 32.85987885675317 ], [ -96.88128700011832, 32.860235511783713 ], [ -96.880518776035927, 32.860530028898324 ], [ -96.879720042890185, 32.860759571110613 ], [ -96.878898494491565, 32.86092192729663 ], [ -96.878062044580275, 32.86101553350877 ], [ -96.877218750543989, 32.861039488051517 ], [ -96.876376735747328, 32.860993560173718 ], [ -96.875544111223007, 32.860878192292837 ], [ -96.874728897482598, 32.860694495730257 ], [ -96.873938947202134, 32.860444239998301 ], [ -96.873181869530484, 32.860129835743173 ], [ -96.872464956751472, 32.8597543115078 ], [ -96.871795114008719, 32.859321284540329 ], [ -96.871178792771389, 32.858834925929159 ], [ -96.870621928683178, 32.858299920402494 ], [ -96.870129884393677, 32.857721421179875 ], [ -96.869707397923008, 32.857105000312153 ], [ -96.869358537056527, 32.856456594989481 ], [ -96.869086660207913, 32.855782450335113 ], [ -96.868894384126051, 32.855089059237521 ], [ -96.868783558754828, 32.854383099800785 ], [ -96.868755249485488, 32.853671371016659 ], [ -96.868809726970184, 32.852960727278202 ], [ -96.868946464591517, 32.852258012366192 ], [ -96.86916414360978, 32.851569993543755 ], [ -96.869460665935534, 32.850903296394144 ], [ -96.869833174401492, 32.850264341028812 ], [ -96.870278080335964, 32.849659280279063 ], [ -96.870791098170358, 32.849093940466283 ] ] ], [ [ [ -96.824329568006007, 32.952534404520165 ], [ -96.825098776811771, 32.952240237378966 ], [ -96.825898476366334, 32.952011048130252 ], [ -96.826720966703874, 32.951849043486341 ], [ -96.827558328577226, 32.951755783273079 ], [ -96.828402499655837, 32.951732165421944 ], [ -96.829245352096777, 32.951778417330715 ], [ -96.830078770743825, 32.95189409367579 ], [ -96.830894731205149, 32.952078080696594 ], [ -96.831685377060111, 32.9523286069115 ], [ -96.832443095454678, 32.952643260162382 ], [ -96.833160590359711, 32.953019010823866 ], [ -96.833830952789214, 32.953452240955116 ], [ -96.834447727303683, 32.953938779114019 ], [ -96.835004974159631, 32.954473940499625 ], [ -96.835497326507507, 32.95505257203753 ], [ -96.835920042087253, 32.955669101975268 ], [ -96.836269048923313, 32.956317593511102 ], [ -96.836540984578249, 32.956991801941101 ], [ -96.836733228585075, 32.957685234774935 ], [ -96.836843927744525, 32.958391214242852 ], [ -96.836872014040821, 32.959102941592079 ], [ -96.836817215001219, 32.959813562554139 ], [ -96.836680056396389, 32.960516233353211 ], [ -96.836461857252729, 32.961204186619554 ], [ -96.83616471722199, 32.961870796573159 ], [ -96.835791496426822, 32.962509642849469 ], [ -96.835345787973722, 32.963114572352168 ], [ -96.83483188339622, 32.963679758535989 ], [ -96.834254731358925, 32.964199757548101 ], [ -96.833619890019165, 32.964669560686218 ], [ -96.8329334735039, 32.965084642667023 ], [ -96.8322020930175, 32.965441005238461 ], [ -96.831432793147698, 32.965735215715611 ], [ -96.830632983984216, 32.965964440066685 ], [ -96.829810369705029, 32.9661264702304 ], [ -96.828972874320357, 32.966219745400188 ], [ -96.828128565291493, 32.966243367069879 ], [ -96.827285575762744, 32.966197107694811 ], [ -96.82645202615852, 32.966081412885593 ], [ -96.825635945903272, 32.965897397112393 ], [ -96.825480145001663, 32.96584802914105 ], [ -96.825150401492252, 32.966412284944482 ], [ -96.824704600710206, 32.967017176068758 ], [ -96.824190605573449, 32.967582318071393 ], [ -96.823613365619053, 32.968102267525076 ], [ -96.822978439851425, 32.968572016204874 ], [ -96.822291943211042, 32.968987039351916 ], [ -96.821560487674361, 32.969343339280961 ], [ -96.82079111855235, 32.969637483910404 ], [ -96.819991246602015, 32.969866639842813 ], [ -96.819168576606458, 32.970028599675949 ], [ -96.818331033112798, 32.97012180328079 ], [ -96.817486684045889, 32.970145352840433 ], [ -96.81664366293586, 32.970099021505 ], [ -96.815810090511391, 32.969983255578185 ], [ -96.814993996416703, 32.96979917021519 ], [ -96.814203241809295, 32.969548538672875 ], [ -96.813445443586303, 32.96923377521636 ], [ -96.812727900972092, 32.96885791184738 ], [ -96.81205752517603, 32.968424569079154 ], [ -96.811440772799997, 32.967937921040352 ], [ -96.810883583637846, 32.967402655245067 ], [ -96.810391323466931, 32.966823927417806 ], [ -96.809968732382742, 32.966207311809391 ], [ -96.809619879173681, 32.965558747483641 ], [ -96.809348122174782, 32.964884481093435 ], [ -96.809156076975441, 32.964191006697945 ], [ -96.809045591290612, 32.963485003202003 ], [ -96.809017727234902, 32.962773270020335 ], [ -96.809072751167733, 32.962062661587403 ], [ -96.809210131204551, 32.961360021343111 ], [ -96.809428542414949, 32.960672115831159 ], [ -96.809725879654962, 32.960005569543434 ], [ -96.810099277907028, 32.959366801138749 ], [ -96.810545139929133, 32.958761961648428 ], [ -96.811059170944887, 32.958196875263958 ], [ -96.811636420038383, 32.957676983275228 ], [ -96.81227132785402, 32.957207291698857 ], [ -96.812957780141218, 32.956792323099229 ], [ -96.813689166627952, 32.956436073065426 ], [ -96.814458444656836, 32.956141971761497 ], [ -96.815258206971507, 32.955912850920015 ], [ -96.816080753002097, 32.955750916594624 ], [ -96.816918162965393, 32.955657727934131 ], [ -96.817762374068053, 32.955634182181093 ], [ -96.818605258081817, 32.955680506039172 ], [ -96.819438699546552, 32.955796253491968 ], [ -96.820254673850741, 32.955980310094226 ], [ -96.820410454480992, 32.956029684663044 ], [ -96.820740189532756, 32.955465440623435 ], [ -96.821185959245653, 32.954860562752771 ], [ -96.821699899726028, 32.9542954321876 ], [ -96.822277060929565, 32.95377549064326 ], [ -96.822911884346695, 32.953305744613637 ], [ -96.823598256539199, 32.952890717187451 ], [ -96.824329568006007, 32.952534404520165 ] ] ], [ [ [ -96.794044485531444, 32.64993385615152 ], [ -96.794556835285931, 32.649368823012189 ], [ -96.795132175075835, 32.648848993861421 ], [ -96.795764963934744, 32.648379374106597 ], [ -96.796449108017597, 32.647964485616342 ], [ -96.797178019277808, 32.647608323204466 ], [ -96.797944678889422, 32.647314316187753 ], [ -96.7987417048042, 32.647085295387797 ], [ -96.799561422794781, 32.646923465892506 ], [ -96.800395940301399, 32.646830385839515 ], [ -96.80123722237343, 32.646806951424686 ], [ -96.802077168977092, 32.646853388279361 ], [ -96.802907692927363, 32.646969249299701 ], [ -96.803720797696656, 32.647153418948342 ], [ -96.804508654353867, 32.647404123987293 ], [ -96.805263676895549, 32.6477189505392 ], [ -96.805978595245989, 32.648094867313162 ], [ -96.806646525225844, 32.648528254772494 ], [ -96.807261034816889, 32.649014939963855 ], [ -96.807816206086187, 32.649550236674422 ], [ -96.808306692173957, 32.65012899053049 ], [ -96.808727768796643, 32.650745628605279 ], [ -96.809075379768672, 32.651394213058978 ], [ -96.80934617610373, 32.652068498295471 ], [ -96.809537548317323, 32.652761991086962 ], [ -96.809647651617738, 32.653468013087689 ], [ -96.809675423740615, 32.654179765135829 ], [ -96.809620595252383, 32.654890392724916 ], [ -96.809483692220965, 32.655593052014375 ], [ -96.809266031224695, 32.656280975743591 ], [ -96.808969706745032, 32.656947538414592 ], [ -96.808597571061327, 32.657586320115222 ], [ -96.808153206839009, 32.658191168367551 ], [ -96.807640892672893, 32.658756257404988 ], [ -96.807065561915579, 32.659276144306254 ], [ -96.806432755186393, 32.659745821444716 ], [ -96.805748567017147, 32.660160764746472 ], [ -96.805019587148649, 32.660516977291415 ], [ -96.804252837043393, 32.660811027836033 ], [ -96.803455702227268, 32.661040083886114 ], [ -96.802635861112677, 32.661201938999078 ], [ -96.801801210990917, 32.661295034052749 ], [ -96.800959791908966, 32.6613184722749 ], [ -96.800119709165813, 32.661272027887783 ], [ -96.799289055178264, 32.661156148284753 ], [ -96.798475831471166, 32.660971949717265 ], [ -96.797687871546273, 32.660721206534717 ], [ -96.796932765375644, 32.660406334080243 ], [ -96.796217786248761, 32.660030365408723 ], [ -96.795549820680563, 32.659596922051314 ], [ -96.794935302056913, 32.659110179109412 ], [ -96.794380148657893, 32.658574825015236 ], [ -96.793889706656515, 32.65799601634766 ], [ -96.79346869864213, 32.657379328139847 ], [ -96.793121178163716, 32.656730700158207 ], [ -96.792850490730004, 32.656056379671568 ], [ -96.79265924164045, 32.655362861262411 ], [ -96.792549270955163, 32.654656824261011 ], [ -96.792521635842206, 32.653945068405584 ], [ -96.792576600469914, 32.653234448348897 ], [ -96.792713633538611, 32.652531807642141 ], [ -96.792931413472701, 32.651843912831751 ], [ -96.793227841220002, 32.651177388304383 ], [ -96.793600060532683, 32.650538652506306 ], [ -96.794044485531444, 32.64993385615152 ] ] ], [ [ [ -96.781565592584201, 32.661949143805714 ], [ -96.782141089813734, 32.66142937511033 ], [ -96.782774036903348, 32.660959821794386 ], [ -96.783458338484706, 32.660545005086909 ], [ -96.784187404995095, 32.660188919110574 ], [ -96.784954216114059, 32.659894992446347 ], [ -96.785751388335058, 32.659666055142189 ], [ -96.786571246022419, 32.659504311482195 ], [ -96.787405895271732, 32.659411318777657 ], [ -96.788247299864338, 32.659387972383342 ], [ -96.789087358587068, 32.659434497083247 ], [ -96.789917983175613, 32.65955044492771 ], [ -96.79073117613359, 32.659734699543243 ], [ -96.791519107680827, 32.659985486873794 ], [ -96.792274191092716, 32.660300392249447 ], [ -96.792989155707289, 32.660676383620228 ], [ -96.793657116899496, 32.661109840730951 ], [ -96.794271642350168, 32.661596589957469 ], [ -96.794826813973174, 32.662131944469998 ], [ -96.795317284904783, 32.662710749338032 ], [ -96.795738331006746, 32.663327431143315 ], [ -96.796085896386742, 32.663976051624637 ], [ -96.796356632496767, 32.664650364838621 ], [ -96.796547930431586, 32.665343877287789 ], [ -96.796657946114152, 32.666049910436783 ], [ -96.796685618123206, 32.666761665016196 ], [ -96.796630677988745, 32.667472286494984 ], [ -96.796493652853414, 32.668174931091194 ], [ -96.796275860471113, 32.668862831685594 ], [ -96.795979396588393, 32.669529363002923 ], [ -96.795607114826979, 32.670168105432921 ], [ -96.7951625992592, 32.670772906875875 ], [ -96.79465012993758, 32.671337942016059 ], [ -96.794074641709315, 32.671857768451332 ], [ -96.793441676710671, 32.672327379137563 ], [ -96.792757330998256, 32.672742250640994 ], [ -96.792028195830738, 32.673098386733201 ], [ -96.791261294166958, 32.673392356907229 ], [ -96.790464012993112, 32.673621329443108 ], [ -96.789644032131818, 32.673783098702799 ], [ -96.788809250221007, 32.673876106391234 ], [ -96.787967708577455, 32.673899456577786 ], [ -96.787127513681114, 32.67385292433277 ], [ -96.786296759029369, 32.673736957895798 ], [ -96.785483447116874, 32.673552674354795 ], [ -96.784695412295122, 32.673301848877514 ], [ -96.78394024525754, 32.672986897599763 ], [ -96.783225219879768, 32.672610854335474 ], [ -96.782557223121941, 32.672177341334113 ], [ -96.781942688670014, 32.671690534367706 ], [ -96.781387534956011, 32.67115512248489 ], [ -96.780897108155457, 32.67057626282088 ], [ -96.780476130710639, 32.669959530899732 ], [ -96.780128655875458, 32.669310866908639 ], [ -96.779858028718294, 32.668636518462932 ], [ -96.779666853957394, 32.667942980414054 ], [ -96.779556970936326, 32.667236932281185 ], [ -96.779529435978219, 32.666525173909527 ], [ -96.779584512286277, 32.665814559975843 ], [ -96.779721667484807, 32.665111933972177 ], [ -96.779939578821626, 32.664424062303176 ], [ -96.780236145978876, 32.663757569132621 ], [ -96.780608511365969, 32.66311887260472 ], [ -96.781053087696947, 32.662514123055253 ], [ -96.781565592584201, 32.661949143805714 ] ] ], [ [ [ -96.782276322499612, 32.678705188665724 ], [ -96.782851924105842, 32.678185417061265 ], [ -96.783484986807309, 32.67771586046851 ], [ -96.784169414122303, 32.677301040148301 ], [ -96.784898615277442, 32.676944950258246 ], [ -96.785665568655929, 32.676651019417257 ], [ -96.786462889381653, 32.676422077713653 ], [ -96.787282900389343, 32.676260329474012 ], [ -96.788117706298692, 32.676167332053836 ], [ -96.788959269383014, 32.676143980853382 ], [ -96.789799486903533, 32.676190500702859 ], [ -96.790630269067378, 32.67630644369931 ], [ -96.791443616861315, 32.676490693515952 ], [ -96.792231699014721, 32.676741476142645 ], [ -96.792986927353112, 32.677056376954752 ], [ -96.7937020298193, 32.677432363946032 ], [ -96.794370120460968, 32.677865816903278 ], [ -96.794984765712528, 32.678352562242075 ], [ -96.795540046334182, 32.678887913169952 ], [ -96.796030614412388, 32.679466714790628 ], [ -96.79645174487311, 32.680083393716956 ], [ -96.796799381011269, 32.680732011715186 ], [ -96.79707017359695, 32.681406322865818 ], [ -96.797261513180445, 32.682099833691034 ], [ -96.797371555282936, 32.682805865671057 ], [ -96.797399238228024, 32.6835176195477 ], [ -96.797344293439679, 32.684228240796649 ], [ -96.79720724810457, 32.684930885638252 ], [ -96.796989420170448, 32.68561878695094 ], [ -96.79669290572555, 32.686285319452693 ], [ -96.796320558878008, 32.686924063522014 ], [ -96.796298402051676, 32.686954204760056 ], [ -96.796405781425008, 32.686988366451011 ], [ -96.797161111668402, 32.687303241729701 ], [ -96.797876314282192, 32.687679204505137 ], [ -96.798544502349927, 32.688112634797108 ], [ -96.799159241368031, 32.688599359239383 ], [ -96.799714611193863, 32.689134691240533 ], [ -96.800205263054877, 32.689713476086517 ], [ -96.800626471070203, 32.690330140551566 ], [ -96.800974177787737, 32.690978746541134 ], [ -96.801245033297675, 32.691653048251332 ], [ -96.801436427544076, 32.692346552295191 ], [ -96.801546515521309, 32.693052580218243 ], [ -96.801574235110806, 32.693764332801408 ], [ -96.801519317383168, 32.694474955532932 ], [ -96.801382289263984, 32.695177604618891 ], [ -96.801164468534736, 32.695865512897015 ], [ -96.800867951213775, 32.696532055018281 ], [ -96.800495591436515, 32.69717081126872 ], [ -96.800050974025709, 32.697775629415773 ], [ -96.799538380013971, 32.698340683983268 ], [ -96.798962745448847, 32.698860532382305 ], [ -96.79832961387568, 32.699330167357594 ], [ -96.797645082955242, 32.6997450652418 ], [ -96.796915745730018, 32.700101229552729 ], [ -96.796148627105268, 32.700395229512033 ], [ -96.795351116157278, 32.70062423311299 ], [ -96.794530894922374, 32.700786034418613 ], [ -96.79369586435439, 32.700879074825288 ], [ -96.792854068165937, 32.70090245808732 ], [ -96.792013615289548, 32.700855958956417 ], [ -96.791182601708343, 32.700740025353184 ], [ -96.79036903241176, 32.700555774049107 ], [ -96.78958074423123, 32.70030497990129 ], [ -96.788825330301151, 32.699990058743474 ], [ -96.788110066875745, 32.699614044099242 ], [ -96.787441843208413, 32.699180557942043 ], [ -96.786827095170821, 32.698693775785003 ], [ -96.786271743252229, 32.69815838643752 ], [ -96.785781135536979, 32.697579546817359 ], [ -96.785359996209493, 32.696962832255309 ], [ -96.785012380082193, 32.696314182771061 ], [ -96.784741633583565, 32.69563984584002 ], [ -96.784550362580347, 32.694946316202639 ], [ -96.784440407341961, 32.694240273296934 ], [ -96.784412824885891, 32.693528516917766 ], [ -96.78446787887161, 32.692817901722805 ], [ -96.784605037137169, 32.692115271216281 ], [ -96.784822976899676, 32.691427391846489 ], [ -96.785119597566364, 32.690760887851553 ], [ -96.785492041030309, 32.690122177480255 ], [ -96.785514202313166, 32.690092038174491 ], [ -96.785406823377244, 32.690057867074621 ], [ -96.784651511380119, 32.689742920373128 ], [ -96.783936348126133, 32.689366881502536 ], [ -96.78326822190364, 32.688933372669737 ], [ -96.782653567645568, 32.688446569606484 ], [ -96.782098304937847, 32.687911161323527 ], [ -96.781607781005562, 32.687332304921242 ], [ -96.781186719226284, 32.686715575892038 ], [ -96.780839173665683, 32.686066914395049 ], [ -96.780568490072838, 32.685392568021456 ], [ -96.780377273708922, 32.684699031602676 ], [ -96.780267364317467, 32.683992984641996 ], [ -96.780239818474897, 32.683281226973349 ], [ -96.780294899488467, 32.682570613266712 ], [ -96.780432074936442, 32.681867987011955 ], [ -96.780650021870898, 32.681180114616303 ], [ -96.780946639630486, 32.680513620250544 ], [ -96.781319070136732, 32.679874922070645 ], [ -96.781763725476068, 32.679270170428396 ], [ -96.782276322499612, 32.678705188665724 ] ] ], [ [ [ -96.794636925782612, 32.702424849619227 ], [ -96.795212608763464, 32.701905021361263 ], [ -96.795845775170037, 32.701435402334369 ], [ -96.796530327521566, 32.701020514400852 ], [ -96.797259673840387, 32.700664352369806 ], [ -96.798026791111866, 32.700370345554994 ], [ -96.798824292881804, 32.700141324776574 ], [ -96.799644500341955, 32.699979495122676 ], [ -96.800479516220804, 32.699886414732788 ], [ -96.801321300770454, 32.699862979806134 ], [ -96.80216174912033, 32.699909415979107 ], [ -96.80299276925561, 32.700025276154335 ], [ -96.803806359872453, 32.70020944480234 ], [ -96.804594687362865, 32.70046014869439 ], [ -96.805350161190731, 32.700774973963746 ], [ -96.806065506935667, 32.701150889331288 ], [ -96.806733836303351, 32.701584275273255 ], [ -96.807348713429832, 32.702070958850236 ], [ -96.807904216842772, 32.702606253864253 ], [ -96.808394996483386, 32.703185005957216 ], [ -96.80881632524023, 32.703801642218728 ], [ -96.809164144498439, 32.704450224825749 ], [ -96.809435103264178, 32.705124508199518 ], [ -96.809626590486772, 32.705817999129657 ], [ -96.809736760264869, 32.70652401928804 ], [ -96.809764549691536, 32.707235769530449 ], [ -96.809709689164251, 32.707946395367728 ], [ -96.809572705057107, 32.708649052976256 ], [ -96.809354914727024, 32.709336975111867 ], [ -96.809058413898981, 32.710003536292263 ], [ -96.808686056548837, 32.710642316620124 ], [ -96.808241427475409, 32.711247163631292 ], [ -96.807728807823054, 32.711812251571772 ], [ -96.807153133885805, 32.712332137531504 ], [ -96.806519949587823, 32.712801813893648 ], [ -96.805835353097422, 32.713216756592445 ], [ -96.805105938088502, 32.713572968714274 ], [ -96.80433873021542, 32.713867019020363 ], [ -96.803541119414135, 32.714096075019235 ], [ -96.802720788682905, 32.714257930269248 ], [ -96.801885640030491, 32.714351025647275 ], [ -96.801043718307199, 32.714374464378075 ], [ -96.800203133655131, 32.71432802067914 ], [ -96.799371983327092, 32.714212141936997 ], [ -96.798558273630178, 32.714027944394651 ], [ -96.797769842748551, 32.713777202391235 ], [ -96.797014285191622, 32.713462331258093 ], [ -96.796298878597398, 32.713086364036833 ], [ -96.795630513598638, 32.712652922243969 ], [ -96.79501562742854, 32.712166180965177 ], [ -96.794460141906995, 32.711630828615966 ], [ -96.793969406405267, 32.711052021757681 ], [ -96.793548146338509, 32.710435335405407 ], [ -96.793200417681916, 32.709786709307103 ], [ -96.792929567947525, 32.709112390712896 ], [ -96.792738203996009, 32.708418874186613 ], [ -96.792628166991463, 32.707712839040106 ], [ -96.792600514738439, 32.707001084993529 ], [ -96.792655511567915, 32.706290466682219 ], [ -96.792792625867833, 32.705587827640613 ], [ -96.793010535277972, 32.704899934399343 ], [ -96.79330713949723, 32.704233411330314 ], [ -96.793679580576438, 32.703594676866231 ], [ -96.794124270499168, 32.702989881708788 ], [ -96.794636925782612, 32.702424849619227 ] ] ], [ [ [ -96.768392668986266, 32.833138539103061 ], [ -96.768969354196187, 32.832618837472396 ], [ -96.769603592681008, 32.832149356714197 ], [ -96.770289276637044, 32.831734617360993 ], [ -96.771019803191479, 32.831378612792712 ], [ -96.771788137967107, 32.831084770808381 ], [ -96.772586882789099, 32.8308559206423 ], [ -96.773408346883187, 32.830694265740945 ], [ -96.774244620881475, 32.830601362561943 ], [ -96.775087652925535, 32.830578105598747 ], [ -96.775929326136648, 32.830624718774395 ], [ -96.776761536709614, 32.830740753287095 ], [ -96.777576271881173, 32.830925091928151 ], [ -96.778365687025214, 32.831175959831285 ], [ -96.779122181134682, 32.831490941549369 ], [ -96.779838469966094, 32.831867004295511 ], [ -96.780507656144366, 32.832300527125192 ], [ -96.781123295554565, 32.832787335779173 ], [ -96.781679459382559, 32.833322742853142 ], [ -96.782170791207591, 32.833901592908148 ], [ -96.782592558597671, 32.834518312088484 ], [ -96.78294069870978, 32.835166961770909 ], [ -96.783211857455555, 32.835841295729061 ], [ -96.783403421853166, 32.836534820264049 ], [ -96.783513545252319, 32.837240856722964 ], [ -96.783541165186875, 32.837952605803771 ], [ -96.783486013680687, 32.838663213027964 ], [ -96.783348619904501, 32.839365834751 ], [ -96.783130305155368, 32.84005370407445 ], [ -96.782833170204086, 32.840720196025153 ], [ -96.782460075129805, 32.841358891373318 ], [ -96.782014611833191, 32.84196363847434 ], [ -96.781501069490972, 32.842528612537762 ], [ -96.780924393282632, 32.843048371751799 ], [ -96.780290136785339, 32.843517909721967 ], [ -96.779604408495004, 32.84393270371703 ], [ -96.778873812988209, 32.844288758257285 ], [ -96.778714764144567, 32.844349587235861 ], [ -96.778990810278316, 32.84467478372477 ], [ -96.779412606791311, 32.845291513046504 ], [ -96.779760765937212, 32.845940170954329 ], [ -96.780031933443922, 32.846614511142491 ], [ -96.780223496244773, 32.847308039852045 ], [ -96.780333607704364, 32.848014078389724 ], [ -96.780361205471053, 32.84872582743337 ], [ -96.780306021781684, 32.849436432504802 ], [ -96.780168586116488, 32.850139049980172 ], [ -96.779950220175493, 32.85082691300196 ], [ -96.779653025222174, 32.85149339665773 ], [ -96.779279861913238, 32.852132081797613 ], [ -96.77883432280629, 32.852736816875414 ], [ -96.778320697808041, 32.853301777216579 ], [ -96.777743932893998, 32.85382152114159 ], [ -96.777109582495697, 32.854291042403311 ], [ -96.776423756013543, 32.854705818431647 ], [ -96.775693058970049, 32.85506185391997 ], [ -96.774924529370338, 32.855355719332522 ], [ -96.774125569884376, 32.85558458396013 ], [ -96.773303876504684, 32.855746243205687 ], [ -96.772467364369192, 32.855839139834927 ], [ -96.771624091465711, 32.855862378987638 ], [ -96.770782180955337, 32.855815736803898 ], [ -96.76994974286572, 32.855699662582005 ], [ -96.769134795911455, 32.855515274447384 ], [ -96.768345190197095, 32.855264348574103 ], [ -96.767588531550331, 32.85494930206341 ], [ -96.766872108216262, 32.854573169644674 ], [ -96.766202820621174, 32.854139574423918 ], [ -96.765587114883971, 32.853652692962648 ], [ -96.765030920716711, 32.853117215024604 ], [ -96.764539594313362, 32.852538298378697 ], [ -96.764117866776743, 32.851921519095384 ], [ -96.763769798579872, 32.851272817815712 ], [ -96.763498740499742, 32.850598442512201 ], [ -96.763307301397802, 32.84990488829326 ], [ -96.763197323155808, 32.849198834832492 ], [ -96.763169863005899, 32.848487082025507 ], [ -96.763225183422691, 32.847776484495107 ], [ -96.763362749671614, 32.847073885575348 ], [ -96.763581235034366, 32.84638605141069 ], [ -96.763878533658158, 32.845719605804575 ], [ -96.764251780902299, 32.845080966444662 ], [ -96.764697380983606, 32.844476283117842 ], [ -96.765211041652137, 32.843911378509965 ], [ -96.765787815561623, 32.843391692158633 ], [ -96.76642214793479, 32.842922228098558 ], [ -96.767107930063972, 32.842507506701551 ], [ -96.767838558131118, 32.842151521174813 ], [ -96.76799761049196, 32.842090706083518 ], [ -96.767721612714766, 32.841765485130736 ], [ -96.767299914277089, 32.841148715978449 ], [ -96.76695186508563, 32.840500022914391 ], [ -96.766680815734773, 32.839825653832087 ], [ -96.766489375002337, 32.839132103780159 ], [ -96.766379384786248, 32.838426052392187 ], [ -96.766351902434508, 32.837714299543904 ], [ -96.766407190635988, 32.837003699858592 ], [ -96.766544714966855, 32.836301096691052 ], [ -96.766763149112919, 32.835613256226686 ], [ -96.767060387715006, 32.83494680232959 ], [ -96.767433566710721, 32.834308152767171 ], [ -96.767879090974375, 32.833703457424512 ], [ -96.768392668986266, 32.833138539103061 ] ] ], [ [ [ -96.759350584123922, 32.867823085652844 ], [ -96.759927547946006, 32.867303427714134 ], [ -96.760562082434063, 32.866833994653568 ], [ -96.761248076934251, 32.866419306544806 ], [ -96.761978925583904, 32.866063356274708 ], [ -96.762747590904908, 32.865769571119912 ], [ -96.763546671540411, 32.865540779767834 ], [ -96.764368473483486, 32.865379185098909 ], [ -96.765205084114115, 32.865286342991048 ], [ -96.766048448333521, 32.865263147349829 ], [ -96.766890446065531, 32.865309821507878 ], [ -96.767722970381101, 32.865425916076163 ], [ -96.76853800549685, 32.865610313267666 ], [ -96.769327703899208, 32.865861237652098 ], [ -96.770084461854111, 32.86617627323816 ], [ -96.770800992577776, 32.866552386719974 ], [ -96.771470396365956, 32.866985956663974 ], [ -96.772086227008117, 32.867472808356844 ], [ -96.772642553848158, 32.868008253979319 ], [ -96.773134018894936, 32.868587137720695 ], [ -96.773555888432597, 32.869203885400402 ], [ -96.773904098633338, 32.869852558120215 ], [ -96.77417529473253, 32.870526909431533 ], [ -96.774366863387158, 32.871220445467912 ], [ -96.774476957904398, 32.87192648746538 ], [ -96.774504516094638, 32.872638236068241 ], [ -96.77444927057482, 32.873348836802457 ], [ -96.774311751419589, 32.874051446085922 ], [ -96.774093281132096, 32.874739297139989 ], [ -96.773795961979886, 32.87540576516755 ], [ -96.773422655815139, 32.87604443116944 ], [ -96.77297695657073, 32.876649143783929 ], [ -96.772463155695348, 32.877214078553017 ], [ -96.771886200858191, 32.877733794043806 ], [ -96.771525257858968, 32.878000848141674 ], [ -96.771675372780265, 32.878145313760015 ], [ -96.772166887712302, 32.878724200696993 ], [ -96.772588798764218, 32.879340950989523 ], [ -96.772937041708104, 32.879989625714146 ], [ -96.773208261463708, 32.880663978402787 ], [ -96.773399844459774, 32.881357515175694 ], [ -96.773509943864951, 32.882063557261631 ], [ -96.773537497442106, 32.882775305304129 ], [ -96.773482237852178, 32.883485904834473 ], [ -96.773344695304829, 32.884188512282094 ], [ -96.773126192528082, 32.884876360886132 ], [ -96.772828832102022, 32.885542825873102 ], [ -96.772455476275951, 32.886181488273188 ], [ -96.772009719460812, 32.886786196759431 ], [ -96.771495853659516, 32.887351126913764 ], [ -96.770918827166497, 32.887870837347791 ], [ -96.770284196932593, 32.888340322137338 ], [ -96.769598075053651, 32.888755059064039 ], [ -96.768867069897695, 32.88911105319832 ], [ -96.768098222438226, 32.889404875403073 ], [ -96.767298938407478, 32.889633695385704 ], [ -96.766476916924901, 32.889795308979366 ], [ -96.765640076289756, 32.889888159389812 ], [ -96.76479647765504, 32.889911352202141 ], [ -96.763954247320285, 32.889864664002808 ], [ -96.763121498394781, 32.889748544533369 ], [ -96.762306252587933, 32.889564112354925 ], [ -96.761516362883668, 32.889313144065625 ], [ -96.760759437845593, 32.888998057174945 ], [ -96.760042768285018, 32.888621886800856 ], [ -96.759373257, 32.888188256414537 ], [ -96.7587573522638, 32.887701342915804 ], [ -96.758200985704846, 32.887165836376404 ], [ -96.757709515176828, 32.886586894840285 ], [ -96.757287673169827, 32.885970094617157 ], [ -96.756939521258332, 32.885321376549278 ], [ -96.756668411024307, 32.884646988770378 ], [ -96.756476951830138, 32.883953426508732 ], [ -96.756366985749565, 32.883247369515054 ], [ -96.75633956989607, 32.88253561771873 ], [ -96.756394966316165, 32.881825025732766 ], [ -96.756532639541803, 32.881122436837721 ], [ -96.756751261823098, 32.880434617081583 ], [ -96.757048725987474, 32.87976819012917 ], [ -96.757422165798999, 32.879129573488655 ], [ -96.757867983619263, 32.878524916728495 ], [ -96.758381885100917, 32.877960042278964 ], [ -96.758958920578365, 32.87744038938775 ], [ -96.759319899149702, 32.877173371707912 ], [ -96.75916980601059, 32.877028891177737 ], [ -96.758678385355282, 32.876449952828018 ], [ -96.758256584844531, 32.875833155209072 ], [ -96.757908465653458, 32.875184439138259 ], [ -96.757637379049243, 32.874510052730152 ], [ -96.75744593416708, 32.873816491199904 ], [ -96.757335972943295, 32.873110434291277 ], [ -96.757308552445082, 32.872398681932943 ], [ -96.757363934764086, 32.871688088743227 ], [ -96.757501584568544, 32.87098549801437 ], [ -96.757720174334537, 32.870297675811962 ], [ -96.758017597202993, 32.869631245824337 ], [ -96.758390987336028, 32.868992625588803 ], [ -96.758836747573866, 32.868387964708361 ], [ -96.759350584123922, 32.867823085652844 ] ] ], [ [ [ -96.678061738803734, 32.714348300643699 ], [ -96.678575197743072, 32.713783748127469 ], [ -96.679151633322633, 32.71326445825931 ], [ -96.679785494027087, 32.712795431253788 ], [ -96.68047067569367, 32.712381183272107 ], [ -96.681200580288348, 32.712025702961007 ], [ -96.681968179424004, 32.711732413069953 ], [ -96.682766082009465, 32.711504137516066 ], [ -96.683586605379475, 32.711343074212124 ], [ -96.684421849222517, 32.711250773918955 ], [ -96.68526377159688, 32.711228125324865 ], [ -96.686104266305449, 32.711275346495214 ], [ -96.686935240886882, 32.711391982774558 ], [ -96.687748694475133, 32.711576911160755 ], [ -96.688536794780092, 32.711828351109908 ], [ -96.689291953451061, 32.71214388166792 ], [ -96.690006899099629, 32.712520464764417 ], [ -96.690674747280923, 32.712954474445617 ], [ -96.691289066761016, 32.713441731765563 ], [ -96.691843941433632, 32.713977545000752 ], [ -96.692334027290698, 32.714556754802004 ], [ -96.692754603898024, 32.715173783850133 ], [ -96.693101619880267, 32.715822690538339 ], [ -96.693371731975986, 32.71649722616543 ], [ -96.693562337285329, 32.71719089509017 ], [ -96.69367159839787, 32.717897017268506 ], [ -96.693698461156004, 32.718608792571899 ], [ -96.693642664880713, 32.719319366268024 ], [ -96.693504744957963, 32.720021895033575 ], [ -96.693286027758006, 32.720709612863544 ], [ -96.692988617933807, 32.721375896241639 ], [ -96.692615378217923, 32.722014327944706 ], [ -96.692169901909921, 32.722618758865003 ], [ -96.691656478317256, 32.723183367255047 ], [ -96.691080051480412, 32.723702714822778 ], [ -96.690446172578746, 32.724171799136421 ], [ -96.689760946474337, 32.724586101832287 ], [ -96.689030972908967, 32.724941632161176 ], [ -96.688263282920204, 32.725234965451321 ], [ -96.687465271090687, 32.725463276117871 ], [ -96.686644624283872, 32.725624364898685 ], [ -96.685809247554857, 32.725716680053836 ], [ -96.684967187952097, 32.72573933232394 ], [ -96.68412655694631, 32.725692103502283 ], [ -96.683295452236663, 32.725575448538464 ], [ -96.682481879689973, 32.725390491152574 ], [ -96.681693676167853, 32.725139013002959 ], [ -96.680938433987563, 32.724823436511748 ], [ -96.680223427746739, 32.724446801514503 ], [ -96.679555544218786, 32.724012735959548 ], [ -96.678941215995991, 32.723525420939964 ], [ -96.678386359520559, 32.722989550396719 ], [ -96.677896318101318, 32.722410285881232 ], [ -96.677475810464699, 32.721793206815356 ], [ -96.677128885335563, 32.721144256728032 ], [ -96.676858882483884, 32.72046968598827 ], [ -96.676668400611348, 32.719775991586665 ], [ -96.676559272384807, 32.719069854546333 ], [ -96.676532546855071, 32.71835807556694 ], [ -96.676588479427565, 32.717647509522095 ], [ -96.676726529478529, 32.716944999441033 ], [ -96.676945365636925, 32.716257310610807 ], [ -96.677242878678285, 32.715591065433138 ], [ -96.67761620190349, 32.714952679663256 ], [ -96.678061738803734, 32.714348300643699 ] ] ], [ [ [ -96.702896897792513, 32.727642033978782 ], [ -96.703473281085195, 32.727122631730992 ], [ -96.704107112229678, 32.726653481062122 ], [ -96.704792287346976, 32.726239099324509 ], [ -96.70552220846551, 32.725883476453035 ], [ -96.706289847038533, 32.725590036570111 ], [ -96.707087811594818, 32.725361605037222 ], [ -96.707908418872179, 32.725200381269126 ], [ -96.708743767751216, 32.725107917571719 ], [ -96.709585815278999, 32.72508510420667 ], [ -96.710426454053689, 32.725132160825837 ], [ -96.711257590227262, 32.72524863435801 ], [ -96.712071221378295, 32.725433403368008 ], [ -96.712859513507652, 32.725684688846385 ], [ -96.713614876418347, 32.726000071326304 ], [ -96.714330036756124, 32.726376514163015 ], [ -96.714998108009652, 32.726810392753251 ], [ -96.715612656797688, 32.727297529413249 ], [ -96.716167764806599, 32.727833233581237 ], [ -96.716658085781958, 32.728412346958343 ], [ -96.717078897025942, 32.72902929315395 ], [ -96.717426144903996, 32.729678131359222 ], [ -96.717696483921699, 32.730352613532567 ], [ -96.71788730899388, 32.731046244547784 ], [ -96.717996780593481, 32.731752344726132 ], [ -96.718023842535487, 32.732464114151284 ], [ -96.717968232222049, 32.733174698147863 ], [ -96.717830483247482, 32.733877253293848 ], [ -96.717611920334846, 32.734565013330531 ], [ -96.717314646650223, 32.73523135433561 ], [ -96.716941523614025, 32.735869858531338 ], [ -96.716496143401002, 32.73647437611222 ], [ -96.715982794392062, 32.737039084496502 ], [ -96.715406419908405, 32.73755854442944 ], [ -96.714772570624177, 32.738027752397272 ], [ -96.714087351115467, 32.738442188845688 ], [ -96.713357361059806, 32.738797861737275 ], [ -96.712589631653131, 32.739091345027418 ], [ -96.71179155785741, 32.739319811686478 ], [ -96.710970827132769, 32.739481060949828 ], [ -96.710135345342664, 32.739573539531818 ], [ -96.709293160547716, 32.73959635659876 ], [ -96.708452385424849, 32.739549292356578 ], [ -96.707621119061884, 32.739432800169347 ], [ -96.706807368883346, 32.739248002189228 ], [ -96.706018973462534, 32.738996678538882 ], [ -96.705263526965851, 32.73868125015219 ], [ -96.704548305959719, 32.738304755438008 ], [ -96.703880199286985, 32.737870820993216 ], [ -96.703265641689924, 32.737383626648061 ], [ -96.702710551820743, 32.736847865181119 ], [ -96.702220275236797, 32.736268697093216 ], [ -96.70179953292994, 32.735651700877447 ], [ -96.701452375885509, 32.735002819264999 ], [ -96.701182146107271, 32.734328301965476 ], [ -96.700991444482369, 32.733634645455012 ], [ -96.700882105793823, 32.73292853039208 ], [ -96.700855181118982, 32.732216757265043 ], [ -96.700910927780598, 32.731506180891479 ], [ -96.701048806944556, 32.730803644400552 ], [ -96.701267488884696, 32.730115913334011 ], [ -96.701564865860774, 32.729449610500858 ], [ -96.70193807248296, 32.728811152211911 ], [ -96.702383513364339, 32.728206686508521 ], [ -96.702896897792513, 32.727642033978782 ] ] ], [ [ [ -96.713849869947921, 32.760913626796416 ], [ -96.714426405190935, 32.760394174908171 ], [ -96.715060416016954, 32.75992496942078 ], [ -96.715745796816364, 32.75951052821496 ], [ -96.716475947636837, 32.759154841798647 ], [ -96.717243837719849, 32.758861334906555 ], [ -96.71804207317264, 32.75863283354564 ], [ -96.718862968125109, 32.758471537803338 ], [ -96.719698618688525, 32.758379000678737 ], [ -96.720540979005904, 32.758356113140557 ], [ -96.721381938664507, 32.758403095554847 ], [ -96.722213400727568, 32.758519495564833 ], [ -96.723027359636717, 32.758704192443055 ], [ -96.723815978237809, 32.758955407874403 ], [ -96.724571663191128, 32.759270723066152 ], [ -96.725287138042233, 32.759647102021184 ], [ -96.725955513251847, 32.760080920750873 ], [ -96.726570352512283, 32.760568002147558 ], [ -96.727125734712999, 32.761103656181255 ], [ -96.727616310959149, 32.761682725035435 ], [ -96.728037356094447, 32.76229963274794 ], [ -96.728384814231418, 32.762948438880194 ], [ -96.7286553378501, 32.763622895699328 ], [ -96.728846320086561, 32.764316508323134 ], [ -96.728955919899022, 32.765022597250002 ], [ -96.728983079866381, 32.765734362671999 ], [ -96.728927536445312, 32.766444949952458 ], [ -96.728789822584361, 32.767147515637951 ], [ -96.72857126266689, 32.767835293368499 ], [ -96.728273959828684, 32.768501659051893 ], [ -96.727900775769484, 32.769140194673085 ], [ -96.727455303250508, 32.769744750124424 ], [ -96.726941831540614, 32.770309502459874 ], [ -96.726365305141869, 32.770829012001904 ], [ -96.725731276190956, 32.771298274759438 ], [ -96.725045850994036, 32.771712770650936 ], [ -96.724315631209606, 32.772068507066862 ], [ -96.723547650246402, 32.772362057351103 ], [ -96.7227493054897, 32.772590593829108 ], [ -96.721928287010059, 32.772751915063978 ], [ -96.72109250344333, 32.772844467076915 ], [ -96.720250005757691, 32.772867358327055 ], [ -96.719408909644883, 32.772820368305702 ], [ -96.718577317285536, 32.772703949661974 ], [ -96.717763239245258, 32.772519223839396 ], [ -96.716974517256304, 32.772267970265432 ], [ -96.716218748631519, 32.771952609198564 ], [ -96.715503213040819, 32.771576178398888 ], [ -96.714834802357657, 32.77114230384737 ], [ -96.71421995425294, 32.770655164796899 ], [ -96.713664590177117, 32.770119453493074 ], [ -96.713174058328477, 32.769540329953216 ], [ -96.712753082157178, 32.768923372241112 ], [ -96.71240571490037, 32.76827452271673 ], [ -96.712135300585615, 32.767600030780471 ], [ -96.711944441876312, 32.766906392664104 ], [ -96.711834975067177, 32.766200288848907 ], [ -96.711807952468078, 32.765488519714964 ], [ -96.711863632343352, 32.764777940041526 ], [ -96.712001476500575, 32.764075392989824 ], [ -96.712220155549176, 32.76338764420359 ], [ -96.712517561775243, 32.76272131666282 ], [ -96.712890829505923, 32.762082826916753 ], [ -96.71333636276448, 32.761478323310051 ], [ -96.713849869947921, 32.760913626796416 ] ] ], [ [ [ -96.735418283104835, 32.762196576652734 ], [ -96.735931653951454, 32.761631788980445 ], [ -96.736508064622697, 32.761112234736146 ], [ -96.73714196384087, 32.760642916681057 ], [ -96.737827247070385, 32.760228353780008 ], [ -96.73855731529774, 32.759872537712781 ], [ -96.739325138559195, 32.759578894462514 ], [ -96.740123323604848, 32.759350251349197 ], [ -96.740944185049614, 32.759188809825105 ], [ -96.741779819327093, 32.759096124292995 ], [ -96.742622180736959, 32.759073087150469 ], [ -96.743463158855974, 32.759119920204064 ], [ -96.744294656569679, 32.759236172535012 ], [ -96.745108667976666, 32.75942072483781 ], [ -96.745897355417682, 32.759671800189302 ], [ -96.746653124890614, 32.759986981145623 ], [ -96.747368699127705, 32.760363233002096 ], [ -96.748037187633329, 32.760796932994118 ], [ -96.748652153009502, 32.761283905157271 ], [ -96.749207672931931, 32.761819460513621 ], [ -96.749698397180296, 32.762398442196947 ], [ -96.750119599173686, 32.763015275084669 ], [ -96.750467221514782, 32.763664019459071 ], [ -96.750737915102775, 32.764338428182221 ], [ -96.750929071437383, 32.765032006835369 ], [ -96.751038847800459, 32.765738076244368 ], [ -96.751066185070826, 32.766449836789583 ], [ -96.751010817997638, 32.767160433881692 ], [ -96.750873277830991, 32.767863023973078 ], [ -96.750654887281186, 32.768550840469132 ], [ -96.750357747852448, 32.769217258904554 ], [ -96.749984719670195, 32.769855860756557 ], [ -96.749539393993828, 32.770460495279814 ], [ -96.749026058677259, 32.771025338767039 ], [ -96.748449656908164, 32.7715449506629 ], [ -96.747815739622183, 32.772014325990646 ], [ -96.747130412049231, 32.772428943584579 ], [ -96.746400274906875, 32.772784809663037 ], [ -96.745632360807249, 32.773078496320956 ], [ -96.744834066491109, 32.773307174570263 ], [ -96.744013081542718, 32.773468641608396 ], [ -96.743177314274703, 32.773561342052147 ], [ -96.742334815498069, 32.7735843829308 ], [ -96.741493700915058, 32.773537542294328 ], [ -96.740662072884319, 32.773421271352859 ], [ -96.739847942315265, 32.773236690127085 ], [ -96.739059151446526, 32.772985576651621 ], [ -96.738303298254849, 32.772670349835508 ], [ -96.737587663225227, 32.772294046145682 ], [ -96.736919139189581, 32.771860290338751 ], [ -96.73630416491126, 32.771373260524037 ], [ -96.735748663056626, 32.770837647895014 ], [ -96.735257983151712, 32.770258611518827 ], [ -96.734836850073307, 32.769641728619852 ], [ -96.734489318570397, 32.768992940837791 ], [ -96.734218734252892, 32.768318496978665 ], [ -96.734027701421908, 32.767624892811462 ], [ -96.733918058049383, 32.766918808490828 ], [ -96.73389085814577, 32.766207044209445 ], [ -96.733946361682953, 32.765496454700234 ], [ -96.734084032166635, 32.764793883219383 ], [ -96.734302541878478, 32.764106095646312 ], [ -96.734599784734968, 32.763439715334833 ], [ -96.734972896635966, 32.762801159342679 ], [ -96.735418283104835, 32.762196576652734 ] ] ], [ [ [ -96.72567261689133, 32.851664072757643 ], [ -96.726186567772487, 32.85109932965986 ], [ -96.7267636171037, 32.850579824573593 ], [ -96.727398207456716, 32.850110559787886 ], [ -96.728084227640849, 32.849696053755643 ], [ -96.728815071546961, 32.849340297610269 ], [ -96.729583701743408, 32.849046716758828 ], [ -96.730382717211995, 32.848818137921427 ], [ -96.731204424573605, 32.848656761932155 ], [ -96.732040912118947, 32.848564142563298 ], [ -96.732884125934248, 32.848541171575746 ], [ -96.733725947391093, 32.848588070139087 ], [ -96.734558271257185, 32.848704386703702 ], [ -96.735373083678482, 32.848889001345256 ], [ -96.736162539284777, 32.849140136539809 ], [ -96.736919036678898, 32.849455374266405 ], [ -96.737635291584965, 32.849831679272917 ], [ -96.738304406953503, 32.850265428281745 ], [ -96.738919939350254, 32.850752444855402 ], [ -96.739475960990049, 32.851288039587018 ], [ -96.739967116819884, 32.851867055230009 ], [ -96.740388676100878, 32.852483916333597 ], [ -96.740736577992436, 32.853132682907138 ], [ -96.74100747069869, 32.853807107597959 ], [ -96.741198743798265, 32.854500695832705 ], [ -96.741308553444824, 32.855206768344267 ], [ -96.741335840192647, 32.855918525482707 ], [ -96.741280339273459, 32.856629112691223 ], [ -96.741142583222427, 32.857331686517448 ], [ -96.740923896825265, 32.858019480523623 ], [ -96.740626384432076, 32.858685870461485 ], [ -96.740252909757388, 32.859324438083384 ], [ -96.739807068358445, 32.859929032974478 ], [ -96.739293153054348, 32.860493831810196 ], [ -96.738716112617752, 32.861013394466291 ], [ -96.738081504135096, 32.861482716441436 ], [ -96.737395439493781, 32.861897277084928 ], [ -96.73666452651139, 32.862253083164696 ], [ -96.735895805274154, 32.862546707354703 ], [ -96.735096680298895, 32.862775321269375 ], [ -96.734274849173019, 32.862936722726644 ], [ -96.733438228362019, 32.863029356975495 ], [ -96.732594876900976, 32.863052331683221 ], [ -96.73175291870794, 32.863005425537203 ], [ -96.730920464269943, 32.862889090378481 ], [ -96.730105532458822, 32.862704446846024 ], [ -96.729315973232843, 32.86245327357399 ], [ -96.728559391971231, 32.86213799004662 ], [ -96.727843076172874, 32.861761633276117 ], [ -96.727173925227262, 32.86132782852939 ], [ -96.72655838393591, 32.86084075438589 ], [ -96.72600238042574, 32.860305102464842 ], [ -96.725511269053086, 32.859726032210574 ], [ -96.725089778848385, 32.859109121172636 ], [ -96.724741967997616, 32.858460311260515 ], [ -96.724471184798034, 32.857785851492409 ], [ -96.724280035462712, 32.857092237789651 ], [ -96.72417035908181, 32.856386150398087 ], [ -96.724143209979744, 32.855674389539544 ], [ -96.724198847635108, 32.854963809913656 ], [ -96.724336734258046, 32.854261254681511 ], [ -96.724555540045046, 32.853573489566259 ], [ -96.724853156057918, 32.852907137705877 ], [ -96.725226714600069, 32.852268615884796 ], [ -96.72567261689133, 32.851664072757643 ] ] ], [ [ [ -96.723904937019029, 32.874795225464538 ], [ -96.72448215396372, 32.874275732222848 ], [ -96.725116926015858, 32.873806480211591 ], [ -96.725803140235101, 32.87339198776094 ], [ -96.726534188644109, 32.873036245873799 ], [ -96.727303031842339, 32.872742679820227 ], [ -96.72810226676107, 32.872514116178095 ], [ -96.728924197908626, 32.872352755635355 ], [ -96.729760911421536, 32.872260151815681 ], [ -96.730604351210872, 32.872237196330353 ], [ -96.731446396473046, 32.872284110199764 ], [ -96.732278939821413, 32.872400441726853 ], [ -96.733093965289214, 32.872585070843094 ], [ -96.73388362545532, 32.872836219885031 ], [ -96.734640316953318, 32.873151470698161 ], [ -96.735356753638541, 32.873527787904131 ], [ -96.736026036711309, 32.87396154810758 ], [ -96.736641721122425, 32.874448574762901 ], [ -96.737197877622776, 32.874984178365821 ], [ -96.737689149860302, 32.875563201584022 ], [ -96.738110805974657, 32.876180068893412 ], [ -96.73845878419209, 32.87682884024337 ], [ -96.738729731980868, 32.877503268234889 ], [ -96.738921038388298, 32.878196858262655 ], [ -96.739030859246228, 32.87890293104212 ], [ -96.739058134999951, 32.87961468692059 ], [ -96.739002600985998, 32.880325271353406 ], [ -96.738864790057207, 32.881027840914889 ], [ -96.738646027526855, 32.881715629208486 ], [ -96.738348418477315, 32.882382012041006 ], [ -96.737974827553273, 32.883020571233416 ], [ -96.737528851430895, 32.883625156452361 ], [ -96.737014784226403, 32.88418994446657 ], [ -96.736437576175121, 32.884709495256431 ], [ -96.735802785977711, 32.885178804435085 ], [ -96.735116527271828, 32.885593351475435 ], [ -96.734385409744419, 32.885949143276761 ], [ -96.733616475452223, 32.886242752650816 ], [ -96.732817130964619, 32.886471351354935 ], [ -96.731995075984003, 32.886632737353771 ], [ -96.731158229132618, 32.886725356045353 ], [ -96.730314651623573, 32.886748315246898 ], [ -96.729472469552888, 32.886701393795242 ], [ -96.728639795564717, 32.886585043678785 ], [ -96.727824650646241, 32.886400385680417 ], [ -96.727034886808994, 32.886149198573548 ], [ -96.726278111403417, 32.885833901975488 ], [ -96.725561613798732, 32.885457533024073 ], [ -96.72489229513566, 32.885023717103259 ], [ -96.72427660183115, 32.884536632899739 ], [ -96.72372046347607, 32.884000972129435 ], [ -96.723229235725171, 32.883421894321529 ], [ -96.722807648729216, 32.88280497709794 ], [ -96.722459761605762, 32.88215616242752 ], [ -96.722188923385843, 32.881481699374 ], [ -96.721997740811503, 32.880788083890145 ], [ -96.72188805329202, 32.880081996238779 ], [ -96.721860915258034, 32.879370236644078 ], [ -96.721916586080482, 32.878659659793506 ], [ -96.72205452764905, 32.877957108821391 ], [ -96.722273409630105, 32.877269349409964 ], [ -96.722571122350757, 32.876603004642341 ], [ -96.722944797182379, 32.875964491234839 ], [ -96.723390834224233, 32.875359957761354 ], [ -96.723904937019029, 32.874795225464538 ] ] ], [ [ [ -96.705591540877506, 32.893231275425244 ], [ -96.706168985218241, 32.892711868148297 ], [ -96.706803986254656, 32.892242710464345 ], [ -96.707490428841993, 32.891828319795437 ], [ -96.708221702804508, 32.891472686164597 ], [ -96.708990766570466, 32.891179233799697 ], [ -96.709790214948001, 32.890950788184036 ], [ -96.710612350390832, 32.890789548869307 ], [ -96.711449257069035, 32.890697068312093 ], [ -96.712292877034386, 32.890674236936917 ], [ -96.713135087748952, 32.890721274569202 ], [ -96.713967780233475, 32.890837728320257 ], [ -96.714782937085388, 32.89102247694467 ], [ -96.715572709618741, 32.891273741628169 ], [ -96.716329493385061, 32.891589103102675 ], [ -96.717046001351036, 32.891965524924011 ], [ -96.717715334030302, 32.892399382689241 ], [ -96.71833104589544, 32.892886498913036 ], [ -96.718887207432289, 32.89342218322831 ], [ -96.719378462239519, 32.894001277525099 ], [ -96.719800078623692, 32.894618205594547 ], [ -96.720147995192704, 32.895267026800482 ], [ -96.720418860007427, 32.895941493263379 ], [ -96.72061006291321, 32.89663511000704 ], [ -96.720719760737623, 32.897341197489254 ], [ -96.720746895109841, 32.898052955915425 ], [ -96.72069120272711, 32.898763530716039 ], [ -96.720553217966739, 32.899466078557893 ], [ -96.720334267815502, 32.900153833253427 ], [ -96.72003645916233, 32.900820170932931 ], [ -96.719662658574023, 32.90145867385214 ], [ -96.719216464745983, 32.902063192219622 ], [ -96.718702173891316, 32.902627903448064 ], [ -96.718124738399652, 32.90314736825745 ], [ -96.717489719162685, 32.903616583089267 ], [ -96.716803232024631, 32.90403102832525 ], [ -96.716071888873316, 32.904386711845461 ], [ -96.715302733939339, 32.904680207504796 ], [ -96.714503175918068, 32.904908688156119 ], [ -96.713680916569402, 32.905069952901364 ], [ -96.71284387648484, 32.905162448306662 ], [ -96.712000118739368, 32.905185283376937 ], [ -96.711157771165688, 32.905138238144708 ], [ -96.710324948002565, 32.905021765790735 ], [ -96.709509671674368, 32.904836988275328 ], [ -96.708719795458521, 32.904585685523053 ], [ -96.707962927787946, 32.90427027826496 ], [ -96.707246358920315, 32.903893804704616 ], [ -96.706576990682464, 32.903459891233283 ], [ -96.70596126996827, 32.902972717477006 ], [ -96.705405126631959, 32.902436976013902 ], [ -96.704913916375432, 32.901857827149982 ], [ -96.704492369180073, 32.901240849191161 ], [ -96.704144543779094, 32.900591984690848 ], [ -96.703873788608078, 32.899917483192262 ], [ -96.703682709608145, 32.899223841018106 ], [ -96.703573145190092, 32.898517738687794 ], [ -96.703546148597994, 32.897805976566531 ], [ -96.703601977839824, 32.897095409365861 ], [ -96.703740093278824, 32.896392880126918 ], [ -96.70395916290633, 32.895705154322364 ], [ -96.704257075241983, 32.895038854711622 ], [ -96.704630959734558, 32.894400397576049 ], [ -96.705077214464225, 32.893795930947562 ], [ -96.705591540877506, 32.893231275425244 ] ] ], [ [ [ -96.556332629124185, 32.899974501369641 ], [ -96.556847938574677, 32.899410461191657 ], [ -96.557426294340203, 32.898891744578293 ], [ -96.558062126417141, 32.898423346225641 ], [ -96.558749311662922, 32.898009776243377 ], [ -96.559481232755004, 32.897655016751628 ], [ -96.560250841894472, 32.897362483561146 ], [ -96.561050728641632, 32.897134993304697 ], [ -96.561873191232053, 32.896974736335288 ], [ -96.562710310687976, 32.896883255651069 ], [ -96.563554027013666, 32.896861432049548 ], [ -96.564396216743873, 32.896909475653104 ], [ -96.565228771100919, 32.897026923887282 ], [ -96.566043674010942, 32.897212645931475 ], [ -96.566833079230989, 32.897464853598876 ], [ -96.567589385846475, 32.89778111854158 ], [ -96.568305311415074, 32.898158395615923 ], [ -96.56897396205423, 32.898593052183372 ], [ -96.56958889879958, 32.899080903066199 ], [ -96.570144199596257, 32.899617250822267 ], [ -96.570634516326621, 32.900196930951914 ], [ -96.571055126326087, 32.900814361603487 ], [ -96.571401977889522, 32.901463597299433 ], [ -96.571671729330021, 32.902138386166925 ], [ -96.571861781211666, 32.902832230122833 ], [ -96.571970301444281, 32.903538447434663 ], [ -96.571996242996235, 32.904250237055173 ], [ -96.571939354051608, 32.904960744112117 ], [ -96.571800180511744, 32.905663125922338 ], [ -96.571580060813559, 32.906350617895043 ], [ -96.571281113111993, 32.907016598688749 ], [ -96.570906214946973, 32.907654653994442 ], [ -96.57045897558848, 32.908258638330111 ], [ -96.569943701323567, 32.908822734250514 ], [ -96.569365354018061, 32.909341508400829 ], [ -96.568729503350497, 32.909809963873947 ], [ -96.568042273177852, 32.910223588365021 ], [ -96.567310282549172, 32.91057839765913 ], [ -96.566540581935655, 32.910870974031759 ], [ -96.565740585292275, 32.911098499190587 ], [ -96.564917998606688, 32.911258781441425 ], [ -96.564080745625631, 32.911350276814481 ], [ -96.563236891476052, 32.911372103947762 ], [ -96.562394564919742, 32.911324052583247 ], [ -96.561561879992524, 32.91120658559354 ], [ -96.560746857785986, 32.91102083452008 ], [ -96.559957349127615, 32.910768588665277 ], [ -96.559200958907027, 32.91045227784447 ], [ -96.558484972779468, 32.91007494896445 ], [ -96.557816286954733, 32.909640236654575 ], [ -96.557201341749334, 32.909152328234775 ], [ -96.556646059543326, 32.90861592335829 ], [ -96.556155787739812, 32.908036188719855 ], [ -96.555735247276942, 32.907418708265865 ], [ -96.555388487187557, 32.906769429387772 ], [ -96.555118845643293, 32.906094605617881 ], [ -96.554928917856799, 32.905400736380564 ], [ -96.554820531149318, 32.904694504379911 ], [ -96.554794727421253, 32.903982711227613 ], [ -96.554851753191983, 32.903272211931679 ], [ -96.554991057302004, 32.902569848876951 ], [ -96.55521129629669, 32.901882385933483 ], [ -96.555510347436609, 32.90121644332725 ], [ -96.555885329206731, 32.900578433899646 ], [ -96.556332629124185, 32.899974501369641 ] ] ], [ [ [ -96.755129138560818, 32.903913889316797 ], [ -96.755706362103808, 32.903394253003981 ], [ -96.75634117736314, 32.902924843318587 ], [ -96.757027470981356, 32.902510180109665 ], [ -96.757758634215776, 32.902154256024737 ], [ -96.758527626559612, 32.901860498088681 ], [ -96.75932704350781, 32.901631734727225 ], [ -96.760149187815955, 32.90147016855159 ], [ -96.76098614356836, 32.901377355165536 ], [ -96.761829852344164, 32.901354188198219 ], [ -96.762672190750536, 32.901400890706199 ], [ -96.763505048579134, 32.901517013027444 ], [ -96.764320406836163, 32.901701437107597 ], [ -96.765110414897336, 32.901952387257182 ], [ -96.76586746604751, 32.902267447236547 ], [ -96.766584270680141, 32.902643583504513 ], [ -96.767253926453662, 32.903077174407692 ], [ -96.767869984731036, 32.903564045030478 ], [ -96.768426512663865, 32.904099507370823 ], [ -96.768918150323984, 32.90467840545648 ], [ -96.76934016233254, 32.905295164968358 ], [ -96.769688483488707, 32.905943846893763 ], [ -96.769959757958091, 32.90661820469505 ], [ -96.770151371641546, 32.907311744442971 ], [ -96.770261477411069, 32.908017787337457 ], [ -96.770289012967098, 32.908729534014007 ], [ -96.770233711142907, 32.909440130017096 ], [ -96.770096102553808, 32.910142731810112 ], [ -96.769877510562779, 32.910830572686677 ], [ -96.769580038608126, 32.91149702794786 ], [ -96.769206550012427, 32.912135678717732 ], [ -96.768760640464677, 32.912740373781553 ], [ -96.768246603438271, 32.913305288850779 ], [ -96.767669388876456, 32.913824982682655 ], [ -96.767034555541315, 32.91429444951325 ], [ -96.766348217484946, 32.914709167297474 ], [ -96.765616985157791, 32.915065141290448 ], [ -96.76484790172178, 32.915358942549361 ], [ -96.764048375182639, 32.915587740983611 ], [ -96.763226106996314, 32.915749332634206 ], [ -96.762389017838984, 32.915842160918345 ], [ -96.761545171258248, 32.915865331634379 ], [ -96.760702695942697, 32.915818621581629 ], [ -96.760312938006578, 32.915764279640783 ], [ -96.760515869197803, 32.916268836259391 ], [ -96.760707429831641, 32.916962389746026 ], [ -96.760817472340946, 32.917668440182624 ], [ -96.760844935034868, 32.918380188131962 ], [ -96.760789551447928, 32.91909077912603 ], [ -96.760651852982477, 32.919793369676363 ], [ -96.760433163866765, 32.920481193184699 ], [ -96.760135588474242, 32.921147625119374 ], [ -96.759761991123597, 32.921786246829043 ], [ -96.759315968551178, 32.922390907378833 ], [ -96.758801815319032, 32.9229557828127 ], [ -96.758224482489723, 32.923475432269605 ], [ -96.75758952996469, 32.923944850413143 ], [ -96.756903072944269, 32.924359515667227 ], [ -96.756171723025105, 32.924715433793068 ], [ -96.755402524502088, 32.925009176386034 ], [ -96.754602886489863, 32.925237913920753 ], [ -96.754513156774948, 32.925255538728955 ], [ -96.754670363810817, 32.925824803223506 ], [ -96.754780369217031, 32.926530858236298 ], [ -96.754807786158651, 32.927242606751697 ], [ -96.75475234861041, 32.927953194296194 ], [ -96.754614588493951, 32.928655777414406 ], [ -96.754395830630955, 32.929343589579666 ], [ -96.754098180056715, 32.930010006369493 ], [ -96.753724501813835, 32.930648609278379 ], [ -96.753278393417631, 32.93125324755259 ], [ -96.752764150256695, 32.931818097450638 ], [ -96.752186724259786, 32.932337718357545 ], [ -96.751551676225773, 32.932807105211893 ], [ -96.750865122275115, 32.933221736739135 ], [ -96.750133674938255, 32.933577619025385 ], [ -96.749364379448707, 32.933871324011335 ], [ -96.748564645855382, 32.934100022533947 ], [ -96.74774217760924, 32.934261511596695 ], [ -96.746904897314224, 32.934354235605134 ], [ -96.746060870359614, 32.93437730136214 ], [ -96.745218227171961, 32.934330486678121 ], [ -96.744385084838385, 32.93421424251293 ], [ -96.743569468858752, 32.934029688628691 ], [ -96.742779235783274, 32.933778602795584 ], [ -96.742021997483462, 32.933463403654933 ], [ -96.741305047788174, 32.933087127405429 ], [ -96.740635292193545, 32.932653398537511 ], [ -96.740019181325522, 32.932166394898928 ], [ -96.739462648797073, 32.931630807428952 ], [ -96.738971054059348, 32.931051794950314 ], [ -96.738549130797281, 32.930434934455256 ], [ -96.738200941366301, 32.929786167365883 ], [ -96.737929837707867, 32.929111742287319 ], [ -96.737738429118991, 32.928418154806508 ], [ -96.737628557183967, 32.927712084916465 ], [ -96.737601278107519, 32.927000332670438 ], [ -96.737656852616823, 32.9262897526853 ], [ -96.737794743526919, 32.925587188125917 ], [ -96.73801362098979, 32.924899404805757 ], [ -96.738311375373982, 32.924233026038827 ], [ -96.738685137647551, 32.923594468869389 ], [ -96.739131307065932, 32.922989882293464 ], [ -96.739645585895445, 32.922425088065793 ], [ -96.740223020836652, 32.921905524662016 ], [ -96.740858050746922, 32.921436194933648 ], [ -96.741544560202286, 32.921021617960015 ], [ -96.742275938382278, 32.920665785558484 ], [ -96.743045142710997, 32.920372123871331 ], [ -96.743844766642823, 32.920143460397647 ], [ -96.743934493302362, 32.920125843263548 ], [ -96.743777365354319, 32.919556564829755 ], [ -96.743667456285408, 32.918850499507364 ], [ -96.743640131428052, 32.918138747820258 ], [ -96.743695651950745, 32.917428164380034 ], [ -96.743833481188773, 32.916725592384921 ], [ -96.744052289888387, 32.916037797720051 ], [ -96.744349969080588, 32.915371403808699 ], [ -96.744723650457715, 32.914732827840993 ], [ -96.745169734054329, 32.914128218993881 ], [ -96.745683922963266, 32.913563399236637 ], [ -96.746261264750913, 32.913043807290563 ], [ -96.746896199171573, 32.912574446282036 ], [ -96.747582611720659, 32.912159835591439 ], [ -96.748313892510538, 32.911803967360747 ], [ -96.749082999902882, 32.911510268077087 ], [ -96.74988252828517, 32.911281565601534 ], [ -96.750704779340396, 32.911120061959103 ], [ -96.751541836125369, 32.911027312151575 ], [ -96.752385639246782, 32.911004209195937 ], [ -96.753228064403601, 32.911050975532497 ], [ -96.75361779726299, 32.911105339674222 ], [ -96.753414917173856, 32.910600771509429 ], [ -96.75322342736861, 32.909907206286569 ], [ -96.753113455003998, 32.909201148494013 ], [ -96.753086057252901, 32.908489398068753 ], [ -96.75314149598627, 32.907778809610413 ], [ -96.753279235327454, 32.90707622636566 ], [ -96.753497946888785, 32.906388414328042 ], [ -96.753795522636892, 32.905721997088293 ], [ -96.754169095260465, 32.905083392061151 ], [ -96.754615065841421, 32.904478748703468 ], [ -96.755129138560818, 32.903913889316797 ] ] ], [ [ [ -96.672910517063286, 32.903361563659324 ], [ -96.673488218926011, 32.902842308559535 ], [ -96.674123465528879, 32.90237331809756 ], [ -96.674810139363458, 32.901959108085194 ], [ -96.675541628028284, 32.901603666805919 ], [ -96.676310887885222, 32.901310416635539 ], [ -96.67711051185519, 32.901082181110567 ], [ -96.677932800701939, 32.900921157759903 ], [ -96.678769837119148, 32.900828896960768 ], [ -96.679613561909889, 32.900806287021844 ], [ -96.68045585152727, 32.900853545636537 ], [ -96.681288596232378, 32.900970217788476 ], [ -96.68210377811981, 32.901155180129329 ], [ -96.682893548262285, 32.901406651787063 ], [ -96.683650302233829, 32.901722211500569 ], [ -96.684366753287435, 32.902098820916734 ], [ -96.685036002483884, 32.902532853826123 ], [ -96.685651605098656, 32.903020131056614 ], [ -96.68620763266857, 32.903555960690504 ], [ -96.686698730081133, 32.904135183218102 ], [ -96.687120167157431, 32.904752221195317 ], [ -96.687467884230855, 32.905401132927103 ], [ -96.687738531282349, 32.906075669661767 ], [ -96.687929500253276, 32.906769335745778 ], [ -96.688038950223202, 32.907475451161254 ], [ -96.688065825207488, 32.908187215844052 ], [ -96.688009864400939, 32.908897775163901 ], [ -96.687871604765618, 32.909600285936158 ], [ -96.687652375935471, 32.91028798232982 ], [ -96.687354287483501, 32.910954241036322 ], [ -96.686980208671571, 32.9115926450716 ], [ -96.686533740875248, 32.912197045596358 ], [ -96.686019182946993, 32.912761621158047 ], [ -96.685441489849595, 32.913280933783184 ], [ -96.684806224956859, 32.913749981379006 ], [ -96.684119506480073, 32.914164245937982 ], [ -96.683387948536279, 32.914519737080568 ], [ -96.682618597425957, 32.914813030514615 ], [ -96.681818863734989, 32.915041301041065 ], [ -96.680996450916183, 32.915202349785929 ], [ -96.680159281040005, 32.915294625396101 ], [ -96.679315418432139, 32.915317238993708 ], [ -96.678472991935735, 32.915269972744746 ], [ -96.677640116549867, 32.915153281958993 ], [ -96.676824815201911, 32.914968290700813 ], [ -96.676034941410009, 32.914716780953569 ], [ -96.675278103583253, 32.914401175442102 ], [ -96.674561591691202, 32.914024514279518 ], [ -96.673892307011073, 32.913590425663863 ], [ -96.673276695630946, 32.913103090907953 ], [ -96.672720686350914, 32.912567204140259 ], [ -96.672229633580557, 32.911987927065987 ], [ -96.671808265783227, 32.911370839225505 ], [ -96.6714606399632, 32.910721884230028 ], [ -96.671190102632693, 32.910047312493901 ], [ -96.670999257633838, 32.909353621015676 ], [ -96.67088994112288, 32.908647490789185 ], [ -96.67086320395569, 32.907935722447682 ], [ -96.670919301641277, 32.907225170762111 ], [ -96.671057691957358, 32.906522678623666 ], [ -96.671277040248, 32.90583501114731 ], [ -96.671575232349426, 32.905168790530347 ], [ -96.671949395016554, 32.904530432293029 ], [ -96.672395923651337, 32.903926083514676 ], [ -96.672910517063286, 32.903361563659324 ] ] ], [ [ [ -96.628309312689836, 32.91218658917299 ], [ -96.628824234887617, 32.911622252082481 ], [ -96.629402248891026, 32.911103202040145 ], [ -96.630037787985003, 32.910634436953337 ], [ -96.630724731845959, 32.910220470463663 ], [ -96.631456465473633, 32.90986528850965 ], [ -96.632225942872381, 32.909572310970077 ], [ -96.633025754869607, 32.909344358756464 ], [ -96.633848200419521, 32.909183626669851 ], [ -96.634685360707763, 32.909091662283117 ], [ -96.635529175345212, 32.909069351051059 ], [ -96.636371519920203, 32.909116907790974 ], [ -96.63720428416471, 32.909233874616177 ], [ -96.638019449984952, 32.909419125341053 ], [ -96.638809168607821, 32.909670876316781 ], [ -96.639565836102761, 32.909986703592764 ], [ -96.640282166554442, 32.910363566239432 ], [ -96.640951262183762, 32.910797835608818 ], [ -96.641566679743647, 32.911285330251651 ], [ -96.642122492551422, 32.91182135615631 ], [ -96.642613347561195, 32.912400751922767 ], [ -96.643034516926789, 32.913017938438173 ], [ -96.643381943558197, 32.913666972576557 ], [ -96.64365228023199, 32.9143416044068 ], [ -96.64384292187728, 32.915035337359008 ], [ -96.643952030724947, 32.915741490770579 ], [ -96.643978554074735, 32.916453264210752 ], [ -96.643922234507386, 32.917163802964239 ], [ -96.643783612439933, 32.917866264043809 ], [ -96.643564020996848, 32.91855388209634 ], [ -96.64326557324388, 32.919220034567218 ], [ -96.642891141903959, 32.919858305495048 ], [ -96.642444331748791, 32.920462547322074 ], [ -96.641929444929275, 32.921026940123909 ], [ -96.641351439577122, 32.921546047687059 ], [ -96.640715882074971, 32.92201486989368 ], [ -96.640028893453788, 32.922428890907142 ], [ -96.639297090433956, 32.922784122693535 ], [ -96.638527521677801, 32.923077143459068 ], [ -96.637727599868782, 32.923305130631071 ], [ -96.636905030272658, 32.923465888065088 ], [ -96.636067736470821, 32.923557867214129 ], [ -96.635223783983236, 32.923580182056135 ], [ -96.634381302519074, 32.923532617634969 ], [ -96.633548407606966, 32.923415632132681 ], [ -96.63273312236214, 32.923230352452485 ], [ -96.631943300147114, 32.922978563355962 ], [ -96.631186548873472, 32.922662690258761 ], [ -96.630470157676115, 32.922285775851243 ], [ -96.629801026668531, 32.921851450770539 ], [ -96.629185600457362, 32.921363898606877 ], [ -96.628629806057788, 32.920827815582413 ], [ -96.628138995808229, 32.920248365292181 ], [ -96.627717895834806, 32.919631128944388 ], [ -96.627370560560763, 32.918982051580045 ], [ -96.627100333698806, 32.91830738479139 ], [ -96.626909816099726, 32.917613626491828 ], [ -96.626800840765668, 32.91690745831793 ], [ -96.626774455266002, 32.916195681267823 ], [ -96.626830911722493, 32.915485150195529 ], [ -96.62696966445759, 32.914782707793115 ], [ -96.62718937532523, 32.914095118695869 ], [ -96.627487926670341, 32.913429004345758 ], [ -96.627862441788963, 32.912790779239167 ], [ -96.628309312689836, 32.91218658917299 ] ] ], [ [ [ -96.7303576179266, 32.936725394921979 ], [ -96.730872032429957, 32.93616063787637 ], [ -96.731449608356101, 32.935641116024804 ], [ -96.732084783204954, 32.935171831818778 ], [ -96.732771440157151, 32.934757303899474 ], [ -96.733502966972196, 32.934401523611996 ], [ -96.734272319643395, 32.934107916596993 ], [ -96.735072090197164, 32.933879309827248 ], [ -96.735894577985363, 32.933717904406521 ], [ -96.736731863786119, 32.933625254390954 ], [ -96.737575886001679, 32.933602251836831 ], [ -96.73841851822209, 32.933649118217694 ], [ -96.739251647410754, 32.933765402293716 ], [ -96.740067251961605, 32.93394998445293 ], [ -96.740857478879207, 32.934201087483572 ], [ -96.741614719341186, 32.934516293673752 ], [ -96.742331681917975, 32.934892568073984 ], [ -96.743001462746733, 32.935326287700477 ], [ -96.74361761198557, 32.935813276397539 ], [ -96.744174195909238, 32.936348845025648 ], [ -96.744665854049273, 32.936927836588509 ], [ -96.745087850828241, 32.937544675866164 ], [ -96.745436121190465, 32.938193423077287 ], [ -96.745707309789054, 32.938867831054822 ], [ -96.745898803350187, 32.93956140538576 ], [ -96.746008755900959, 32.940267466936454 ], [ -96.746036106615776, 32.940979216162283 ], [ -96.745980590106555, 32.941689798582722 ], [ -96.745842739054766, 32.94239237079163 ], [ -96.745623879157364, 32.943080166367324 ], [ -96.745326116431997, 32.943746561047085 ], [ -96.744952317000994, 32.944385136538322 ], [ -96.744506079546753, 32.944989742351467 ], [ -96.743991700700747, 32.945554555057647 ], [ -96.743414133698622, 32.946074134400298 ], [ -96.742778940697519, 32.946543475718443 ], [ -96.742092239214401, 32.946958058176222 ], [ -96.741360643201048, 32.94731388833258 ], [ -96.740591199323404, 32.947607538630493 ], [ -96.739791319060075, 32.947836180433782 ], [ -96.738968707275276, 32.947997611292394 ], [ -96.738131287955966, 32.948090276172636 ], [ -96.73728712783101, 32.948113282447011 ], [ -96.736444358610072, 32.948066408498889 ], [ -96.735611098594617, 32.947950105859022 ], [ -96.734795374418368, 32.947765494852753 ], [ -96.734005043673847, 32.947514353800365 ], [ -96.733247719173434, 32.947199101874993 ], [ -96.732530695576273, 32.946822775783595 ], [ -96.731860879090164, 32.946389000496502 ], [ -96.731244720927307, 32.94590195430839 ], [ -96.730688155155875, 32.945366328568149 ], [ -96.730196541546761, 32.94478728246682 ], [ -96.7297746139661, 32.944170393320263 ], [ -96.729426434810335, 32.943521602826266 ], [ -96.729155355921307, 32.942847159815159 ], [ -96.728963986356788, 32.942153560046343 ], [ -96.728854167324542, 32.941447483630959 ], [ -96.72882695451915, 32.940735730684928 ], [ -96.728882608028897, 32.940025155831705 ], [ -96.729020589907449, 32.939322602186635 ], [ -96.729239569430263, 32.938634835458011 ], [ -96.729537435982564, 32.937968478799981 ], [ -96.729911319451972, 32.937329949043971 ], [ -96.7303576179266, 32.936725394921979 ] ] ], [ [ [ -96.716428122983885, 32.958754895907546 ], [ -96.717005930979212, 32.958235442534871 ], [ -96.717641344395886, 32.957766233336898 ], [ -96.718328244117657, 32.957351786232657 ], [ -96.719060015566896, 32.956996091789428 ], [ -96.719829612381915, 32.956702574821414 ], [ -96.720629624238967, 32.956474061434626 ], [ -96.721452348167176, 32.956312751833835 ], [ -96.722289862671673, 32.956220199152746 ], [ -96.723134103953271, 32.956197294510467 ], [ -96.723976943493369, 32.956244258438019 ], [ -96.724810266259652, 32.956360638756159 ], [ -96.72562604878263, 32.956545314926259 ], [ -96.72641643635346, 32.956796508831282 ], [ -96.727173818603021, 32.95711180188399 ], [ -96.727890902736434, 32.957488158298375 ], [ -96.728560783720141, 32.957921954300616 ], [ -96.729177010747435, 32.958409012999226 ], [ -96.729733649343487, 32.958944644580249 ], [ -96.730225338512597, 32.959523691440786 ], [ -96.730647342377637, 32.960140577828007 ], [ -96.730995595813738, 32.9607893635065 ], [ -96.73126674363597, 32.961463800938368 ], [ -96.731458172962007, 32.962157395426559 ], [ -96.731568038436421, 32.962863467643004 ], [ -96.731595280071133, 32.963575217940019 ], [ -96.731539633527447, 32.964285791826576 ], [ -96.73140163273824, 32.964988345978497 ], [ -96.731182604841763, 32.965676114147868 ], [ -96.730884657472913, 32.966342472335853 ], [ -96.730510658531912, 32.966981002601358 ], [ -96.730064208622267, 32.967585554890427 ], [ -96.729549606421642, 32.9681503062899 ], [ -96.728971807316952, 32.96866981713378 ], [ -96.728336375701105, 32.969139083421076 ], [ -96.727649431389679, 32.969553585038874 ], [ -96.726917590673906, 32.969909329324985 ], [ -96.726147902577338, 32.970202889549711 ], [ -96.725347780931628, 32.970431437944747 ], [ -96.724524932926755, 32.970592772959996 ], [ -96.723687284825758, 32.970685340485097 ], [ -96.722842905561905, 32.970708248830384 ], [ -96.721999928956393, 32.970661277322677 ], [ -96.72116647530882, 32.970544878432406 ], [ -96.720350573118424, 32.970360173412004 ], [ -96.719560081692777, 32.97010894148719 ], [ -96.718802615392093, 32.969793602706261 ], [ -96.718085470241263, 32.969417194612468 ], [ -96.71741555361875, 32.968983342965757 ], [ -96.716799317700819, 32.96849622679597 ], [ -96.716242697303954, 32.967960538125602 ], [ -96.715751052724499, 32.967381436751481 ], [ -96.715329118125965, 32.966764500521393 ], [ -96.714980955971413, 32.966115671586188 ], [ -96.714709917937853, 32.965441199146063 ], [ -96.714518612688508, 32.964747579243401 ], [ -96.714408880810566, 32.964041492182979 ], [ -96.714381777158096, 32.9633297381829 ], [ -96.714437560767237, 32.962619171876547 ], [ -96.714575692437705, 32.961916636296735 ], [ -96.714794840001602, 32.961228896977673 ], [ -96.715092891225268, 32.960562576809494 ], [ -96.715466974217406, 32.959924092272217 ], [ -96.715913485144441, 32.959319591662521 ], [ -96.716428122983885, 32.958754895907546 ] ] ], [ [ [ -96.704399146257003, 32.980533281213575 ], [ -96.704977166937297, 32.980013885152268 ], [ -96.705612800379612, 32.979544738675486 ], [ -96.706299925349342, 32.979130359098598 ], [ -96.707031925100296, 32.978774736338806 ], [ -96.707801751073035, 32.978481294520371 ], [ -96.708601990737861, 32.978252859025901 ], [ -96.709424938931065, 32.978091629310349 ], [ -96.710262671999061, 32.97799915773836 ], [ -96.711107124038833, 32.97797633464824 ], [ -96.711950164503051, 32.978023379785711 ], [ -96.712783676425346, 32.978139840189698 ], [ -96.713599634515276, 32.978324594550323 ], [ -96.714390182373847, 32.978575863997563 ], [ -96.715147708088722, 32.978891229216622 ], [ -96.715864917483572, 32.979267653726403 ], [ -96.716534904318578, 32.979701513097062 ], [ -96.717151216767377, 32.980188629826642 ], [ -96.717707919532131, 32.980724313542026 ], [ -96.718199650998571, 32.981303406137961 ], [ -96.71862167488149, 32.98192033142076 ], [ -96.718969925862325, 32.982569148780073 ], [ -96.719241048778798, 32.983243610372625 ], [ -96.71943243098741, 32.983937221268313 ], [ -96.719542227585421, 32.984643301980761 ], [ -96.719569379246977, 32.98535505278025 ], [ -96.71951362249888, 32.986065619170589 ], [ -96.71937549233445, 32.986768157899739 ], [ -96.719156317137077, 32.987455902868227 ], [ -96.718858205959634, 32.988122230300604 ], [ -96.718484028279462, 32.988760722552051 ], [ -96.71803738642123, 32.989365229934805 ], [ -96.717522580911137, 32.989929929968312 ], [ -96.716944569094238, 32.990449383481533 ], [ -96.716308917412348, 32.990918587025909 ], [ -96.715621747801094, 32.991333021093027 ], [ -96.714889678722102, 32.99168869367162 ], [ -96.714119761399104, 32.991982178722949 ], [ -96.713319411872334, 32.992210649202946 ], [ -96.712496339527434, 32.992371904312215 ], [ -96.711658472789054, 32.992464390710275 ], [ -96.71081388269711, 32.992487217488986 ], [ -96.709970705104197, 32.992440164760936 ], [ -96.709137062246441, 32.992323685778864 ], [ -96.70832098444609, 32.992138902566609 ], [ -96.707530332702504, 32.991887595102988 ], [ -96.706772722920306, 32.991572184163658 ], [ -96.706055452506462, 32.991195707986776 ], [ -96.705385430045723, 32.99076179298774 ], [ -96.704769108733515, 32.990274618806239 ], [ -96.704212424208322, 32.989738878023246 ], [ -96.703720737383435, 32.989159730937082 ], [ -96.70329878282854, 32.988542755835482 ], [ -96.70295062319795, 32.987893895243296 ], [ -96.70267961014342, 32.987219398665204 ], [ -96.702488352086519, 32.986525762375784 ], [ -96.702378689158877, 32.985819666837301 ], [ -96.702351675549494, 32.985107912349243 ], [ -96.702407569426285, 32.984397353549468 ], [ -96.702545830526176, 32.983694833398388 ], [ -96.702765125433984, 32.983007117281517 ], [ -96.703063340496428, 32.982340827865542 ], [ -96.703437602243923, 32.981702381334337 ], [ -96.70388430512115, 32.981097925618705 ], [ -96.704399146257003, 32.980533281213575 ] ] ], [ [ [ -96.742936594210207, 32.992333149462944 ], [ -96.743451251575848, 32.991768344684445 ], [ -96.744029116459828, 32.991248768379108 ], [ -96.744664623578629, 32.990779423523655 ], [ -96.745351652912746, 32.990364829343996 ], [ -96.746083588635841, 32.990008977824075 ], [ -96.746853382804048, 32.989715295290978 ], [ -96.747653623193187, 32.989486609445301 ], [ -96.74847660463206, 32.989325122152593 ], [ -96.749314403146727, 32.989232388257612 ], [ -96.750158952203961, 32.989209300624474 ], [ -96.751002120322553, 32.989256081545918 ], [ -96.751835789307421, 32.989372280604812 ], [ -96.752651932356471, 32.989556779007579 ], [ -96.753442691290672, 32.989807800348515 ], [ -96.754200452166202, 32.990122927701762 ], [ -96.754917918543569, 32.990499126876429 ], [ -96.75558818170957, 32.9909327756124 ], [ -96.756204787178206, 32.991419698435941 ], [ -96.756761796831185, 32.991955206841169 ], [ -96.75725384610017, 32.992534144411067 ], [ -96.757676195640556, 32.993150936445019 ], [ -96.758024776998582, 32.993799643616136 ], [ -96.758296231830982, 32.994474019142537 ], [ -96.758487944298267, 32.995167568923463 ], [ -96.758598066317333, 32.995873614061551 ], [ -96.758625535428209, 32.996585355170204 ], [ -96.758570085100104, 32.997295937847248 ], [ -96.7584322473746, 32.997998518684376 ], [ -96.758213347817829, 32.998686331177218 ], [ -96.757915492826939, 32.999352750900648 ], [ -96.757541549410647, 32.999991359321598 ], [ -96.757095117636069, 33.000596005634023 ], [ -96.756580496004617, 33.001160866019816 ], [ -96.756002640088951, 33.001680499763935 ], [ -96.755367114827976, 33.002149901682316 ], [ -96.754680040938354, 33.002564550356126 ], [ -96.753948035958672, 33.002920451707297 ], [ -96.753178150494321, 33.003214177493696 ], [ -96.752377800277927, 33.003442898352553 ], [ -96.751554694701241, 33.003604411072814 ], [ -96.750716762508816, 33.003697159832484 ], [ -96.749872075370988, 33.003720251196306 ], [ -96.74902877007537, 33.003673462728045 ], [ -96.748194970088662, 33.003557245134957 ], [ -96.747378707247265, 33.003372717922829 ], [ -96.746587844333803, 33.003121658604492 ], [ -96.745829999287892, 33.002806485565308 ], [ -96.745112471783742, 33.00243023475177 ], [ -96.744442172883566, 33.001996530408519 ], [ -96.743825558446616, 33.001509550146189 ], [ -96.743268566935811, 33.000973984678019 ], [ -96.742776562222332, 33.000394992613977 ], [ -96.742354281938518, 32.999778150748774 ], [ -96.74200579187665, 32.999129400324342 ], [ -96.741734446871519, 32.998454989784754 ], [ -96.741542858542033, 32.997761414576281 ], [ -96.741432870200725, 32.997055354573497 ], [ -96.741405539170444, 32.996343609734204 ], [ -96.741461126675574, 32.995633034603948 ], [ -96.741599095402918, 32.994930472301007 ], [ -96.741818114752022, 32.994242688617533 ], [ -96.742116073722201, 32.993576306871482 ], [ -96.742490101308832, 32.992937744136498 ], [ -96.742936594210207, 32.992333149462944 ] ] ], [ [ [ -96.696589303595886, 32.997472884495544 ], [ -96.69716748070077, 32.99695352589616 ], [ -96.697803277157348, 32.996484420368915 ], [ -96.698490570161425, 32.996070084835004 ], [ -96.699222741349118, 32.995714508787771 ], [ -96.699992740510595, 32.995421115901827 ], [ -96.70079315344897, 32.995192731088842 ], [ -96.701616273332633, 32.995031553315847 ], [ -96.702454174855291, 32.994939134447492 ], [ -96.703298790492454, 32.994916364314719 ], [ -96.704141988122032, 32.994963462153365 ], [ -96.70497564926481, 32.995079974494871 ], [ -96.705791747193871, 32.995264779529279 ], [ -96.706582424164012, 32.995516097898445 ], [ -96.707340067019857, 32.995831509816512 ], [ -96.708057380457177, 32.996207978352409 ], [ -96.708727457234218, 32.996641878652227 ], [ -96.709343844658378, 32.997129032819615 ], [ -96.709900606709468, 32.997664750120727 ], [ -96.710392381201927, 32.998243872126572 ], [ -96.710814431435594, 32.998860822359994 ], [ -96.711162691837529, 32.999509659970137 ], [ -96.711433807153995, 33.000184136918399 ], [ -96.711625164813896, 33.000877758126585 ], [ -96.711734920150107, 33.001583844008785 ], [ -96.711762014233301, 33.002295594785302 ], [ -96.711706184144063, 33.003006155960037 ], [ -96.711567965581253, 33.003708684331123 ], [ -96.711348687778994, 33.004396413898746 ], [ -96.711050460777784, 33.00506272103582 ], [ -96.710676155170049, 33.00570118829301 ], [ -96.710229374512224, 33.006305666223355 ], [ -96.70971442066714, 33.006870332630143 ], [ -96.709136252408513, 33.007389748666341 ], [ -96.708500437685018, 33.007858911244512 ], [ -96.707813100002824, 33.00827330125103 ], [ -96.707080859442755, 33.00862892709921 ], [ -96.706608531074792, 33.008808904383464 ], [ -96.706650355628113, 33.008835984477727 ], [ -96.707266816537015, 33.009323148049134 ], [ -96.707823642719873, 33.00985887367316 ], [ -96.708315471373311, 33.010438002840537 ], [ -96.708737565275356, 33.011054959004952 ], [ -96.709085858432189, 33.011703801258257 ], [ -96.709356995274163, 33.012378281517044 ], [ -96.709548363022407, 33.013071904671079 ], [ -96.709658116912124, 33.013777991115596 ], [ -96.709685198027358, 33.014489741065404 ], [ -96.709629343573027, 33.015200300032397 ], [ -96.709491089482114, 33.015902824835855 ], [ -96.709271765330399, 33.016590549510397 ], [ -96.708973481604332, 33.017256850476123 ], [ -96.708680484254785, 33.017756533408914 ], [ -96.708918451967691, 33.018199815971542 ], [ -96.709189607434723, 33.018874295939526 ], [ -96.709380987917214, 33.019567918676088 ], [ -96.709490748527415, 33.020274004580493 ], [ -96.709517830284383, 33.020985753872722 ], [ -96.70946197038657, 33.021696312070944 ], [ -96.709323704819084, 33.022398836001898 ], [ -96.709104363267954, 33.023086559708631 ], [ -96.708806056386933, 33.023752859620537 ], [ -96.708431655537154, 33.024391318358056 ], [ -96.707984765191824, 33.024995786556438 ], [ -96.707469688269853, 33.025560442112912 ], [ -96.706891384730127, 33.026079846285135 ], [ -96.706255423824174, 33.026548996100217 ], [ -96.70556793046616, 33.026963372567657 ], [ -96.70508386922701, 33.027198404541529 ], [ -96.705651279088798, 33.027496106945776 ], [ -96.706321580979136, 33.027930018161953 ], [ -96.706938173088858, 33.028417181958851 ], [ -96.707495117426546, 33.028952907509534 ], [ -96.707987050050804, 33.029532036305028 ], [ -96.708409232738092, 33.030148991802541 ], [ -96.708757598639053, 33.030797833100003 ], [ -96.709028791482936, 33.031472312123007 ], [ -96.709220197950842, 33.032165933773122 ], [ -96.7093299729043, 33.032872018459919 ], [ -96.70935705722367, 33.033583766415092 ], [ -96.709301188082136, 33.034294323169682 ], [ -96.709162901553313, 33.034996845564358 ], [ -96.708943527524511, 33.035684567656943 ], [ -96.708645176961824, 33.03635086589258 ], [ -96.708270721646613, 33.036989322907864 ], [ -96.707823766576297, 33.037593789354801 ], [ -96.707308615292845, 33.038158443147616 ], [ -96.706730228471159, 33.03867784556116 ], [ -96.706094176164797, 33.039146993639569 ], [ -96.705406584168244, 33.039561368409316 ], [ -96.704674075012051, 33.039916978430846 ], [ -96.703903704159529, 33.040210398268471 ], [ -96.703102892020382, 33.040438801506852 ], [ -96.702279352437415, 33.040599987994618 ], [ -96.701441018337178, 33.04069240505256 ], [ -96.700595965262707, 33.040715162440726 ], [ -96.699752333527584, 33.040668040940069 ], [ -96.698918249743684, 33.040551494465831 ], [ -96.698101748481506, 33.040366645691691 ], [ -96.697310694820317, 33.040115275227727 ], [ -96.696552708536771, 33.039799804456038 ], [ -96.69583509066473, 33.039423272190518 ], [ -96.695164753135842, 33.038989305386288 ], [ -96.694548152179934, 33.038502084181317 ], [ -96.693991226128389, 33.037966301608826 ], [ -96.693499338219866, 33.037387118368976 ], [ -96.693077224959509, 33.036770113096971 ], [ -96.692728950528632, 33.036121228607563 ], [ -96.692457867682833, 33.035446714635057 ], [ -96.692266585513877, 33.034753067620976 ], [ -96.692156944383484, 33.034046968130461 ], [ -96.692129998268527, 33.033335216500703 ], [ -96.692186004684714, 33.032624667341913 ], [ -96.692324422283065, 33.031922163521486 ], [ -96.6925439161393, 33.031234470267776 ], [ -96.69284237068247, 33.030568210027461 ], [ -96.693216910135291, 33.029929798703726 ], [ -96.69366392626695, 33.029325383888711 ], [ -96.694179113188952, 33.028760785683993 ], [ -96.694757508856824, 33.028241440678485 ], [ -96.695393542877056, 33.027772349621912 ], [ -96.696081090157875, 33.027358029296472 ], [ -96.696565176178567, 33.027123032273423 ], [ -96.69599779927691, 33.026825288513223 ], [ -96.695327556376625, 33.026391321737215 ], [ -96.69471104230071, 33.025904100387763 ], [ -96.694154194543771, 33.025368317499719 ], [ -96.693662375590549, 33.024789133776359 ], [ -96.693240321282303, 33.024172127857753 ], [ -96.692892095232878, 33.02352324256502 ], [ -96.692621049732367, 33.022848727640316 ], [ -96.692429793513242, 33.022155079534464 ], [ -96.692320166687892, 33.021448978823152 ], [ -96.692293223095959, 33.020737225855441 ], [ -96.692322220416571, 33.020369278750977 ], [ -96.691854492437159, 33.019919195780496 ], [ -96.691362718814801, 33.019340002509338 ], [ -96.690940706524245, 33.018722988298897 ], [ -96.690592518774736, 33.018074096050213 ], [ -96.690321507487582, 33.017399575572455 ], [ -96.690130281065933, 33.016705923369919 ], [ -96.690020679335362, 33.015999820057786 ], [ -96.689993755894093, 33.015288066010129 ], [ -96.690049768040268, 33.014577515860353 ], [ -96.690188174370491, 33.013875012485386 ], [ -96.690407640069878, 33.013187321109157 ], [ -96.690706049839307, 33.01252106416009 ], [ -96.691080528333401, 33.01188265750956 ], [ -96.691527467908983, 33.011278248704421 ], [ -96.692042563415228, 33.010713657788159 ], [ -96.692620853688354, 33.0101943212793 ], [ -96.693256769349986, 33.00972523984543 ], [ -96.693944186448206, 33.009310930175879 ], [ -96.694676485424381, 33.008955381515108 ], [ -96.695446614838431, 33.008662017274176 ], [ -96.696025922218496, 33.008496770552746 ], [ -96.696412071717774, 33.008264021058331 ], [ -96.697144352119423, 33.007908457848409 ], [ -96.697616694924079, 33.007728516393264 ], [ -96.697574873657942, 33.007701433264394 ], [ -96.696958477387511, 33.007214221660178 ], [ -96.696401733603338, 33.006678447308154 ], [ -96.695910003789024, 33.006099270829694 ], [ -96.695488022927719, 33.005482270795305 ], [ -96.695139853926449, 33.004833389969754 ], [ -96.694868848526482, 33.004158878052273 ], [ -96.694677615074866, 33.003465231464958 ], [ -96.694567993465498, 33.002759130769022 ], [ -96.694541037488634, 33.00204737631347 ], [ -96.694597004756361, 33.001336822735702 ], [ -96.694735354298089, 33.000634312945735 ], [ -96.694954751846296, 32.999946612229266 ], [ -96.695253082758668, 32.999280343104672 ], [ -96.695627472449587, 32.998641921560477 ], [ -96.69607431413128, 32.998037495286908 ], [ -96.696589303595886, 32.997472884495544 ] ] ], [ [ [ -96.659168508336805, 33.007907926609334 ], [ -96.659746973129344, 33.007388742379177 ], [ -96.660383042816093, 33.006919828435862 ], [ -96.661070591962982, 33.006505699855666 ], [ -96.661802999740843, 33.006150344139172 ], [ -96.662573213662768, 33.005857182839549 ], [ -96.663373817465043, 33.005629038638624 ], [ -96.664197102479093, 33.00546810818679 ], [ -96.665035141809454, 33.005375940967419 ], [ -96.665879866605266, 33.005353424388545 ], [ -96.666723143693744, 33.005400775244759 ], [ -96.667556853830675, 33.005517537631356 ], [ -96.668372969817341, 33.005702587330831 ], [ -96.669163633734314, 33.005954142629236 ], [ -96.669921232551332, 33.006269781459231 ], [ -96.670638471387448, 33.006646464704808 ], [ -96.671308443718289, 33.007080565444355 ], [ -96.671924697855886, 33.007567903851246 ], [ -96.672481299062269, 33.00810378741717 ], [ -96.672972886699441, 33.008683056111686 ], [ -96.673394725865265, 33.009300132044658 ], [ -96.673742753018047, 33.009949073154232 ], [ -96.674013615148951, 33.010623630404595 ], [ -96.674204702124001, 33.0113173079436 ], [ -96.674314171881846, 33.012023425642255 ], [ -96.674340968242632, 33.012735183413859 ], [ -96.674284831153585, 33.013445726694357 ], [ -96.674146299269921, 33.014148212453634 ], [ -96.673926704843154, 33.01483587510176 ], [ -96.673628160963403, 33.015502091655634 ], [ -96.673253541275372, 33.016140445537957 ], [ -96.672806452361115, 33.016744788393396 ], [ -96.672291199053191, 33.017309299325944 ], [ -96.671712743010573, 33.017828540985832 ], [ -96.671076654954859, 33.018297511965095 ], [ -96.670389061025986, 33.018711694995503 ], [ -96.669656583774085, 33.01906710048398 ], [ -96.668886278355899, 33.019360304964714 ], [ -96.668085564551319, 33.019588484096381 ], [ -96.667262155256211, 33.019749439886269 ], [ -96.666423982142121, 33.019841621877262 ], [ -96.665579119201155, 33.019864142093674 ], [ -96.664735704914889, 33.019816783601101 ], [ -96.663901863799992, 33.019700002597709 ], [ -96.663085628088623, 33.019514924016462 ], [ -96.662294860301131, 33.019263330681206 ], [ -96.661537177459465, 33.018947646120992 ], [ -96.660819877673589, 33.01857091120926 ], [ -96.660149869810155, 33.018136754853103 ], [ -96.659533606922622, 33.017649359016445 ], [ -96.658977024085218, 33.017113418414596 ], [ -96.658485481230045, 33.016534095269897 ], [ -96.658063711538247, 33.015916969564906 ], [ -96.657715775881726, 33.015267985274221 ], [ -96.657445023753127, 33.014593393093129 ], [ -96.65725406105912, 33.01389969021605 ], [ -96.657144725085004, 33.013193557745787 ], [ -96.657118066869373, 33.012481796336651 ], [ -96.657174341156207, 33.011771260692491 ], [ -96.657313004017837, 33.011068793549995 ], [ -96.657532718169321, 33.010381159783677 ], [ -96.657831365919591, 33.009714981266654 ], [ -96.658206069632257, 33.009076673114535 ], [ -96.658653219496287, 33.008472381925266 ], [ -96.659168508336805, 33.007907926609334 ] ] ] ] } }
]
}
