{"type": "FeatureCollection", "features": [{"type": "Feature", "geometry": {"type": "Point", "coordinates": [-96.77922, 32.6645]}, "properties": {"name": "CLIFF VIEW VILLAGE THREE", "address": "2628 SIMPSON STUART RD", "total_units": 27, "category": "other", "restricted_units": 27, "restricted_known": true, "source": "NHPD", "owner": "CLIFF VIEW VILLAGE III", "owner_type": "Non-Profit", "owner_class": "nonprofit_public", "owner_source": "NHPD OwnerType", "n_subsidies": 1, "earliest_end": "2045-03-31", "subsidies_json": "[{\"program\": \"Section 202 / 811 (PRAC)\", \"detail\": \"PRAC/202\", \"status\": \"Active\", \"units\": 27, \"start\": \"2024-04-01\", \"end\": \"2045-03-31\", \"restricts\": true, \"note\": null}]"}}, {"type": "Feature", "geometry": {"type": "Point", "coordinates": [-96.81521, 32.75339]}, "properties": {"name": "CHERBONAY AT MARSALIS", "address": "412 N Marsalis Ave", "total_units": 12, "category": "other", "restricted_units": 11, "restricted_known": true, "source": "NHPD", "owner": "CHERBONAY AT MARSALIS INDEPENDENT LIVING INC", "owner_type": "Non-Profit", "owner_class": "nonprofit_public", "owner_source": "NHPD OwnerType", "hud_id": "TXA19910365", "n_subsidies": 1, "earliest_end": "2046-06-30", "subsidies_json": "[{\"program\": \"Section 202 / 811 (PRAC)\", \"detail\": \"PRAC/811\", \"status\": \"Active\", \"units\": 11, \"start\": \"2025-07-01\", \"end\": \"2046-06-30\", \"restricts\": true, \"note\": null}]"}}, {"type": "Feature", "geometry": {"type": "Point", "coordinates": [-96.85081, 32.75048]}, "properties": {"name": "CASA TREVINO", "address": "1901 W Davis St", "total_units": 85, "category": "other", "restricted_units": 85, "restricted_known": true, "source": "NHPD", "owner": "Casa Trevino Elderly Apartments LP", "owner_type": "Profit Motivated", "owner_class": "for_profit", "owner_source": "NHPD OwnerType", "n_subsidies": 1, "earliest_end": "2040-07-31", "subsidies_json": "[{\"program\": \"Section 202 / 811 (PRAC)\", \"detail\": \"202/8 NC\", \"status\": \"Active\", \"units\": 85, \"start\": \"2020-08-01\", \"end\": \"2040-07-31\", \"restricts\": true, \"note\": null}]"}}, {"type": "Feature", "geometry": {"type": "Point", "coordinates": [-96.77648, 32.76436]}, "properties": {"name": "CORNERSTONE-ERVAY HOME PROJECT", "address": "1841 South Blvd", "total_units": 3, "category": "other", "restricted_units": 2, "restricted_known": true, "source": "NHPD", "owner": "CORNERSTONE COMMUNITY DEVELOPMENT", "owner_class": "unknown", "n_subsidies": 1, "earliest_end": "2032-02-29", "subsidies_json": "[{\"program\": \"HOME\", \"detail\": \"HOME\", \"status\": \"Active\", \"units\": 2, \"start\": \"2012-02-29\", \"end\": \"2032-02-29\", \"restricts\": true, \"note\": null}]"}}, {"type": "Feature", "geometry": {"type": "Point", "coordinates": [-96.77706, 32.75746]}, "properties": {"name": "COLEMAN HOMES PROJECT", "address": "1319 Coleman Ave", "total_units": 2, "category": "other", "restricted_units": 2, "restricted_known": true, "source": "NHPD", "owner": "FOREST HEIGHTS NDC", "owner_class": "unknown", "n_subsidies": 1, "earliest_end": "2031-10-06", "subsidies_json": "[{\"program\": \"HOME\", \"detail\": \"HOME\", \"status\": \"Active\", \"units\": 2, \"start\": \"2011-10-06\", \"end\": \"2031-10-06\", \"restricts\": true, \"note\": null}]"}}, {"type": "Feature", "geometry": {"type": "Point", "coordinates": [-96.73956, 32.77624]}, "properties": {"name": "FRAZIER COURT SDFP", "address": "4826 Spring Ave", "total_units": 9, "category": "other", "restricted_units": 9, "restricted_known": true, "source": "NHPD", "owner": "INNERCITY DEVELOPMENT CORP", "owner_class": "unknown", "n_subsidies": 1, "earliest_end": "2032-10-17", "subsidies_json": "[{\"program\": \"HOME\", \"detail\": \"HOME\", \"status\": \"Active\", \"units\": 9, \"start\": \"2012-10-17\", \"end\": \"2032-10-17\", \"restricts\": true, \"note\": null}]"}}, {"type": "Feature", "geometry": {"type": "Point", "coordinates": [-96.76955, 32.7712]}, "properties": {"name": "SOUTHFAIR FAIR PARK ESTATES PHASE III", "address": "2823 Thomas Tolbert Blvd", "total_units": 6, "category": "other", "restricted_units": 6, "restricted_known": true, "source": "NHPD", "owner": "SOUTHFAIR COMMUNITY DEVELOPMENT COR", "owner_class": "unknown", "n_subsidies": 1, "earliest_end": "2032-10-09", "subsidies_json": "[{\"program\": \"HOME\", \"detail\": \"HOME\", \"status\": \"Active\", \"units\": 6, \"start\": \"2012-10-09\", \"end\": \"2032-10-09\", \"restricts\": true, \"note\": null}]"}}, {"type": "Feature", "geometry": {"type": "Point", "coordinates": [-96.769, 32.77113]}, "properties": {"name": "FAIR PARK ESTATES PHASE I & II", "address": "2828 Thomas Tolbert Blvd", "total_units": 9, "category": "other", "restricted_units": 9, "restricted_known": true, "source": "NHPD", "owner": "SOUTHFAIR COMMUNITY DEVELOPMENT COR", "owner_class": "unknown", "n_subsidies": 1, "earliest_end": "2032-05-21", "subsidies_json": "[{\"program\": \"HOME\", \"detail\": \"HOME\", \"status\": \"Active\", \"units\": 9, \"start\": \"2012-05-21\", \"end\": \"2032-05-21\", \"restricts\": true, \"note\": null}]"}}, {"type": "Feature", "geometry": {"type": "Point", "coordinates": [-96.7699, 32.77089]}, "properties": {"name": "SOUTHFAIR FAIR PARK ESTATES PHASE IV", "address": "2811 Thomas Tolbert Blvd", "total_units": 6, "category": "other", "restricted_units": 6, "restricted_known": true, "source": "NHPD", "owner": "SOUTHFAIR", "owner_class": "unknown", "n_subsidies": 1, "earliest_end": "2037-01-31", "subsidies_json": "[{\"program\": \"HOME\", \"detail\": \"HOME\", \"status\": \"Active\", \"units\": 6, \"start\": \"2017-01-31\", \"end\": \"2037-01-31\", \"restricts\": true, \"note\": null}]"}}, {"type": "Feature", "geometry": {"type": "Point", "coordinates": [-96.69596, 32.71422]}, "properties": {"name": "RIDGE AT TRINITY APARTMENTS", "address": "7203 Great Trinity Forest Way", "total_units": 232, "category": "other", "restricted_units": 143, "restricted_known": true, "source": "NHPD", "owner": "DM Ridge Trinity Ltd", "owner_type": "Profit Motivated", "owner_class": "for_profit", "owner_source": "NHPD OwnerType", "n_subsidies": 1, "earliest_end": "2042-02-28", "subsidies_json": "[{\"program\": \"Project-based Section 8\", \"detail\": \"LMSA\", \"status\": \"Active\", \"units\": 143, \"start\": \"2022-03-01\", \"end\": \"2042-02-28\", \"restricts\": true, \"note\": null}]"}}, {"type": "Feature", "geometry": {"type": "Point", "coordinates": [-96.76503, 32.92851]}, "properties": {"name": "IRIS PLACE", "address": "13321 Emily Rd", "total_units": 18, "category": "other", "restricted_units": 18, "restricted_known": true, "source": "NHPD", "owner": "Plan Homes Inc.", "owner_type": "Non-Profit", "owner_class": "nonprofit_public", "owner_source": "NHPD OwnerType", "n_subsidies": 1, "earliest_end": "2039-07-31", "subsidies_json": "[{\"program\": \"Section 202 / 811 (PRAC)\", \"detail\": \"PRAC/811\", \"status\": \"Active\", \"units\": 18, \"start\": \"2025-08-01\", \"end\": \"2039-07-31\", \"restricts\": true, \"note\": null}]"}}, {"type": "Feature", "geometry": {"type": "Point", "coordinates": [-96.7826, 32.66242]}, "properties": {"name": "CLIFF VIEW VILLAGE", "address": "2424 Simpson Stuart Rd", "total_units": 28, "category": "other", "restricted_units": 28, "restricted_known": true, "source": "NHPD", "owner": "Cliff View Village Inc.", "owner_type": "Non-Profit", "owner_class": "nonprofit_public", "owner_source": "NHPD OwnerType", "n_subsidies": 1, "earliest_end": "2037-09-30", "subsidies_json": "[{\"program\": \"Section 202 / 811 (PRAC)\", \"detail\": \"PRAC/202\", \"status\": \"Active\", \"units\": 28, \"start\": \"2024-10-01\", \"end\": \"2037-09-30\", \"restricts\": true, \"note\": null}]"}}, {"type": "Feature", "geometry": {"type": "Point", "coordinates": [-96.78163, 32.66386]}, "properties": {"name": "CLIFF VIEW VILLAGE II", "address": "2425 SIMPSON STUART RD", "total_units": 27, "category": "other", "restricted_units": 27, "restricted_known": true, "source": "NHPD", "owner": "Cliff View Village II Incorporated", "owner_type": "Non-Profit", "owner_class": "nonprofit_public", "owner_source": "NHPD OwnerType", "n_subsidies": 1, "earliest_end": "2045-09-30", "subsidies_json": "[{\"program\": \"Section 202 / 811 (PRAC)\", \"detail\": \"PRAC/202\", \"status\": \"Active\", \"units\": 27, \"start\": \"2023-10-01\", \"end\": \"2045-09-30\", \"restricts\": true, \"note\": null}]"}}, {"type": "Feature", "geometry": {"type": "Point", "coordinates": [-96.77183, 32.77384]}, "properties": {"name": "AYA SENIOR VILLAGE", "address": "2607 Jeffries St", "total_units": 30, "category": "other", "restricted_units": 29, "restricted_known": true, "source": "NHPD", "owner": "AYA Senior Development Inc.", "owner_type": "Non-Profit", "owner_class": "nonprofit_public", "owner_source": "NHPD OwnerType", "n_subsidies": 1, "earliest_end": "2042-08-31", "subsidies_json": "[{\"program\": \"Section 202 / 811 (PRAC)\", \"detail\": \"PRAC/202\", \"status\": \"Active\", \"units\": 29, \"start\": \"2025-09-01\", \"end\": \"2042-08-31\", \"restricts\": true, \"note\": null}]"}}, {"type": "Feature", "geometry": {"type": "Point", "coordinates": [-96.78052, 32.71754]}, "properties": {"name": "PYTHIAN MANOR APARTMENTS HAP", "address": "2719 E Illinois Ave", "total_units": 76, "category": "lihtc", "restricted_units": 76, "restricted_known": true, "source": "NHPD", "award_year": 2019, "owner": "STEELE PYTHIAN LP", "owner_type": "Profit Motivated", "owner_class": "for_profit", "owner_source": "NHPD OwnerType", "hud_id": "TXA20202771", "lihtc_units": 76, "pop_served": "Elderly", "tdhca_num": "19420", "n_subsidies": 2, "earliest_end": "2039-09-30", "subsidies_json": "[{\"program\": \"LIHTC\", \"detail\": \"4% Tax Credit\", \"status\": \"Active\", \"units\": 76, \"start\": \"2020-01-01\", \"end\": \"2049-12-31\", \"restricts\": true, \"note\": null}, {\"program\": \"Project-based Section 8\", \"detail\": \"LMSA\", \"status\": \"Active\", \"units\": 75, \"start\": \"2019-10-01\", \"end\": \"2039-09-30\", \"restricts\": true, \"note\": null}]"}}, {"type": "Feature", "geometry": {"type": "Point", "coordinates": [-96.87316, 32.78498]}, "properties": {"name": "MABEL MESHACK WHITE MANOR", "address": "3260 Bickers St", "total_units": 65, "category": "other", "restricted_units": 64, "restricted_known": true, "source": "NHPD", "owner": "Hampton Supportive Housing Inc.", "owner_type": "Non-Profit", "owner_class": "nonprofit_public", "owner_source": "NHPD OwnerType", "n_subsidies": 1, "earliest_end": "2043-08-31", "subsidies_json": "[{\"program\": \"Section 202 / 811 (PRAC)\", \"detail\": \"PRAC/202\", \"status\": \"Active\", \"units\": 64, \"start\": \"2023-09-01\", \"end\": \"2043-08-31\", \"restricts\": true, \"note\": null}]"}}, {"type": "Feature", "geometry": {"type": "Point", "coordinates": [-96.82657, 32.73835]}, "properties": {"name": "NOTRE DAME COURT", "address": "801 S Madison Ave Apt 138", "total_units": 68, "category": "other", "restricted_units": 68, "restricted_known": true, "source": "NHPD", "owner": "NOTRE DAME COURT INC", "owner_type": "Non-Profit", "owner_class": "nonprofit_public", "owner_source": "NHPD OwnerType", "n_subsidies": 1, "earliest_end": "2050-05-31", "subsidies_json": "[{\"program\": \"Section 202 / 811 (PRAC)\", \"detail\": \"PRAC/202\", \"status\": \"Active\", \"units\": 68, \"start\": \"2023-06-01\", \"end\": \"2050-05-31\", \"restricts\": true, \"note\": null}]"}}, {"type": "Feature", "geometry": {"type": "Point", "coordinates": [-96.75311, 32.8034]}, "properties": {"name": "FOWLER CHRISTIAN APARTMENTS II PRAC 202", "address": "105 Juliette Fowler St", "total_units": 145, "category": "other", "restricted_units": 145, "restricted_known": true, "source": "NHPD", "owner": "Fowler Christian Apartments II", "owner_type": "Non-Profit", "owner_class": "nonprofit_public", "owner_source": "NHPD OwnerType", "n_subsidies": 2, "earliest_end": "2038-01-31", "subsidies_json": "[{\"program\": \"Section 202 / 811 (PRAC)\", \"detail\": \"202/8 NC\", \"status\": \"Active\", \"units\": 145, \"start\": \"2018-02-01\", \"end\": \"2038-01-31\", \"restricts\": true, \"note\": null}, {\"program\": \"Section 202 / 811 (PRAC)\", \"detail\": \"PRAC/202\", \"status\": \"Active\", \"units\": 20, \"start\": \"2024-08-01\", \"end\": \"2044-07-31\", \"restricts\": true, \"note\": null}, {\"program\": \"HUD-insured mortgage\", \"detail\": \"207/ 223(F) PUR/ REFIN HSG\", \"status\": \"Active\", \"units\": 145, \"start\": \"2018-03-01\", \"end\": \"2053-02-01\", \"restricts\": false, \"note\": null}, {\"program\": \"HUD-insured mortgage (2nd)\", \"detail\": \"221(D)(4) MKT RATE MOD INC/ DISP FAMS\", \"status\": \"Active\", \"units\": 144, \"start\": \"2023-03-01\", \"end\": \"2063-02-01\", \"restricts\": false, \"note\": null}]"}}, {"type": "Feature", "geometry": {"type": "Point", "coordinates": [-96.89285, 32.70766]}, "properties": {"name": "FRIENDSHIP TOWER", "address": "3033 S Cockrell Hill Rd", "total_units": 151, "category": "other", "restricted_units": 150, "restricted_known": true, "source": "NHPD", "owner": "FRIENDSHIP TOWER DALLAS LLC", "owner_type": "For Profit", "owner_class": "for_profit", "owner_source": "NHPD OwnerType", "n_subsidies": 1, "earliest_end": "2042-10-31", "subsidies_json": "[{\"program\": \"Section 202 / 811 (PRAC)\", \"detail\": \"202/8 NC\", \"status\": \"Active\", \"units\": 150, \"start\": \"2022-11-01\", \"end\": \"2042-10-31\", \"restricts\": true, \"note\": null}]"}}, {"type": "Feature", "geometry": {"type": "Point", "coordinates": [-96.77203, 32.80658]}, "properties": {"name": "PARADISE GARDENS", "address": "1500 N Garrett Ave", "total_units": 114, "category": "lihtc", "restricted_units": 113, "restricted_known": true, "source": "NHPD", "award_year": 2024, "owner": "LIH Paradise Gardens Preservation LP", "owner_type": "For Profit", "owner_class": "for_profit", "owner_source": "NHPD OwnerType", "lihtc_units": 113, "pop_served": "Elderly", "tdhca_num": "24487", "n_subsidies": 2, "earliest_end": "2045-02-28", "subsidies_json": "[{\"program\": \"Project-based Section 8\", \"detail\": \"Sec 8 NC\", \"status\": \"Active\", \"units\": 23, \"start\": \"2025-03-01\", \"end\": \"2045-02-28\", \"restricts\": true, \"note\": null}, {\"program\": \"HUD-insured mortgage\", \"detail\": \"542(B)QPE RISK SHARING-EXISTING\", \"status\": \"Active\", \"units\": 114, \"start\": \"2025-04-01\", \"end\": \"2041-03-01\", \"restricts\": false, \"note\": null}, {\"program\": \"LIHTC\", \"detail\": \"4%HTC\", \"status\": \"Active (TDHCA)\", \"units\": 113, \"start\": null, \"end\": null, \"restricts\": true, \"note\": \"TDHCA award; no expiration date published\"}]"}}, {"type": "Feature", "geometry": {"type": "Point", "coordinates": [-96.70345, 32.91458]}, "properties": {"name": "NORTHGATE VILLAGE APARTMENTS", "address": "12303 Plano Rd", "total_units": 168, "category": "lihtc", "restricted_units": 168, "restricted_known": true, "source": "NHPD", "award_year": 2019, "owner": "NORTHGATE PRESERVATION LP", "owner_type": "Profit Motivated", "owner_class": "for_profit", "owner_source": "NHPD OwnerType", "hud_id": "TXA20202763", "lihtc_units": 168, "pop_served": "General", "tdhca_num": "19603", "n_subsidies": 2, "earliest_end": "2039-06-30", "subsidies_json": "[{\"program\": \"LIHTC\", \"detail\": \"4% Tax Credit\", \"status\": \"Active\", \"units\": 168, \"start\": \"2020-01-01\", \"end\": \"2050-01-01\", \"restricts\": true, \"note\": null}, {\"program\": \"Project-based Section 8\", \"detail\": \"Sec 8 NC\", \"status\": \"Active\", \"units\": 168, \"start\": \"2019-07-01\", \"end\": \"2039-06-30\", \"restricts\": true, \"note\": null}]"}}, {"type": "Feature", "geometry": {"type": "Point", "coordinates": [-96.77926, 32.79261]}, "properties": {"name": "DICKINSON PLACE APARTMENTS", "address": "911 Saint Joseph St", "total_units": 166, "category": "other", "restricted_units": 116, "restricted_known": true, "source": "NHPD", "owner": "DICKINSON PLACE CHARITABLE CORP", "owner_type": "Non-Profit", "owner_class": "nonprofit_public", "owner_source": "NHPD OwnerType", "n_subsidies": 1, "earliest_end": "2035-07-31", "subsidies_json": "[{\"program\": \"Project-based Section 8\", \"detail\": \"LMSA\", \"status\": \"Active\", \"units\": 116, \"start\": \"2015-08-01\", \"end\": \"2035-07-31\", \"restricts\": true, \"note\": null}]"}}, {"type": "Feature", "geometry": {"type": "Point", "coordinates": [-96.76256, 32.67488]}, "properties": {"name": "ESTELLE VILLAGE", "address": "5969 Highland Village Dr", "total_units": 300, "category": "lihtc", "restricted_units": 300, "restricted_known": true, "source": "NHPD", "award_year": 2022, "owner": "ESTELLE COMMUNITY PARTNERS LP", "owner_type": "Profit Motivated", "owner_class": "for_profit", "owner_source": "NHPD OwnerType", "hud_id": "TXA20230823", "lihtc_units": 300, "pop_served": "General", "tdhca_num": "22408", "n_subsidies": 2, "earliest_end": "2043-11-30", "subsidies_json": "[{\"program\": \"LIHTC\", \"detail\": \"4% Tax Credit\", \"status\": \"Active\", \"units\": 300, \"start\": \"2023-01-01\", \"end\": \"2053-01-01\", \"restricts\": true, \"note\": null}, {\"program\": \"Project-based Section 8\", \"detail\": \"PD/8 Existing\", \"status\": \"Active\", \"units\": 296, \"start\": \"2023-12-01\", \"end\": \"2043-11-30\", \"restricts\": true, \"note\": null}]"}}, {"type": "Feature", "geometry": {"type": "Point", "coordinates": [-96.91343, 32.76937]}, "properties": {"name": "COLONIA TEPEYAC APARTMENTS", "address": "5880 Bernal Dr", "total_units": 280, "category": "other", "restricted_units": 280, "restricted_known": true, "source": "NHPD", "owner": "Colonia Tepeyac Ltd", "owner_type": "Profit Motivated", "owner_class": "for_profit", "owner_source": "NHPD OwnerType", "n_subsidies": 1, "earliest_end": "2036-11-30", "subsidies_json": "[{\"program\": \"Project-based Section 8\", \"detail\": \"LMSA\", \"status\": \"Active\", \"units\": 280, \"start\": \"2016-12-01\", \"end\": \"2036-11-30\", \"restricts\": true, \"note\": null}]"}}, {"type": "Feature", "geometry": {"type": "Point", "coordinates": [-96.66946, 32.84546]}, "properties": {"name": "SILVER GARDENS APARTMENTS", "address": "2620 Ruidosa Ave", "total_units": 202, "category": "lihtc", "restricted_units": 202, "restricted_known": true, "source": "NHPD", "award_year": 2017, "owner": "Dallas Leased Housing Associates IV LLP", "owner_type": "For Profit", "owner_class": "for_profit", "owner_source": "NHPD OwnerType", "hud_id": "TXA0000X176", "lihtc_units": 202, "pop_served": "Elderly Preference", "tdhca_num": "17414", "n_subsidies": 3, "earliest_end": "2031-09-30", "subsidies_json": "[{\"program\": \"LIHTC\", \"detail\": \"4% Tax Credit\", \"status\": \"Active\", \"units\": 202, \"start\": \"2019-01-01\", \"end\": \"2047-12-31\", \"restricts\": true, \"note\": null}, {\"program\": \"Section 202 / 811 (PRAC)\", \"detail\": \"202/8 NC\", \"status\": \"Active\", \"units\": 200, \"start\": \"2019-11-01\", \"end\": \"2039-10-31\", \"restricts\": true, \"note\": null}, {\"program\": \"Section 202 / 811 (PRAC)\", \"detail\": \"202/8 NC\", \"status\": \"Inconclusive\", \"units\": 80, \"start\": \"2006-10-01\", \"end\": \"2031-09-30\", \"restricts\": true, \"note\": \"Missing from Subsequent Updates\"}]"}}, {"type": "Feature", "geometry": {"type": "Point", "coordinates": [-96.7631, 32.71376]}, "properties": {"name": "ROYAL CREST", "address": "3558 Wilhurt Ave", "total_units": 168, "category": "lihtc", "restricted_units": 167, "restricted_known": true, "source": "NHPD", "award_year": 2024, "owner": "Royal Crest Preservation LLC", "owner_type": "Profit Motivated", "owner_class": "for_profit", "owner_source": "NHPD OwnerType", "lihtc_units": 167, "pop_served": "General", "tdhca_num": "24411", "n_subsidies": 2, "earliest_end": "2045-07-31", "subsidies_json": "[{\"program\": \"Project-based Section 8\", \"detail\": \"PD/8 Existing\", \"status\": \"Active\", \"units\": 167, \"start\": \"2025-08-01\", \"end\": \"2045-07-31\", \"restricts\": true, \"note\": null}, {\"program\": \"LIHTC\", \"detail\": \"4%HTC\", \"status\": \"Active (TDHCA)\", \"units\": 167, \"start\": null, \"end\": null, \"restricts\": true, \"note\": \"TDHCA award; no expiration date published\"}]"}}, {"type": "Feature", "geometry": {"type": "Point", "coordinates": [-96.8078, 32.7954]}, "properties": {"name": "PEOPLES SAINT JAMES", "address": "2820 McKinnon St", "total_units": 200, "category": "lihtc", "restricted_units": 200, "restricted_known": true, "source": "NHPD", "owner": "STEELE SAINT JAMES PEOPLES LLC", "owner_type": "For Profit", "owner_class": "for_profit", "owner_source": "NHPD OwnerType", "n_subsidies": 3, "earliest_end": "2028-08-31", "subsidies_json": "[{\"program\": \"LIHTC\", \"detail\": \"4% Tax Credit\", \"status\": \"Active\", \"units\": 100, \"start\": \"2016-01-01\", \"end\": \"2047-12-31\", \"restricts\": true, \"note\": null}, {\"program\": \"Project-based Section 8\", \"detail\": \"LMSA\", \"status\": \"Active\", \"units\": 200, \"start\": \"2020-05-01\", \"end\": \"2040-04-30\", \"restricts\": true, \"note\": null}, {\"program\": \"Project-based Section 8 (2nd)\", \"detail\": \"LMSA\", \"status\": \"Inconclusive\", \"units\": 100, \"start\": \"2008-09-01\", \"end\": \"2028-08-31\", \"restricts\": true, \"note\": \"Missing from Subsequent Updates\"}]"}}, {"type": "Feature", "geometry": {"type": "Point", "coordinates": [-96.66403, 32.74956]}, "properties": {"name": "PRAIRIE CREEK VILLAGE APARTMENTS223F", "address": "9215 Bruton Rd", "total_units": 120, "category": "other", "restricted_units": 119, "restricted_known": true, "source": "NHPD", "owner": "Dallas VOA Elderly Housing Inc.", "owner_type": "Non-Profit", "owner_class": "nonprofit_public", "owner_source": "NHPD OwnerType", "n_subsidies": 1, "earliest_end": "2034-05-31", "subsidies_json": "[{\"program\": \"Section 202 / 811 (PRAC)\", \"detail\": \"202/8 NC\", \"status\": \"Active\", \"units\": 119, \"start\": \"2014-06-01\", \"end\": \"2034-05-31\", \"restricts\": true, \"note\": null}, {\"program\": \"HUD-insured mortgage\", \"detail\": \"207/ 223(F) PUR/ REFIN HSG\", \"status\": \"Active\", \"units\": 120, \"start\": \"2014-06-01\", \"end\": \"2049-05-01\", \"restricts\": false, \"note\": null}]"}}, {"type": "Feature", "geometry": {"type": "Point", "coordinates": [-96.68653, 32.80824]}, "properties": {"name": "LAKELAND MANOR", "address": "3105 Peavy Rd", "total_units": 172, "category": "other", "restricted_units": 172, "restricted_known": true, "source": "NHPD", "owner": "LAKELAND MANOR LLC", "owner_type": "Profit Motivated", "owner_class": "for_profit", "owner_source": "NHPD OwnerType", "n_subsidies": 1, "earliest_end": "2043-04-30", "subsidies_json": "[{\"program\": \"Project-based Section 8\", \"detail\": \"Sec 8 NC\", \"status\": \"Active\", \"units\": 172, \"start\": \"2023-05-01\", \"end\": \"2043-04-30\", \"restricts\": true, \"note\": null}]"}}, {"type": "Feature", "geometry": {"type": "Point", "coordinates": [-96.68571, 32.77069]}, "properties": {"name": "GREATER BETHLEHEM PLAZA", "address": "7835 Military Pkwy", "total_units": 30, "category": "other", "restricted_units": 30, "restricted_known": true, "source": "NHPD", "owner": "NBC-USA Housing Inc. 20", "owner_type": "Non-Profit", "owner_class": "nonprofit_public", "owner_source": "NHPD OwnerType", "n_subsidies": 1, "earliest_end": "2038-08-31", "subsidies_json": "[{\"program\": \"Section 202 / 811 (PRAC)\", \"detail\": \"202/8 NC\", \"status\": \"Active\", \"units\": 30, \"start\": \"2018-09-01\", \"end\": \"2038-08-31\", \"restricts\": true, \"note\": null}, {\"program\": \"HUD-insured mortgage\", \"detail\": \"207/ 223(F) PUR/ REFIN HSG\", \"status\": \"Active\", \"units\": 30, \"start\": \"2018-12-01\", \"end\": \"2053-11-01\", \"restricts\": false, \"note\": null}]"}}, {"type": "Feature", "geometry": {"type": "Point", "coordinates": [-96.91629, 32.741]}, "properties": {"name": "FAIRWAY VILLAGE", "address": "526 Cold Town Ln", "total_units": 250, "category": "lihtc", "restricted_units": 250, "restricted_known": true, "source": "NHPD", "owner": "Ridgecrest Terrace LP", "owner_type": "Profit Motivated", "owner_class": "for_profit", "owner_source": "NHPD OwnerType", "n_subsidies": 2, "earliest_end": "2040-12-31", "subsidies_json": "[{\"program\": \"LIHTC\", \"detail\": \"4% Tax Credit\", \"status\": \"Active\", \"units\": 250, \"start\": \"2021-01-01\", \"end\": \"2051-01-01\", \"restricts\": true, \"note\": null}, {\"program\": \"Project-based Section 8\", \"detail\": \"LMSA\", \"status\": \"Active\", \"units\": 246, \"start\": \"2021-01-01\", \"end\": \"2040-12-31\", \"restricts\": true, \"note\": null}]"}}, {"type": "Feature", "geometry": {"type": "Point", "coordinates": [-96.75417, 32.7847]}, "properties": {"name": "CALDWELL HOUSE", "address": "1323 Caldwell St", "total_units": 6, "category": "other", "restricted_units": 6, "restricted_known": true, "source": "NHPD", "owner": "LIFENET 1323 CALDWELL CORPORATION", "owner_type": "Non-Profit", "owner_class": "nonprofit_public", "owner_source": "NHPD OwnerType", "n_subsidies": 1, "earliest_end": "2042-10-31", "subsidies_json": "[{\"program\": \"Section 202 / 811 (PRAC)\", \"detail\": \"PRAC/811\", \"status\": \"Active\", \"units\": 6, \"start\": \"2025-11-01\", \"end\": \"2042-10-31\", \"restricts\": true, \"note\": null}]"}}, {"type": "Feature", "geometry": {"type": "Point", "coordinates": [-96.66778, 32.81184]}, "properties": {"name": "SHILOH VILLAGE APARTMENTS", "address": "8702 Shiloh Rd", "total_units": 168, "category": "lihtc", "restricted_units": 168, "restricted_known": true, "source": "NHPD", "award_year": 2004, "owner": "SHILOH VILLAGE PRESERVATION LP", "owner_type": "For Profit", "owner_class": "for_profit", "owner_source": "NHPD OwnerType", "hud_id": "TXA20050325", "lihtc_units": 168, "pop_served": "General", "tdhca_num": "04147", "n_subsidies": 3, "earliest_end": "2041-04-30", "subsidies_json": "[{\"program\": \"LIHTC\", \"detail\": \"4% Tax Credit\", \"status\": \"Active\", \"units\": 168, \"start\": \"2005-01-01\", \"end\": \"2046-12-31\", \"restricts\": true, \"note\": null}, {\"program\": \"Project-based Section 8\", \"detail\": \"Sec 8 NC\", \"status\": \"Active\", \"units\": 168, \"start\": \"2021-05-01\", \"end\": \"2041-04-30\", \"restricts\": true, \"note\": null}, {\"program\": \"LIHTC\", \"detail\": \"4%HTC\", \"status\": \"Active (TDHCA)\", \"units\": 0, \"start\": null, \"end\": null, \"restricts\": true, \"note\": \"TDHCA award; no expiration date published\"}]"}}, {"type": "Feature", "geometry": {"type": "Point", "coordinates": [-96.69669, 32.74102]}, "properties": {"name": "UMPHRESS TERRACE", "address": "7242 Umphress Rd", "total_units": 54, "category": "other", "restricted_units": 53, "restricted_known": true, "source": "NHPD", "owner": "Umphress Terrace", "owner_type": "Non-Profit", "owner_class": "nonprofit_public", "owner_source": "NHPD OwnerType", "n_subsidies": 1, "earliest_end": "2049-01-31", "subsidies_json": "[{\"program\": \"Section 202 / 811 (PRAC)\", \"detail\": \"PRAC/202\", \"status\": \"Active\", \"units\": 53, \"start\": \"2023-02-01\", \"end\": \"2049-01-31\", \"restricts\": true, \"note\": null}]"}}, {"type": "Feature", "geometry": {"type": "Point", "coordinates": [-96.74938, 32.90831]}, "properties": {"name": "FOREST GREEN MANOR", "address": "9730 Shepherd Rd", "total_units": 252, "category": "other", "restricted_units": 252, "restricted_known": true, "source": "NHPD", "owner": "FOREST GREEN LLC", "owner_type": "Profit Motivated", "owner_class": "for_profit", "owner_source": "NHPD OwnerType", "n_subsidies": 1, "earliest_end": "2043-04-30", "subsidies_json": "[{\"program\": \"Project-based Section 8\", \"detail\": \"Sec 8 NC\", \"status\": \"Active\", \"units\": 252, \"start\": \"2023-05-01\", \"end\": \"2043-04-30\", \"restricts\": true, \"note\": null}]"}}, {"type": "Feature", "geometry": {"type": "Point", "coordinates": [-96.64826, 32.73311]}, "properties": {"name": "SUMMIT AT MIRASOL APARTMENTS", "address": "1226 N Masters Dr", "total_units": 100, "category": "other", "restricted_units": 100, "restricted_known": true, "source": "NHPD", "owner": "TXMA LP", "owner_type": "Profit Motivated", "owner_class": "for_profit", "owner_source": "NHPD OwnerType", "n_subsidies": 1, "earliest_end": "2031-05-31", "subsidies_json": "[{\"program\": \"Project-based Section 8\", \"detail\": \"LMSA\", \"status\": \"Active\", \"units\": 100, \"start\": \"2017-11-01\", \"end\": \"2031-05-31\", \"restricts\": true, \"note\": null}]"}}, {"type": "Feature", "geometry": {"type": "Point", "coordinates": [-96.77646, 32.80906]}, "properties": {"name": "VILLA SANTA MARIA", "address": "1830 Bennett Ave", "total_units": 68, "category": "other", "restricted_units": 48, "restricted_known": true, "source": "NHPD", "owner": "Villa Santa Maria Inc.", "owner_type": "Non-Profit", "owner_class": "nonprofit_public", "owner_source": "NHPD OwnerType", "n_subsidies": 1, "earliest_end": "2029-08-31", "subsidies_json": "[{\"program\": \"Project-based Section 8\", \"detail\": \"PD/8 Existing\", \"status\": \"Active\", \"units\": 48, \"start\": \"2024-09-01\", \"end\": \"2029-08-31\", \"restricts\": true, \"note\": null}]"}}, {"type": "Feature", "geometry": {"type": "Point", "coordinates": [-96.81874, 32.69957]}, "properties": {"name": "MADISON POINT APARTMENTS DALLAS", "address": "220 E Overton Rd", "total_units": 176, "category": "lihtc", "restricted_units": 140, "restricted_known": true, "source": "NHPD", "award_year": 2002, "owner": "PICERNE REAL ESTATE GROUP", "owner_type": "For Profit", "owner_class": "for_profit", "owner_source": "NHPD OwnerType", "hud_id": "TXA20040180", "lihtc_units": 140, "pop_served": "General", "tdhca_num": "02149", "n_subsidies": 1, "earliest_end": "2034-01-01", "subsidies_json": "[{\"program\": \"LIHTC\", \"detail\": \"9% Tax Credit\", \"status\": \"Active\", \"units\": 140, \"start\": \"2004-01-01\", \"end\": \"2034-01-01\", \"restricts\": true, \"note\": null}]"}}, {"type": "Feature", "geometry": {"type": "Point", "coordinates": [-96.88269, 32.65171]}, "properties": {"name": "CEDAR RIDGE APARTMENTS DALLAS", "address": "7905 Marvin D Love Fwy", "total_units": 192, "category": "lihtc", "restricted_units": 192, "restricted_known": true, "source": "NHPD", "owner": "CARLETON-CEDAR RIDGE LP", "owner_type": "For Profit", "owner_class": "for_profit", "owner_source": "NHPD OwnerType", "hud_id": "TXA19940060", "n_subsidies": 1, "earliest_end": "2024-01-01", "subsidies_json": "[{\"program\": \"LIHTC\", \"detail\": null, \"status\": \"Inconclusive\", \"units\": 192, \"start\": \"1994-01-01\", \"end\": \"2024-01-01\", \"restricts\": true, \"note\": \"End Date Passed\"}]"}}, {"type": "Feature", "geometry": {"type": "Point", "coordinates": [-96.77614, 32.80019]}, "properties": {"name": "PRINCE OF WALES", "address": "4515 Live Oak St", "total_units": 50, "category": "other", "restricted_units": 50, "restricted_known": true, "source": "NHPD", "owner": "PRINCE OF WALES PARTNERSHIP", "owner_type": "For Profit", "owner_class": "for_profit", "owner_source": "NHPD OwnerType", "hud_id": "TXA19940240", "n_subsidies": 1, "subsidies_json": "[{\"program\": \"Section 8 Moderate Rehab\", \"detail\": \"Mod Rehab\", \"status\": \"Active\", \"units\": 50, \"start\": null, \"end\": null, \"restricts\": true, \"note\": null}]"}}, {"type": "Feature", "geometry": {"type": "Point", "coordinates": [-96.86044, 33.00995]}, "properties": {"name": "FOUNTAINS OF ROSEMEADE", "address": "3440 E Rosemeade Pkwy", "total_units": 382, "category": "lihtc", "restricted_units": 382, "restricted_known": true, "source": "NHPD", "award_year": 1993, "owner": "NORSTAR FOUNTAINS OF ROSEMEADE LLC", "owner_type": "Multiple", "owner_class": "for_profit", "owner_source": "HUD LIHTC non_prof (sponsor)", "hud_id": "TXA19950385", "lihtc_units": 379, "pop_served": "General", "tdhca_num": "93155", "n_subsidies": 1, "earliest_end": "2025-01-01", "subsidies_json": "[{\"program\": \"LIHTC\", \"detail\": \"9% Tax Credit\", \"status\": \"Inconclusive\", \"units\": 382, \"start\": \"1995-01-01\", \"end\": \"2025-01-01\", \"restricts\": true, \"note\": \"End Date Passed\"}]"}}, {"type": "Feature", "geometry": {"type": "Point", "coordinates": [-96.88998, 32.6665]}, "properties": {"name": "WOODGLEN PARK I", "address": "6800 S Cockrell Hill Rd", "total_units": 112, "category": "lihtc", "restricted_units": 112, "restricted_known": true, "source": "NHPD", "award_year": 1993, "owner": "DALCOR", "owner_type": "Multiple", "owner_class": "nonprofit_public", "owner_source": "HUD LIHTC non_prof (sponsor)", "hud_id": "TXA19950500", "lihtc_units": 112, "pop_served": "General", "tdhca_num": "93199", "n_subsidies": 2, "earliest_end": "2025-01-01", "subsidies_json": "[{\"program\": \"LIHTC\", \"detail\": \"9% Tax Credit\", \"status\": \"Inconclusive\", \"units\": 112, \"start\": \"1995-01-01\", \"end\": \"2025-01-01\", \"restricts\": true, \"note\": \"End Date Passed\"}, {\"program\": \"LIHTC\", \"detail\": \"4%HTC\", \"status\": \"Active (TDHCA)\", \"units\": 0, \"start\": null, \"end\": null, \"restricts\": true, \"note\": \"TDHCA award; no expiration date published\"}]"}}, {"type": "Feature", "geometry": {"type": "Point", "coordinates": [-96.87287, 32.65792]}, "properties": {"name": "PARK AT CLIFF CREEK", "address": "7310 Marvin D Love Fwy", "total_units": 280, "category": "lihtc", "restricted_units": 280, "restricted_known": true, "source": "NHPD", "award_year": 1995, "owner": "RIVERSIDE CCF/CB PARTNERS LP", "owner_type": "For Profit", "owner_class": "for_profit", "owner_source": "NHPD OwnerType", "hud_id": "TXA19960190", "lihtc_units": 280, "pop_served": "General", "tdhca_num": "95003", "n_subsidies": 2, "earliest_end": "2026-01-01", "subsidies_json": "[{\"program\": \"LIHTC\", \"detail\": \"9% Tax Credit\", \"status\": \"Inconclusive\", \"units\": 280, \"start\": \"1996-01-01\", \"end\": \"2026-01-01\", \"restricts\": true, \"note\": \"End Date Passed\"}, {\"program\": \"PFC / HFC\", \"detail\": \"Dallas Housing Finance Corporation\", \"status\": \"Active\", \"units\": 280, \"start\": null, \"end\": null, \"restricts\": true, \"note\": \"Property-tax exemption; no statutory expiration\"}]"}}, {"type": "Feature", "geometry": {"type": "Point", "coordinates": [-96.74858, 32.85887]}, "properties": {"name": "WILLOW POND APARTMENTS", "address": "6003 Abrams Rd Apt 1023", "total_units": 386, "category": "lihtc", "restricted_units": 386, "restricted_known": true, "source": "NHPD", "award_year": 1994, "owner": "DALLAS", "owner_type": "For Profit", "owner_class": "for_profit", "owner_source": "NHPD OwnerType", "hud_id": "TXA19960225", "lihtc_units": 386, "pop_served": "General", "tdhca_num": "94039", "n_subsidies": 2, "earliest_end": "2026-01-01", "subsidies_json": "[{\"program\": \"LIHTC\", \"detail\": \"9% Tax Credit\", \"status\": \"Inconclusive\", \"units\": 386, \"start\": \"1996-01-01\", \"end\": \"2026-01-01\", \"restricts\": true, \"note\": \"End Date Passed\"}, {\"program\": \"LIHTC\", \"detail\": \"9%HTC\", \"status\": \"Active (TDHCA)\", \"units\": 386, \"start\": null, \"end\": null, \"restricts\": true, \"note\": \"TDHCA award; no expiration date published\"}]"}}, {"type": "Feature", "geometry": {"type": "Point", "coordinates": [-96.71654, 32.8014]}, "properties": {"name": "ENCHANTED HILLS", "address": "7802 Villa Cliff Dr", "total_units": 229, "category": "lihtc", "restricted_units": 229, "restricted_known": true, "source": "NHPD", "award_year": 1995, "owner": "ENCHANTED HILLS LP", "owner_type": "For Profit", "owner_class": "for_profit", "owner_source": "NHPD OwnerType", "hud_id": "TXA19970055", "lihtc_units": 229, "pop_served": "General", "tdhca_num": "95004", "n_subsidies": 1, "earliest_end": "2027-12-31", "subsidies_json": "[{\"program\": \"LIHTC\", \"detail\": \"9% Tax Credit\", \"status\": \"Active\", \"units\": 229, \"start\": \"1997-01-01\", \"end\": \"2027-12-31\", \"restricts\": true, \"note\": null}]"}}, {"type": "Feature", "geometry": {"type": "Point", "coordinates": [-96.71567, 32.71424]}, "properties": {"name": "LAS LOMAS APARTMENTS", "address": "6161 Trail Glen Dr Apt 170", "total_units": 230, "category": "lihtc", "restricted_units": 138, "restricted_known": true, "source": "NHPD", "award_year": 1996, "owner": "LAS LOMAS ASSOC LTD", "owner_type": "For Profit", "owner_class": "for_profit", "owner_source": "NHPD OwnerType", "hud_id": "TXA19980115", "lihtc_units": 138, "pop_served": "General", "tdhca_num": "96143", "n_subsidies": 2, "earliest_end": "2028-01-01", "subsidies_json": "[{\"program\": \"LIHTC\", \"detail\": \"9% Tax Credit\", \"status\": \"Active\", \"units\": 138, \"start\": \"1998-01-01\", \"end\": \"2028-01-01\", \"restricts\": true, \"note\": null}, {\"program\": \"Project-based voucher\", \"detail\": \"Project Based Vouchers\", \"status\": \"Active\", \"units\": 15, \"start\": null, \"end\": null, \"restricts\": true, \"note\": null}]"}}, {"type": "Feature", "geometry": {"type": "Point", "coordinates": [-96.78569, 32.81268]}, "properties": {"name": "BIRCHWOOD APARTMENTS", "address": "4829 Coles Manor Pl", "total_units": 293, "category": "lihtc", "restricted_units": 293, "restricted_known": true, "source": "NHPD", "award_year": 1996, "owner": "TEXAS BIRCHWOOD APTS LP", "owner_type": "For Profit", "owner_class": "for_profit", "owner_source": "NHPD OwnerType", "hud_id": "TXA19970180", "lihtc_units": 276, "pop_served": "General", "tdhca_num": "96015", "n_subsidies": 2, "earliest_end": "2027-01-01", "subsidies_json": "[{\"program\": \"LIHTC\", \"detail\": \"4% and 9% Tax Credit\", \"status\": \"Active\", \"units\": 293, \"start\": \"1997-01-01\", \"end\": \"2027-01-01\", \"restricts\": true, \"note\": null}, {\"program\": \"Project-based voucher\", \"detail\": \"Project Based Vouchers\", \"status\": \"Active\", \"units\": 11, \"start\": null, \"end\": null, \"restricts\": true, \"note\": null}]"}}, {"type": "Feature", "geometry": {"type": "Point", "coordinates": [-96.76298, 32.69206]}, "properties": {"name": "VILLAS OF SORRENTO", "address": "3130 Stag Rd", "total_units": 245, "category": "lihtc", "restricted_units": 245, "restricted_known": true, "source": "NHPD", "award_year": 1996, "owner": "THE VILLAS OF SORRENTO A NEVADA LP", "owner_type": "For Profit", "owner_class": "for_profit", "owner_source": "NHPD OwnerType", "hud_id": "TXA19970195", "lihtc_units": 245, "pop_served": "General", "tdhca_num": "96177", "n_subsidies": 1, "earliest_end": "2027-01-01", "subsidies_json": "[{\"program\": \"LIHTC\", \"detail\": \"9% Tax Credit\", \"status\": \"Active\", \"units\": 245, \"start\": \"1997-01-01\", \"end\": \"2027-01-01\", \"restricts\": true, \"note\": null}]"}}, {"type": "Feature", "geometry": {"type": "Point", "coordinates": [-96.75583, 32.93595]}, "properties": {"name": "WATERFORD AT GOLDMARK", "address": "13695 Goldmark Dr", "total_units": 220, "category": "lihtc", "restricted_units": 220, "restricted_known": true, "source": "NHPD", "award_year": 2024, "owner": "MYERS M DEVELOPMENT INC", "owner_type": "For Profit", "owner_class": "for_profit", "owner_source": "NHPD OwnerType", "hud_id": "TXA19970200", "lihtc_units": 220, "pop_served": "Elderly", "tdhca_num": "24438", "n_subsidies": 2, "earliest_end": "2056-12-31", "subsidies_json": "[{\"program\": \"LIHTC\", \"detail\": \"9% Tax Credit\", \"status\": \"Active\", \"units\": 165, \"start\": \"1997-01-01\", \"end\": \"2056-12-31\", \"restricts\": true, \"note\": \"Superseded: a new 2024 TDHCA award resyndicated this property, so the 2027 expiration on the 1997 allocation no longer governs. Estimated 2024 + 32 yr.\", \"imputed\": true}, {\"program\": \"LIHTC\", \"detail\": \"9%HTC\", \"status\": \"Active (TDHCA)\", \"units\": 0, \"start\": null, \"end\": null, \"restricts\": true, \"note\": \"TDHCA award; no expiration date published\"}]"}}, {"type": "Feature", "geometry": {"type": "Point", "coordinates": [-96.88844, 32.70669]}, "properties": {"name": "COLUMBIA LUXAR TOWNHOMES", "address": "3120 Guadalupe Ave", "total_units": 125, "category": "lihtc", "restricted_units": 125, "restricted_known": true, "source": "NHPD", "award_year": 1997, "owner": "COLUMBIA RESIDENTIAL", "owner_type": "For Profit", "owner_class": "for_profit", "owner_source": "NHPD OwnerType", "hud_id": "TXA19990035", "lihtc_units": 120, "pop_served": "General", "tdhca_num": "97167", "n_subsidies": 1, "earliest_end": "2039-12-31", "subsidies_json": "[{\"program\": \"LIHTC\", \"detail\": \"9% Tax Credit\", \"status\": \"Active\", \"units\": 125, \"start\": \"1999-01-01\", \"end\": \"2039-12-31\", \"restricts\": true, \"note\": null}]"}}, {"type": "Feature", "geometry": {"type": "Point", "coordinates": [-96.78823, 32.80229]}, "properties": {"name": "TREYMORE CITY PLACE", "address": "2101 N Haskell Ave", "total_units": 180, "category": "lihtc", "restricted_units": 72, "restricted_known": true, "source": "NHPD", "award_year": 1995, "owner": "NORTHMARQ FINANCE LLC", "owner_type": "For Profit", "owner_class": "for_profit", "owner_source": "NHPD OwnerType", "hud_id": "TXA19970210", "lihtc_units": 72, "pop_served": "General", "tdhca_num": "95045", "n_subsidies": 1, "earliest_end": "2027-01-01", "subsidies_json": "[{\"program\": \"LIHTC\", \"detail\": \"9% Tax Credit\", \"status\": \"Active\", \"units\": 72, \"start\": \"1997-01-01\", \"end\": \"2027-01-01\", \"restricts\": true, \"note\": null}, {\"program\": \"HUD-insured mortgage\", \"detail\": \"207/ 223(F) PUR/ REFIN HSG\", \"status\": \"Active\", \"units\": 180, \"start\": \"2021-07-01\", \"end\": \"2056-06-01\", \"restricts\": false, \"note\": null}]"}}, {"type": "Feature", "geometry": {"type": "Point", "coordinates": [-96.75427, 32.93726]}, "properties": {"name": "TUSCANY AT GOLDMARK", "address": "13731 Goldmark Dr", "total_units": 184, "category": "lihtc", "restricted_units": 138, "restricted_known": true, "source": "NHPD", "award_year": 1997, "owner": "MYERS M DEVELOPMENT INC", "owner_type": "For Profit", "owner_class": "for_profit", "owner_source": "NHPD OwnerType", "hud_id": "TXA19990205", "lihtc_units": 138, "pop_served": "Elderly", "tdhca_num": "97028", "n_subsidies": 1, "earliest_end": "2029-01-01", "subsidies_json": "[{\"program\": \"LIHTC\", \"detail\": \"9% Tax Credit\", \"status\": \"Active\", \"units\": 138, \"start\": \"1999-01-01\", \"end\": \"2029-01-01\", \"restricts\": true, \"note\": null}]"}}, {"type": "Feature", "geometry": {"type": "Point", "coordinates": [-96.86729, 32.81787]}, "properties": {"name": "PEGASUS VILLAS SENIOR LIVING", "address": "7200 N Stemmons Fwy Apt 1302", "total_units": 156, "category": "lihtc", "restricted_units": 124, "restricted_known": true, "source": "NHPD", "award_year": 2003, "owner": "PEGASUS VILLAS LTD", "owner_type": "For Profit", "owner_class": "for_profit", "owner_source": "NHPD OwnerType", "lihtc_units": 124, "pop_served": "Elderly", "tdhca_num": "03184", "n_subsidies": 2, "earliest_end": "2035-01-01", "subsidies_json": "[{\"program\": \"LIHTC\", \"detail\": \"9% Tax Credit\", \"status\": \"Active\", \"units\": 124, \"start\": \"2005-01-01\", \"end\": \"2035-01-01\", \"restricts\": true, \"note\": null}, {\"program\": \"HUD-insured mortgage\", \"detail\": \"207/ 223(F) PUR/ REFIN HSG\", \"status\": \"Active\", \"units\": 156, \"start\": \"2023-11-01\", \"end\": \"2058-10-01\", \"restricts\": false, \"note\": null}, {\"program\": \"LIHTC\", \"detail\": \"9%HTC\", \"status\": \"Active (TDHCA)\", \"units\": 124, \"start\": null, \"end\": null, \"restricts\": true, \"note\": \"TDHCA award; no expiration date published\"}]"}}, {"type": "Feature", "geometry": {"type": "Point", "coordinates": [-96.76844, 32.67537]}, "properties": {"name": "TERRACE AT HIGHLAND HILLS", "address": "3100 Persimmon Rd", "total_units": 300, "category": "lihtc", "restricted_units": 300, "restricted_known": true, "source": "NHPD", "award_year": 2023, "owner": "PERSIMMON TOWNHOMES LTD", "owner_type": "For Profit", "owner_class": "for_profit", "owner_source": "NHPD OwnerType", "hud_id": "TXA0000X904", "lihtc_units": 300, "pop_served": "General", "tdhca_num": "23609", "n_subsidies": 2, "earliest_end": "2040-12-31", "subsidies_json": "[{\"program\": \"LIHTC\", \"detail\": \"9% Tax Credit\", \"status\": \"Active\", \"units\": 135, \"start\": \"2000-01-01\", \"end\": \"2040-12-31\", \"restricts\": true, \"note\": null}, {\"program\": \"LIHTC (2nd allocation)\", \"detail\": \"4% Tax Credit\", \"status\": \"Active\", \"units\": 300, \"start\": \"2025-01-01\", \"end\": \"2055-01-01\", \"restricts\": true, \"note\": null}]"}}, {"type": "Feature", "geometry": {"type": "Point", "coordinates": [-96.75964, 32.69936]}, "properties": {"name": "OAKWOOD PLACE APARTMENTS", "address": "4950 Wadsworth Dr", "total_units": 206, "category": "lihtc", "restricted_units": 155, "restricted_known": true, "source": "NHPD", "award_year": 1999, "owner": "WADSWORTH APTS LTD", "owner_class": "unknown", "hud_id": "TXA20000100", "lihtc_units": 155, "pop_served": "General", "tdhca_num": "99001", "n_subsidies": 1, "earliest_end": "2030-01-01", "subsidies_json": "[{\"program\": \"LIHTC\", \"detail\": \"9% Tax Credit\", \"status\": \"Active\", \"units\": 155, \"start\": \"2000-01-01\", \"end\": \"2030-01-01\", \"restricts\": true, \"note\": null}]"}}, {"type": "Feature", "geometry": {"type": "Point", "coordinates": [-96.85642, 32.77883]}, "properties": {"name": "ROSEMONT AT LAKEWEST ARBOR WOODS", "address": "3000 N Hampton Rd", "total_units": 151, "category": "lihtc", "restricted_units": 120, "restricted_known": true, "source": "NHPD", "award_year": 2003, "owner": "PINNACLE FAMILY OF COMPANIES - TEXAS OFFICE", "owner_type": "For Profit", "owner_class": "for_profit", "owner_source": "NHPD OwnerType", "hud_id": "TXA20050310", "lihtc_units": 120, "pop_served": "General", "tdhca_num": "03004", "n_subsidies": 1, "earliest_end": "2035-01-01", "subsidies_json": "[{\"program\": \"LIHTC\", \"detail\": \"9% Tax Credit\", \"status\": \"Active\", \"units\": 120, \"start\": \"2005-01-01\", \"end\": \"2035-01-01\", \"restricts\": true, \"note\": null}]"}}, {"type": "Feature", "geometry": {"type": "Point", "coordinates": [-96.67501, 32.77327]}, "properties": {"name": "SPHINX AT DELAFIELD VILLAS", "address": "4101 Delafield Ln", "total_units": 205, "category": "lihtc", "restricted_units": 204, "restricted_known": true, "source": "NHPD", "award_year": 2004, "owner": "SPHINX DEVELOPMENT CORP", "owner_type": "For Profit", "owner_class": "for_profit", "owner_source": "NHPD OwnerType", "hud_id": "TXA20050340", "lihtc_units": 204, "pop_served": "General", "tdhca_num": "04419", "n_subsidies": 1, "earliest_end": "2035-01-01", "subsidies_json": "[{\"program\": \"LIHTC\", \"detail\": \"4% Tax Credit\", \"status\": \"Active\", \"units\": 204, \"start\": \"2005-01-01\", \"end\": \"2035-01-01\", \"restricts\": true, \"note\": null}]"}}, {"type": "Feature", "geometry": {"type": "Point", "coordinates": [-96.64793, 32.73145]}, "properties": {"name": "CRAWFORD PARK", "address": "1180 N Masters Dr", "total_units": 144, "category": "lihtc", "restricted_units": 144, "restricted_known": true, "source": "NHPD", "award_year": 2004, "owner": "PC Crawford Park LLC", "owner_type": "For Profit", "owner_class": "for_profit", "owner_source": "NHPD OwnerType", "hud_id": "TXA19950145", "lihtc_units": 144, "pop_served": "General", "tdhca_num": "04425", "n_subsidies": 2, "earliest_end": "2035-01-01", "subsidies_json": "[{\"program\": \"LIHTC\", \"detail\": \"4% Tax Credit\", \"status\": \"Active\", \"units\": 144, \"start\": \"2005-01-01\", \"end\": \"2035-01-01\", \"restricts\": true, \"note\": null}, {\"program\": \"Section 202 / 811 (PRAC)\", \"detail\": \"811 PRA DEMO\", \"status\": \"Active\", \"units\": 10, \"start\": \"2018-12-01\", \"end\": \"2038-11-30\", \"restricts\": true, \"note\": null}]"}}, {"type": "Feature", "geometry": {"type": "Point", "coordinates": [-96.76822, 32.77314]}, "properties": {"name": "EBAN VILLAGE II", "address": "3011 Park Row Ave", "total_units": 220, "category": "lihtc", "restricted_units": 165, "restricted_known": true, "source": "NHPD", "award_year": 1999, "owner": "EBAN VILLAGE II LTD", "owner_type": "For Profit", "owner_class": "for_profit", "owner_source": "NHPD OwnerType", "hud_id": "TXA20010060", "lihtc_units": 165, "pop_served": "General", "tdhca_num": "99022", "n_subsidies": 1, "earliest_end": "2031-01-01", "subsidies_json": "[{\"program\": \"LIHTC\", \"detail\": \"9% Tax Credit\", \"status\": \"Active\", \"units\": 165, \"start\": \"2001-01-01\", \"end\": \"2031-01-01\", \"restricts\": true, \"note\": null}]"}}, {"type": "Feature", "geometry": {"type": "Point", "coordinates": [-96.85856, 32.71298]}, "properties": {"name": "PRIMROSE OAKS", "address": "2999 S Hampton Rd", "total_units": 250, "category": "lihtc", "restricted_units": 250, "restricted_known": true, "source": "NHPD", "owner": "PINNACLE FAMILY OF COMPANIES - TEXAS OFFICE", "owner_type": "For Profit", "owner_class": "for_profit", "owner_source": "NHPD OwnerType", "hud_id": "TXA20010135", "n_subsidies": 1, "earliest_end": "2031-01-01", "subsidies_json": "[{\"program\": \"LIHTC\", \"detail\": \"4% Tax Credit\", \"status\": \"Active\", \"units\": 250, \"start\": \"2001-01-01\", \"end\": \"2031-01-01\", \"restricts\": true, \"note\": null}]"}}, {"type": "Feature", "geometry": {"type": "Point", "coordinates": [-96.6694, 32.80922]}, "properties": {"name": "TREYMORE EASTFIELD", "address": "2631 John West Rd", "total_units": 196, "category": "lihtc", "restricted_units": 150, "restricted_known": true, "source": "NHPD", "award_year": 1999, "owner": "CARLETON - LA PRADA LTD", "owner_type": "For Profit", "owner_class": "for_profit", "owner_source": "NHPD OwnerType", "hud_id": "TXA20010230", "lihtc_units": 150, "pop_served": "General", "tdhca_num": "99151", "n_subsidies": 2, "earliest_end": "2031-01-01", "subsidies_json": "[{\"program\": \"LIHTC\", \"detail\": \"9% Tax Credit\", \"status\": \"Active\", \"units\": 150, \"start\": \"2001-01-01\", \"end\": \"2031-01-01\", \"restricts\": true, \"note\": null}, {\"program\": \"LIHTC\", \"detail\": \"9%HTC\", \"status\": \"Active (TDHCA)\", \"units\": 150, \"start\": null, \"end\": null, \"restricts\": true, \"note\": \"TDHCA award; no expiration date published\"}]"}}, {"type": "Feature", "geometry": {"type": "Point", "coordinates": [-96.71689, 32.80205]}, "properties": {"name": "PRIMROSE AT HIGHLAND MEADOWS", "address": "2100 Highland Rd", "total_units": 150, "category": "lihtc", "restricted_units": 120, "restricted_known": true, "source": "NHPD", "award_year": 2004, "owner": "PINNACLE FAMILY OF COMPANIES - TEXAS OFFICE", "owner_type": "Non-Profit", "owner_class": "nonprofit_public", "owner_source": "NHPD OwnerType", "hud_id": "TXA20060200", "lihtc_units": 0, "pop_served": "Elderly", "tdhca_num": "04222", "n_subsidies": 2, "earliest_end": "2036-01-01", "subsidies_json": "[{\"program\": \"LIHTC\", \"detail\": \"9% Tax Credit\", \"status\": \"Active\", \"units\": 120, \"start\": \"2006-01-01\", \"end\": \"2036-01-01\", \"restricts\": true, \"note\": null}, {\"program\": \"LIHTC\", \"detail\": \"9%HTC\", \"status\": \"Active (TDHCA)\", \"units\": 0, \"start\": null, \"end\": null, \"restricts\": true, \"note\": \"TDHCA award; no expiration date published\"}]"}}, {"type": "Feature", "geometry": {"type": "Point", "coordinates": [-96.65123, 32.76376]}, "properties": {"name": "ROSEMONT AT SIERRA VISTA SCYENE", "address": "9901 Scyene Rd", "total_units": 250, "category": "lihtc", "restricted_units": 250, "restricted_known": true, "source": "NHPD", "award_year": 2004, "owner": "PINNACLE FAMILY OF COMPANIES - TEXAS OFFICE", "owner_class": "unknown", "hud_id": "TXA20060330", "lihtc_units": 250, "pop_served": "General", "tdhca_num": "04482", "n_subsidies": 2, "earliest_end": "2036-01-01", "subsidies_json": "[{\"program\": \"LIHTC\", \"detail\": \"4% Tax Credit\", \"status\": \"Active\", \"units\": 250, \"start\": \"2006-01-01\", \"end\": \"2036-01-01\", \"restricts\": true, \"note\": null}, {\"program\": \"LIHTC\", \"detail\": \"4%HTC\", \"status\": \"Active (TDHCA)\", \"units\": 250, \"start\": null, \"end\": null, \"restricts\": true, \"note\": \"TDHCA award; no expiration date published\"}]"}}, {"type": "Feature", "geometry": {"type": "Point", "coordinates": [-96.98724, 32.73373]}, "properties": {"name": "HOMES OF MOUNTAIN CREEK", "address": "1350 Skyline Rd", "total_units": 200, "category": "lihtc", "restricted_units": 200, "restricted_known": true, "source": "NHPD", "owner": "MOUNTAIN CREEK APTS LP", "owner_class": "unknown", "n_subsidies": 1, "earliest_end": "2036-01-01", "subsidies_json": "[{\"program\": \"LIHTC\", \"detail\": \"4% Tax Credit\", \"status\": \"Active\", \"units\": 200, \"start\": \"2006-01-01\", \"end\": \"2036-01-01\", \"restricts\": true, \"note\": null}]"}}, {"type": "Feature", "geometry": {"type": "Point", "coordinates": [-96.65552, 32.75176]}, "properties": {"name": "ST AUGUSTINE ESTATES", "address": "2222 N Saint Augustine Dr", "total_units": 150, "category": "lihtc", "restricted_units": 150, "restricted_known": true, "source": "NHPD", "award_year": 2005, "owner": "ST AUGUSTINE ESTATE APTS LP", "owner_class": "unknown", "hud_id": "TXA20060460", "lihtc_units": 150, "pop_served": "Elderly", "tdhca_num": "05609", "n_subsidies": 1, "earliest_end": "2036-01-01", "subsidies_json": "[{\"program\": \"LIHTC\", \"detail\": \"4% Tax Credit\", \"status\": \"Active\", \"units\": 150, \"start\": \"2006-01-01\", \"end\": \"2036-01-01\", \"restricts\": true, \"note\": null}]"}}, {"type": "Feature", "geometry": {"type": "Point", "coordinates": [-96.78176, 32.8082]}, "properties": {"name": "CARROLL TOWNHOMES", "address": "2202 Kirby St", "total_units": 71, "category": "lihtc", "restricted_units": 71, "restricted_known": true, "source": "NHPD", "award_year": 2000, "owner": "71 CARROLL PLACE LP", "owner_class": "unknown", "hud_id": "TXA20020035", "lihtc_units": 71, "pop_served": "General", "tdhca_num": "00004T", "n_subsidies": 1, "earliest_end": "2041-12-31", "subsidies_json": "[{\"program\": \"LIHTC\", \"detail\": null, \"status\": \"Active\", \"units\": 71, \"start\": \"2002-01-01\", \"end\": \"2041-12-31\", \"restricts\": true, \"note\": null}]"}}, {"type": "Feature", "geometry": {"type": "Point", "coordinates": [-96.85176, 32.81533]}, "properties": {"name": "ARLINGTON PARK VILLAS", "address": "1716 Chattanooga Pl", "total_units": 100, "category": "lihtc", "restricted_units": 75, "restricted_known": true, "source": "NHPD", "award_year": 2000, "owner": "GREYSTONE FUNDING COMPANY LLC", "owner_class": "unknown", "hud_id": "TXA20020240", "lihtc_units": 75, "pop_served": "General", "tdhca_num": "00027", "n_subsidies": 1, "earliest_end": "2035-12-31", "subsidies_json": "[{\"program\": \"LIHTC\", \"detail\": null, \"status\": \"Active\", \"units\": 75, \"start\": \"2002-01-01\", \"end\": \"2035-12-31\", \"restricts\": true, \"note\": null}, {\"program\": \"HUD-insured mortgage\", \"detail\": \"207/ 223(F) PUR/ REFIN HSG\", \"status\": \"Active\", \"units\": 100, \"start\": \"2021-12-01\", \"end\": \"2056-11-01\", \"restricts\": false, \"note\": null}]"}}, {"type": "Feature", "geometry": {"type": "Point", "coordinates": [-96.8501, 32.71524]}, "properties": {"name": "SOUTH BOULEVARD RETIREMENT CENTER", "address": "1811 Savoy St", "total_units": 30, "category": "lihtc", "restricted_units": 30, "restricted_known": true, "source": "NHPD", "award_year": 1999, "owner": "OPERATION RELIEF COMMUNITY DEVELOPMENT CORP", "owner_class": "unknown", "hud_id": "TXA20020265", "lihtc_units": 30, "pop_served": "Elderly", "tdhca_num": "99203", "n_subsidies": 1, "earliest_end": "2041-12-31", "subsidies_json": "[{\"program\": \"LIHTC\", \"detail\": null, \"status\": \"Active\", \"units\": 30, \"start\": \"2002-01-01\", \"end\": \"2041-12-31\", \"restricts\": true, \"note\": null}]"}}, {"type": "Feature", "geometry": {"type": "Point", "coordinates": [-96.8907, 32.70656]}, "properties": {"name": "SPHINX AT LUXAR VILLAS 542 B RISK SHARE", "address": "3110 S Cockrell Hill Rd", "total_units": 100, "category": "lihtc", "restricted_units": 96, "restricted_known": true, "source": "NHPD", "award_year": 2005, "owner": "FEDERAL HOME LOAN MORTGAGE COR", "owner_type": "For Profit", "owner_class": "for_profit", "owner_source": "NHPD OwnerType", "lihtc_units": 96, "pop_served": "General", "tdhca_num": "05082", "n_subsidies": 1, "earliest_end": "2037-01-01", "subsidies_json": "[{\"program\": \"LIHTC\", \"detail\": \"9% Tax Credit\", \"status\": \"Active\", \"units\": 96, \"start\": \"2007-01-01\", \"end\": \"2037-01-01\", \"restricts\": true, \"note\": null}, {\"program\": \"HUD-insured mortgage\", \"detail\": \"542(B) QPE RISK SHARING-RECENT COMP\", \"status\": \"Active\", \"units\": 80, \"start\": \"2009-02-01\", \"end\": \"2027-01-01\", \"restricts\": false, \"note\": null}]"}}, {"type": "Feature", "geometry": {"type": "Point", "coordinates": [-96.81259, 32.73452]}, "properties": {"name": "REESE COURT VILLAS", "address": "1201 S Ewing Ave", "total_units": 80, "category": "lihtc", "restricted_units": 80, "restricted_known": true, "source": "NHPD", "award_year": 2005, "owner": "FEDERAL HOME LOAN MORTGAGE COR", "owner_type": "For Profit", "owner_class": "for_profit", "owner_source": "NHPD OwnerType", "hud_id": "TXA20070350", "lihtc_units": 80, "pop_served": "General", "tdhca_num": "05095", "n_subsidies": 2, "earliest_end": "2037-01-01", "subsidies_json": "[{\"program\": \"LIHTC\", \"detail\": \"9% Tax Credit\", \"status\": \"Active\", \"units\": 80, \"start\": \"2007-01-01\", \"end\": \"2037-01-01\", \"restricts\": true, \"note\": null}, {\"program\": \"HUD-insured mortgage\", \"detail\": \"542(B) QPE RISK SHARING-RECENT COMP\", \"status\": \"Active\", \"units\": 80, \"start\": \"2009-02-01\", \"end\": \"2027-01-01\", \"restricts\": false, \"note\": null}, {\"program\": \"LIHTC\", \"detail\": \"9%HTC\", \"status\": \"Active (TDHCA)\", \"units\": 0, \"start\": null, \"end\": null, \"restricts\": true, \"note\": \"TDHCA award; no expiration date published\"}]"}}, {"type": "Feature", "geometry": {"type": "Point", "coordinates": [-96.81125, 32.73923]}, "properties": {"name": "EWING VILLAS", "address": "811 Morrell Ave", "total_units": 80, "category": "lihtc", "restricted_units": 60, "restricted_known": true, "source": "NHPD", "award_year": 2001, "owner": "SPHINX DEVELOPMENT CORP", "owner_type": "For Profit", "owner_class": "for_profit", "owner_source": "NHPD OwnerType", "hud_id": "TXA20030115", "lihtc_units": 60, "pop_served": "General", "tdhca_num": "01050", "n_subsidies": 1, "earliest_end": "2033-12-31", "subsidies_json": "[{\"program\": \"LIHTC\", \"detail\": \"9% Tax Credit\", \"status\": \"Active\", \"units\": 60, \"start\": \"2003-01-01\", \"end\": \"2033-12-31\", \"restricts\": true, \"note\": null}]"}}, {"type": "Feature", "geometry": {"type": "Point", "coordinates": [-96.78842, 32.79966]}, "properties": {"name": "ROSELAND ESTATES", "address": "1949 N Washington Ave", "total_units": 189, "category": "lihtc", "restricted_units": 144, "restricted_known": true, "source": "NHPD", "award_year": 2002, "owner": "71 CARROLL PLACE", "owner_type": "For Profit", "owner_class": "for_profit", "owner_source": "NHPD OwnerType", "hud_id": "TXA20030285", "lihtc_units": 104, "pop_served": "General", "tdhca_num": "02006", "n_subsidies": 2, "earliest_end": "2040-12-31", "subsidies_json": "[{\"program\": \"LIHTC\", \"detail\": \"9% Tax Credit\", \"status\": \"Active\", \"units\": 144, \"start\": \"2001-01-01\", \"end\": \"2040-12-31\", \"restricts\": true, \"note\": null}, {\"program\": \"LIHTC (2nd allocation)\", \"detail\": \"9% Tax Credit\", \"status\": \"Active\", \"units\": 104, \"start\": \"2003-01-01\", \"end\": \"2042-12-31\", \"restricts\": true, \"note\": null}]"}}, {"type": "Feature", "geometry": {"type": "Point", "coordinates": [-96.71358, 32.71357]}, "properties": {"name": "ROSEMONT AT PEMBERTON HILL", "address": "220 Stoneport Dr Apt 10204", "total_units": 236, "category": "lihtc", "restricted_units": 236, "restricted_known": true, "source": "NHPD", "award_year": 2001, "owner": "PINNACLE FAMILY OF COMPANIES - TEXAS OFFICE", "owner_type": "For Profit", "owner_class": "for_profit", "owner_source": "NHPD OwnerType", "hud_id": "TXA20030290", "lihtc_units": 236, "pop_served": "General", "tdhca_num": "01406", "n_subsidies": 3, "earliest_end": "2033-12-31", "subsidies_json": "[{\"program\": \"LIHTC\", \"detail\": \"4% Tax Credit\", \"status\": \"Active\", \"units\": 236, \"start\": \"2003-01-01\", \"end\": \"2033-12-31\", \"restricts\": true, \"note\": null}, {\"program\": \"Project-based voucher\", \"detail\": \"Project Based Vouchers\", \"status\": \"Active\", \"units\": 13, \"start\": null, \"end\": null, \"restricts\": true, \"note\": null}, {\"program\": \"LIHTC\", \"detail\": \"4%HTC\", \"status\": \"Active (TDHCA)\", \"units\": 0, \"start\": null, \"end\": null, \"restricts\": true, \"note\": \"TDHCA award; no expiration date published\"}]"}}, {"type": "Feature", "geometry": {"type": "Point", "coordinates": [-96.83604, 32.64102]}, "properties": {"name": "BECKLEY TOWNHOMES", "address": "801 Beckleymeade Ave", "total_units": 100, "category": "lihtc", "restricted_units": 100, "restricted_known": true, "source": "NHPD", "award_year": 2001, "owner": "COLLIERS MORTGAGE LLC", "owner_type": "For Profit", "owner_class": "for_profit", "owner_source": "NHPD OwnerType", "hud_id": "TXA20030295", "lihtc_units": 100, "pop_served": "General", "tdhca_num": "01057", "n_subsidies": 1, "earliest_end": "2042-12-31", "subsidies_json": "[{\"program\": \"LIHTC\", \"detail\": \"9% Tax Credit\", \"status\": \"Active\", \"units\": 100, \"start\": \"2003-01-01\", \"end\": \"2042-12-31\", \"restricts\": true, \"note\": null}, {\"program\": \"HUD-insured mortgage\", \"detail\": \"207/ 223(F) PUR/ REFIN HSG\", \"status\": \"Active\", \"units\": 100, \"start\": \"2021-01-01\", \"end\": \"2055-12-01\", \"restricts\": false, \"note\": null}]"}}, {"type": "Feature", "geometry": {"type": "Point", "coordinates": [-96.81522, 32.75856]}, "properties": {"name": "HILLCREST HOUSE", "address": "834 N Marsalis Ave", "total_units": 64, "category": "lihtc", "restricted_units": 64, "restricted_known": true, "source": "NHPD", "award_year": 1994, "owner": "HI LLCREST HOUSE PARTNERSHIP LTD", "owner_type": "For Profit", "owner_class": "for_profit", "owner_source": "NHPD OwnerType", "hud_id": "TXA19960085", "lihtc_units": 64, "pop_served": "General", "tdhca_num": "94141", "n_subsidies": 1, "earliest_end": "2026-12-31", "subsidies_json": "[{\"program\": \"LIHTC\", \"detail\": \"9% Tax Credit\", \"status\": \"Active\", \"units\": 64, \"start\": \"1996-01-01\", \"end\": \"2026-12-31\", \"restricts\": true, \"note\": \"End Date Passed\"}]"}}, {"type": "Feature", "geometry": {"type": "Point", "coordinates": [-96.76996, 32.69643]}, "properties": {"name": "ROSEMONT OF OAK HOLLOW", "address": "3015 E Ledbetter Dr", "total_units": 153, "category": "lihtc", "restricted_units": 153, "restricted_known": true, "source": "NHPD", "award_year": 2001, "owner": "PINNACLE FAMILY OF COMPANIES - TEXAS OFFICE", "owner_type": "For Profit", "owner_class": "for_profit", "owner_source": "NHPD OwnerType", "hud_id": "TXA20030310", "lihtc_units": 153, "pop_served": "General", "tdhca_num": "01435", "n_subsidies": 1, "earliest_end": "2032-12-31", "subsidies_json": "[{\"program\": \"LIHTC\", \"detail\": \"4% Tax Credit\", \"status\": \"Active\", \"units\": 153, \"start\": \"2003-01-01\", \"end\": \"2032-12-31\", \"restricts\": true, \"note\": null}]"}}, {"type": "Feature", "geometry": {"type": "Point", "coordinates": [-96.86293, 32.71485]}, "properties": {"name": "POTTERS HOUSE AT PRIMROSE", "address": "2515 Perryton Dr", "total_units": 280, "category": "lihtc", "restricted_units": 280, "restricted_known": true, "source": "NHPD", "award_year": 2002, "owner": "PINNACLE FAMILY OF COMPANIES - TEXAS OFFICE", "owner_type": "For Profit", "owner_class": "for_profit", "owner_source": "NHPD OwnerType", "hud_id": "TXA20040220", "lihtc_units": 280, "pop_served": "General", "tdhca_num": "02477", "n_subsidies": 1, "earliest_end": "2034-01-01", "subsidies_json": "[{\"program\": \"LIHTC\", \"detail\": \"4% Tax Credit\", \"status\": \"Active\", \"units\": 280, \"start\": \"2004-01-01\", \"end\": \"2034-01-01\", \"restricts\": true, \"note\": null}]"}}, {"type": "Feature", "geometry": {"type": "Point", "coordinates": [-96.6524, 32.7681]}, "properties": {"name": "PRAIRIE COMMONS", "address": "9850 Military Pkwy", "total_units": 72, "category": "lihtc", "restricted_units": 72, "restricted_known": true, "source": "NHPD", "award_year": 2002, "owner": "Prairie Commons Apartments LLC", "owner_type": "For Profit", "owner_class": "for_profit", "owner_source": "NHPD OwnerType", "hud_id": "TXA20040225", "lihtc_units": 72, "pop_served": "General", "tdhca_num": "02008", "n_subsidies": 2, "earliest_end": "2033-12-31", "subsidies_json": "[{\"program\": \"LIHTC\", \"detail\": \"9% Tax Credit\", \"status\": \"Active\", \"units\": 54, \"start\": \"2004-01-01\", \"end\": \"2033-12-31\", \"restricts\": true, \"note\": null}, {\"program\": \"Section 202 / 811 (PRAC)\", \"detail\": \"811 PRA DEMO\", \"status\": \"Active\", \"units\": 10, \"start\": \"2016-08-01\", \"end\": \"2036-07-31\", \"restricts\": true, \"note\": null}, {\"program\": \"HUD-insured mortgage\", \"detail\": \"207/ 223(F) PUR/ REFIN HSG\", \"status\": \"Active\", \"units\": 72, \"start\": \"2024-12-01\", \"end\": \"2059-11-01\", \"restricts\": false, \"note\": null}]"}}, {"type": "Feature", "geometry": {"type": "Point", "coordinates": [-96.86564, 32.64549]}, "properties": {"name": "PROVIDENCE ON THE PARK", "address": "8501 Old Hickory Trl", "total_units": 280, "category": "lihtc", "restricted_units": 280, "restricted_known": true, "source": "NHPD", "award_year": 2002, "owner": "OLD HICKORY TRACK D LTD", "owner_type": "For Profit", "owner_class": "for_profit", "owner_source": "NHPD OwnerType", "hud_id": "TXA20040240", "lihtc_units": 280, "pop_served": "General", "tdhca_num": "02475", "n_subsidies": 2, "earliest_end": "2034-01-01", "subsidies_json": "[{\"program\": \"LIHTC\", \"detail\": \"4% Tax Credit\", \"status\": \"Active\", \"units\": 280, \"start\": \"2004-01-01\", \"end\": \"2034-01-01\", \"restricts\": true, \"note\": null}, {\"program\": \"LIHTC\", \"detail\": \"4%HTC\", \"status\": \"Active (TDHCA)\", \"units\": 280, \"start\": null, \"end\": null, \"restricts\": true, \"note\": \"TDHCA award; no expiration date published\"}]"}}, {"type": "Feature", "geometry": {"type": "Point", "coordinates": [-96.74714, 32.75738]}, "properties": {"name": "ROSEMONT AT MEADOW LANE", "address": "4722 Meadow St", "total_units": 264, "category": "lihtc", "restricted_units": 264, "restricted_known": true, "source": "NHPD", "award_year": 2003, "owner": "PINNACLE FAMILY OF COMPANIES - TEXAS OFFICE", "owner_type": "For Profit", "owner_class": "for_profit", "owner_source": "NHPD OwnerType", "hud_id": "TXA20040290", "lihtc_units": 264, "pop_served": "General", "tdhca_num": "03433", "n_subsidies": 3, "earliest_end": "2034-01-01", "subsidies_json": "[{\"program\": \"LIHTC\", \"detail\": \"4% Tax Credit\", \"status\": \"Active\", \"units\": 264, \"start\": \"2004-01-01\", \"end\": \"2034-01-01\", \"restricts\": true, \"note\": null}, {\"program\": \"Project-based voucher\", \"detail\": \"Project Based Vouchers\", \"status\": \"Active\", \"units\": 12, \"start\": null, \"end\": null, \"restricts\": true, \"note\": null}, {\"program\": \"LIHTC\", \"detail\": \"4%HTC\", \"status\": \"Active (TDHCA)\", \"units\": 264, \"start\": null, \"end\": null, \"restricts\": true, \"note\": \"TDHCA award; no expiration date published\"}]"}}, {"type": "Feature", "geometry": {"type": "Point", "coordinates": [-96.6932, 32.71365]}, "properties": {"name": "SPHINX AT MURDEAUX", "address": "125 N Murdeaux Ln", "total_units": 240, "category": "lihtc", "restricted_units": 240, "restricted_known": true, "source": "NHPD", "owner": "SPHINX DEVELOPMENT CORP", "owner_type": "For Profit", "owner_class": "for_profit", "owner_source": "NHPD OwnerType", "hud_id": "TXA20040330", "n_subsidies": 1, "earliest_end": "2034-01-01", "subsidies_json": "[{\"program\": \"LIHTC\", \"detail\": \"4% Tax Credit\", \"status\": \"Active\", \"units\": 240, \"start\": \"2004-01-01\", \"end\": \"2034-01-01\", \"restricts\": true, \"note\": null}]"}}, {"type": "Feature", "geometry": {"type": "Point", "coordinates": [-96.87952, 32.64986]}, "properties": {"name": "WEST VIRGINIA PARK APARTMENTS", "address": "8004 W Virginia Dr", "total_units": 204, "category": "lihtc", "restricted_units": 204, "restricted_known": true, "source": "NHPD", "award_year": 2024, "owner": "WEST VIRGINIA APTS LTD", "owner_type": "For Profit", "owner_class": "for_profit", "owner_source": "NHPD OwnerType", "hud_id": "TXA20040405", "lihtc_units": 204, "pop_served": "General", "tdhca_num": "24439", "n_subsidies": 2, "earliest_end": "2056-12-31", "subsidies_json": "[{\"program\": \"LIHTC\", \"detail\": \"4% Tax Credit\", \"status\": \"Active\", \"units\": 204, \"start\": \"2004-01-01\", \"end\": \"2056-12-31\", \"restricts\": true, \"note\": \"Superseded: a new 2024 TDHCA award resyndicated this property, so the 2034 expiration on the 2004 allocation no longer governs. Estimated 2024 + 32 yr.\", \"imputed\": true}, {\"program\": \"LIHTC\", \"detail\": \"4%HTC\", \"status\": \"Active (TDHCA)\", \"units\": 0, \"start\": null, \"end\": null, \"restricts\": true, \"note\": \"TDHCA award; no expiration date published\"}]"}}, {"type": "Feature", "geometry": {"type": "Point", "coordinates": [-96.9154, 32.73901]}, "properties": {"name": "ARTISAN RIDGE", "address": "5480 Preakness Ln", "total_units": 264, "category": "lihtc", "restricted_units": 264, "restricted_known": true, "source": "NHPD", "award_year": 2003, "owner": "FDC FRANKLIN COMMONS C LTD", "owner_type": "For Profit", "owner_class": "for_profit", "owner_source": "NHPD OwnerType", "hud_id": "TXA20050020", "lihtc_units": 264, "pop_served": "General", "tdhca_num": "03434", "n_subsidies": 2, "earliest_end": "2035-01-01", "subsidies_json": "[{\"program\": \"LIHTC\", \"detail\": \"4% Tax Credit\", \"status\": \"Active\", \"units\": 264, \"start\": \"2005-01-01\", \"end\": \"2035-01-01\", \"restricts\": true, \"note\": null}, {\"program\": \"LIHTC\", \"detail\": \"4%HTC\", \"status\": \"Active (TDHCA)\", \"units\": 264, \"start\": null, \"end\": null, \"restricts\": true, \"note\": \"TDHCA award; no expiration date published\"}]"}}, {"type": "Feature", "geometry": {"type": "Point", "coordinates": [-96.89611, 32.75823]}, "properties": {"name": "CHURCHILL AT PINNACLE PARK", "address": "1411 N Cockrell Hill Rd", "total_units": 200, "category": "lihtc", "restricted_units": 200, "restricted_known": true, "source": "NHPD", "award_year": 2004, "owner": "CHURCHILL AT PINNACLE PARK LP", "owner_type": "For Profit", "owner_class": "for_profit", "owner_source": "NHPD OwnerType", "hud_id": "TXA20050080", "lihtc_units": 200, "pop_served": "General", "tdhca_num": "04422", "n_subsidies": 1, "earliest_end": "2035-12-31", "subsidies_json": "[{\"program\": \"LIHTC\", \"detail\": \"4% Tax Credit\", \"status\": \"Active\", \"units\": 200, \"start\": \"2005-01-01\", \"end\": \"2035-12-31\", \"restricts\": true, \"note\": null}]"}}, {"type": "Feature", "geometry": {"type": "Point", "coordinates": [-96.78332, 32.80549]}, "properties": {"name": "ROSELAND TOWNHOMES PHASE I", "address": "2110 N Carroll Ave", "total_units": 514, "category": "lihtc", "restricted_units": 490, "restricted_known": true, "source": "NHPD", "award_year": 1999, "owner": "Housing Authority of the City of Dallas Texa", "owner_type": "Public Entity", "owner_class": "nonprofit_public", "owner_source": "NHPD OwnerType", "hud_id": "TXA20010160", "lihtc_units": 144, "pop_served": "General", "tdhca_num": "99111", "n_subsidies": 2, "earliest_end": "2031-12-31", "subsidies_json": "[{\"program\": \"Public housing\", \"detail\": \"Public Housing\", \"status\": \"Active\", \"units\": 490, \"start\": \"1942-08-31\", \"end\": null, \"restricts\": true, \"note\": null}, {\"program\": \"LIHTC\", \"detail\": \"9%HTC\", \"status\": \"Active (TDHCA)\", \"units\": 144, \"start\": null, \"end\": \"2031-12-31\", \"restricts\": true, \"note\": \"Estimated: 1999 TDHCA award + 32 yr (median Dallas award-to-expiration). Not a published date.\", \"imputed\": true}]"}}, {"type": "Feature", "geometry": {"type": "Point", "coordinates": [-96.82161, 32.81259]}, "properties": {"name": "CEDAR SPRINGS PLACE", "address": "2533 Lucas Dr", "total_units": 182, "category": "public_housing", "restricted_units": 180, "restricted_known": true, "source": "NHPD", "owner": "Housing Authority of the City of Dallas Texa", "owner_type": "Public Entity", "owner_class": "nonprofit_public", "owner_source": "NHPD OwnerType", "n_subsidies": 1, "subsidies_json": "[{\"program\": \"Public housing\", \"detail\": \"Public Housing\", \"status\": \"Active\", \"units\": 180, \"start\": \"1937-09-30\", \"end\": null, \"restricts\": true, \"note\": null}]"}}, {"type": "Feature", "geometry": {"type": "Point", "coordinates": [-96.86072, 32.78821]}, "properties": {"name": "HAMPTONS AT LAKEWEST", "address": "2425 Bickers St", "total_units": 775, "category": "public_housing", "restricted_units": 775, "restricted_known": true, "source": "NHPD", "owner": "Housing Authority of the City of Dallas Texa", "owner_type": "Public Entity", "owner_class": "nonprofit_public", "owner_source": "NHPD OwnerType", "n_subsidies": 1, "subsidies_json": "[{\"program\": \"Public housing\", \"detail\": \"Public Housing\", \"status\": \"Active\", \"units\": 775, \"start\": \"1998-06-29\", \"end\": null, \"restricts\": true, \"note\": null}]"}}, {"type": "Feature", "geometry": {"type": "Point", "coordinates": [-96.77062, 32.76245]}, "properties": {"name": "PARK MANOR", "address": "3333 Edgewood St", "total_units": 196, "category": "public_housing", "restricted_units": 196, "restricted_known": true, "source": "NHPD", "owner": "Housing Authority of the City of Dallas Texa", "owner_type": "Public Entity", "owner_class": "nonprofit_public", "owner_source": "NHPD OwnerType", "n_subsidies": 1, "subsidies_json": "[{\"program\": \"Public housing\", \"detail\": \"Public Housing\", \"status\": \"Active\", \"units\": 196, \"start\": \"1970-08-31\", \"end\": null, \"restricts\": true, \"note\": null}]"}}, {"type": "Feature", "geometry": {"type": "Point", "coordinates": [-96.86227, 32.76009]}, "properties": {"name": "CLIFF MANOR", "address": "2423 Fort Worth Ave", "total_units": 180, "category": "public_housing", "restricted_units": 180, "restricted_known": true, "source": "NHPD", "owner": "Housing Authority of the City of Dallas Texa", "owner_type": "Public Entity", "owner_class": "nonprofit_public", "owner_source": "NHPD OwnerType", "n_subsidies": 1, "subsidies_json": "[{\"program\": \"Public housing\", \"detail\": \"Public Housing\", \"status\": \"Active\", \"units\": 180, \"start\": \"1974-06-29\", \"end\": null, \"restricts\": true, \"note\": null}]"}}, {"type": "Feature", "geometry": {"type": "Point", "coordinates": [-96.71393, 32.86631]}, "properties": {"name": "AUDELIA MANOR", "address": "10025 Shoreview Rd", "total_units": 123, "category": "public_housing", "restricted_units": 122, "restricted_known": true, "source": "NHPD", "owner": "Housing Authority of the City of Dallas Texa", "owner_type": "Public Entity", "owner_class": "nonprofit_public", "owner_source": "NHPD OwnerType", "n_subsidies": 1, "subsidies_json": "[{\"program\": \"Public housing\", \"detail\": \"Public Housing\", \"status\": \"Active\", \"units\": 122, \"start\": \"1984-04-29\", \"end\": null, \"restricts\": true, \"note\": null}]"}}, {"type": "Feature", "geometry": {"type": "Point", "coordinates": [-96.9006, 32.6956]}, "properties": {"name": "BARBARA JORDAN SQUARE", "address": "4700 Country Creek Dr", "total_units": 121, "category": "public_housing", "restricted_units": 120, "restricted_known": true, "source": "NHPD", "owner": "Housing Authority of the City of Dallas Texa", "owner_type": "Public Entity", "owner_class": "nonprofit_public", "owner_source": "NHPD OwnerType", "n_subsidies": 1, "subsidies_json": "[{\"program\": \"Public housing\", \"detail\": \"Public Housing\", \"status\": \"Active\", \"units\": 120, \"start\": \"1989-08-31\", \"end\": null, \"restricts\": true, \"note\": null}]"}}, {"type": "Feature", "geometry": {"type": "Point", "coordinates": [-96.78303, 33.00592]}, "properties": {"name": "FRANKFORD TOWNHOMES", "address": "6907 Pebble Beach Dr", "total_units": 135, "category": "public_housing", "restricted_units": 135, "restricted_known": true, "source": "NHPD", "owner": "Housing Authority of the City of Dallas Texa", "owner_type": "Public Entity", "owner_class": "nonprofit_public", "owner_source": "NHPD OwnerType", "n_subsidies": 1, "subsidies_json": "[{\"program\": \"Public housing\", \"detail\": \"Public Housing\", \"status\": \"Active\", \"units\": 135, \"start\": \"1989-11-30\", \"end\": null, \"restricts\": true, \"note\": null}]"}}, {"type": "Feature", "geometry": {"type": "Point", "coordinates": [-96.72436, 32.90241]}, "properties": {"name": "HIDDEN RIDGE", "address": "9702 W Ferris Branch Blvd", "total_units": 228, "category": "public_housing", "restricted_units": 226, "restricted_known": true, "source": "NHPD", "owner": "Housing Authority of the City of Dallas Texa", "owner_type": "Public Entity", "owner_class": "nonprofit_public", "owner_source": "NHPD OwnerType", "n_subsidies": 1, "subsidies_json": "[{\"program\": \"Public housing\", \"detail\": \"Public Housing\", \"status\": \"Active\", \"units\": 226, \"start\": \"2002-12-31\", \"end\": null, \"restricts\": true, \"note\": null}]"}}, {"type": "Feature", "geometry": {"type": "Point", "coordinates": [-96.68034, 32.74656]}, "properties": {"name": "SCATTERED SITES", "address": "2008 Conner Dr", "total_units": 125, "category": "public_housing", "restricted_units": 125, "restricted_known": true, "source": "NHPD", "owner": "Housing Authority of the City of Dallas Texa", "owner_type": "Public Entity", "owner_class": "nonprofit_public", "owner_source": "NHPD OwnerType", "n_subsidies": 1, "subsidies_json": "[{\"program\": \"Public housing\", \"detail\": \"Public Housing\", \"status\": \"Active\", \"units\": 125, \"start\": \"1979-12-31\", \"end\": null, \"restricts\": true, \"note\": null}]"}}, {"type": "Feature", "geometry": {"type": "Point", "coordinates": [-96.73711, 32.77523]}, "properties": {"name": "WAHOO FRAZIER", "address": "4838 Elsie Faye Heggins St", "total_units": 316, "category": "lihtc", "restricted_known": false, "source": "NHPD", "award_year": 2008, "owner": "Housing Authority of the City of Dallas Texa", "owner_type": "Public Entity", "owner_class": "nonprofit_public", "owner_source": "NHPD OwnerType", "lihtc_units": 0, "pop_served": "General", "tdhca_num": "08036", "n_subsidies": 2, "earliest_end": "2040-12-31", "subsidies_json": "[{\"program\": \"Public housing\", \"detail\": \"Public Housing\", \"status\": \"Active\", \"units\": 316, \"start\": \"2006-11-30\", \"end\": null, \"restricts\": true, \"note\": null}, {\"program\": \"LIHTC\", \"detail\": \"9%HTC\", \"status\": \"Active (TDHCA)\", \"units\": 0, \"start\": null, \"end\": \"2040-12-31\", \"restricts\": true, \"note\": \"Estimated: 2008 TDHCA award + 32 yr (median Dallas award-to-expiration). Not a published date.\", \"imputed\": true}]"}}, {"type": "Feature", "geometry": {"type": "Point", "coordinates": [-96.76909, 32.77223]}, "properties": {"name": "EBAN VILLAGE APARTMENTS", "address": "2929 Park Row Ave", "total_units": 110, "category": "lihtc", "restricted_units": 110, "restricted_known": true, "source": "NHPD", "award_year": 1995, "owner": "EBAN VILLAGE I LTD", "owner_type": "For Profit", "owner_class": "for_profit", "owner_source": "NHPD OwnerType", "lihtc_units": 110, "pop_served": "General", "tdhca_num": "95047", "n_subsidies": 1, "earliest_end": "2027-01-01", "subsidies_json": "[{\"program\": \"LIHTC\", \"detail\": \"9% Tax Credit\", \"status\": \"Active\", \"units\": 110, \"start\": \"1997-01-01\", \"end\": \"2027-01-01\", \"restricts\": true, \"note\": null}]"}}, {"type": "Feature", "geometry": {"type": "Point", "coordinates": [-96.66739, 32.69245]}, "properties": {"name": "HACIENDA DEL SOL", "address": "1207 Galicia Ln", "total_units": 55, "category": "lihtc", "restricted_units": 55, "restricted_known": true, "source": "NHPD", "award_year": 2009, "owner": "GS 360 HOUSING LLC", "owner_type": "For Profit", "owner_class": "for_profit", "owner_source": "NHPD OwnerType", "hud_id": "TXA20100811", "lihtc_units": 55, "pop_served": "General", "tdhca_num": "09963", "n_subsidies": 1, "earliest_end": "2040-01-01", "subsidies_json": "[{\"program\": \"LIHTC\", \"detail\": \"TCEP\", \"status\": \"Active\", \"units\": 55, \"start\": \"2010-01-01\", \"end\": \"2040-01-01\", \"restricts\": true, \"note\": null}]"}}, {"type": "Feature", "geometry": {"type": "Point", "coordinates": [-96.80139, 32.74592]}, "properties": {"name": "SPHINX AT FIJI SENIOR", "address": "201 Fran Way", "total_units": 130, "category": "lihtc", "restricted_units": 130, "restricted_known": true, "source": "NHPD", "award_year": 2008, "owner": "SPHINX DEVELOPMENT CORP", "owner_type": "For Profit", "owner_class": "for_profit", "owner_source": "NHPD OwnerType", "hud_id": "TXA20100090", "lihtc_units": 130, "pop_served": "Elderly", "tdhca_num": "08193", "n_subsidies": 2, "earliest_end": "2050-12-31", "subsidies_json": "[{\"program\": \"LIHTC\", \"detail\": null, \"status\": \"Active\", \"units\": 130, \"start\": \"2010-01-01\", \"end\": \"2050-12-31\", \"restricts\": true, \"note\": null}, {\"program\": \"PFC / HFC\", \"detail\": \"Cameron County Housing Finance Corp\", \"status\": \"Active\", \"units\": 204, \"start\": null, \"end\": null, \"restricts\": true, \"note\": \"Property-tax exemption; no statutory expiration\"}]"}}, {"type": "Feature", "geometry": {"type": "Point", "coordinates": [-96.65668, 32.75192]}, "properties": {"name": "CRESTSHIRE VILLAGE", "address": "2314 N St Augustine Dr", "total_units": 74, "category": "lihtc", "restricted_units": 74, "restricted_known": true, "source": "NHPD", "award_year": 2009, "owner": "Arcola TP Partners Ltd.", "owner_type": "For Profit", "owner_class": "for_profit", "owner_source": "NHPD OwnerType", "hud_id": "TXA20110855", "lihtc_units": 74, "pop_served": "General", "tdhca_num": "09189", "n_subsidies": 2, "earliest_end": "2039-02-28", "subsidies_json": "[{\"program\": \"LIHTC\", \"detail\": null, \"status\": \"Active\", \"units\": 74, \"start\": \"2011-01-01\", \"end\": \"2051-12-31\", \"restricts\": true, \"note\": null}, {\"program\": \"Section 202 / 811 (PRAC)\", \"detail\": \"811 PRA DEMO\", \"status\": \"Active\", \"units\": 7, \"start\": \"2019-03-01\", \"end\": \"2039-02-28\", \"restricts\": true, \"note\": null}]"}}, {"type": "Feature", "geometry": {"type": "Point", "coordinates": [-96.86272, 32.7851]}, "properties": {"name": "VILLAGE AT LAKEWEST APARTMENTS I", "address": "2696 Bickers St", "total_units": 183, "category": "lihtc", "restricted_units": 183, "restricted_known": true, "source": "NHPD", "award_year": 2008, "owner": "LAKEWEST SENIOR HOUSING", "owner_type": "For Profit", "owner_class": "for_profit", "owner_source": "NHPD OwnerType", "hud_id": "TXA20090040", "lihtc_units": 180, "pop_served": "Elderly", "tdhca_num": "08403", "n_subsidies": 2, "earliest_end": "2039-01-01", "subsidies_json": "[{\"program\": \"LIHTC\", \"detail\": \"4% Tax Credit\", \"status\": \"Active\", \"units\": 180, \"start\": \"2009-01-01\", \"end\": \"2039-01-01\", \"restricts\": true, \"note\": null}, {\"program\": \"Project-based voucher\", \"detail\": \"Project Based Vouchers\", \"status\": \"Active\", \"units\": 183, \"start\": null, \"end\": null, \"restricts\": true, \"note\": null}]"}}, {"type": "Feature", "geometry": {"type": "Point", "coordinates": [-96.73843, 32.7798]}, "properties": {"name": "CARPENTERS POINT", "address": "4645 Dolphin Rd", "total_units": 150, "category": "lihtc", "restricted_units": 150, "restricted_known": true, "source": "NHPD", "award_year": 2008, "owner": "CARPENTER'S POINT LP", "owner_type": "For Profit", "owner_class": "for_profit", "owner_source": "NHPD OwnerType", "hud_id": "TXA20100015", "lihtc_units": 150, "pop_served": "Elderly", "tdhca_num": "09927", "n_subsidies": 3, "earliest_end": "2031-01-19", "subsidies_json": "[{\"program\": \"LIHTC\", \"detail\": \"TCEP\", \"status\": \"Active\", \"units\": 150, \"start\": \"2010-01-01\", \"end\": \"2040-01-01\", \"restricts\": true, \"note\": null}, {\"program\": \"HOME\", \"detail\": \"HOME\", \"status\": \"Active\", \"units\": 150, \"start\": \"2011-01-19\", \"end\": \"2031-01-19\", \"restricts\": true, \"note\": null}, {\"program\": \"Project-based voucher\", \"detail\": \"Project Based Vouchers\", \"status\": \"Active\", \"units\": 146, \"start\": null, \"end\": null, \"restricts\": true, \"note\": null}]"}}, {"type": "Feature", "geometry": {"type": "Point", "coordinates": [-96.69845, 32.71968]}, "properties": {"name": "CHEROKEE VILLAGE II APARTMENTS", "address": "7204 Elam Rd", "total_units": 150, "category": "other", "restricted_units": 61, "restricted_known": true, "source": "NHPD", "owner": "7250 Elam Road LLC", "owner_type": "Profit Motivated", "owner_class": "for_profit", "owner_source": "NHPD OwnerType", "hud_id": "TXA00000316", "n_subsidies": 1, "earliest_end": "2042-03-31", "subsidies_json": "[{\"program\": \"Project-based Section 8\", \"detail\": \"LMSA\", \"status\": \"Active\", \"units\": 61, \"start\": \"2012-04-01\", \"end\": \"2042-03-31\", \"restricts\": true, \"note\": null}]"}}, {"type": "Feature", "geometry": {"type": "Point", "coordinates": [-96.79269, 32.6685]}, "properties": {"name": "MAGNOLIA TRACE", "address": "6712 Patrol Way", "total_units": 112, "category": "lihtc", "restricted_units": 112, "restricted_known": true, "source": "NHPD", "award_year": 2009, "owner": "UHF MAGNOLIA TRACE LP", "owner_type": "For Profit", "owner_class": "for_profit", "owner_source": "NHPD OwnerType", "hud_id": "TXA20120836", "lihtc_units": 112, "pop_served": "Elderly", "tdhca_num": "09115", "n_subsidies": 1, "earliest_end": "2051-12-31", "subsidies_json": "[{\"program\": \"LIHTC\", \"detail\": null, \"status\": \"Active\", \"units\": 112, \"start\": \"2012-01-01\", \"end\": \"2051-12-31\", \"restricts\": true, \"note\": null}]"}}, {"type": "Feature", "geometry": {"type": "Point", "coordinates": [-96.75818, 32.87285]}, "properties": {"name": "JUNCTION APARTMENTS", "address": "7111 FAIR OAKS", "total_units": 207, "category": "lihtc", "restricted_units": 207, "restricted_known": true, "source": "NHPD", "award_year": 1990, "owner": "MITCHELL KENNETH H CPA", "owner_type": "For Profit", "owner_class": "for_profit", "owner_source": "NHPD OwnerType", "lihtc_units": 208, "pop_served": "General", "tdhca_num": "70036", "n_subsidies": 1, "earliest_end": "2022-01-01", "subsidies_json": "[{\"program\": \"LIHTC\", \"detail\": null, \"status\": \"Inconclusive\", \"units\": 207, \"start\": \"1992-01-01\", \"end\": \"2022-01-01\", \"restricts\": true, \"note\": \"End Date Passed\"}]"}}, {"type": "Feature", "geometry": {"type": "Point", "coordinates": [-96.78921, 32.78059]}, "properties": {"address": "2210 Canton St", "total_units": 564, "category": "lihtc", "restricted_units": 564, "restricted_known": true, "source": "NHPD", "owner": "MITCHELL KENNETH H CPA", "owner_type": "For Profit", "owner_class": "for_profit", "owner_source": "NHPD OwnerType", "n_subsidies": 1, "earliest_end": "2022-01-01", "subsidies_json": "[{\"program\": \"LIHTC\", \"detail\": null, \"status\": \"Inconclusive\", \"units\": 564, \"start\": \"1992-01-01\", \"end\": \"2022-01-01\", \"restricts\": true, \"note\": \"End Date Passed\"}]"}}, {"type": "Feature", "geometry": {"type": "Point", "coordinates": [-96.87547, 32.78018]}, "properties": {"name": "VILLAGE AT LAKEWEST APARTMENTS II", "address": "2680 Bickers St", "total_units": 180, "category": "lihtc", "restricted_units": 180, "restricted_known": true, "source": "NHPD", "award_year": 2008, "owner": "LAKEWEST SENIOR HOUSING", "owner_type": "For Profit", "owner_class": "for_profit", "owner_source": "NHPD OwnerType", "hud_id": "TXA20100115", "lihtc_units": 180, "pop_served": "Elderly", "tdhca_num": "08404", "n_subsidies": 2, "earliest_end": "2040-01-01", "subsidies_json": "[{\"program\": \"LIHTC\", \"detail\": \"4% Tax Credit\", \"status\": \"Active\", \"units\": 180, \"start\": \"2010-01-01\", \"end\": \"2040-01-01\", \"restricts\": true, \"note\": null}, {\"program\": \"Project-based voucher\", \"detail\": \"Project Based Vouchers\", \"status\": \"Active\", \"units\": 172, \"start\": null, \"end\": null, \"restricts\": true, \"note\": null}]"}}, {"type": "Feature", "geometry": {"type": "Point", "coordinates": [-96.79851, 32.78628]}, "properties": {"name": "LONE STAR GAS II FKA ATMOS LOFTS PHASE II", "address": "300 S Saint Paul St", "total_units": 123, "category": "lihtc", "restricted_units": 107, "restricted_known": true, "source": "NHPD", "owner": "ATMOS LIHTC LLC", "owner_type": "For Profit", "owner_class": "for_profit", "owner_source": "NHPD OwnerType", "n_subsidies": 1, "earliest_end": "2051-12-31", "subsidies_json": "[{\"program\": \"LIHTC\", \"detail\": null, \"status\": \"Active\", \"units\": 107, \"start\": \"2012-01-01\", \"end\": \"2051-12-31\", \"restricts\": true, \"note\": null}, {\"program\": \"HUD-insured mortgage\", \"detail\": \"221(D)(4) MKT RATE MOD INC/ DISP FAMS\", \"status\": \"Active\", \"units\": 123, \"start\": \"2015-01-01\", \"end\": \"2054-12-01\", \"restricts\": false, \"note\": null}]"}}, {"type": "Feature", "geometry": {"type": "Point", "coordinates": [-96.80183, 32.75017]}, "properties": {"address": "1544 E 8th St", "total_units": 102, "category": "public_housing", "restricted_units": 101, "restricted_known": true, "source": "NHPD", "owner": "Housing Authority of the City of Dallas Texa", "owner_type": "Public Entity", "owner_class": "nonprofit_public", "owner_source": "NHPD OwnerType", "n_subsidies": 1, "subsidies_json": "[{\"program\": \"Public housing\", \"detail\": \"Public Housing\", \"status\": \"Active\", \"units\": 101, \"start\": \"1952-07-30\", \"end\": null, \"restricts\": true, \"note\": null}]"}}, {"type": "Feature", "geometry": {"type": "Point", "coordinates": [-96.76985, 32.77125]}, "properties": {"name": "SOUTHFAIR FAIR PARK ESTATES PHASE V", "address": "2816 Park Row Ave", "total_units": 6, "category": "other", "restricted_units": 6, "restricted_known": true, "source": "NHPD", "owner": "SOUTHFAIR", "owner_class": "unknown", "n_subsidies": 1, "earliest_end": "2034-08-06", "subsidies_json": "[{\"program\": \"HOME\", \"detail\": \"HOME\", \"status\": \"Active\", \"units\": 6, \"start\": \"2014-08-06\", \"end\": \"2034-08-06\", \"restricts\": true, \"note\": null}]"}}, {"type": "Feature", "geometry": {"type": "Point", "coordinates": [-96.87563, 32.7931]}, "properties": {"name": "BOH TOPLETZ II", "address": "3347 Canada Dr", "total_units": 1, "category": "other", "restricted_units": 1, "restricted_known": true, "source": "NHPD", "owner": "BUILDERS OF HOPE", "owner_class": "unknown", "n_subsidies": 1, "earliest_end": "2029-10-07", "subsidies_json": "[{\"program\": \"HOME\", \"detail\": \"HOME\", \"status\": \"Active\", \"units\": 1, \"start\": \"2014-10-07\", \"end\": \"2029-10-07\", \"restricts\": true, \"note\": null}]"}}, {"type": "Feature", "geometry": {"type": "Point", "coordinates": [-96.73732, 32.78195]}, "properties": {"name": "DOLPHIN HEIGHTS PROJECT", "address": "3415 Detonte St", "total_units": 1, "category": "other", "restricted_units": 1, "restricted_known": true, "source": "NHPD", "owner": "LIGHT ECONOMIC & DEVELOPMENT INC", "owner_class": "unknown", "n_subsidies": 1, "earliest_end": "2031-03-17", "subsidies_json": "[{\"program\": \"HOME\", \"detail\": \"HOME\", \"status\": \"Active\", \"units\": 1, \"start\": \"2011-03-17\", \"end\": \"2031-03-17\", \"restricts\": true, \"note\": null}]"}}, {"type": "Feature", "geometry": {"type": "Point", "coordinates": [-96.77539, 32.75525]}, "properties": {"name": "FHNDC-ELDER FRIENDLY PROJECT", "address": "1324 Cooper St", "total_units": 6, "category": "other", "restricted_units": 6, "restricted_known": true, "source": "NHPD", "owner": "FOREST HEIGHTS NEIGH DEV CORP", "owner_class": "unknown", "n_subsidies": 1, "earliest_end": "2033-01-28", "subsidies_json": "[{\"program\": \"HOME\", \"detail\": \"HOME\", \"status\": \"Active\", \"units\": 6, \"start\": \"2013-01-28\", \"end\": \"2033-01-28\", \"restricts\": true, \"note\": null}]"}}, {"type": "Feature", "geometry": {"type": "Point", "coordinates": [-96.73991, 32.77592]}, "properties": {"name": "ICDC FRAZIER PHASE II", "address": "4810 Spring Ave", "total_units": 11, "category": "other", "restricted_units": 11, "restricted_known": true, "source": "NHPD", "owner": "SOUTH DALLAS FAIR PARK ICDC", "owner_class": "unknown", "n_subsidies": 2, "earliest_end": "2032-06-04", "subsidies_json": "[{\"program\": \"HOME\", \"detail\": \"HOME\", \"status\": \"Active\", \"units\": 1, \"start\": \"2012-06-04\", \"end\": \"2032-06-04\", \"restricts\": true, \"note\": null}, {\"program\": \"HOME (2nd)\", \"detail\": \"HOME\", \"status\": \"Active\", \"units\": 11, \"start\": \"2013-03-05\", \"end\": \"2033-03-05\", \"restricts\": true, \"note\": null}]"}}, {"type": "Feature", "geometry": {"type": "Point", "coordinates": [-96.75369, 32.75006]}, "properties": {"name": "HAI-TAK'S 5203 BEXAR STREET PROJECT", "address": "5203 Bexar St", "total_units": 9, "category": "other", "restricted_units": 9, "restricted_known": true, "source": "NHPD", "owner_class": "unknown", "n_subsidies": 1, "earliest_end": "2033-08-05", "subsidies_json": "[{\"program\": \"HOME\", \"detail\": \"HOME\", \"status\": \"Active\", \"units\": 9, \"start\": \"2013-08-05\", \"end\": \"2033-08-05\", \"restricts\": true, \"note\": null}]"}}, {"type": "Feature", "geometry": {"type": "Point", "coordinates": [-96.75339, 32.74832]}, "properties": {"address": "5208 Bexar St", "total_units": 7, "category": "other", "restricted_units": 7, "restricted_known": true, "source": "NHPD", "owner_class": "unknown", "n_subsidies": 1, "earliest_end": "2031-12-02", "subsidies_json": "[{\"program\": \"HOME\", \"detail\": \"HOME\", \"status\": \"Active\", \"units\": 7, \"start\": \"2011-12-02\", \"end\": \"2031-12-02\", \"restricts\": true, \"note\": null}]"}}, {"type": "Feature", "geometry": {"type": "Point", "coordinates": [-96.76028, 32.80716]}, "properties": {"name": "CWCDC-GASTON AVENUE PROJECT", "address": "5650 Gaston Ave", "total_units": 12, "category": "other", "restricted_units": 11, "restricted_known": true, "source": "NHPD", "owner": "CITY WIDE CDC", "owner_class": "unknown", "n_subsidies": 2, "earliest_end": "2027-05-31", "subsidies_json": "[{\"program\": \"HOME\", \"detail\": \"HOME\", \"status\": \"Active\", \"units\": 10, \"start\": \"2012-05-31\", \"end\": \"2027-05-31\", \"restricts\": true, \"note\": null}, {\"program\": \"Project-based voucher\", \"detail\": \"Project Based Vouchers\", \"status\": \"Active\", \"units\": 11, \"start\": null, \"end\": null, \"restricts\": true, \"note\": null}]"}}, {"type": "Feature", "geometry": {"type": "Point", "coordinates": [-96.82623, 32.75267]}, "properties": {"name": "NOTRE DAME PLACE", "address": "810 N Madison Ave", "total_units": 8, "category": "other", "restricted_units": 4, "restricted_known": true, "source": "NHPD", "owner": "CHI NOTRE DAME PLACE", "owner_class": "unknown", "n_subsidies": 1, "earliest_end": "2033-08-01", "subsidies_json": "[{\"program\": \"HOME\", \"detail\": \"HOME\", \"status\": \"Active\", \"units\": 4, \"start\": \"2013-08-01\", \"end\": \"2033-08-01\", \"restricts\": true, \"note\": null}]"}}, {"type": "Feature", "geometry": {"type": "Point", "coordinates": [-96.67642, 32.75957]}, "properties": {"name": "NBCDC PLEASANT OAKS PHASE III", "address": "8514 Bearden Ln", "total_units": 5, "category": "other", "restricted_units": 5, "restricted_known": true, "source": "NHPD", "owner": "NEIGHBORHOOD CDC", "owner_class": "unknown", "n_subsidies": 1, "earliest_end": "2033-06-04", "subsidies_json": "[{\"program\": \"HOME\", \"detail\": \"HOME\", \"status\": \"Active\", \"units\": 5, \"start\": \"2013-06-04\", \"end\": \"2033-06-04\", \"restricts\": true, \"note\": null}]"}}, {"type": "Feature", "geometry": {"type": "Point", "coordinates": [-96.67529, 32.75957]}, "properties": {"name": "NBCDC PLEASANT OAKS PHASE IV", "address": "8542 Bearden Ln", "total_units": 3, "category": "other", "restricted_units": 3, "restricted_known": true, "source": "NHPD", "owner": "NEIGHBORHOOD BUILDERS CDC", "owner_class": "unknown", "n_subsidies": 1, "earliest_end": "2033-03-05", "subsidies_json": "[{\"program\": \"HOME\", \"detail\": \"HOME\", \"status\": \"Active\", \"units\": 3, \"start\": \"2013-03-05\", \"end\": \"2033-03-05\", \"restricts\": true, \"note\": null}]"}}, {"type": "Feature", "geometry": {"type": "Point", "coordinates": [-96.8029, 32.7842]}, "properties": {"name": "LITTLE MEXICO VILLAGE", "address": "3027 Harry Hines Blvd", "total_units": 102, "category": "public_housing", "restricted_units": 102, "restricted_known": true, "source": "NHPD", "owner": "Housing Authority of the City of Dallas Texa", "owner_type": "Public Entity", "owner_class": "nonprofit_public", "owner_source": "NHPD OwnerType", "n_subsidies": 1, "subsidies_json": "[{\"program\": \"Public housing\", \"detail\": \"Public Housing\", \"status\": \"Active\", \"units\": 102, \"start\": \"1942-10-31\", \"end\": null, \"restricts\": true, \"note\": null}]"}}, {"type": "Feature", "geometry": {"type": "Point", "coordinates": [-96.8289, 32.72902]}, "properties": {"name": "HIGH POINT SENIOR LIVING", "address": "1615 S Zang Blvd", "total_units": 140, "category": "lihtc", "restricted_units": 140, "restricted_known": true, "source": "NHPD", "award_year": 2010, "owner": "Wynnewood Seniors Housing LP", "owner_type": "For Profit", "owner_class": "for_profit", "owner_source": "NHPD OwnerType", "hud_id": "TXA20140005", "lihtc_units": 140, "pop_served": "Elderly", "tdhca_num": "11003", "n_subsidies": 3, "earliest_end": "2034-04-30", "subsidies_json": "[{\"program\": \"LIHTC\", \"detail\": null, \"status\": \"Active\", \"units\": 140, \"start\": \"2014-01-01\", \"end\": \"2044-01-01\", \"restricts\": true, \"note\": null}, {\"program\": \"Project-based Section 8\", \"detail\": \"PD/8 SR\", \"status\": \"Active\", \"units\": 11, \"start\": \"2014-05-01\", \"end\": \"2034-04-30\", \"restricts\": true, \"note\": null}, {\"program\": \"LIHTC\", \"detail\": \"9%HTC\", \"status\": \"Active (TDHCA)\", \"units\": 140, \"start\": null, \"end\": null, \"restricts\": true, \"note\": \"TDHCA award; no expiration date published\"}]"}}, {"type": "Feature", "geometry": {"type": "Point", "coordinates": [-96.75461, 32.73836]}, "properties": {"name": "BUCKEYE TRAIL COMMONS", "address": "6707 Buckeye Cmns", "total_units": 207, "category": "lihtc", "restricted_units": 207, "restricted_known": true, "source": "NHPD", "award_year": 2011, "owner": "BEXAR PARC LP", "owner_type": "For Profit", "owner_class": "for_profit", "owner_source": "NHPD OwnerType", "hud_id": "TXA20120840", "lihtc_units": 206, "pop_served": "General", "tdhca_num": "11404", "n_subsidies": 4, "earliest_end": "2044-12-31", "subsidies_json": "[{\"program\": \"LIHTC\", \"detail\": null, \"status\": \"Active\", \"units\": 207, \"start\": \"2012-01-01\", \"end\": \"2044-12-31\", \"restricts\": true, \"note\": null}, {\"program\": \"Public housing\", \"detail\": \"Public Housing\", \"status\": \"Active\", \"units\": 207, \"start\": \"2014-03-30\", \"end\": null, \"restricts\": true, \"note\": null}, {\"program\": \"Project-based voucher\", \"detail\": \"Project Based Vouchers\", \"status\": \"Active\", \"units\": 51, \"start\": null, \"end\": null, \"restricts\": true, \"note\": null}, {\"program\": \"Project-based voucher (2nd)\", \"detail\": \"Project Based Vouchers\", \"status\": \"Active\", \"units\": 14, \"start\": null, \"end\": null, \"restricts\": true, \"note\": null}]"}}, {"type": "Feature", "geometry": {"type": "Point", "coordinates": [-96.75369, 32.73613]}, "properties": {"name": "BUCKEYE TRAIL COMMONS II", "address": "6717 Bexar St", "total_units": 116, "category": "lihtc", "restricted_units": 116, "restricted_known": true, "source": "NHPD", "award_year": 2011, "owner": "BEXAR PARC", "owner_type": "Multiple", "owner_class": "for_profit", "owner_source": "HUD LIHTC non_prof (sponsor)", "hud_id": "TXA20120839", "lihtc_units": 106, "pop_served": "General", "tdhca_num": "11405", "n_subsidies": 2, "earliest_end": "2044-12-31", "subsidies_json": "[{\"program\": \"LIHTC\", \"detail\": null, \"status\": \"Active\", \"units\": 116, \"start\": \"2012-01-01\", \"end\": \"2044-12-31\", \"restricts\": true, \"note\": null}, {\"program\": \"Public housing\", \"detail\": \"Public Housing\", \"status\": \"Active\", \"units\": 116, \"start\": \"2014-01-31\", \"end\": null, \"restricts\": true, \"note\": null}]"}}, {"type": "Feature", "geometry": {"type": "Point", "coordinates": [-96.78902, 32.79985]}, "properties": {"name": "RENAISSANCE OAKS_SCATTERED SITES II", "address": "3737 Munger Ave", "total_units": 105, "category": "public_housing", "restricted_units": 105, "restricted_known": true, "source": "NHPD", "owner": "Housing Authority of the City of Dallas Texa", "owner_type": "Public Entity", "owner_class": "nonprofit_public", "owner_source": "NHPD OwnerType", "n_subsidies": 1, "subsidies_json": "[{\"program\": \"Public housing\", \"detail\": \"Public Housing\", \"status\": \"Active\", \"units\": 105, \"start\": \"2013-06-30\", \"end\": null, \"restricts\": true, \"note\": null}]"}}, {"type": "Feature", "geometry": {"type": "Point", "coordinates": [-96.68639, 32.77976]}, "properties": {"name": "SKYLINE PLACE APARTMENTS", "address": "4700 Wimbleton Way Apt 2333", "total_units": 318, "category": "lihtc", "restricted_units": 318, "restricted_known": true, "source": "NHPD", "award_year": 2016, "owner_type": "For Profit", "owner_class": "for_profit", "owner_source": "NHPD OwnerType", "hud_id": "TXA20163060", "lihtc_units": 318, "pop_served": "General", "tdhca_num": "16600", "n_subsidies": 1, "earliest_end": "2046-12-31", "subsidies_json": "[{\"program\": \"LIHTC\", \"detail\": \"4% Tax Credit\", \"status\": \"Active\", \"units\": 318, \"start\": \"2016-01-01\", \"end\": \"2046-12-31\", \"restricts\": true, \"note\": null}]"}}, {"type": "Feature", "geometry": {"type": "Point", "coordinates": [-96.82523, 32.82218]}, "properties": {"name": "MARTHAS VINEYARD", "address": "3115 Crestview Dr", "total_units": 100, "category": "lihtc", "restricted_units": 85, "restricted_known": true, "source": "NHPD", "award_year": 2015, "owner_type": "For Profit", "owner_class": "for_profit", "owner_source": "NHPD OwnerType", "hud_id": "TXA20163044", "lihtc_units": 85, "pop_served": "General", "tdhca_num": "15413", "n_subsidies": 2, "earliest_end": "2046-01-01", "subsidies_json": "[{\"program\": \"LIHTC\", \"detail\": \"TCEP\", \"status\": \"Active\", \"units\": 85, \"start\": \"2016-01-01\", \"end\": \"2046-01-01\", \"restricts\": true, \"note\": null}, {\"program\": \"PFC / HFC\", \"detail\": \"Dallas City Of Housing Finance Corp\", \"status\": \"Active\", \"units\": 101, \"start\": null, \"end\": null, \"restricts\": true, \"note\": \"Property-tax exemption; no statutory expiration\"}]"}}, {"type": "Feature", "geometry": {"type": "Point", "coordinates": [-96.86682, 32.78368]}, "properties": {"name": "LAKEVIEW TOWNHOMES", "address": "3020 Bickers St", "total_units": 152, "category": "lihtc", "restricted_units": 152, "restricted_known": true, "source": "NHPD", "award_year": 2000, "owner_class": "unknown", "hud_id": "TXA00000368", "lihtc_units": 152, "pop_served": "General", "tdhca_num": "00005T", "n_subsidies": 1, "earliest_end": "2032-12-31", "subsidies_json": "[{\"program\": \"LIHTC\", \"detail\": null, \"status\": \"Inconclusive\", \"units\": null, \"start\": null, \"end\": \"2032-12-31\", \"restricts\": true, \"note\": \"Estimated: 2000 TDHCA award + 32 yr (median Dallas award-to-expiration). Not a published date.\", \"imputed\": true}]"}}, {"type": "Feature", "geometry": {"type": "Point", "coordinates": [-96.73809, 32.77524]}, "properties": {"name": "FRAZIER FELLOWSHIP", "address": "4848 Elsie Faye Heggins St", "total_units": 116, "category": "lihtc", "restricted_units": 60, "restricted_known": true, "source": "NHPD", "award_year": 2007, "owner": "FRAZIER FELLOWSHIP LP", "owner_class": "unknown", "hud_id": "TXA20060105", "lihtc_units": 0, "pop_served": "General", "tdhca_num": "07031", "n_subsidies": 3, "earliest_end": "2036-01-01", "subsidies_json": "[{\"program\": \"LIHTC\", \"detail\": \"9% Tax Credit\", \"status\": \"Active\", \"units\": 60, \"start\": \"2006-01-01\", \"end\": \"2036-01-01\", \"restricts\": true, \"note\": null}, {\"program\": \"LIHTC (2nd allocation)\", \"detail\": null, \"status\": \"Inconclusive\", \"units\": null, \"start\": null, \"end\": null, \"restricts\": true, \"note\": \"End Date Missing\"}, {\"program\": \"LIHTC\", \"detail\": \"9%HTC\", \"status\": \"Active (TDHCA)\", \"units\": 60, \"start\": null, \"end\": null, \"restricts\": true, \"note\": \"TDHCA award; no expiration date published\"}]"}}, {"type": "Feature", "geometry": {"type": "Point", "coordinates": [-96.67224, 32.81015]}, "properties": {"name": "THE POSITANO", "address": "2519 John West Rd", "total_units": 232, "category": "lihtc", "restricted_units": 232, "restricted_known": true, "source": "NHPD", "award_year": 2023, "owner_class": "unknown", "lihtc_units": 232, "pop_served": "Elderly", "tdhca_num": "23421", "n_subsidies": 1, "subsidies_json": "[{\"program\": \"LIHTC\", \"detail\": null, \"status\": \"Inconclusive\", \"units\": null, \"start\": null, \"end\": null, \"restricts\": true, \"note\": \"End Date Missing\"}, {\"program\": \"HUD-insured mortgage\", \"detail\": \"221(D)(4) MKT RATE MOD INC/ DISP FAMS\", \"status\": \"Active\", \"units\": 232, \"start\": \"2025-06-01\", \"end\": \"2065-05-01\", \"restricts\": false, \"note\": null}]"}}, {"type": "Feature", "geometry": {"type": "Point", "coordinates": [-96.81717, 32.65939]}, "properties": {"name": "ROSEMONT AT MISSION TRAILS LAURELAND", "address": "330 E Camp Wisdom Rd", "total_units": 249, "category": "lihtc", "restricted_units": 249, "restricted_known": true, "source": "NHPD", "award_year": 2004, "owner_class": "unknown", "hud_id": "TXA00000507", "lihtc_units": 250, "pop_served": "General", "tdhca_num": "04476", "n_subsidies": 2, "earliest_end": "2036-12-31", "subsidies_json": "[{\"program\": \"LIHTC\", \"detail\": null, \"status\": \"Inconclusive\", \"units\": null, \"start\": null, \"end\": \"2036-12-31\", \"restricts\": true, \"note\": \"Estimated: 2004 TDHCA award + 32 yr (median Dallas award-to-expiration). Not a published date.\", \"imputed\": true}, {\"program\": \"Project-based voucher\", \"detail\": \"Project Based Vouchers\", \"status\": \"Active\", \"units\": 17, \"start\": null, \"end\": null, \"restricts\": true, \"note\": null}]"}}, {"type": "Feature", "geometry": {"type": "Point", "coordinates": [-96.90684, 32.71605]}, "properties": {"name": "RESIDENCE AT THE OAKS", "address": "2740 Duncanville Rd", "total_units": 209, "category": "lihtc", "restricted_units": 209, "restricted_known": true, "source": "NHPD", "award_year": 1998, "owner_class": "unknown", "hud_id": "TXA00000478", "lihtc_units": 212, "pop_served": "Elderly", "tdhca_num": "98001T", "n_subsidies": 1, "earliest_end": "2039-12-31", "subsidies_json": "[{\"program\": \"LIHTC\", \"detail\": null, \"status\": \"Active\", \"units\": null, \"start\": null, \"end\": \"2039-12-31\", \"restricts\": true, \"note\": \"End Date Missing\"}]"}}, {"type": "Feature", "geometry": {"type": "Point", "coordinates": [-96.77458, 32.71858]}, "properties": {"name": "ROSEMONT AT CEDAR CREST", "address": "3303 Southern Oaks Blvd", "total_units": 256, "category": "lihtc", "restricted_units": 256, "restricted_known": true, "source": "NHPD", "award_year": 2002, "owner_class": "unknown", "hud_id": "TXA00000498", "lihtc_units": 256, "pop_served": "General", "tdhca_num": "02446", "n_subsidies": 2, "earliest_end": "2034-12-31", "subsidies_json": "[{\"program\": \"LIHTC\", \"detail\": null, \"status\": \"Inconclusive\", \"units\": null, \"start\": null, \"end\": \"2034-12-31\", \"restricts\": true, \"note\": \"Estimated: 2002 TDHCA award + 32 yr (median Dallas award-to-expiration). Not a published date.\", \"imputed\": true}, {\"program\": \"Project-based voucher\", \"detail\": \"Project Based Vouchers\", \"status\": \"Active\", \"units\": 31, \"start\": null, \"end\": null, \"restricts\": true, \"note\": null}]"}}, {"type": "Feature", "geometry": {"type": "Point", "coordinates": [-96.79032, 32.80079]}, "properties": {"name": "ROSELAND GARDENS", "address": "2255 N Washington Ave", "total_units": 100, "category": "lihtc", "restricted_units": 100, "restricted_known": true, "source": "NHPD", "award_year": 2001, "owner_class": "unknown", "hud_id": "TXA00000494", "lihtc_units": 100, "pop_served": "Elderly", "tdhca_num": "01401", "n_subsidies": 2, "earliest_end": "2033-12-31", "subsidies_json": "[{\"program\": \"LIHTC\", \"detail\": null, \"status\": \"Inconclusive\", \"units\": null, \"start\": null, \"end\": \"2033-12-31\", \"restricts\": true, \"note\": \"Estimated: 2001 TDHCA award + 32 yr (median Dallas award-to-expiration). Not a published date.\", \"imputed\": true}, {\"program\": \"Project-based voucher\", \"detail\": \"Project Based Vouchers\", \"status\": \"Active\", \"units\": 98, \"start\": null, \"end\": null, \"restricts\": true, \"note\": null}]"}}, {"type": "Feature", "geometry": {"type": "Point", "coordinates": [-96.85326, 32.82311]}, "properties": {"name": "PROVIDENCE MOCKINGBIRD", "address": "1893 W Mockingbird Ln", "total_units": 251, "category": "lihtc", "restricted_units": 251, "restricted_known": true, "source": "NHPD", "award_year": 2005, "owner_class": "unknown", "hud_id": "TXA00000466", "lihtc_units": 251, "pop_served": "General", "tdhca_num": "05613", "n_subsidies": 2, "earliest_end": "2037-12-31", "subsidies_json": "[{\"program\": \"LIHTC\", \"detail\": null, \"status\": \"Active\", \"units\": null, \"start\": null, \"end\": \"2037-12-31\", \"restricts\": true, \"note\": \"End Date Missing\"}, {\"program\": \"PFC / HFC\", \"detail\": \"City Of Dallas Housing Finance Corp\", \"status\": \"Active\", \"units\": 250, \"start\": null, \"end\": null, \"restricts\": true, \"note\": \"Property-tax exemption; no statutory expiration\"}]"}}, {"type": "Feature", "geometry": {"type": "Point", "coordinates": [-96.78045, 32.80693]}, "properties": {"name": "MONARCH TOWNHOMES", "address": "2008 Kirby St", "total_units": 65, "category": "lihtc", "restricted_units": 65, "restricted_known": true, "source": "NHPD", "award_year": 2000, "owner_class": "unknown", "hud_id": "TXA00000413", "lihtc_units": 65, "pop_served": "General", "tdhca_num": "00003T", "n_subsidies": 1, "earliest_end": "2040-12-31", "subsidies_json": "[{\"program\": \"LIHTC\", \"detail\": null, \"status\": \"Active\", \"units\": null, \"start\": null, \"end\": \"2040-12-31\", \"restricts\": true, \"note\": \"End Date Missing\"}]"}}, {"type": "Feature", "geometry": {"type": "Point", "coordinates": [-96.76909, 32.67026]}, "properties": {"name": "HIGHLAND HILLS", "address": "3131 Simpson Stuart Rd", "total_units": 250, "category": "lihtc", "restricted_units": 250, "restricted_known": true, "source": "NHPD", "award_year": 2004, "owner": "GREYSTONE FUNDING COMPANY LLC", "owner_class": "unknown", "hud_id": "TXA00000246", "lihtc_units": 250, "pop_served": "General", "tdhca_num": "04480", "n_subsidies": 1, "earliest_end": "2036-12-31", "subsidies_json": "[{\"program\": \"LIHTC\", \"detail\": null, \"status\": \"Inconclusive\", \"units\": null, \"start\": null, \"end\": \"2036-12-31\", \"restricts\": true, \"note\": \"Estimated: 2004 TDHCA award + 32 yr (median Dallas award-to-expiration). Not a published date.\", \"imputed\": true}, {\"program\": \"HUD-insured mortgage\", \"detail\": \"207/ 223(F) PUR/ REFIN HSG\", \"status\": \"Active\", \"units\": 250, \"start\": \"2022-02-01\", \"end\": \"2057-01-01\", \"restricts\": false, \"note\": null}]"}}, {"type": "Feature", "geometry": {"type": "Point", "coordinates": [-96.80066, 32.78383]}, "properties": {"name": "CITY WALK AT AKARD", "address": "511 N Akard St", "total_units": 200, "category": "lihtc", "restricted_units": 200, "restricted_known": true, "source": "NHPD", "award_year": 2007, "owner_type": "Non-Profit", "owner_class": "nonprofit_public", "owner_source": "NHPD OwnerType", "hud_id": "TXA00000249", "lihtc_units": 204, "pop_served": "General", "tdhca_num": "07091", "n_subsidies": 2, "earliest_end": "2039-12-31", "subsidies_json": "[{\"program\": \"LIHTC\", \"detail\": \"9% Tax Credit\", \"status\": \"Inconclusive\", \"units\": 200, \"start\": null, \"end\": \"2039-12-31\", \"restricts\": true, \"note\": \"Estimated: 2007 TDHCA award + 32 yr (median Dallas award-to-expiration). Not a published date.\", \"imputed\": true}, {\"program\": \"Project-based voucher\", \"detail\": \"Project Based Vouchers\", \"status\": \"Active\", \"units\": 94, \"start\": null, \"end\": null, \"restricts\": true, \"note\": null}]"}}, {"type": "Feature", "geometry": {"type": "Point", "coordinates": [-96.82544, 32.69644]}, "properties": {"name": "FIVE MILE CREEK", "address": "5151 Village Fair Dr", "total_units": 236, "category": "lihtc", "restricted_units": 236, "restricted_known": true, "source": "NHPD", "award_year": 2004, "owner": "GREYSTONE FUNDING COMPANY LLC", "owner_class": "unknown", "lihtc_units": 236, "pop_served": "General", "tdhca_num": "04479", "n_subsidies": 2, "earliest_end": "2036-12-31", "subsidies_json": "[{\"program\": \"LIHTC\", \"detail\": null, \"status\": \"Active\", \"units\": null, \"start\": null, \"end\": \"2036-12-31\", \"restricts\": true, \"note\": \"End Date Missing\"}, {\"program\": \"HUD-insured mortgage\", \"detail\": \"207/ 223(F) PUR/ REFIN HSG\", \"status\": \"Active\", \"units\": 236, \"start\": \"2022-02-01\", \"end\": \"2057-01-01\", \"restricts\": false, \"note\": null}, {\"program\": \"LIHTC\", \"detail\": \"4%HTC\", \"status\": \"Active (TDHCA)\", \"units\": 236, \"start\": null, \"end\": null, \"restricts\": true, \"note\": \"TDHCA award; no expiration date published\"}]"}}, {"type": "Feature", "geometry": {"type": "Point", "coordinates": [-96.67119, 32.80906]}, "properties": {"name": "ROSEMONT AT ASH CREEK", "address": "2605 John West Rd", "total_units": 280, "category": "lihtc", "restricted_units": 280, "restricted_known": true, "source": "NHPD", "award_year": 2023, "owner": "PINNACLE FAMILY OF COMPANIES - TEXAS OFFICE", "owner_type": "For Profit", "owner_class": "for_profit", "owner_source": "NHPD OwnerType", "hud_id": "TXA00000495", "lihtc_units": 280, "pop_served": "General", "tdhca_num": "23420", "n_subsidies": 4, "earliest_end": "2055-12-31", "subsidies_json": "[{\"program\": \"LIHTC\", \"detail\": \"4% Tax Credit\", \"status\": \"Active\", \"units\": 280, \"start\": \"2004-01-01\", \"end\": \"2055-12-31\", \"restricts\": true, \"note\": \"Superseded: a new 2023 TDHCA award resyndicated this property, so the 2034 expiration on the 2004 allocation no longer governs. Estimated 2023 + 32 yr.\", \"imputed\": true}, {\"program\": \"LIHTC (2nd allocation)\", \"detail\": null, \"status\": \"Inconclusive\", \"units\": null, \"start\": null, \"end\": null, \"restricts\": true, \"note\": \"End Date Missing\"}, {\"program\": \"Project-based voucher\", \"detail\": \"Project Based Vouchers\", \"status\": \"Active\", \"units\": 20, \"start\": null, \"end\": null, \"restricts\": true, \"note\": null}, {\"program\": \"HUD-insured mortgage\", \"detail\": \"221(D)(4) MKT RATE MOD INC/ DISP FAMS\", \"status\": \"Active\", \"units\": 280, \"start\": \"2025-06-01\", \"end\": \"2065-05-01\", \"restricts\": false, \"note\": null}, {\"program\": \"LIHTC\", \"detail\": \"4%HTC\", \"status\": \"Active (TDHCA)\", \"units\": 0, \"start\": null, \"end\": null, \"restricts\": true, \"note\": \"TDHCA award; no expiration date published\"}]"}}, {"type": "Feature", "geometry": {"type": "Point", "coordinates": [-96.94719, 32.66659]}, "properties": {"name": "ROSEMONT AT BLUFF RIDGE", "address": "8125 Clark Rd", "total_units": 253, "category": "lihtc", "restricted_units": 253, "restricted_known": true, "source": "NHPD", "award_year": 2002, "owner_class": "unknown", "hud_id": "TXA00000497", "lihtc_units": 256, "pop_served": "General", "tdhca_num": "02417", "n_subsidies": 1, "earliest_end": "2033-12-31", "subsidies_json": "[{\"program\": \"LIHTC\", \"detail\": null, \"status\": \"Active\", \"units\": null, \"start\": null, \"end\": \"2033-12-31\", \"restricts\": true, \"note\": \"End Date Missing\"}]"}}, {"type": "Feature", "geometry": {"type": "Point", "coordinates": [-96.87359, 32.64493]}, "properties": {"name": "ROSEMONT AT HICKORY TRACE", "address": "8410 S Westmoreland Rd", "total_units": 180, "category": "lihtc", "restricted_units": 180, "restricted_known": true, "source": "NHPD", "award_year": 2002, "owner_class": "unknown", "hud_id": "TXA00000501", "lihtc_units": 180, "pop_served": "General", "tdhca_num": "02438", "n_subsidies": 1, "earliest_end": "2034-12-31", "subsidies_json": "[{\"program\": \"LIHTC\", \"detail\": null, \"status\": \"Inconclusive\", \"units\": null, \"start\": null, \"end\": \"2034-12-31\", \"restricts\": true, \"note\": \"Estimated: 2002 TDHCA award + 32 yr (median Dallas award-to-expiration). Not a published date.\", \"imputed\": true}]"}}, {"type": "Feature", "geometry": {"type": "Point", "coordinates": [-96.87889, 32.75774]}, "properties": {"name": "HILLSIDE WEST APARTMENTS", "address": "3757 Falls Bluff Dr", "total_units": 130, "category": "lihtc", "restricted_units": 130, "restricted_known": true, "source": "NHPD", "award_year": 2010, "owner": "COLLIERS MORTGAGE LLC", "owner_type": "For Profit", "owner_class": "for_profit", "owner_source": "NHPD OwnerType", "hud_id": "TXA20130806", "lihtc_units": 130, "pop_served": "Elderly", "tdhca_num": "11012", "n_subsidies": 1, "earliest_end": "2053-12-31", "subsidies_json": "[{\"program\": \"LIHTC\", \"detail\": null, \"status\": \"Active\", \"units\": 130, \"start\": \"2013-01-01\", \"end\": \"2053-12-31\", \"restricts\": true, \"note\": null}, {\"program\": \"HUD-insured mortgage\", \"detail\": \"221(D)(4) MKT RATE MOD INC/ DISP FAMS\", \"status\": \"Active\", \"units\": 130, \"start\": \"2013-09-01\", \"end\": \"2053-08-01\", \"restricts\": false, \"note\": null}]"}}, {"type": "Feature", "geometry": {"type": "Point", "coordinates": [-96.77258, 32.92285]}, "properties": {"name": "Summit Parque", "address": "12777 Merit Dr", "total_units": 100, "category": "lihtc", "restricted_units": 75, "restricted_known": true, "source": "NHPD", "award_year": 2013, "owner_type": "For Profit", "owner_class": "for_profit", "owner_source": "NHPD OwnerType", "hud_id": "TXA20154047", "lihtc_units": 75, "pop_served": "General", "tdhca_num": "13240", "n_subsidies": 1, "earliest_end": "2050-12-31", "subsidies_json": "[{\"program\": \"LIHTC\", \"detail\": null, \"status\": \"Active\", \"units\": 75, \"start\": \"2015-01-01\", \"end\": \"2050-12-31\", \"restricts\": true, \"note\": null}]"}}, {"type": "Feature", "geometry": {"type": "Point", "coordinates": [-96.6999, 32.70928]}, "properties": {"name": "CREEKSIDE APARTMENTS", "address": "378 S Jim Miller Rd", "total_units": 200, "category": "lihtc", "restricted_known": false, "source": "NHPD", "owner": "378 CREEKSIDE APARTMENT LLC", "owner_type": "Profit Motivated", "owner_class": "for_profit", "owner_source": "NHPD OwnerType", "n_subsidies": 3, "earliest_end": "2036-12-31", "subsidies_json": "[{\"program\": \"LIHTC\", \"detail\": null, \"status\": \"Active\", \"units\": null, \"start\": \"2004-01-01\", \"end\": \"2036-12-31\", \"restricts\": true, \"note\": null}, {\"program\": \"Project-based Section 8\", \"detail\": \"LMSA\", \"status\": \"Active\", \"units\": 100, \"start\": \"2022-10-01\", \"end\": \"2042-09-30\", \"restricts\": true, \"note\": null}, {\"program\": \"Project-based Section 8 (2nd)\", \"detail\": \"LMSA\", \"status\": \"Active\", \"units\": 30, \"start\": \"2022-10-01\", \"end\": \"2042-09-30\", \"restricts\": true, \"note\": null}]"}}, {"type": "Feature", "geometry": {"type": "Point", "coordinates": [-96.79205, 32.77115]}, "properties": {"name": "1400 BELLEVIEW", "address": "1400 Bellview St", "total_units": 164, "category": "lihtc", "restricted_units": 164, "restricted_known": true, "source": "NHPD", "award_year": 2012, "owner_type": "For Profit", "owner_class": "for_profit", "owner_source": "NHPD OwnerType", "hud_id": "TXA20145002", "lihtc_units": 164, "pop_served": "General", "tdhca_num": "12098", "n_subsidies": 1, "earliest_end": "2053-12-31", "subsidies_json": "[{\"program\": \"LIHTC\", \"detail\": \"9% Tax Credit\", \"status\": \"Active\", \"units\": 164, \"start\": \"2014-01-01\", \"end\": \"2053-12-31\", \"restricts\": true, \"note\": null}]"}}, {"type": "Feature", "geometry": {"type": "Point", "coordinates": [-96.75186, 32.80238]}, "properties": {"name": "FOWLER CHRISTIAN APARTMENTS III PRAC 202", "address": "5822 Eastside Ave", "total_units": 36, "category": "other", "restricted_units": 36, "restricted_known": true, "source": "NHPD", "owner": "Fowler Christian Apartments III Inc.", "owner_type": "Non-Profit", "owner_class": "nonprofit_public", "owner_source": "NHPD OwnerType", "n_subsidies": 2, "earliest_end": "2035-09-29", "subsidies_json": "[{\"program\": \"Section 202 / 811 (PRAC)\", \"detail\": \"PRAC/202\", \"status\": \"Active\", \"units\": 36, \"start\": \"2024-06-01\", \"end\": \"2055-05-31\", \"restricts\": true, \"note\": null}, {\"program\": \"HOME\", \"detail\": \"HOME\", \"status\": \"Active\", \"units\": 6, \"start\": \"2015-09-29\", \"end\": \"2035-09-29\", \"restricts\": true, \"note\": null}]"}}, {"type": "Feature", "geometry": {"type": "Point", "coordinates": [-96.75412, 32.74985]}, "properties": {"address": "2432 Macon St", "total_units": 2, "category": "other", "restricted_units": 2, "restricted_known": true, "source": "NHPD", "owner": "EAST DALLAS COMMUNITY DEVELOPMENT", "owner_class": "unknown", "n_subsidies": 1, "earliest_end": "2039-01-23", "subsidies_json": "[{\"program\": \"HOME\", \"detail\": \"HOME\", \"status\": \"Active\", \"units\": 2, \"start\": \"2019-01-23\", \"end\": \"2039-01-23\", \"restricts\": true, \"note\": null}]"}}, {"type": "Feature", "geometry": {"type": "Point", "coordinates": [-96.88025, 32.90881]}, "properties": {"name": "ST JUDE PLACE", "address": "2920 Forest Ln", "total_units": 104, "category": "other", "restricted_units": 104, "restricted_known": true, "source": "NHPD", "owner": "JOE DINGMAN", "owner_class": "unknown", "n_subsidies": 1, "earliest_end": "2029-12-31", "subsidies_json": "[{\"program\": \"HOME\", \"detail\": \"HOME\", \"status\": \"Active\", \"units\": 104, \"start\": \"2019-12-31\", \"end\": \"2029-12-31\", \"restricts\": true, \"note\": null}]"}}, {"type": "Feature", "geometry": {"type": "Point", "coordinates": [-96.67626, 32.76]}, "properties": {"name": "NBCDC PLEASANT OAKS PHASE IV", "address": "8517 Bearden Ln", "total_units": 7, "category": "other", "restricted_units": 7, "restricted_known": true, "source": "NHPD", "owner_class": "unknown", "n_subsidies": 1, "earliest_end": "2037-09-08", "subsidies_json": "[{\"program\": \"HOME\", \"detail\": \"HOME\", \"status\": \"Active\", \"units\": 7, \"start\": \"2017-09-08\", \"end\": \"2037-09-08\", \"restricts\": true, \"note\": null}]"}}, {"type": "Feature", "geometry": {"type": "Point", "coordinates": [-96.88044, 32.65869]}, "properties": {"name": "PALLADIUM REDBIRD APARTMENTS", "address": "7202 S Westmoreland Rd", "total_units": 300, "category": "lihtc", "restricted_units": 210, "restricted_known": true, "source": "NHPD", "award_year": 2019, "owner": "PNC BANK NATIONAL ASSOCIATION", "owner_type": "For Profit", "owner_class": "for_profit", "owner_source": "NHPD OwnerType", "hud_id": "TXA20220938", "lihtc_units": 210, "pop_served": "General", "tdhca_num": "19419", "n_subsidies": 2, "earliest_end": "2037-06-08", "subsidies_json": "[{\"program\": \"LIHTC\", \"detail\": \"4% Tax Credit\", \"status\": \"Active\", \"units\": 210, \"start\": \"2022-01-01\", \"end\": \"2050-12-31\", \"restricts\": true, \"note\": null}, {\"program\": \"HOME\", \"detail\": \"HOME\", \"status\": \"Active\", \"units\": 33, \"start\": \"2022-06-08\", \"end\": \"2037-06-08\", \"restricts\": true, \"note\": null}, {\"program\": \"HUD-insured mortgage\", \"detail\": \"221(D)(4) MKT RATE MOD INC/ DISP FAMS\", \"status\": \"Active\", \"units\": 300, \"start\": \"2022-02-01\", \"end\": \"2062-01-01\", \"restricts\": false, \"note\": null}]"}}, {"type": "Feature", "geometry": {"type": "Point", "coordinates": [-96.77907, 32.77848]}, "properties": {"address": "1621 S Malcolm X Blvd", "total_units": 43, "category": "other", "restricted_units": 43, "restricted_known": true, "source": "NHPD", "owner_class": "unknown", "n_subsidies": 1, "subsidies_json": "[{\"program\": \"Project-based voucher\", \"detail\": \"Project Based Vouchers\", \"status\": \"Active\", \"units\": 43, \"start\": null, \"end\": null, \"restricts\": true, \"note\": null}]"}}, {"type": "Feature", "geometry": {"type": "Point", "coordinates": [-96.80315, 32.70832]}, "properties": {"name": "SERENITY PLACE", "address": "3124 S Denley Dr", "total_units": 45, "category": "lihtc", "restricted_units": 45, "restricted_known": true, "source": "NHPD", "award_year": 2014, "owner_type": "For Profit", "owner_class": "for_profit", "owner_source": "NHPD OwnerType", "hud_id": "TXA20154042", "lihtc_units": 45, "pop_served": "Supportive Housing", "tdhca_num": "14180", "n_subsidies": 2, "earliest_end": "2045-01-01", "subsidies_json": "[{\"program\": \"LIHTC\", \"detail\": null, \"status\": \"Active\", \"units\": null, \"start\": \"2015-01-01\", \"end\": \"2045-01-01\", \"restricts\": true, \"note\": null}, {\"program\": \"Project-based voucher\", \"detail\": \"Project Based Vouchers\", \"status\": \"Active\", \"units\": 40, \"start\": null, \"end\": null, \"restricts\": true, \"note\": null}]"}}, {"type": "Feature", "geometry": {"type": "Point", "coordinates": [-96.81315, 32.75753]}, "properties": {"address": "717 Comal St", "total_units": 12, "category": "other", "restricted_units": 12, "restricted_known": true, "source": "NHPD", "owner_class": "unknown", "n_subsidies": 1, "subsidies_json": "[{\"program\": \"Project-based voucher\", \"detail\": \"Project Based Vouchers\", \"status\": \"Active\", \"units\": 12, \"start\": null, \"end\": null, \"restricts\": true, \"note\": null}]"}}, {"type": "Feature", "geometry": {"type": "Point", "coordinates": [-96.81377, 32.75695]}, "properties": {"address": "720 N Lancaster Ave", "total_units": 20, "category": "other", "restricted_units": 20, "restricted_known": true, "source": "NHPD", "owner_class": "unknown", "n_subsidies": 1, "subsidies_json": "[{\"program\": \"Project-based voucher\", \"detail\": \"Project Based Vouchers\", \"status\": \"Active\", \"units\": 20, \"start\": null, \"end\": null, \"restricts\": true, \"note\": null}]"}}, {"type": "Feature", "geometry": {"type": "Point", "coordinates": [-96.76199, 32.87072]}, "properties": {"address": "8320 Park Ln", "total_units": 36, "category": "other", "restricted_units": 36, "restricted_known": true, "source": "NHPD", "owner_class": "unknown", "n_subsidies": 1, "subsidies_json": "[{\"program\": \"Project-based voucher\", \"detail\": \"Project Based Vouchers\", \"status\": \"Active\", \"units\": 36, \"start\": null, \"end\": null, \"restricts\": true, \"note\": null}]"}}, {"type": "Feature", "geometry": {"type": "Point", "coordinates": [-96.82871, 32.72314]}, "properties": {"name": "HIGHPOINT FAMILY LIVING", "address": "414 W Louisiana Ave", "total_units": 161, "category": "lihtc", "restricted_units": 160, "restricted_known": true, "source": "NHPD", "award_year": 2013, "owner": "Wynnewood Family Housing LP", "owner_type": "Profit Motivated", "owner_class": "for_profit", "owner_source": "NHPD OwnerType", "hud_id": "TXA20163078", "lihtc_units": 160, "pop_served": "General", "tdhca_num": "13234", "n_subsidies": 2, "earliest_end": "2038-12-31", "subsidies_json": "[{\"program\": \"LIHTC\", \"detail\": null, \"status\": \"Active\", \"units\": 160, \"start\": \"2016-01-01\", \"end\": \"2046-01-01\", \"restricts\": true, \"note\": null}, {\"program\": \"Project-based Section 8\", \"detail\": \"Sec 8 SR\", \"status\": \"Active\", \"units\": 34, \"start\": \"2019-01-01\", \"end\": \"2038-12-31\", \"restricts\": true, \"note\": null}]"}}, {"type": "Feature", "geometry": {"type": "Point", "coordinates": [-96.66646, 32.8429]}, "properties": {"name": "ESTATES AT SHILOH", "address": "2649 Centerville Rd", "total_units": 264, "category": "lihtc", "restricted_units": 239, "restricted_known": true, "source": "NHPD", "award_year": 2019, "owner_type": "For Profit", "owner_class": "for_profit", "owner_source": "NHPD OwnerType", "hud_id": "TXA0000X464", "lihtc_units": 239, "pop_served": "Elderly", "tdhca_num": "19439", "n_subsidies": 1, "earliest_end": "2052-12-31", "subsidies_json": "[{\"program\": \"LIHTC\", \"detail\": \"4% Tax Credit\", \"status\": \"Active\", \"units\": 239, \"start\": \"2021-01-01\", \"end\": \"2052-12-31\", \"restricts\": true, \"note\": null}]"}}, {"type": "Feature", "geometry": {"type": "Point", "coordinates": [-96.6584, 32.74973]}, "properties": {"name": "STERLINGSHIRE APARTMENT HOMES", "address": "9415 Bruton Rd", "total_units": 264, "category": "lihtc", "restricted_units": 264, "restricted_known": true, "source": "NHPD", "award_year": 2014, "owner_type": "For Profit", "owner_class": "for_profit", "owner_source": "NHPD OwnerType", "hud_id": "TXA20157576", "lihtc_units": 264, "pop_served": "General", "tdhca_num": "14402", "n_subsidies": 2, "earliest_end": "2045-12-31", "subsidies_json": "[{\"program\": \"LIHTC\", \"detail\": \"4% Tax Credit\", \"status\": \"Active\", \"units\": 264, \"start\": \"2015-01-01\", \"end\": \"2045-12-31\", \"restricts\": true, \"note\": null}, {\"program\": \"PFC / HFC\", \"detail\": \"City Of Dallas Housing Finance Corp\", \"status\": \"Active\", \"units\": 264, \"start\": null, \"end\": null, \"restricts\": true, \"note\": \"Property-tax exemption; no statutory expiration\"}]"}}, {"type": "Feature", "geometry": {"type": "Point", "coordinates": [-96.89853, 32.88762]}, "properties": {"name": "DALLAS STEMMONS APARTMENTS", "address": "11070 N STEMMONS FWY", "total_units": 87, "category": "lihtc", "restricted_units": 85, "restricted_known": true, "source": "NHPD", "award_year": 2020, "owner": "REGIONS BANK", "owner_type": "For Profit", "owner_class": "for_profit", "owner_source": "NHPD OwnerType", "hud_id": "TXA20220897", "lihtc_units": 85, "pop_served": "General", "tdhca_num": "20024", "n_subsidies": 1, "earliest_end": "2066-12-31", "subsidies_json": "[{\"program\": \"LIHTC\", \"detail\": \"9% Tax Credit\", \"status\": \"Active\", \"units\": 85, \"start\": \"2022-01-01\", \"end\": \"2066-12-31\", \"restricts\": true, \"note\": null}, {\"program\": \"HUD-insured mortgage\", \"detail\": \"221(D)(4) MKT RATE MOD INC/ DISP FAMS\", \"status\": \"Active\", \"units\": 87, \"start\": \"2023-01-01\", \"end\": \"2062-12-01\", \"restricts\": false, \"note\": null}]"}}, {"type": "Feature", "geometry": {"type": "Point", "coordinates": [-96.8515, 32.7548]}, "properties": {"name": "VILLAS AT WESTERN HEIGHTS", "address": "1501 FORT WORTH AVE", "total_units": 130, "category": "lihtc", "restricted_units": 104, "restricted_known": true, "source": "NHPD", "award_year": 2020, "owner_type": "For Profit", "owner_class": "for_profit", "owner_source": "NHPD OwnerType", "hud_id": "TXA0000X789", "lihtc_units": 104, "pop_served": "Elderly", "tdhca_num": "20197", "n_subsidies": 1, "earliest_end": "2068-12-31", "subsidies_json": "[{\"program\": \"LIHTC\", \"detail\": \"9% Tax Credit\", \"status\": \"Active\", \"units\": 104, \"start\": \"2022-01-01\", \"end\": \"2068-12-31\", \"restricts\": true, \"note\": null}]"}}, {"type": "Feature", "geometry": {"type": "Point", "coordinates": [-96.83204, 32.73987]}, "properties": {"name": "THE OAKS", "address": "630 S Llewellyn Ave", "total_units": 260, "category": "lihtc", "restricted_units": 260, "restricted_known": true, "source": "NHPD", "award_year": 2021, "owner": "Housing Authority of the City of Dallas Texa", "owner_type": "Public Entity", "owner_class": "nonprofit_public", "owner_source": "NHPD OwnerType", "lihtc_units": 243, "pop_served": "Elderly", "tdhca_num": "21400", "n_subsidies": 2, "subsidies_json": "[{\"program\": \"Public housing\", \"detail\": \"Public Housing\", \"status\": \"Active\", \"units\": 260, \"start\": \"2023-07-31\", \"end\": null, \"restricts\": true, \"note\": null}, {\"program\": \"LIHTC\", \"detail\": \"4%HTC\", \"status\": \"Active (TDHCA)\", \"units\": 243, \"start\": null, \"end\": null, \"restricts\": true, \"note\": \"TDHCA award; no expiration date published\"}]"}}, {"type": "Feature", "geometry": {"type": "Point", "coordinates": [-96.6079, 32.6904]}, "properties": {"name": "CROSSING AT CLEAR CREEK", "address": "NEC OF HWY 175 & WOODY RD", "total_units": 264, "category": "lihtc", "restricted_units": 264, "restricted_known": true, "source": "NHPD", "award_year": 2023, "owner_type": "For Profit", "owner_class": "for_profit", "owner_source": "NHPD OwnerType", "hud_id": "TXA0000X897", "lihtc_units": 238, "pop_served": "General", "tdhca_num": "23610", "n_subsidies": 1, "earliest_end": "2055-01-01", "subsidies_json": "[{\"program\": \"LIHTC\", \"detail\": \"4% Tax Credit\", \"status\": \"Active\", \"units\": 264, \"start\": \"2025-01-01\", \"end\": \"2055-01-01\", \"restricts\": true, \"note\": null}]"}}, {"type": "Feature", "geometry": {"type": "Point", "coordinates": [-96.7331, 32.8386]}, "properties": {"name": "JULIETTE FOWLER RESIDENCES", "address": "NEC OF S FULTON ST E SIDE ST", "total_units": 144, "category": "lihtc", "restricted_units": 144, "restricted_known": true, "source": "NHPD", "award_year": 2020, "owner_type": "For Profit", "owner_class": "for_profit", "owner_source": "NHPD OwnerType", "hud_id": "TXA0000X679", "lihtc_units": 144, "pop_served": "Elderly", "tdhca_num": "20264", "n_subsidies": 1, "earliest_end": "2067-12-31", "subsidies_json": "[{\"program\": \"LIHTC\", \"detail\": \"9% Tax Credit\", \"status\": \"Active\", \"units\": 144, \"start\": \"2022-01-01\", \"end\": \"2067-12-31\", \"restricts\": true, \"note\": null}]"}}, {"type": "Feature", "geometry": {"type": "Point", "coordinates": [-96.79743, 32.71171]}, "properties": {"name": "SAINT JAMES MANOR", "address": "3119 Easter Ave", "total_units": 100, "category": "lihtc", "restricted_units": 100, "restricted_known": true, "source": "NHPD", "award_year": 2016, "owner_type": "For Profit", "owner_class": "for_profit", "owner_source": "NHPD OwnerType", "hud_id": "TXA20163059", "lihtc_units": 100, "pop_served": "General", "tdhca_num": "16440", "n_subsidies": 1, "earliest_end": "2046-12-31", "subsidies_json": "[{\"program\": \"LIHTC\", \"detail\": \"4% Tax Credit\", \"status\": \"Active\", \"units\": 100, \"start\": \"2016-01-01\", \"end\": \"2046-12-31\", \"restricts\": true, \"note\": null}]"}}, {"type": "Feature", "geometry": {"type": "Point", "coordinates": [-96.75168, 32.74484]}, "properties": {"name": "The Culbreath", "address": "2770 Bethurum Ave.", "total_units": 364, "category": "lihtc", "restricted_units": 327, "restricted_known": true, "source": "TDHCA", "award_year": 2024, "owner_class": "unknown", "lihtc_units": 327, "pop_served": "Elderly", "tdhca_num": "24468", "n_subsidies": 1, "subsidies_json": "[{\"program\": \"LIHTC\", \"detail\": \"4%HTC\", \"status\": \"Active (TDHCA)\", \"units\": 327, \"start\": null, \"end\": null, \"restricts\": true, \"note\": \"TDHCA award; no expiration date published\"}]"}}, {"type": "Feature", "geometry": {"type": "Point", "coordinates": [-96.7858, 32.72954]}, "properties": {"name": "The Gateway at Trinity Forest", "address": "2050 Dowdy Ferry Rd", "total_units": 330, "category": "lihtc", "restricted_units": 330, "restricted_known": true, "source": "TDHCA", "award_year": 2025, "owner_class": "unknown", "lihtc_units": 330, "pop_served": "General", "tdhca_num": "25609", "n_subsidies": 1, "subsidies_json": "[{\"program\": \"LIHTC\", \"detail\": \"4%HTC\", \"status\": \"Active (TDHCA)\", \"units\": 330, \"start\": null, \"end\": null, \"restricts\": true, \"note\": \"TDHCA award; no expiration date published\"}]"}}, {"type": "Feature", "geometry": {"type": "Point", "coordinates": [-96.7227, 32.79578]}, "properties": {"name": "Fairway Crossing Apartments", "address": "7229 Ferguson Rd", "total_units": 310, "category": "lihtc", "restricted_units": 297, "restricted_known": true, "source": "TDHCA", "award_year": 2007, "owner_class": "unknown", "lihtc_units": 297, "pop_served": "General", "tdhca_num": "07001", "n_subsidies": 1, "earliest_end": "2039-12-31", "subsidies_json": "[{\"program\": \"LIHTC\", \"detail\": \"9%HTC\", \"status\": \"Active (TDHCA)\", \"units\": 297, \"start\": null, \"end\": \"2039-12-31\", \"restricts\": true, \"note\": \"Estimated: 2007 TDHCA award + 32 yr (median Dallas award-to-expiration). Not a published date.\", \"imputed\": true}]"}}, {"type": "Feature", "geometry": {"type": "Point", "coordinates": [-96.68394, 32.71898]}, "properties": {"name": "Palladium Buckner Station", "address": "8008 Elam Road", "total_units": 304, "category": "lihtc", "restricted_units": 244, "restricted_known": true, "source": "TDHCA", "award_year": 2025, "owner_class": "unknown", "lihtc_units": 244, "pop_served": "General", "tdhca_num": "25442", "n_subsidies": 1, "subsidies_json": "[{\"program\": \"LIHTC\", \"detail\": \"4%HTC\", \"status\": \"Active (TDHCA)\", \"units\": 244, \"start\": null, \"end\": null, \"restricts\": true, \"note\": \"TDHCA award; no expiration date published\"}]"}}, {"type": "Feature", "geometry": {"type": "Point", "coordinates": [-96.69559, 32.71213]}, "properties": {"name": "Murdeaux Villas Apartments", "address": "125 S. Murdeaux Lane", "total_units": 301, "category": "lihtc", "restricted_units": 301, "restricted_known": true, "source": "TDHCA", "award_year": 2021, "owner_class": "unknown", "lihtc_units": 301, "pop_served": "General", "tdhca_num": "21614", "n_subsidies": 2, "subsidies_json": "[{\"program\": \"LIHTC\", \"detail\": \"4%HTC\", \"status\": \"Active (TDHCA)\", \"units\": 301, \"start\": null, \"end\": null, \"restricts\": true, \"note\": \"TDHCA award; no expiration date published\"}, {\"program\": \"PFC / HFC\", \"detail\": \"Garland Housing Finance Corp\", \"status\": \"Active\", \"units\": 301, \"start\": null, \"end\": null, \"restricts\": true, \"note\": \"Property-tax exemption; no statutory expiration\"}]"}}, {"type": "Feature", "geometry": {"type": "Point", "coordinates": [-96.78819, 32.67345]}, "properties": {"name": "The Ridge at Lancaster", "address": "5703 S. Lancaster Rd.", "total_units": 300, "category": "lihtc", "restricted_units": 270, "restricted_known": true, "source": "TDHCA", "award_year": 2020, "owner_class": "unknown", "lihtc_units": 270, "pop_served": "General", "tdhca_num": "21421", "n_subsidies": 1, "subsidies_json": "[{\"program\": \"LIHTC\", \"detail\": \"4%HTC\", \"status\": \"Active (TDHCA)\", \"units\": 270, \"start\": null, \"end\": null, \"restricts\": true, \"note\": \"TDHCA award; no expiration date published\"}]"}}, {"type": "Feature", "geometry": {"type": "Point", "coordinates": [-96.9173, 32.7569]}, "properties": {"name": "The Ridge at Loop 12", "address": "1200 N Walton Walker Blvd", "total_units": 300, "category": "lihtc", "restricted_units": 300, "restricted_known": true, "source": "TDHCA", "award_year": 2024, "owner_class": "unknown", "lihtc_units": 300, "pop_served": "General", "tdhca_num": "24607", "n_subsidies": 1, "subsidies_json": "[{\"program\": \"LIHTC\", \"detail\": \"4%HTC\", \"status\": \"Active (TDHCA)\", \"units\": 300, \"start\": null, \"end\": null, \"restricts\": true, \"note\": \"TDHCA award; no expiration date published\"}]"}}, {"type": "Feature", "geometry": {"type": "Point", "coordinates": [-96.76296, 32.67195]}, "properties": {"name": "Palladium Simpson Stuart", "address": "3380 Simpson Stuart Road", "total_units": 270, "category": "lihtc", "restricted_units": 257, "restricted_known": true, "source": "TDHCA", "award_year": 2021, "owner_class": "unknown", "lihtc_units": 257, "pop_served": "General", "tdhca_num": "21605", "n_subsidies": 1, "subsidies_json": "[{\"program\": \"LIHTC\", \"detail\": \"4%HTC\", \"status\": \"Active (TDHCA)\", \"units\": 257, \"start\": null, \"end\": null, \"restricts\": true, \"note\": \"TDHCA award; no expiration date published\"}]"}}, {"type": "Feature", "geometry": {"type": "Point", "coordinates": [-96.91841, 32.74251]}, "properties": {"name": "Ridgecrest Terrace Apartments", "address": "526 S. Walton Walker Blvd.", "total_units": 250, "category": "lihtc", "restricted_units": 250, "restricted_known": true, "source": "TDHCA", "award_year": 2020, "owner_class": "for_profit", "owner_source": "HUD LIHTC non_prof (sponsor)", "hud_id": "TXA20211845", "lihtc_units": 250, "pop_served": "General", "tdhca_num": "20491", "n_subsidies": 1, "subsidies_json": "[{\"program\": \"LIHTC\", \"detail\": \"4%HTC\", \"status\": \"Active (TDHCA)\", \"units\": 250, \"start\": null, \"end\": null, \"restricts\": true, \"note\": \"TDHCA award; no expiration date published\"}]"}}, {"type": "Feature", "geometry": {"type": "Point", "coordinates": [-96.69951, 32.71248]}, "properties": {"name": "Torrington Forest", "address": "7100 Great Trinity Forest Way", "total_units": 248, "category": "lihtc", "restricted_units": 248, "restricted_known": true, "source": "TDHCA", "award_year": 2025, "owner_class": "unknown", "lihtc_units": 248, "pop_served": "General", "tdhca_num": "25477", "n_subsidies": 1, "subsidies_json": "[{\"program\": \"LIHTC\", \"detail\": \"4%HTC\", \"status\": \"Active (TDHCA)\", \"units\": 248, \"start\": null, \"end\": null, \"restricts\": true, \"note\": \"TDHCA award; no expiration date published\"}]"}}, {"type": "Feature", "geometry": {"type": "Point", "coordinates": [-96.87392, 32.71658]}, "properties": {"name": "Westmoreland Station", "address": "2700 S. Westmoreland", "total_units": 248, "category": "lihtc", "restricted_units": 223, "restricted_known": true, "source": "TDHCA", "award_year": 2021, "owner_class": "unknown", "lihtc_units": 223, "pop_served": "General", "tdhca_num": "21417", "n_subsidies": 1, "subsidies_json": "[{\"program\": \"LIHTC\", \"detail\": \"4%HTC\", \"status\": \"Active (TDHCA)\", \"units\": 223, \"start\": null, \"end\": null, \"restricts\": true, \"note\": \"TDHCA award; no expiration date published\"}]"}}, {"type": "Feature", "geometry": {"type": "Point", "coordinates": [-96.82183, 32.74269]}, "properties": {"name": "Gateway Oak Cliff", "address": "400 S. Beckley Avenue", "total_units": 230, "category": "lihtc", "restricted_units": 184, "restricted_known": true, "source": "TDHCA", "award_year": 2021, "owner_class": "unknown", "lihtc_units": 184, "pop_served": "General", "tdhca_num": "21411", "n_subsidies": 1, "subsidies_json": "[{\"program\": \"LIHTC\", \"detail\": \"4%HTC\", \"status\": \"Active (TDHCA)\", \"units\": 184, \"start\": null, \"end\": null, \"restricts\": true, \"note\": \"TDHCA award; no expiration date published\"}]"}}, {"type": "Feature", "geometry": {"type": "Point", "coordinates": [-96.75701, 32.67011]}, "properties": {"name": "Tabor Village (fka Baraboo Hills)", "address": "6200 Baraboo Drive", "total_units": 229, "category": "lihtc", "restricted_units": 206, "restricted_known": true, "source": "TDHCA", "award_year": 2025, "owner_class": "unknown", "lihtc_units": 206, "pop_served": "Elderly", "tdhca_num": "25479", "n_subsidies": 1, "subsidies_json": "[{\"program\": \"LIHTC\", \"detail\": \"4%HTC\", \"status\": \"Active (TDHCA)\", \"units\": 206, \"start\": null, \"end\": null, \"restricts\": true, \"note\": \"TDHCA award; no expiration date published\"}]"}}, {"type": "Feature", "geometry": {"type": "Point", "coordinates": [-96.82964, 32.72715]}, "properties": {"name": "Highpoint at Wynnewood", "address": "1910 Argentia Dr", "total_units": 220, "category": "lihtc", "restricted_units": 220, "restricted_known": true, "source": "TDHCA", "award_year": 2022, "owner": "DALLAS CITY HOMES INC", "owner_type": "Profit Motivated", "owner_class": "for_profit", "owner_source": "NHPD OwnerType", "lihtc_units": 220, "pop_served": "General", "tdhca_num": "22434", "n_subsidies": 2, "earliest_end": "2054-12-31", "subsidies_json": "[{\"program\": \"LIHTC\", \"detail\": \"4%HTC\", \"status\": \"Active (TDHCA)\", \"units\": 220, \"start\": null, \"end\": null, \"restricts\": true, \"note\": \"TDHCA award; no expiration date published\"}, {\"program\": \"LIHTC\", \"detail\": \"9% Tax Credit\", \"status\": \"Active\", \"units\": 172, \"start\": \"1998-01-01\", \"end\": \"2054-12-31\", \"restricts\": true, \"note\": \"Superseded: a new 2022 TDHCA award resyndicated this property, so the 2028 expiration on the 1998 allocation no longer governs. Estimated 2022 + 32 yr.\", \"imputed\": true}]"}}, {"type": "Feature", "geometry": {"type": "Point", "coordinates": [-96.88061, 32.67132]}, "properties": {"name": "Westmoreland Townhomes", "address": "6600 South Westmoreland Drive", "total_units": 216, "category": "lihtc", "restricted_units": 216, "restricted_known": true, "source": "TDHCA", "award_year": 2025, "owner_class": "unknown", "lihtc_units": 216, "pop_served": "Elderly", "tdhca_num": "25480", "n_subsidies": 1, "subsidies_json": "[{\"program\": \"LIHTC\", \"detail\": \"4%HTC\", \"status\": \"Active (TDHCA)\", \"units\": 216, \"start\": null, \"end\": null, \"restricts\": true, \"note\": \"TDHCA award; no expiration date published\"}]"}}, {"type": "Feature", "geometry": {"type": "Point", "coordinates": [-96.75722, 32.93608]}, "properties": {"name": "Midpark Towers", "address": "8550 Midpark Road", "total_units": 202, "category": "lihtc", "restricted_units": 202, "restricted_known": true, "source": "TDHCA", "award_year": 2021, "owner_class": "unknown", "lihtc_units": 202, "pop_served": "General", "tdhca_num": "21406", "n_subsidies": 1, "subsidies_json": "[{\"program\": \"LIHTC\", \"detail\": \"4%HTC\", \"status\": \"Active (TDHCA)\", \"units\": 202, \"start\": null, \"end\": null, \"restricts\": true, \"note\": \"TDHCA award; no expiration date published\"}]"}}, {"type": "Feature", "geometry": {"type": "Point", "coordinates": [-96.9011, 32.7199]}, "properties": {"name": "HiLine Illinois", "address": "4710 W Illinois Ave", "total_units": 200, "category": "lihtc", "restricted_units": 200, "restricted_known": true, "source": "TDHCA", "award_year": 2025, "owner_class": "unknown", "lihtc_units": 200, "pop_served": "General", "tdhca_num": "25405", "n_subsidies": 1, "subsidies_json": "[{\"program\": \"LIHTC\", \"detail\": \"4%HTC\", \"status\": \"Active (TDHCA)\", \"units\": 200, \"start\": null, \"end\": null, \"restricts\": true, \"note\": \"TDHCA award; no expiration date published\"}]"}}, {"type": "Feature", "geometry": {"type": "Point", "coordinates": [-96.69978, 32.71808]}, "properties": {"name": "Pleasant Village", "address": "378 N Jim Miller Rd", "total_units": 200, "category": "lihtc", "restricted_units": 200, "restricted_known": true, "source": "TDHCA", "award_year": 2004, "owner_class": "unknown", "hud_id": "TXA20049002", "lihtc_units": 200, "pop_served": "General ", "tdhca_num": "04609", "n_subsidies": 1, "earliest_end": "2036-12-31", "subsidies_json": "[{\"program\": \"LIHTC\", \"detail\": \"4%HTC\", \"status\": \"Active (TDHCA)\", \"units\": 200, \"start\": null, \"end\": \"2036-12-31\", \"restricts\": true, \"note\": \"Estimated: 2004 TDHCA award + 32 yr (median Dallas award-to-expiration). Not a published date.\", \"imputed\": true}]"}}, {"type": "Feature", "geometry": {"type": "Point", "coordinates": [-96.76652, 32.6777]}, "properties": {"name": "Homes of Persimmon", "address": "3245 Simpson Stuart Rd", "total_units": 180, "category": "lihtc", "restricted_units": 135, "restricted_known": true, "source": "TDHCA", "award_year": 1998, "owner_class": "unknown", "hud_id": "TXA20000065", "lihtc_units": 135, "pop_served": "General", "tdhca_num": "98170", "n_subsidies": 1, "earliest_end": "2030-12-31", "subsidies_json": "[{\"program\": \"LIHTC\", \"detail\": \"9%HTC\", \"status\": \"Active (TDHCA)\", \"units\": 135, \"start\": null, \"end\": \"2030-12-31\", \"restricts\": true, \"note\": \"Estimated: 1998 TDHCA award + 32 yr (median Dallas award-to-expiration). Not a published date.\", \"imputed\": true}]"}}, {"type": "Feature", "geometry": {"type": "Point", "coordinates": [-96.58669, 32.68785]}, "properties": {"name": "Meadowbrook", "address": "910 S. Belt Line Road", "total_units": 180, "category": "lihtc", "restricted_units": 162, "restricted_known": true, "source": "TDHCA", "award_year": 2021, "owner_class": "unknown", "lihtc_units": 162, "pop_served": "General", "tdhca_num": "21604", "n_subsidies": 1, "subsidies_json": "[{\"program\": \"LIHTC\", \"detail\": \"4%HTC\", \"status\": \"Active (TDHCA)\", \"units\": 162, \"start\": null, \"end\": null, \"restricts\": true, \"note\": \"TDHCA award; no expiration date published\"}]"}}, {"type": "Feature", "geometry": {"type": "Point", "coordinates": [-96.79966, 32.7458]}, "properties": {"name": "Fiji Lofts", "address": "301 S Corinth St. Rd.", "total_units": 174, "category": "lihtc", "restricted_units": 174, "restricted_known": true, "source": "TDHCA", "award_year": 2021, "owner_class": "unknown", "lihtc_units": 174, "pop_served": "General", "tdhca_num": "21608", "n_subsidies": 1, "subsidies_json": "[{\"program\": \"LIHTC\", \"detail\": \"4%HTC\", \"status\": \"Active (TDHCA)\", \"units\": 174, \"start\": null, \"end\": null, \"restricts\": true, \"note\": \"TDHCA award; no expiration date published\"}]"}}, {"type": "Feature", "geometry": {"type": "Point", "coordinates": [-96.81523, 32.94368]}, "properties": {"name": "Cypress Creek Apartment Homes at Montfort Drive", "address": "NWC of Spring Valley and Montfort Drive", "total_units": 168, "category": "lihtc", "restricted_units": 116, "restricted_known": true, "source": "TDHCA", "award_year": 2022, "owner_class": "unknown", "lihtc_units": 116, "pop_served": "General", "tdhca_num": "22110", "n_subsidies": 1, "subsidies_json": "[{\"program\": \"LIHTC\", \"detail\": \"9%HTC\", \"status\": \"Active (TDHCA)\", \"units\": 116, \"start\": null, \"end\": null, \"restricts\": true, \"note\": \"TDHCA award; no expiration date published\"}]"}}, {"type": "Feature", "geometry": {"type": "Point", "coordinates": [-96.73357, 32.7927]}, "properties": {"name": "Tenison Lofts", "address": "3504 and 3602 Samuell Blvd and 3503 Merrifield Ave", "total_units": 164, "category": "lihtc", "restricted_units": 164, "restricted_known": true, "source": "TDHCA", "award_year": 2024, "owner_class": "unknown", "lihtc_units": 164, "pop_served": "General", "tdhca_num": "24485", "n_subsidies": 1, "subsidies_json": "[{\"program\": \"LIHTC\", \"detail\": \"4%HTC\", \"status\": \"Active (TDHCA)\", \"units\": 164, \"start\": null, \"end\": null, \"restricts\": true, \"note\": \"TDHCA award; no expiration date published\"}]"}}, {"type": "Feature", "geometry": {"type": "Point", "coordinates": [-96.69291, 32.81511]}, "properties": {"name": "Estates at Ferguson", "address": "9220 Ferguson Road", "total_units": 164, "category": "lihtc", "restricted_units": 164, "restricted_known": true, "source": "TDHCA", "award_year": 2023, "owner_class": "unknown", "lihtc_units": 164, "pop_served": "Elderly", "tdhca_num": "23461", "n_subsidies": 1, "subsidies_json": "[{\"program\": \"LIHTC\", \"detail\": \"4%HTC\", \"status\": \"Active (TDHCA)\", \"units\": 164, \"start\": null, \"end\": null, \"restricts\": true, \"note\": \"TDHCA award; no expiration date published\"}]"}}, {"type": "Feature", "geometry": {"type": "Point", "coordinates": [-96.87647, 32.75672]}, "properties": {"name": "Taylor Farms", "address": "1150 Pinnacle Par Blvd", "total_units": 160, "category": "lihtc", "restricted_units": 144, "restricted_known": true, "source": "TDHCA", "award_year": 2009, "owner_class": "unknown", "lihtc_units": 144, "pop_served": "General", "tdhca_num": "09314", "n_subsidies": 1, "earliest_end": "2041-12-31", "subsidies_json": "[{\"program\": \"LIHTC\", \"detail\": \"9%HTC\", \"status\": \"Active (TDHCA)\", \"units\": 144, \"start\": null, \"end\": \"2041-12-31\", \"restricts\": true, \"note\": \"Estimated: 2009 TDHCA award + 32 yr (median Dallas award-to-expiration). Not a published date.\", \"imputed\": true}]"}}, {"type": "Feature", "geometry": {"type": "Point", "coordinates": [-96.81313, 32.7862]}, "properties": {"name": "Cabana Design District", "address": "899 Stemmons Fwy", "total_units": 160, "category": "lihtc", "restricted_units": 64, "restricted_known": true, "source": "TDHCA", "award_year": 2023, "owner_class": "unknown", "lihtc_units": 64, "pop_served": "General", "tdhca_num": "23100", "n_subsidies": 1, "subsidies_json": "[{\"program\": \"LIHTC\", \"detail\": \"9%HTC\", \"status\": \"Active (TDHCA)\", \"units\": 64, \"start\": null, \"end\": null, \"restricts\": true, \"note\": \"TDHCA award; no expiration date published\"}]"}}, {"type": "Feature", "geometry": {"type": "Point", "coordinates": [-96.80517, 32.7806]}, "properties": {"name": "West End Lofts", "address": "805 Elm St", "total_units": 154, "category": "lihtc", "restricted_units": 63, "restricted_known": true, "source": "TDHCA", "award_year": 2024, "owner_class": "unknown", "lihtc_units": 63, "pop_served": "General", "tdhca_num": "24165", "n_subsidies": 1, "subsidies_json": "[{\"program\": \"LIHTC\", \"detail\": \"9%HTC\", \"status\": \"Active (TDHCA)\", \"units\": 63, \"start\": null, \"end\": null, \"restricts\": true, \"note\": \"TDHCA award; no expiration date published\"}]"}}, {"type": "Feature", "geometry": {"type": "Point", "coordinates": [-96.71739, 32.80355]}, "properties": {"name": "The Mondello", "address": "2000 Highland Road", "total_units": 150, "category": "lihtc", "restricted_units": 150, "restricted_known": true, "source": "TDHCA", "award_year": 2023, "owner_class": "unknown", "lihtc_units": 150, "pop_served": "Elderly", "tdhca_num": "23475", "n_subsidies": 1, "subsidies_json": "[{\"program\": \"LIHTC\", \"detail\": \"4%HTC\", \"status\": \"Active (TDHCA)\", \"units\": 150, \"start\": null, \"end\": null, \"restricts\": true, \"note\": \"TDHCA award; no expiration date published\"}]"}}, {"type": "Feature", "geometry": {"type": "Point", "coordinates": [-96.76015, 32.87156]}, "properties": {"name": "Market Apartments", "address": "7001 Fair Oaks Ave", "total_units": 131, "category": "lihtc", "restricted_units": 131, "restricted_known": true, "source": "TDHCA", "award_year": 1990, "owner_class": "unknown", "lihtc_units": 131, "pop_served": "General", "tdhca_num": "70035", "n_subsidies": 1, "earliest_end": "2022-12-31", "subsidies_json": "[{\"program\": \"LIHTC\", \"detail\": \"9%HTC\", \"status\": \"Active (TDHCA)\", \"units\": 131, \"start\": null, \"end\": \"2022-12-31\", \"restricts\": true, \"note\": \"Estimated: 1990 TDHCA award + 32 yr (median Dallas award-to-expiration). Not a published date.\", \"imputed\": true}]"}}, {"type": "Feature", "geometry": {"type": "Point", "coordinates": [-96.87233, 32.76403]}, "properties": {"name": "Villas at Remond", "address": "3050 Remond Dr", "total_units": 131, "category": "lihtc", "restricted_units": 131, "restricted_known": true, "source": "TDHCA", "award_year": 1998, "owner_class": "unknown", "lihtc_units": 131, "pop_served": "Elderly", "tdhca_num": "98032", "n_subsidies": 1, "earliest_end": "2030-12-31", "subsidies_json": "[{\"program\": \"LIHTC\", \"detail\": \"9%HTC\", \"status\": \"Active (TDHCA)\", \"units\": 131, \"start\": null, \"end\": \"2030-12-31\", \"restricts\": true, \"note\": \"Estimated: 1998 TDHCA award + 32 yr (median Dallas award-to-expiration). Not a published date.\", \"imputed\": true}]"}}, {"type": "Feature", "geometry": {"type": "Point", "coordinates": [-96.79907, 32.78013]}, "properties": {"name": "The Magnolia", "address": "1401 Commerce Street", "total_units": 130, "category": "lihtc", "restricted_units": 53, "restricted_known": true, "source": "TDHCA", "award_year": 2025, "owner_class": "unknown", "lihtc_units": 53, "pop_served": "General", "tdhca_num": "25240", "n_subsidies": 1, "subsidies_json": "[{\"program\": \"LIHTC\", \"detail\": \"9%HTC\", \"status\": \"Active (TDHCA)\", \"units\": 53, \"start\": null, \"end\": null, \"restricts\": true, \"note\": \"TDHCA award; no expiration date published\"}]"}}, {"type": "Feature", "geometry": {"type": "Point", "coordinates": [-96.89028, 32.69975]}, "properties": {"name": "3606 S Cockrell Hill Road Senior Living", "address": "3606 and 3626 S Cockrell Hill Road", "total_units": 120, "category": "lihtc", "restricted_units": 88, "restricted_known": true, "source": "TDHCA", "award_year": 2024, "owner_class": "unknown", "lihtc_units": 88, "pop_served": "Elderly", "tdhca_num": "24038", "n_subsidies": 1, "subsidies_json": "[{\"program\": \"LIHTC\", \"detail\": \"9%HTC\", \"status\": \"Active (TDHCA)\", \"units\": 88, \"start\": null, \"end\": null, \"restricts\": true, \"note\": \"TDHCA award; no expiration date published\"}]"}}, {"type": "Feature", "geometry": {"type": "Point", "coordinates": [-96.89002, 32.66645]}, "properties": {"name": "Woodglen Park II (fka Red Bird Ridge)", "address": "6800 S Cockrell Hill Rd", "total_units": 120, "category": "lihtc", "restricted_units": 120, "restricted_known": true, "source": "TDHCA", "award_year": 1994, "owner_class": "unknown", "lihtc_units": 120, "pop_served": "General", "tdhca_num": "94183", "n_subsidies": 1, "earliest_end": "2026-12-31", "subsidies_json": "[{\"program\": \"LIHTC\", \"detail\": \"9%HTC\", \"status\": \"Active (TDHCA)\", \"units\": 120, \"start\": null, \"end\": \"2026-12-31\", \"restricts\": true, \"note\": \"Estimated: 1994 TDHCA award + 32 yr (median Dallas award-to-expiration). Not a published date.\", \"imputed\": true}]"}}, {"type": "Feature", "geometry": {"type": "Point", "coordinates": [-96.73783, 32.77453]}, "properties": {"name": "Wahoo Frazier Townhomes", "address": "4848 Hatcher St.", "total_units": 118, "category": "lihtc", "restricted_units": 95, "restricted_known": true, "source": "TDHCA", "award_year": 2005, "owner_class": "unknown", "hud_id": "TXA00000611", "lihtc_units": 95, "pop_served": "General", "tdhca_num": "05116", "n_subsidies": 1, "earliest_end": "2037-12-31", "subsidies_json": "[{\"program\": \"LIHTC\", \"detail\": \"9%HTC\", \"status\": \"Active (TDHCA)\", \"units\": 95, \"start\": null, \"end\": \"2037-12-31\", \"restricts\": true, \"note\": \"Estimated: 2005 TDHCA award + 32 yr (median Dallas award-to-expiration). Not a published date.\", \"imputed\": true}]"}}, {"type": "Feature", "geometry": {"type": "Point", "coordinates": [-96.73792, 32.77591]}, "properties": {"name": "Mill City Parc Apartments", "address": "4848 Hatcher Street", "total_units": 116, "category": "lihtc", "restricted_units": 116, "restricted_known": true, "source": "TDHCA", "award_year": 2006, "owner_class": "unknown", "hud_id": "TXA00000407", "lihtc_units": 116, "pop_served": "General", "tdhca_num": "060404", "n_subsidies": 1, "earliest_end": "2038-12-31", "subsidies_json": "[{\"program\": \"LIHTC\", \"detail\": \"4%HTC\", \"status\": \"Active (TDHCA)\", \"units\": 116, \"start\": null, \"end\": \"2038-12-31\", \"restricts\": true, \"note\": \"Estimated: 2006 TDHCA award + 32 yr (median Dallas award-to-expiration). Not a published date.\", \"imputed\": true}]"}}, {"type": "Feature", "geometry": {"type": "Point", "coordinates": [-96.79452, 32.77978]}, "properties": {"name": "Atmos Lofts", "address": "300 S St Paul St", "total_units": 107, "category": "lihtc", "restricted_units": 107, "restricted_known": true, "source": "TDHCA", "award_year": 2010, "owner_class": "for_profit", "owner_source": "HUD LIHTC non_prof (sponsor)", "hud_id": "TXA20120834", "lihtc_units": 107, "pop_served": "General", "tdhca_num": "10284", "n_subsidies": 1, "earliest_end": "2042-12-31", "subsidies_json": "[{\"program\": \"LIHTC\", \"detail\": \"9%HTC\", \"status\": \"Active (TDHCA)\", \"units\": 107, \"start\": null, \"end\": \"2042-12-31\", \"restricts\": true, \"note\": \"Estimated: 2010 TDHCA award + 32 yr (median Dallas award-to-expiration). Not a published date.\", \"imputed\": true}]"}}, {"type": "Feature", "geometry": {"type": "Point", "coordinates": [-96.78369, 32.72259]}, "properties": {"name": "Skyline at Cedar Crest", "address": "2720 East Kiest Blvd", "total_units": 107, "category": "lihtc", "restricted_units": 85, "restricted_known": true, "source": "TDHCA", "award_year": 2021, "owner_class": "unknown", "lihtc_units": 85, "pop_served": "General", "tdhca_num": "21004", "n_subsidies": 1, "subsidies_json": "[{\"program\": \"LIHTC\", \"detail\": \"9%HTC\", \"status\": \"Active (TDHCA)\", \"units\": 85, \"start\": null, \"end\": null, \"restricts\": true, \"note\": \"TDHCA award; no expiration date published\"}]"}}, {"type": "Feature", "geometry": {"type": "Point", "coordinates": [-96.77839, 32.71377]}, "properties": {"name": "Peoples El Shaddai Village", "address": "2836 E. Overton Road", "total_units": 100, "category": "lihtc", "restricted_units": 100, "restricted_known": true, "source": "TDHCA", "award_year": 2016, "owner_class": "for_profit", "owner_source": "HUD LIHTC non_prof (sponsor)", "hud_id": "TXA20163050", "lihtc_units": 100, "pop_served": "General", "tdhca_num": "16439", "n_subsidies": 1, "earliest_end": "2048-12-31", "subsidies_json": "[{\"program\": \"LIHTC\", \"detail\": \"4%HTC\", \"status\": \"Active (TDHCA)\", \"units\": 100, \"start\": null, \"end\": \"2048-12-31\", \"restricts\": true, \"note\": \"Estimated: 2016 TDHCA award + 32 yr (median Dallas award-to-expiration). Not a published date.\", \"imputed\": true}]"}}, {"type": "Feature", "geometry": {"type": "Point", "coordinates": [-96.94614, 32.64657]}, "properties": {"name": "The James at Wheatland", "address": "7100 W Wheatland Rd.", "total_units": 90, "category": "lihtc", "restricted_units": 81, "restricted_known": true, "source": "TDHCA", "award_year": 2025, "owner_class": "unknown", "lihtc_units": 81, "pop_served": "General", "tdhca_num": "25175", "n_subsidies": 1, "subsidies_json": "[{\"program\": \"LIHTC\", \"detail\": \"9%HTC\", \"status\": \"Active (TDHCA)\", \"units\": 81, \"start\": null, \"end\": null, \"restricts\": true, \"note\": \"TDHCA award; no expiration date published\"}]"}}, {"type": "Feature", "geometry": {"type": "Point", "coordinates": [-96.76332, 32.79291]}, "properties": {"name": "Kiva East", "address": "SWQ East Side Ave and S Fitzhugh Ave", "total_units": 87, "category": "lihtc", "restricted_units": 71, "restricted_known": true, "source": "TDHCA", "award_year": 2021, "owner_class": "unknown", "lihtc_units": 71, "pop_served": "General", "tdhca_num": "21081", "n_subsidies": 1, "subsidies_json": "[{\"program\": \"LIHTC\", \"detail\": \"9%HTC\", \"status\": \"Active (TDHCA)\", \"units\": 71, \"start\": null, \"end\": null, \"restricts\": true, \"note\": \"TDHCA award; no expiration date published\"}]"}}, {"type": "Feature", "geometry": {"type": "Point", "coordinates": [-96.83649, 32.82284]}, "properties": {"name": "Oaklawn Place", "address": "5717-5725 Sadler Circle", "total_units": 84, "category": "lihtc", "restricted_units": 84, "restricted_known": true, "source": "TDHCA", "award_year": 2021, "owner_class": "unknown", "lihtc_units": 84, "pop_served": "Elderly", "tdhca_num": "21136", "n_subsidies": 1, "subsidies_json": "[{\"program\": \"LIHTC\", \"detail\": \"9%HTC\", \"status\": \"Active (TDHCA)\", \"units\": 84, \"start\": null, \"end\": null, \"restricts\": true, \"note\": \"TDHCA award; no expiration date published\"}]"}}, {"type": "Feature", "geometry": {"type": "Point", "coordinates": [-96.76629, 32.88711]}, "properties": {"name": "The Meadow", "address": "8130 Meadow Rd", "total_units": 75, "category": "lihtc", "restricted_units": 75, "restricted_known": true, "source": "TDHCA", "award_year": 2025, "owner_class": "unknown", "lihtc_units": 75, "pop_served": "Supportive Housing", "tdhca_num": "25239", "n_subsidies": 1, "subsidies_json": "[{\"program\": \"LIHTC\", \"detail\": \"9%HTC\", \"status\": \"Active (TDHCA)\", \"units\": 75, \"start\": null, \"end\": null, \"restricts\": true, \"note\": \"TDHCA award; no expiration date published\"}]"}}, {"type": "Feature", "geometry": {"type": "Point", "coordinates": [-96.78207, 32.80729]}, "properties": {"name": "Jaipur Lofts", "address": "Annex Avenue and Cabell Drive", "total_units": 71, "category": "lihtc", "restricted_units": 71, "restricted_known": true, "source": "TDHCA", "award_year": 2022, "owner_class": "unknown", "lihtc_units": 71, "pop_served": "General", "tdhca_num": "22285", "n_subsidies": 1, "subsidies_json": "[{\"program\": \"LIHTC\", \"detail\": \"9%HTC\", \"status\": \"Active (TDHCA)\", \"units\": 71, \"start\": null, \"end\": null, \"restricts\": true, \"note\": \"TDHCA award; no expiration date published\"}]"}}, {"type": "Feature", "geometry": {"type": "Point", "coordinates": [-96.78812, 32.80444]}, "properties": {"name": "Treymore North Apartments-CityPlace II", "address": "4144 Office Pkwy", "total_units": 70, "category": "lihtc", "restricted_units": 52, "restricted_known": true, "source": "TDHCA", "award_year": 1996, "owner_class": "for_profit", "owner_source": "HUD LIHTC non_prof (sponsor)", "hud_id": "TXA19980250", "lihtc_units": 52, "pop_served": "General", "tdhca_num": "96016", "n_subsidies": 1, "earliest_end": "2028-12-31", "subsidies_json": "[{\"program\": \"LIHTC\", \"detail\": \"9%HTC\", \"status\": \"Active (TDHCA)\", \"units\": 52, \"start\": null, \"end\": \"2028-12-31\", \"restricts\": true, \"note\": \"Estimated: 1996 TDHCA award + 32 yr (median Dallas award-to-expiration). Not a published date.\", \"imputed\": true}]"}}, {"type": "Feature", "geometry": {"type": "Point", "coordinates": [-96.77002, 32.6708]}, "properties": {"name": "Pecan Grove Townhomes", "address": "3131 Stuart-Simpson Road", "total_units": 0, "category": "lihtc", "restricted_known": false, "source": "TDHCA", "award_year": 2013, "owner_class": "unknown", "lihtc_units": 0, "pop_served": "General", "tdhca_num": "13604", "n_subsidies": 1, "earliest_end": "2045-12-31", "subsidies_json": "[{\"program\": \"LIHTC\", \"detail\": \"4%HTC\", \"status\": \"Active (TDHCA)\", \"units\": 0, \"start\": null, \"end\": \"2045-12-31\", \"restricts\": true, \"note\": \"Estimated: 2013 TDHCA award + 32 yr (median Dallas award-to-expiration). Not a published date.\", \"imputed\": true}]"}}, {"type": "Feature", "geometry": {"type": "Point", "coordinates": [-96.89109, 32.70822]}, "properties": {"name": "Sphinx at Luxar", "address": "3110 Cockrell Hill Rd.", "total_units": 0, "category": "lihtc", "restricted_known": false, "source": "TDHCA", "award_year": 2008, "owner_class": "for_profit", "owner_source": "HUD LIHTC non_prof (sponsor)", "hud_id": "TXA20070345", "lihtc_units": 0, "pop_served": "General", "tdhca_num": "08025", "n_subsidies": 1, "earliest_end": "2040-12-31", "subsidies_json": "[{\"program\": \"LIHTC\", \"detail\": \"9%HTC\", \"status\": \"Active (TDHCA)\", \"units\": 0, \"start\": null, \"end\": \"2040-12-31\", \"restricts\": true, \"note\": \"Estimated: 2008 TDHCA award + 32 yr (median Dallas award-to-expiration). Not a published date.\", \"imputed\": true}]"}}, {"type": "Feature", "geometry": {"type": "Point", "coordinates": [-96.83871, 32.82379]}, "properties": {"name": "5908 Maple Highline", "address": "5908 Maple Ave", "total_units": 74, "category": "pfc_hfc", "restricted_units": 37, "restricted_known": true, "restricted_source": "published", "source": "DCAD", "owner_class": "unknown", "year_built": 2023, "units_est": false, "n_subsidies": 1, "subsidies_json": "[{\"program\": \"PFC / HFC\", \"detail\": \"Dallas Public Facility Corporation\", \"status\": \"Active\", \"units\": 37, \"start\": null, \"end\": null, \"restricts\": true, \"note\": \"37 income-restricted of 74 (published by Dallas PFC); no statutory expiration\"}]"}}, {"type": "Feature", "geometry": {"type": "Point", "coordinates": [-96.82597, 33.00803]}, "properties": {"name": "Oaks Of North Dallas Apartments", "address": "4701 Haverwood LN", "total_units": 168, "category": "pfc_hfc", "restricted_units": 84, "restricted_known": true, "restricted_source": "assumed", "source": "DCAD", "owner_class": "unknown", "year_built": 1983, "units_est": false, "n_subsidies": 1, "subsidies_json": "[{\"program\": \"PFC / HFC\", \"detail\": \"Cameron County Housing Finance Corporation The\", \"status\": \"Active\", \"units\": 84, \"start\": null, \"end\": null, \"restricts\": true, \"note\": \"Assumed: 84 of 168 units (half, rounded up) \\u2014 the statutory minimum and the share every Dallas PFC property that publishes one reports. NOT a published figure. No statutory expiration.\"}]"}}, {"type": "Feature", "geometry": {"type": "Point", "coordinates": [-96.85128, 33.00525]}, "properties": {"name": "3737 Timberglen Dr", "address": "3737 Timberglen Dr", "total_units": 252, "category": "pfc_hfc", "restricted_units": 126, "restricted_known": true, "restricted_source": "assumed", "source": "DCAD", "owner_class": "unknown", "year_built": 1984, "units_est": true, "n_subsidies": 1, "subsidies_json": "[{\"program\": \"PFC / HFC\", \"detail\": \"Pecos Housing Finance Corporation\", \"status\": \"Active\", \"units\": 126, \"start\": null, \"end\": null, \"restricts\": true, \"note\": \"Assumed: 126 of 252 units (half, rounded up) \\u2014 the statutory minimum and the share every Dallas PFC property that publishes one reports. NOT a published figure. No statutory expiration.\"}]"}}, {"type": "Feature", "geometry": {"type": "Point", "coordinates": [-96.867, 32.87398]}, "properties": {"name": "Spanish Pueblo", "address": "9727 Dale Crest Dr", "total_units": 128, "category": "pfc_hfc", "restricted_units": 64, "restricted_known": true, "restricted_source": "assumed", "source": "DCAD", "owner_class": "unknown", "year_built": 1972, "units_est": false, "n_subsidies": 1, "subsidies_json": "[{\"program\": \"PFC / HFC\", \"detail\": \"La Villa Housing Finance\", \"status\": \"Active\", \"units\": 64, \"start\": null, \"end\": null, \"restricts\": true, \"note\": \"Assumed: 64 of 128 units (half, rounded up) \\u2014 the statutory minimum and the share every Dallas PFC property that publishes one reports. NOT a published figure. No statutory expiration.\"}]"}}, {"type": "Feature", "geometry": {"type": "Point", "coordinates": [-96.82381, 33.00638]}, "properties": {"name": "4804 Haverwood Apartments", "address": "4804 Haverwood LN", "total_units": 180, "category": "pfc_hfc", "restricted_units": 90, "restricted_known": true, "restricted_source": "assumed", "source": "DCAD", "owner_class": "unknown", "year_built": 1984, "units_est": false, "n_subsidies": 1, "subsidies_json": "[{\"program\": \"PFC / HFC\", \"detail\": \"Cameron County Housing Finance Corporation The\", \"status\": \"Active\", \"units\": 90, \"start\": null, \"end\": null, \"restricts\": true, \"note\": \"Assumed: 90 of 180 units (half, rounded up) \\u2014 the statutory minimum and the share every Dallas PFC property that publishes one reports. NOT a published figure. No statutory expiration.\"}]"}}, {"type": "Feature", "geometry": {"type": "Point", "coordinates": [-96.86566, 32.87208]}, "properties": {"name": "Chase Place", "address": "9825 Webbs Chapel Rd", "total_units": 81, "category": "pfc_hfc", "restricted_units": 41, "restricted_known": true, "restricted_source": "assumed", "source": "DCAD", "owner_class": "unknown", "year_built": 1964, "units_est": false, "n_subsidies": 1, "subsidies_json": "[{\"program\": \"PFC / HFC\", \"detail\": \"La Villa Housing Finance Corp\", \"status\": \"Active\", \"units\": 41, \"start\": null, \"end\": null, \"restricts\": true, \"note\": \"Assumed: 41 of 81 units (half, rounded up) \\u2014 the statutory minimum and the share every Dallas PFC property that publishes one reports. NOT a published figure. No statutory expiration.\"}]"}}, {"type": "Feature", "geometry": {"type": "Point", "coordinates": [-96.83888, 32.82294]}, "properties": {"name": "5907 Maple Highline", "address": "5907 Maple Ave", "total_units": 56, "category": "pfc_hfc", "restricted_units": 28, "restricted_known": true, "restricted_source": "published", "source": "DCAD", "owner_class": "unknown", "year_built": 2023, "units_est": false, "n_subsidies": 1, "subsidies_json": "[{\"program\": \"PFC / HFC\", \"detail\": \"Dallas Public Facility Corporation\", \"status\": \"Active\", \"units\": 28, \"start\": null, \"end\": null, \"restricts\": true, \"note\": \"28 income-restricted of 56 (published by Dallas PFC); no statutory expiration\"}]"}}, {"type": "Feature", "geometry": {"type": "Point", "coordinates": [-96.86717, 32.87228]}, "properties": {"name": "Courtney Place (ecu)", "address": "3211 Chapel Creek Dr", "total_units": 115, "category": "pfc_hfc", "restricted_units": 58, "restricted_known": true, "restricted_source": "assumed", "source": "DCAD", "owner_class": "unknown", "year_built": 1966, "units_est": false, "n_subsidies": 1, "subsidies_json": "[{\"program\": \"PFC / HFC\", \"detail\": \"La Villa Housing Finance\", \"status\": \"Active\", \"units\": 58, \"start\": null, \"end\": null, \"restricts\": true, \"note\": \"Assumed: 58 of 115 units (half, rounded up) \\u2014 the statutory minimum and the share every Dallas PFC property that publishes one reports. NOT a published figure. No statutory expiration.\"}]"}}, {"type": "Feature", "geometry": {"type": "Point", "coordinates": [-96.8523, 32.86086]}, "properties": {"name": "Bluffview Highline Apartments", "address": "3842 W Northwest Hwy", "total_units": 175, "category": "pfc_hfc", "restricted_units": 88, "restricted_known": true, "restricted_source": "published", "source": "DCAD", "owner_class": "unknown", "year_built": 2023, "units_est": false, "n_subsidies": 1, "subsidies_json": "[{\"program\": \"PFC / HFC\", \"detail\": \"Dallas Public Facility Co\", \"status\": \"Active\", \"units\": 88, \"start\": null, \"end\": null, \"restricts\": true, \"note\": \"88 income-restricted of 175 (published by Dallas PFC); no statutory expiration\"}]"}}, {"type": "Feature", "geometry": {"type": "Point", "coordinates": [-96.88533, 32.89732]}, "properties": {"name": "(nc 60%) The Standard At Royal Lane", "address": "2737 Royal Ln", "total_units": 300, "category": "pfc_hfc", "restricted_units": 150, "restricted_known": true, "restricted_source": "published", "source": "DCAD", "owner_class": "unknown", "year_built": 2023, "units_est": false, "n_subsidies": 1, "subsidies_json": "[{\"program\": \"PFC / HFC\", \"detail\": \"Dallas Public Facility Corp\", \"status\": \"Active\", \"units\": 150, \"start\": null, \"end\": null, \"restricts\": true, \"note\": \"150 income-restricted of 300 (published by Dallas PFC); no statutory expiration\"}]"}}, {"type": "Feature", "geometry": {"type": "Point", "coordinates": [-96.82593, 33.01033]}, "properties": {"name": "Oaks Of North Dallas Apartments", "address": "5075 Pear Ridge DR", "total_units": 144, "category": "pfc_hfc", "restricted_units": 72, "restricted_known": true, "restricted_source": "assumed", "source": "DCAD", "owner_class": "unknown", "year_built": 1983, "units_est": false, "n_subsidies": 1, "subsidies_json": "[{\"program\": \"PFC / HFC\", \"detail\": \"Cameron County Housing Finance Corporation The\", \"status\": \"Active\", \"units\": 72, \"start\": null, \"end\": null, \"restricts\": true, \"note\": \"Assumed: 72 of 144 units (half, rounded up) \\u2014 the statutory minimum and the share every Dallas PFC property that publishes one reports. NOT a published figure. No statutory expiration.\"}]"}}, {"type": "Feature", "geometry": {"type": "Point", "coordinates": [-96.82595, 33.00923]}, "properties": {"name": "Oaks Of North Dallas Apartments", "address": "5055 Pear Ridge DR", "total_units": 144, "category": "pfc_hfc", "restricted_units": 72, "restricted_known": true, "restricted_source": "assumed", "source": "DCAD", "owner_class": "unknown", "year_built": 1983, "units_est": false, "n_subsidies": 1, "subsidies_json": "[{\"program\": \"PFC / HFC\", \"detail\": \"Cameron County Housing Finance Corporation The\", \"status\": \"Active\", \"units\": 72, \"start\": null, \"end\": null, \"restricts\": true, \"note\": \"Assumed: 72 of 144 units (half, rounded up) \\u2014 the statutory minimum and the share every Dallas PFC property that publishes one reports. NOT a published figure. No statutory expiration.\"}]"}}, {"type": "Feature", "geometry": {"type": "Point", "coordinates": [-96.80898, 32.94543]}, "properties": {"name": "Hyde Park (ecu)", "address": "5711 Preston Oaks Rd", "total_units": 326, "category": "pfc_hfc", "restricted_units": 163, "restricted_known": true, "restricted_source": "assumed", "source": "DCAD", "owner_class": "unknown", "year_built": 1995, "units_est": false, "n_subsidies": 1, "subsidies_json": "[{\"program\": \"PFC / HFC\", \"detail\": \"La Villa Housing Finance Corp\", \"status\": \"Active\", \"units\": 163, \"start\": null, \"end\": null, \"restricts\": true, \"note\": \"Assumed: 163 of 326 units (half, rounded up) \\u2014 the statutory minimum and the share every Dallas PFC property that publishes one reports. NOT a published figure. No statutory expiration.\"}]"}}, {"type": "Feature", "geometry": {"type": "Point", "coordinates": [-96.72105, 32.9105]}, "properties": {"name": "The Baxter", "address": "9737 Forest Ln", "total_units": 239, "category": "pfc_hfc", "restricted_units": 120, "restricted_known": true, "restricted_source": "assumed", "source": "DCAD", "owner_class": "unknown", "year_built": 1983, "units_est": false, "n_subsidies": 1, "subsidies_json": "[{\"program\": \"PFC / HFC\", \"detail\": \"Pecos Housing Finance Corp\", \"status\": \"Active\", \"units\": 120, \"start\": null, \"end\": null, \"restricts\": true, \"note\": \"Assumed: 120 of 239 units (half, rounded up) \\u2014 the statutory minimum and the share every Dallas PFC property that publishes one reports. NOT a published figure. No statutory expiration.\"}]"}}, {"type": "Feature", "geometry": {"type": "Point", "coordinates": [-96.72225, 32.91329]}, "properties": {"name": "The Bentley", "address": "12121 Audelia Rd", "total_units": 284, "category": "pfc_hfc", "restricted_units": 142, "restricted_known": true, "restricted_source": "assumed", "source": "DCAD", "owner_class": "unknown", "year_built": 1984, "units_est": false, "n_subsidies": 1, "subsidies_json": "[{\"program\": \"PFC / HFC\", \"detail\": \"Pecos Housing Finance Corp\", \"status\": \"Active\", \"units\": 142, \"start\": null, \"end\": null, \"restricts\": true, \"note\": \"Assumed: 142 of 284 units (half, rounded up) \\u2014 the statutory minimum and the share every Dallas PFC property that publishes one reports. NOT a published figure. No statutory expiration.\"}]"}}, {"type": "Feature", "geometry": {"type": "Point", "coordinates": [-96.7195, 32.91324]}, "properties": {"name": "The Beckham", "address": "12111 Audelia Rd", "total_units": 260, "category": "pfc_hfc", "restricted_units": 130, "restricted_known": true, "restricted_source": "assumed", "source": "DCAD", "owner_class": "unknown", "year_built": 1984, "units_est": false, "n_subsidies": 1, "subsidies_json": "[{\"program\": \"PFC / HFC\", \"detail\": \"Pecos Housing Finance Corp\", \"status\": \"Active\", \"units\": 130, \"start\": null, \"end\": null, \"restricts\": true, \"note\": \"Assumed: 130 of 260 units (half, rounded up) \\u2014 the statutory minimum and the share every Dallas PFC property that publishes one reports. NOT a published figure. No statutory expiration.\"}]"}}, {"type": "Feature", "geometry": {"type": "Point", "coordinates": [-96.71978, 32.91172]}, "properties": {"name": "The Bernard", "address": "11991 Audelia Rd", "total_units": 314, "category": "pfc_hfc", "restricted_units": 157, "restricted_known": true, "restricted_source": "assumed", "source": "DCAD", "owner_class": "unknown", "year_built": 1983, "units_est": false, "n_subsidies": 1, "subsidies_json": "[{\"program\": \"PFC / HFC\", \"detail\": \"Pecos Housing Finance Corp\", \"status\": \"Active\", \"units\": 157, \"start\": null, \"end\": null, \"restricts\": true, \"note\": \"Assumed: 157 of 314 units (half, rounded up) \\u2014 the statutory minimum and the share every Dallas PFC property that publishes one reports. NOT a published figure. No statutory expiration.\"}]"}}, {"type": "Feature", "geometry": {"type": "Point", "coordinates": [-96.76896, 32.99359]}, "properties": {"name": "Palencia Apartments", "address": "17817 Coit RD", "total_units": 281, "category": "pfc_hfc", "restricted_units": 141, "restricted_known": true, "restricted_source": "assumed", "source": "DCAD", "owner_class": "unknown", "year_built": 1995, "units_est": false, "n_subsidies": 1, "subsidies_json": "[{\"program\": \"PFC / HFC\", \"detail\": \"Maverick County Housing Finance Corporation\", \"status\": \"Active\", \"units\": 141, \"start\": null, \"end\": null, \"restricts\": true, \"note\": \"Assumed: 141 of 281 units (half, rounded up) \\u2014 the statutory minimum and the share every Dallas PFC property that publishes one reports. NOT a published figure. No statutory expiration.\"}]"}}, {"type": "Feature", "geometry": {"type": "Point", "coordinates": [-96.71733, 32.92428]}, "properties": {"name": "Tides Of Lawler East", "address": "13030 Audelia Rd", "total_units": 16, "category": "pfc_hfc", "restricted_units": 8, "restricted_known": true, "restricted_source": "assumed", "source": "DCAD", "owner_class": "unknown", "year_built": 1981, "units_est": false, "n_subsidies": 1, "subsidies_json": "[{\"program\": \"PFC / HFC\", \"detail\": \"Pecos Housing Finance\", \"status\": \"Active\", \"units\": 8, \"start\": null, \"end\": null, \"restricts\": true, \"note\": \"Assumed: 8 of 16 units (half, rounded up) \\u2014 the statutory minimum and the share every Dallas PFC property that publishes one reports. NOT a published figure. No statutory expiration.\"}]"}}, {"type": "Feature", "geometry": {"type": "Point", "coordinates": [-96.68988, 32.84567]}, "properties": {"name": "The Hayden 10% Complete", "address": "10715 Garland Rd", "total_units": 288, "category": "pfc_hfc", "restricted_units": 144, "restricted_known": true, "restricted_source": "assumed", "source": "DCAD", "owner_class": "unknown", "year_built": 2025, "units_est": false, "n_subsidies": 1, "subsidies_json": "[{\"program\": \"PFC / HFC\", \"detail\": \"Dallas Public Facility\", \"status\": \"Active\", \"units\": 144, \"start\": null, \"end\": null, \"restricts\": true, \"note\": \"Assumed: 144 of 288 units (half, rounded up) \\u2014 the statutory minimum and the share every Dallas PFC property that publishes one reports. NOT a published figure. No statutory expiration.\"}]"}}, {"type": "Feature", "geometry": {"type": "Point", "coordinates": [-96.77205, 32.98716]}, "properties": {"name": "The Junction At 7760", "address": "7760 Mccallum BLVD", "total_units": 297, "category": "pfc_hfc", "restricted_units": 149, "restricted_known": true, "restricted_source": "assumed", "source": "DCAD", "owner_class": "unknown", "year_built": 1988, "units_est": false, "n_subsidies": 1, "subsidies_json": "[{\"program\": \"PFC / HFC\", \"detail\": \"Pecos Housing Finance Corporation\", \"status\": \"Active\", \"units\": 149, \"start\": null, \"end\": null, \"restricts\": true, \"note\": \"Assumed: 149 of 297 units (half, rounded up) \\u2014 the statutory minimum and the share every Dallas PFC property that publishes one reports. NOT a published figure. No statutory expiration.\"}]"}}, {"type": "Feature", "geometry": {"type": "Point", "coordinates": [-96.83141, 32.74785]}, "properties": {"name": "South Building", "address": "524 W 8th St", "total_units": 13, "category": "pfc_hfc", "restricted_units": 7, "restricted_known": true, "restricted_source": "assumed", "source": "DCAD", "owner_class": "unknown", "year_built": 2024, "units_est": false, "n_subsidies": 1, "subsidies_json": "[{\"program\": \"PFC / HFC\", \"detail\": \"Dallas Public Facility Corp\", \"status\": \"Active\", \"units\": 7, \"start\": null, \"end\": null, \"restricts\": true, \"note\": \"Assumed: 7 of 13 units (half, rounded up) \\u2014 the statutory minimum and the share every Dallas PFC property that publishes one reports. NOT a published figure. No statutory expiration.\"}]"}}, {"type": "Feature", "geometry": {"type": "Point", "coordinates": [-96.83085, 32.74835]}, "properties": {"name": "North Building", "address": "515 W 8th St", "total_units": 12, "category": "pfc_hfc", "restricted_units": 6, "restricted_known": true, "restricted_source": "assumed", "source": "DCAD", "owner_class": "unknown", "year_built": 2024, "units_est": false, "n_subsidies": 1, "subsidies_json": "[{\"program\": \"PFC / HFC\", \"detail\": \"Dallas Public Facility Corp\", \"status\": \"Active\", \"units\": 6, \"start\": null, \"end\": null, \"restricts\": true, \"note\": \"Assumed: 6 of 12 units (half, rounded up) \\u2014 the statutory minimum and the share every Dallas PFC property that publishes one reports. NOT a published figure. No statutory expiration.\"}]"}}, {"type": "Feature", "geometry": {"type": "Point", "coordinates": [-96.8123, 32.7544]}, "properties": {"name": "Burnett Lofts @ Bishop Ridge", "address": "512 N Ewing Ave", "total_units": 86, "category": "pfc_hfc", "restricted_units": 44, "restricted_known": true, "restricted_source": "published", "source": "DCAD", "owner_class": "unknown", "year_built": 2024, "units_est": false, "n_subsidies": 1, "subsidies_json": "[{\"program\": \"PFC / HFC\", \"detail\": \"Dallas Public Facility Corp\", \"status\": \"Active\", \"units\": 44, \"start\": null, \"end\": null, \"restricts\": true, \"note\": \"44 income-restricted of 86 (published by Dallas PFC); no statutory expiration\"}]"}}, {"type": "Feature", "geometry": {"type": "Point", "coordinates": [-96.8131, 32.75332]}, "properties": {"name": "Apartments", "address": "405 N Ewing Ave", "total_units": 75, "category": "pfc_hfc", "restricted_units": 38, "restricted_known": true, "restricted_source": "assumed", "source": "DCAD", "owner_class": "unknown", "year_built": 2024, "units_est": false, "n_subsidies": 1, "subsidies_json": "[{\"program\": \"PFC / HFC\", \"detail\": \"Dallas Public Facility Corporation\", \"status\": \"Active\", \"units\": 38, \"start\": null, \"end\": null, \"restricts\": true, \"note\": \"Assumed: 38 of 75 units (half, rounded up) \\u2014 the statutory minimum and the share every Dallas PFC property that publishes one reports. NOT a published figure. No statutory expiration.\"}]"}}, {"type": "Feature", "geometry": {"type": "Point", "coordinates": [-96.83366, 32.69741]}, "properties": {"name": "Fawn Ridge Village East (ecu)", "address": "630 Bow Arrow Dr", "total_units": 48, "category": "pfc_hfc", "restricted_units": 24, "restricted_known": true, "restricted_source": "assumed", "source": "DCAD", "owner_class": "unknown", "year_built": 1969, "units_est": false, "n_subsidies": 1, "subsidies_json": "[{\"program\": \"PFC / HFC\", \"detail\": \"Villa Housing Finance\", \"status\": \"Active\", \"units\": 24, \"start\": null, \"end\": null, \"restricts\": true, \"note\": \"Assumed: 24 of 48 units (half, rounded up) \\u2014 the statutory minimum and the share every Dallas PFC property that publishes one reports. NOT a published figure. No statutory expiration.\"}]"}}, {"type": "Feature", "geometry": {"type": "Point", "coordinates": [-96.79291, 32.78704]}, "properties": {"name": "Galbraith Exempt", "address": "2400 Bryan St", "total_units": 217, "category": "pfc_hfc", "restricted_units": 111, "restricted_known": true, "source": "DCAD", "award_year": 2018, "owner": "2400 BRYAN STREET LP", "owner_type": "For Profit", "owner_class": "for_profit", "owner_source": "NHPD OwnerType", "hud_id": "TXA0000X202", "lihtc_units": 105, "pop_served": "General", "tdhca_num": "19701", "year_built": 2020, "units_est": false, "n_subsidies": 2, "earliest_end": "2056-12-31", "subsidies_json": "[{\"program\": \"PFC / HFC\", \"detail\": \"Dallas City Of Housing Finance Corp\", \"status\": \"Active\", \"units\": 217, \"start\": null, \"end\": null, \"restricts\": true, \"note\": \"Property-tax exemption; no statutory expiration\"}, {\"program\": \"LIHTC\", \"detail\": \"9% Tax Credit\", \"status\": \"Active\", \"units\": 111, \"start\": \"2021-01-01\", \"end\": \"2056-12-31\", \"restricts\": true, \"note\": null}]"}}, {"type": "Feature", "geometry": {"type": "Point", "coordinates": [-96.83055, 32.74785]}, "properties": {"name": "South Apartments", "address": "504 W 8th St", "total_units": 11, "category": "pfc_hfc", "restricted_units": 6, "restricted_known": true, "restricted_source": "assumed", "source": "DCAD", "owner_class": "unknown", "year_built": 2024, "units_est": false, "n_subsidies": 1, "subsidies_json": "[{\"program\": \"PFC / HFC\", \"detail\": \"Dallas Public Facility Corp\", \"status\": \"Active\", \"units\": 6, \"start\": null, \"end\": null, \"restricts\": true, \"note\": \"Assumed: 6 of 11 units (half, rounded up) \\u2014 the statutory minimum and the share every Dallas PFC property that publishes one reports. NOT a published figure. No statutory expiration.\"}]"}}, {"type": "Feature", "geometry": {"type": "Point", "coordinates": [-96.83072, 32.74785]}, "properties": {"name": "South Apartments", "address": "508 W 8th St", "total_units": 13, "category": "pfc_hfc", "restricted_units": 7, "restricted_known": true, "restricted_source": "assumed", "source": "DCAD", "owner_class": "unknown", "year_built": 2024, "units_est": false, "n_subsidies": 1, "subsidies_json": "[{\"program\": \"PFC / HFC\", \"detail\": \"Dallas Public Facility Corp\", \"status\": \"Active\", \"units\": 7, \"start\": null, \"end\": null, \"restricts\": true, \"note\": \"Assumed: 7 of 13 units (half, rounded up) \\u2014 the statutory minimum and the share every Dallas PFC property that publishes one reports. NOT a published figure. No statutory expiration.\"}]"}}, {"type": "Feature", "geometry": {"type": "Point", "coordinates": [-96.84248, 32.77746]}, "properties": {"name": "Apartments", "address": "2901 Borger St", "total_units": 176, "category": "pfc_hfc", "restricted_units": 88, "restricted_known": true, "restricted_source": "published", "source": "DCAD", "owner_class": "unknown", "year_built": 2024, "units_est": false, "n_subsidies": 1, "subsidies_json": "[{\"program\": \"PFC / HFC\", \"detail\": \"Dallas Public Facility Corp\", \"status\": \"Active\", \"units\": 88, \"start\": null, \"end\": null, \"restricts\": true, \"note\": \"88 income-restricted of 176 (published by Dallas PFC); no statutory expiration\"}]"}}, {"type": "Feature", "geometry": {"type": "Point", "coordinates": [-96.83159, 32.74785]}, "properties": {"name": "South Building", "address": "528 W 8th St", "total_units": 12, "category": "pfc_hfc", "restricted_units": 6, "restricted_known": true, "restricted_source": "assumed", "source": "DCAD", "owner_class": "unknown", "year_built": 2024, "units_est": false, "n_subsidies": 1, "subsidies_json": "[{\"program\": \"PFC / HFC\", \"detail\": \"Dallas Public Facility Corp\", \"status\": \"Active\", \"units\": 6, \"start\": null, \"end\": null, \"restricts\": true, \"note\": \"Assumed: 6 of 12 units (half, rounded up) \\u2014 the statutory minimum and the share every Dallas PFC property that publishes one reports. NOT a published figure. No statutory expiration.\"}]"}}, {"type": "Feature", "geometry": {"type": "Point", "coordinates": [-96.95631, 32.66685]}, "properties": {"name": "Cedar Lake Apts", "address": "7455 W Camp Wisdom Rd", "total_units": 196, "category": "pfc_hfc", "restricted_units": 98, "restricted_known": true, "restricted_source": "assumed", "source": "DCAD", "owner_class": "unknown", "year_built": 2022, "units_est": false, "n_subsidies": 1, "subsidies_json": "[{\"program\": \"PFC / HFC\", \"detail\": \"Pecos Housing Finance\", \"status\": \"Active\", \"units\": 98, \"start\": null, \"end\": null, \"restricts\": true, \"note\": \"Assumed: 98 of 196 units (half, rounded up) \\u2014 the statutory minimum and the share every Dallas PFC property that publishes one reports. NOT a published figure. No statutory expiration.\"}]"}}, {"type": "Feature", "geometry": {"type": "Point", "coordinates": [-96.82193, 32.76827]}, "properties": {"name": "Banyan Flats", "address": "2022 N Beckley Ave", "total_units": 289, "category": "pfc_hfc", "restricted_units": 145, "restricted_known": true, "restricted_source": "published", "source": "DCAD", "owner_class": "unknown", "year_built": 2023, "units_est": false, "n_subsidies": 1, "subsidies_json": "[{\"program\": \"PFC / HFC\", \"detail\": \"Dallas Public Facility\", \"status\": \"Active\", \"units\": 145, \"start\": null, \"end\": null, \"restricts\": true, \"note\": \"145 income-restricted of 289 (published by Dallas PFC); no statutory expiration\"}]"}}, {"type": "Feature", "geometry": {"type": "Point", "coordinates": [-96.83121, 32.74835]}, "properties": {"name": "North Building", "address": "521 W 8th St", "total_units": 12, "category": "pfc_hfc", "restricted_units": 6, "restricted_known": true, "restricted_source": "assumed", "source": "DCAD", "owner_class": "unknown", "year_built": 2024, "units_est": false, "n_subsidies": 1, "subsidies_json": "[{\"program\": \"PFC / HFC\", \"detail\": \"Dallas Public Facility Corp\", \"status\": \"Active\", \"units\": 6, \"start\": null, \"end\": null, \"restricts\": true, \"note\": \"Assumed: 6 of 12 units (half, rounded up) \\u2014 the statutory minimum and the share every Dallas PFC property that publishes one reports. NOT a published figure. No statutory expiration.\"}]"}}, {"type": "Feature", "geometry": {"type": "Point", "coordinates": [-96.83522, 32.69673]}, "properties": {"name": "Fawn Ridge Village East (ecu)", "address": "718 Bow Arrow Dr", "total_units": 32, "category": "pfc_hfc", "restricted_units": 16, "restricted_known": true, "restricted_source": "assumed", "source": "DCAD", "owner_class": "unknown", "year_built": 1969, "units_est": false, "n_subsidies": 1, "subsidies_json": "[{\"program\": \"PFC / HFC\", \"detail\": \"Villa Housing Finance\", \"status\": \"Active\", \"units\": 16, \"start\": null, \"end\": null, \"restricts\": true, \"note\": \"Assumed: 16 of 32 units (half, rounded up) \\u2014 the statutory minimum and the share every Dallas PFC property that publishes one reports. NOT a published figure. No statutory expiration.\"}]"}}, {"type": "Feature", "geometry": {"type": "Point", "coordinates": [-96.79768, 32.73839]}, "properties": {"name": "The Finch Apartment Homes", "address": "1710 Morrell Ave", "total_units": 153, "category": "pfc_hfc", "restricted_units": 78, "restricted_known": true, "restricted_source": "published", "source": "DCAD", "owner_class": "unknown", "year_built": 2023, "units_est": false, "n_subsidies": 1, "subsidies_json": "[{\"program\": \"PFC / HFC\", \"detail\": \"Dallas Public Facility Corp\", \"status\": \"Active\", \"units\": 78, \"start\": null, \"end\": null, \"restricts\": true, \"note\": \"78 income-restricted of 153 (published by Dallas PFC); no statutory expiration\"}]"}}, {"type": "Feature", "geometry": {"type": "Point", "coordinates": [-96.83103, 32.74785]}, "properties": {"name": "South Apartments", "address": "516 W 8th St", "total_units": 13, "category": "pfc_hfc", "restricted_units": 7, "restricted_known": true, "restricted_source": "assumed", "source": "DCAD", "owner_class": "unknown", "year_built": 2024, "units_est": false, "n_subsidies": 1, "subsidies_json": "[{\"program\": \"PFC / HFC\", \"detail\": \"Dallas Public Facility Corp\", \"status\": \"Active\", \"units\": 7, \"start\": null, \"end\": null, \"restricts\": true, \"note\": \"Assumed: 7 of 13 units (half, rounded up) \\u2014 the statutory minimum and the share every Dallas PFC property that publishes one reports. NOT a published figure. No statutory expiration.\"}]"}}, {"type": "Feature", "geometry": {"type": "Point", "coordinates": [-96.83039, 32.74785]}, "properties": {"name": "South Apartments", "address": "502 W 8th St", "total_units": 12, "category": "pfc_hfc", "restricted_units": 6, "restricted_known": true, "restricted_source": "assumed", "source": "DCAD", "owner_class": "unknown", "year_built": 2024, "units_est": false, "n_subsidies": 1, "subsidies_json": "[{\"program\": \"PFC / HFC\", \"detail\": \"Dallas Public Facility Corp\", \"status\": \"Active\", \"units\": 6, \"start\": null, \"end\": null, \"restricts\": true, \"note\": \"Assumed: 6 of 12 units (half, rounded up) \\u2014 the statutory minimum and the share every Dallas PFC property that publishes one reports. NOT a published figure. No statutory expiration.\"}]"}}, {"type": "Feature", "geometry": {"type": "Point", "coordinates": [-96.83176, 32.74835]}, "properties": {"name": "South Building", "address": "533 W 8th St", "total_units": 38, "category": "pfc_hfc", "restricted_units": 19, "restricted_known": true, "restricted_source": "assumed", "source": "DCAD", "owner_class": "unknown", "year_built": 2024, "units_est": false, "n_subsidies": 1, "subsidies_json": "[{\"program\": \"PFC / HFC\", \"detail\": \"Dallas Public Facility Corp\", \"status\": \"Active\", \"units\": 19, \"start\": null, \"end\": null, \"restricts\": true, \"note\": \"Assumed: 19 of 38 units (half, rounded up) \\u2014 the statutory minimum and the share every Dallas PFC property that publishes one reports. NOT a published figure. No statutory expiration.\"}]"}}, {"type": "Feature", "geometry": {"type": "Point", "coordinates": [-96.83176, 32.74785]}, "properties": {"name": "South Apartmnets", "address": "532 W 8th St", "total_units": 13, "category": "pfc_hfc", "restricted_units": 7, "restricted_known": true, "restricted_source": "assumed", "source": "DCAD", "owner_class": "unknown", "year_built": 2024, "units_est": false, "n_subsidies": 1, "subsidies_json": "[{\"program\": \"PFC / HFC\", \"detail\": \"Dallas Public Facility Corp\", \"status\": \"Active\", \"units\": 7, \"start\": null, \"end\": null, \"restricts\": true, \"note\": \"Assumed: 7 of 13 units (half, rounded up) \\u2014 the statutory minimum and the share every Dallas PFC property that publishes one reports. NOT a published figure. No statutory expiration.\"}]"}}, {"type": "Feature", "geometry": {"type": "Point", "coordinates": [-96.83053, 32.74835]}, "properties": {"name": "North Building", "address": "505 W 8th St", "total_units": 123, "category": "pfc_hfc", "restricted_units": 63, "restricted_known": true, "restricted_source": "published", "source": "DCAD", "owner_class": "unknown", "year_built": 2024, "units_est": false, "n_subsidies": 1, "subsidies_json": "[{\"program\": \"PFC / HFC\", \"detail\": \"Dallas Public Facility Corp\", \"status\": \"Active\", \"units\": 63, \"start\": null, \"end\": null, \"restricts\": true, \"note\": \"63 income-restricted of 123 (published by Dallas PFC); no statutory expiration\"}]"}}, {"type": "Feature", "geometry": {"type": "Point", "coordinates": [-96.83139, 32.74835]}, "properties": {"name": "North Building", "address": "525 W 8th St", "total_units": 12, "category": "pfc_hfc", "restricted_units": 6, "restricted_known": true, "restricted_source": "assumed", "source": "DCAD", "owner_class": "unknown", "year_built": 2024, "units_est": false, "n_subsidies": 1, "subsidies_json": "[{\"program\": \"PFC / HFC\", \"detail\": \"Dallas Public Facility Corp\", \"status\": \"Active\", \"units\": 6, \"start\": null, \"end\": null, \"restricts\": true, \"note\": \"Assumed: 6 of 12 units (half, rounded up) \\u2014 the statutory minimum and the share every Dallas PFC property that publishes one reports. NOT a published figure. No statutory expiration.\"}]"}}, {"type": "Feature", "geometry": {"type": "Point", "coordinates": [-96.96067, 32.67486]}, "properties": {"name": "Ascent At Mountain Creek", "address": "4868 S Merrifield Rd", "total_units": 324, "category": "pfc_hfc", "restricted_units": 162, "restricted_known": true, "restricted_source": "published", "source": "DCAD", "owner_class": "unknown", "year_built": 2023, "units_est": false, "n_subsidies": 1, "subsidies_json": "[{\"program\": \"PFC / HFC\", \"detail\": \"Dallas Public Facility Corporation\", \"status\": \"Active\", \"units\": 162, \"start\": null, \"end\": null, \"restricts\": true, \"note\": \"162 income-restricted of 324 (published by Dallas PFC); no statutory expiration\"}]"}}, {"type": "Feature", "geometry": {"type": "Point", "coordinates": [-96.83088, 32.74785]}, "properties": {"name": "South Apartments", "address": "512 W 8th St", "total_units": 10, "category": "pfc_hfc", "restricted_units": 5, "restricted_known": true, "restricted_source": "assumed", "source": "DCAD", "owner_class": "unknown", "year_built": 2024, "units_est": false, "n_subsidies": 1, "subsidies_json": "[{\"program\": \"PFC / HFC\", \"detail\": \"Dallas Public Facility Corp\", \"status\": \"Active\", \"units\": 5, \"start\": null, \"end\": null, \"restricts\": true, \"note\": \"Assumed: 5 of 10 units (half, rounded up) \\u2014 the statutory minimum and the share every Dallas PFC property that publishes one reports. NOT a published figure. No statutory expiration.\"}]"}}, {"type": "Feature", "geometry": {"type": "Point", "coordinates": [-96.81457, 32.75567]}, "properties": {"name": "The Cambridge Apartments", "address": "619 N Lancaster Ave", "total_units": 42, "category": "pfc_hfc", "restricted_units": 21, "restricted_known": true, "restricted_source": "published", "source": "DCAD", "owner_class": "unknown", "year_built": 2024, "units_est": false, "n_subsidies": 1, "subsidies_json": "[{\"program\": \"PFC / HFC\", \"detail\": \"Dallas Public Facility Corp\", \"status\": \"Active\", \"units\": 21, \"start\": null, \"end\": null, \"restricts\": true, \"note\": \"21 income-restricted of 42 (published by Dallas PFC); no statutory expiration\"}]"}}, {"type": "Feature", "geometry": {"type": "Point", "coordinates": [-96.81095, 32.7582]}, "properties": {"name": "Oakhouse Apartments", "address": "900 E Colorado Blvd", "total_units": 219, "category": "pfc_hfc", "restricted_units": 113, "restricted_known": true, "restricted_source": "published", "source": "DCAD", "owner_class": "unknown", "year_built": 2024, "units_est": false, "n_subsidies": 1, "subsidies_json": "[{\"program\": \"PFC / HFC\", \"detail\": \"Dallas Public Facility Corp\", \"status\": \"Active\", \"units\": 113, \"start\": null, \"end\": null, \"restricts\": true, \"note\": \"113 income-restricted of 219 (published by Dallas PFC); no statutory expiration\"}]"}}, {"type": "Feature", "geometry": {"type": "Point", "coordinates": [-96.83121, 32.74785]}, "properties": {"name": "South Apartments", "address": "520 W 8th St", "total_units": 13, "category": "pfc_hfc", "restricted_units": 7, "restricted_known": true, "restricted_source": "assumed", "source": "DCAD", "owner_class": "unknown", "year_built": 2024, "units_est": false, "n_subsidies": 1, "subsidies_json": "[{\"program\": \"PFC / HFC\", \"detail\": \"Dallas Public Facility Corp\", \"status\": \"Active\", \"units\": 7, \"start\": null, \"end\": null, \"restricts\": true, \"note\": \"Assumed: 7 of 13 units (half, rounded up) \\u2014 the statutory minimum and the share every Dallas PFC property that publishes one reports. NOT a published figure. No statutory expiration.\"}]"}}, {"type": "Feature", "geometry": {"type": "Point", "coordinates": [-96.83103, 32.74835]}, "properties": {"name": "Apartments", "address": "519 W 8th St", "total_units": 12, "category": "pfc_hfc", "restricted_units": 6, "restricted_known": true, "restricted_source": "assumed", "source": "DCAD", "owner_class": "unknown", "year_built": 2024, "units_est": false, "n_subsidies": 1, "subsidies_json": "[{\"program\": \"PFC / HFC\", \"detail\": \"Dallas Public Facility Corp\", \"status\": \"Active\", \"units\": 6, \"start\": null, \"end\": null, \"restricts\": true, \"note\": \"Assumed: 6 of 12 units (half, rounded up) \\u2014 the statutory minimum and the share every Dallas PFC property that publishes one reports. NOT a published figure. No statutory expiration.\"}]"}}, {"type": "Feature", "geometry": {"type": "Point", "coordinates": [-96.75931, 32.78616]}, "properties": {"name": "Gurley Place Senior Apartments", "address": "4538 Gurley Ave", "total_units": 24, "category": "pfc_hfc", "restricted_units": 12, "restricted_known": true, "restricted_source": "assumed", "source": "DCAD", "owner_class": "unknown", "year_built": 2011, "units_est": false, "n_subsidies": 1, "subsidies_json": "[{\"program\": \"PFC / HFC\", \"detail\": \"City Of Dallas Housing Finance Corp\", \"status\": \"Active\", \"units\": 12, \"start\": null, \"end\": null, \"restricts\": true, \"note\": \"Assumed: 12 of 24 units (half, rounded up) \\u2014 the statutory minimum and the share every Dallas PFC property that publishes one reports. NOT a published figure. No statutory expiration.\"}]"}}, {"type": "Feature", "geometry": {"type": "Point", "coordinates": [-96.64728, 32.73257]}, "properties": {"name": "Lake June Village", "address": "1220 N Masters Dr", "total_units": 100, "category": "pfc_hfc", "restricted_units": 50, "restricted_known": true, "restricted_source": "assumed", "source": "DCAD", "owner_class": "unknown", "year_built": 1975, "units_est": false, "n_subsidies": 1, "subsidies_json": "[{\"program\": \"PFC / HFC\", \"detail\": \"Cameron County Housing Finance\", \"status\": \"Active\", \"units\": 50, \"start\": null, \"end\": null, \"restricts\": true, \"note\": \"Assumed: 50 of 100 units (half, rounded up) \\u2014 the statutory minimum and the share every Dallas PFC property that publishes one reports. NOT a published figure. No statutory expiration.\"}]"}}, {"type": "Feature", "geometry": {"type": "Point", "coordinates": [-96.86043, 32.99855]}, "properties": {"name": "3301 President George Bush Tpke", "address": "3301 President George Bush Tpke", "total_units": 380, "category": "pfc_hfc", "restricted_units": 190, "restricted_known": true, "restricted_source": "assumed", "source": "DCAD", "owner_class": "unknown", "year_built": 2023, "units_est": false, "n_subsidies": 1, "subsidies_json": "[{\"program\": \"PFC / HFC\", \"detail\": \"Garland Housing Finance Corporation\", \"status\": \"Active\", \"units\": 190, \"start\": null, \"end\": null, \"restricts\": true, \"note\": \"Assumed: 190 of 380 units (half, rounded up) \\u2014 the statutory minimum and the share every Dallas PFC property that publishes one reports. NOT a published figure. No statutory expiration.\"}]"}}]}