{
"type": "FeatureCollection",
"name": "water_dallas",
"crs": { "type": "name", "properties": { "name": "urn:ogc:def:crs:OGC:1.3:CRS84" } },
"xy_coordinate_resolution": 1e-05,
"features": [
{ "type": "Feature", "properties": { "element": "relation", "id": 2319126 }, "geometry": { "type": "MultiPolygon", "coordinates": [ [ [ [ -96.78336, 32.75195 ], [ -96.78426, 32.75151 ], [ -96.78495, 32.75126 ], [ -96.78597, 32.751 ], [ -96.78702, 32.75101 ], [ -96.78771, 32.75121 ], [ -96.78957, 32.75213 ], [ -96.79034, 32.75242 ], [ -96.79131, 32.75288 ], [ -96.79144, 32.75299 ], [ -96.79154, 32.75298 ], [ -96.79221, 32.75337 ], [ -96.79432, 32.75477 ], [ -96.79878, 32.75738 ], [ -96.80049, 32.75852 ], [ -96.80105, 32.75904 ], [ -96.80135, 32.75944 ], [ -96.803, 32.76071 ], [ -96.80334, 32.76089 ], [ -96.80442, 32.76168 ], [ -96.80608, 32.7627 ], [ -96.80732, 32.76326 ], [ -96.80806, 32.7635 ], [ -96.80903, 32.76369 ], [ -96.81051, 32.76416 ], [ -96.81272, 32.76519 ], [ -96.81315, 32.76529 ], [ -96.81382, 32.76556 ], [ -96.81444, 32.76591 ], [ -96.81548, 32.76667 ], [ -96.81585, 32.76704 ], [ -96.81585, 32.7671 ], [ -96.81609, 32.76734 ], [ -96.81651, 32.76797 ], [ -96.81685, 32.76862 ], [ -96.81737, 32.76929 ], [ -96.81881, 32.77223 ], [ -96.81918, 32.77346 ], [ -96.81948, 32.77383 ], [ -96.82126, 32.77666 ], [ -96.82136, 32.77671 ], [ -96.82135, 32.77686 ], [ -96.82156, 32.77746 ], [ -96.82162, 32.77794 ], [ -96.82174, 32.77829 ], [ -96.82261, 32.78003 ], [ -96.82285, 32.7803 ], [ -96.82334, 32.78141 ], [ -96.82395, 32.78215 ], [ -96.82471, 32.78325 ], [ -96.82576, 32.78447 ], [ -96.82749, 32.78596 ], [ -96.82972, 32.78699 ], [ -96.83029, 32.78728 ], [ -96.83039, 32.7874 ], [ -96.83096, 32.78759 ], [ -96.83268, 32.78848 ], [ -96.83327, 32.78873 ], [ -96.83374, 32.78886 ], [ -96.83482, 32.78942 ], [ -96.83506, 32.78942 ], [ -96.8352, 32.78949 ], [ -96.83546, 32.78969 ], [ -96.83578, 32.78983 ], [ -96.83676, 32.79044 ], [ -96.83837, 32.79132 ], [ -96.84174, 32.79272 ], [ -96.84248, 32.79311 ], [ -96.84295, 32.79329 ], [ -96.84456, 32.79406 ], [ -96.84572, 32.79468 ], [ -96.84599, 32.79491 ], [ -96.84788, 32.79611 ], [ -96.84828, 32.79634 ], [ -96.84941, 32.79683 ], [ -96.8508, 32.79729 ], [ -96.85125, 32.79751 ], [ -96.85205, 32.79773 ], [ -96.85456, 32.79792 ], [ -96.85522, 32.79793 ], [ -96.85559, 32.79789 ], [ -96.85574, 32.79796 ], [ -96.85615, 32.79799 ], [ -96.85748, 32.79798 ], [ -96.85772, 32.7979 ], [ -96.85835, 32.79789 ], [ -96.85859, 32.79795 ], [ -96.85926, 32.79797 ], [ -96.85959, 32.79792 ], [ -96.8598, 32.79783 ], [ -96.86053, 32.79786 ], [ -96.86091, 32.79793 ], [ -96.86153, 32.79783 ], [ -96.8626, 32.79777 ], [ -96.86393, 32.79791 ], [ -96.86573, 32.79779 ], [ -96.86811, 32.79789 ], [ -96.8691, 32.79779 ], [ -96.8705, 32.79782 ], [ -96.87202, 32.79775 ], [ -96.87313, 32.79787 ], [ -96.87438, 32.79781 ], [ -96.8765, 32.79783 ], [ -96.87793, 32.7979 ], [ -96.8783, 32.79798 ], [ -96.87959, 32.79784 ], [ -96.88039, 32.7979 ], [ -96.8811, 32.79786 ], [ -96.88221, 32.79788 ], [ -96.88448, 32.79801 ], [ -96.88533, 32.79799 ], [ -96.88559, 32.79803 ], [ -96.89056, 32.79796 ], [ -96.89168, 32.79802 ], [ -96.89266, 32.7979 ], [ -96.89532, 32.79799 ], [ -96.89848, 32.79801 ], [ -96.89868, 32.79808 ], [ -96.89878, 32.79807 ], [ -96.89871, 32.79811 ], [ -96.89872, 32.7982 ], [ -96.89835, 32.79822 ], [ -96.89873, 32.79835 ], [ -96.89874, 32.79851 ], [ -96.89831, 32.79839 ], [ -96.89689, 32.79826 ], [ -96.8964, 32.79828 ], [ -96.8961, 32.79824 ], [ -96.89557, 32.79828 ], [ -96.89436, 32.79818 ], [ -96.89309, 32.79818 ], [ -96.89249, 32.79833 ], [ -96.89125, 32.79824 ], [ -96.88925, 32.79824 ], [ -96.88766, 32.79818 ], [ -96.88664, 32.79823 ], [ -96.88596, 32.7982 ], [ -96.88585, 32.79824 ], [ -96.88514, 32.7982 ], [ -96.88337, 32.79827 ], [ -96.88193, 32.79814 ], [ -96.87881, 32.79817 ], [ -96.87579, 32.79807 ], [ -96.87544, 32.79814 ], [ -96.87475, 32.79809 ], [ -96.87372, 32.79813 ], [ -96.87296, 32.79811 ], [ -96.87194, 32.79802 ], [ -96.87012, 32.79809 ], [ -96.86841, 32.79809 ], [ -96.86766, 32.79815 ], [ -96.86538, 32.79808 ], [ -96.86388, 32.79818 ], [ -96.86335, 32.79808 ], [ -96.86284, 32.79813 ], [ -96.86148, 32.79811 ], [ -96.8611, 32.79819 ], [ -96.86, 32.79817 ], [ -96.85853, 32.79827 ], [ -96.85792, 32.79823 ], [ -96.8559, 32.79824 ], [ -96.85542, 32.79815 ], [ -96.85492, 32.79817 ], [ -96.85373, 32.79807 ], [ -96.85285, 32.79809 ], [ -96.85154, 32.79788 ], [ -96.85064, 32.79758 ], [ -96.85008, 32.79731 ], [ -96.84909, 32.79696 ], [ -96.84797, 32.79645 ], [ -96.84638, 32.79537 ], [ -96.84419, 32.79413 ], [ -96.84071, 32.79254 ], [ -96.84055, 32.79259 ], [ -96.84041, 32.79255 ], [ -96.84018, 32.79239 ], [ -96.83913, 32.79189 ], [ -96.83854, 32.79166 ], [ -96.83834, 32.79166 ], [ -96.83803, 32.79151 ], [ -96.83712, 32.79087 ], [ -96.83609, 32.79033 ], [ -96.83507, 32.78982 ], [ -96.83431, 32.78954 ], [ -96.83341, 32.78911 ], [ -96.83195, 32.78852 ], [ -96.8307, 32.78779 ], [ -96.82974, 32.78739 ], [ -96.82816, 32.78653 ], [ -96.82692, 32.78596 ], [ -96.82644, 32.78555 ], [ -96.82443, 32.78339 ], [ -96.82413, 32.78291 ], [ -96.82333, 32.78191 ], [ -96.82257, 32.78068 ], [ -96.82257, 32.78047 ], [ -96.82228, 32.7801 ], [ -96.82193, 32.7792 ], [ -96.82154, 32.77855 ], [ -96.82138, 32.77812 ], [ -96.8213, 32.77805 ], [ -96.82123, 32.77771 ], [ -96.82121, 32.77715 ], [ -96.82104, 32.77689 ], [ -96.82102, 32.77674 ], [ -96.81987, 32.7751 ], [ -96.8198, 32.77491 ], [ -96.81935, 32.77427 ], [ -96.81906, 32.7737 ], [ -96.81858, 32.77313 ], [ -96.81836, 32.77245 ], [ -96.81826, 32.77172 ], [ -96.81805, 32.7713 ], [ -96.81792, 32.77116 ], [ -96.81769, 32.7705 ], [ -96.81718, 32.7695 ], [ -96.81642, 32.76844 ], [ -96.81593, 32.76785 ], [ -96.81591, 32.76768 ], [ -96.81575, 32.76738 ], [ -96.81507, 32.76687 ], [ -96.81414, 32.76627 ], [ -96.81312, 32.76571 ], [ -96.81292, 32.76562 ], [ -96.81208, 32.76543 ], [ -96.81191, 32.76559 ], [ -96.81155, 32.76614 ], [ -96.81138, 32.76617 ], [ -96.81104, 32.766 ], [ -96.81098, 32.76592 ], [ -96.81099, 32.76582 ], [ -96.81142, 32.7653 ], [ -96.81148, 32.76513 ], [ -96.81065, 32.76469 ], [ -96.81036, 32.76461 ], [ -96.80898, 32.76395 ], [ -96.80735, 32.76357 ], [ -96.8054, 32.76266 ], [ -96.80305, 32.76108 ], [ -96.80295, 32.76095 ], [ -96.80119, 32.75965 ], [ -96.80107, 32.75958 ], [ -96.801, 32.75975 ], [ -96.80085, 32.75979 ], [ -96.80073, 32.75974 ], [ -96.80067, 32.75962 ], [ -96.80072, 32.7592 ], [ -96.80047, 32.75905 ], [ -96.79992, 32.75846 ], [ -96.79904, 32.75787 ], [ -96.7982, 32.75738 ], [ -96.79792, 32.75714 ], [ -96.79708, 32.75673 ], [ -96.79599, 32.75606 ], [ -96.79569, 32.75594 ], [ -96.7947, 32.75532 ], [ -96.79377, 32.75485 ], [ -96.79084, 32.75304 ], [ -96.78973, 32.75246 ], [ -96.78858, 32.75205 ], [ -96.78714, 32.7514 ], [ -96.78689, 32.75132 ], [ -96.78598, 32.75129 ], [ -96.78468, 32.75168 ], [ -96.78368, 32.75218 ], [ -96.78325, 32.75226 ], [ -96.78273, 32.75229 ], [ -96.7823, 32.75221 ], [ -96.78221, 32.7523 ], [ -96.78207, 32.75266 ], [ -96.7815, 32.75333 ], [ -96.78143, 32.75313 ], [ -96.78159, 32.75303 ], [ -96.7818, 32.75271 ], [ -96.78202, 32.75253 ], [ -96.78211, 32.7522 ], [ -96.78203, 32.75211 ], [ -96.78159, 32.75193 ], [ -96.78111, 32.75162 ], [ -96.78013, 32.75062 ], [ -96.77897, 32.74991 ], [ -96.77881, 32.74986 ], [ -96.77865, 32.74983 ], [ -96.77825, 32.74986 ], [ -96.77784, 32.74998 ], [ -96.77745, 32.74998 ], [ -96.77681, 32.74973 ], [ -96.7758, 32.74869 ], [ -96.77538, 32.7481 ], [ -96.77546, 32.74759 ], [ -96.77564, 32.74732 ], [ -96.77582, 32.74688 ], [ -96.77591, 32.74623 ], [ -96.77587, 32.7461 ], [ -96.77574, 32.746 ], [ -96.77546, 32.74592 ], [ -96.77496, 32.74588 ], [ -96.77445, 32.74591 ], [ -96.77405, 32.74602 ], [ -96.77351, 32.74598 ], [ -96.77301, 32.74587 ], [ -96.77264, 32.74566 ], [ -96.77245, 32.74541 ], [ -96.7721, 32.74515 ], [ -96.77097, 32.7439 ], [ -96.7708, 32.74378 ], [ -96.7707, 32.74348 ], [ -96.77084, 32.74308 ], [ -96.77093, 32.74256 ], [ -96.77055, 32.74194 ], [ -96.77018, 32.74153 ], [ -96.76973, 32.74119 ], [ -96.76921, 32.74067 ], [ -96.76796, 32.73924 ], [ -96.76686, 32.73832 ], [ -96.76687, 32.73825 ], [ -96.76566, 32.7375 ], [ -96.76521, 32.73731 ], [ -96.76376, 32.73651 ], [ -96.7633, 32.73604 ], [ -96.7617, 32.73477 ], [ -96.76141, 32.73448 ], [ -96.76091, 32.73383 ], [ -96.76056, 32.73318 ], [ -96.76021, 32.73269 ], [ -96.76005, 32.73231 ], [ -96.75972, 32.73182 ], [ -96.75923, 32.73072 ], [ -96.75921, 32.73027 ], [ -96.75946, 32.72992 ], [ -96.76, 32.72964 ], [ -96.7613, 32.72968 ], [ -96.7619, 32.72959 ], [ -96.76231, 32.72941 ], [ -96.76266, 32.72894 ], [ -96.7627, 32.7286 ], [ -96.76262, 32.72837 ], [ -96.76234, 32.72811 ], [ -96.76162, 32.72783 ], [ -96.75989, 32.72779 ], [ -96.75756, 32.72824 ], [ -96.75474, 32.72853 ], [ -96.75393, 32.72855 ], [ -96.75374, 32.72863 ], [ -96.75341, 32.72855 ], [ -96.75263, 32.72823 ], [ -96.75251, 32.72812 ], [ -96.75241, 32.72778 ], [ -96.75229, 32.7276 ], [ -96.75187, 32.72718 ], [ -96.75123, 32.72687 ], [ -96.75068, 32.72645 ], [ -96.75044, 32.72634 ], [ -96.74944, 32.72617 ], [ -96.74895, 32.72602 ], [ -96.74817, 32.72563 ], [ -96.74791, 32.7254 ], [ -96.74753, 32.72472 ], [ -96.7473, 32.72445 ], [ -96.74704, 32.7242 ], [ -96.74676, 32.72415 ], [ -96.74653, 32.72382 ], [ -96.74618, 32.72368 ], [ -96.74581, 32.72363 ], [ -96.74558, 32.72365 ], [ -96.74458, 32.7239 ], [ -96.7435, 32.7241 ], [ -96.74221, 32.72409 ], [ -96.74051, 32.72391 ], [ -96.73994, 32.7239 ], [ -96.7395, 32.72382 ], [ -96.7367, 32.72408 ], [ -96.73592, 32.72419 ], [ -96.73556, 32.72429 ], [ -96.73525, 32.72422 ], [ -96.73487, 32.72405 ], [ -96.73455, 32.72405 ], [ -96.73421, 32.72385 ], [ -96.73387, 32.72374 ], [ -96.73281, 32.72289 ], [ -96.73199, 32.72199 ], [ -96.73181, 32.72165 ], [ -96.73155, 32.72091 ], [ -96.73155, 32.72014 ], [ -96.73163, 32.71915 ], [ -96.7317, 32.71844 ], [ -96.73179, 32.71807 ], [ -96.73173, 32.71797 ], [ -96.73184, 32.71784 ], [ -96.73198, 32.71745 ], [ -96.73203, 32.71707 ], [ -96.73227, 32.71642 ], [ -96.73264, 32.71576 ], [ -96.73309, 32.71458 ], [ -96.7335, 32.71411 ], [ -96.73397, 32.71327 ], [ -96.73424, 32.71269 ], [ -96.73477, 32.71206 ], [ -96.73538, 32.71101 ], [ -96.73585, 32.70991 ], [ -96.73595, 32.70896 ], [ -96.73586, 32.7082 ], [ -96.73547, 32.70741 ], [ -96.7352, 32.70667 ], [ -96.73435, 32.70509 ], [ -96.73417, 32.70448 ], [ -96.73411, 32.70366 ], [ -96.73404, 32.70355 ], [ -96.73404, 32.70343 ], [ -96.73412, 32.70333 ], [ -96.73426, 32.70213 ], [ -96.73441, 32.70165 ], [ -96.73433, 32.70134 ], [ -96.73431, 32.70061 ], [ -96.73407, 32.70006 ], [ -96.73383, 32.6998 ], [ -96.73354, 32.69967 ], [ -96.73322, 32.69959 ], [ -96.73234, 32.69952 ], [ -96.73195, 32.69944 ], [ -96.72888, 32.69856 ], [ -96.72842, 32.69856 ], [ -96.72782, 32.69877 ], [ -96.72731, 32.69883 ], [ -96.72616, 32.69888 ], [ -96.72558, 32.69882 ], [ -96.72487, 32.69844 ], [ -96.72449, 32.69809 ], [ -96.72397, 32.69771 ], [ -96.72307, 32.69715 ], [ -96.7226, 32.69702 ], [ -96.72223, 32.69698 ], [ -96.72092, 32.69661 ], [ -96.72028, 32.69652 ], [ -96.71867, 32.69648 ], [ -96.71718, 32.6966 ], [ -96.71555, 32.69642 ], [ -96.71414, 32.69639 ], [ -96.71325, 32.69649 ], [ -96.71287, 32.69664 ], [ -96.71213, 32.69703 ], [ -96.71071, 32.69793 ], [ -96.70898, 32.69888 ], [ -96.70874, 32.6989 ], [ -96.70781, 32.69916 ], [ -96.70665, 32.69914 ], [ -96.7057, 32.69905 ], [ -96.70543, 32.69909 ], [ -96.70521, 32.69921 ], [ -96.70491, 32.69927 ], [ -96.70471, 32.69937 ], [ -96.70448, 32.69966 ], [ -96.70443, 32.70079 ], [ -96.70422, 32.70137 ], [ -96.70397, 32.7016 ], [ -96.70357, 32.70165 ], [ -96.70258, 32.70165 ], [ -96.70208, 32.70125 ], [ -96.70208, 32.7011 ], [ -96.70197, 32.70099 ], [ -96.70192, 32.70054 ], [ -96.70194, 32.69972 ], [ -96.70188, 32.69959 ], [ -96.70159, 32.69939 ], [ -96.70134, 32.6991 ], [ -96.70086, 32.6989 ], [ -96.70051, 32.69884 ], [ -96.70017, 32.69895 ], [ -96.69922, 32.69956 ], [ -96.69889, 32.69973 ], [ -96.6983, 32.69994 ], [ -96.69775, 32.7001 ], [ -96.69669, 32.70021 ], [ -96.69643, 32.70015 ], [ -96.69622, 32.70002 ], [ -96.69579, 32.69954 ], [ -96.69572, 32.69937 ], [ -96.69574, 32.69903 ], [ -96.69549, 32.69839 ], [ -96.69518, 32.69794 ], [ -96.69488, 32.69762 ], [ -96.6946, 32.69744 ], [ -96.69441, 32.6974 ], [ -96.69356, 32.69762 ], [ -96.69289, 32.69808 ], [ -96.69266, 32.69813 ], [ -96.69197, 32.69815 ], [ -96.69174, 32.69807 ], [ -96.69158, 32.6976 ], [ -96.69143, 32.69674 ], [ -96.69135, 32.69585 ], [ -96.69128, 32.6957 ], [ -96.69127, 32.69519 ], [ -96.69135, 32.69495 ], [ -96.6913, 32.69413 ], [ -96.69136, 32.69208 ], [ -96.69109, 32.69075 ], [ -96.6909, 32.68903 ], [ -96.69035, 32.68631 ], [ -96.68987, 32.68294 ], [ -96.68985, 32.68234 ], [ -96.68978, 32.68206 ], [ -96.68962, 32.68186 ], [ -96.68968, 32.68172 ], [ -96.68933, 32.67984 ], [ -96.68924, 32.67865 ], [ -96.68885, 32.67677 ], [ -96.68869, 32.67535 ], [ -96.68842, 32.67465 ], [ -96.68807, 32.67423 ], [ -96.68771, 32.67396 ], [ -96.68728, 32.67372 ], [ -96.68685, 32.67355 ], [ -96.68612, 32.67338 ], [ -96.68517, 32.67336 ], [ -96.68476, 32.67354 ], [ -96.68392, 32.67401 ], [ -96.68224, 32.6751 ], [ -96.67986, 32.67645 ], [ -96.67912, 32.67654 ], [ -96.67826, 32.67653 ], [ -96.67773, 32.67644 ], [ -96.67714, 32.67615 ], [ -96.6767, 32.6758 ], [ -96.67642, 32.67538 ], [ -96.67628, 32.67484 ], [ -96.67633, 32.67457 ], [ -96.67656, 32.6739 ], [ -96.67671, 32.67362 ], [ -96.67712, 32.67312 ], [ -96.67757, 32.6728 ], [ -96.67815, 32.67225 ], [ -96.67819, 32.67199 ], [ -96.67862, 32.67163 ], [ -96.67884, 32.67124 ], [ -96.67915, 32.67024 ], [ -96.67912, 32.66956 ], [ -96.67887, 32.66909 ], [ -96.67922, 32.66909 ], [ -96.6794, 32.66956 ], [ -96.67947, 32.67 ], [ -96.67948, 32.67024 ], [ -96.67946, 32.67043 ], [ -96.67936, 32.67073 ], [ -96.67918, 32.67114 ], [ -96.67895, 32.67151 ], [ -96.67853, 32.67215 ], [ -96.67804, 32.67268 ], [ -96.67718, 32.67346 ], [ -96.67693, 32.67378 ], [ -96.67677, 32.67405 ], [ -96.6766, 32.67448 ], [ -96.67661, 32.67491 ], [ -96.6767, 32.67532 ], [ -96.67687, 32.67558 ], [ -96.6771, 32.67587 ], [ -96.67736, 32.67606 ], [ -96.67764, 32.67622 ], [ -96.67794, 32.6763 ], [ -96.67826, 32.67637 ], [ -96.67862, 32.67639 ], [ -96.67892, 32.67639 ], [ -96.67934, 32.67634 ], [ -96.67971, 32.67627 ], [ -96.68017, 32.67611 ], [ -96.68075, 32.67581 ], [ -96.68139, 32.67546 ], [ -96.68216, 32.67497 ], [ -96.68317, 32.67431 ], [ -96.68399, 32.67383 ], [ -96.68469, 32.67343 ], [ -96.68518, 32.67327 ], [ -96.68559, 32.67316 ], [ -96.68603, 32.67303 ], [ -96.68616, 32.67299 ], [ -96.68671, 32.67312 ], [ -96.68772, 32.6735 ], [ -96.68851, 32.67404 ], [ -96.68896, 32.67465 ], [ -96.68918, 32.67553 ], [ -96.68923, 32.67608 ], [ -96.68948, 32.67704 ], [ -96.68987, 32.67999 ], [ -96.6903, 32.68275 ], [ -96.69053, 32.68383 ], [ -96.69098, 32.68726 ], [ -96.69108, 32.68751 ], [ -96.69128, 32.68953 ], [ -96.69172, 32.69163 ], [ -96.69187, 32.69265 ], [ -96.69187, 32.69352 ], [ -96.69165, 32.69561 ], [ -96.69189, 32.69733 ], [ -96.6921, 32.69769 ], [ -96.69246, 32.69778 ], [ -96.69267, 32.69775 ], [ -96.69289, 32.69766 ], [ -96.69333, 32.69723 ], [ -96.69379, 32.69705 ], [ -96.69431, 32.69701 ], [ -96.69486, 32.69706 ], [ -96.69544, 32.69763 ], [ -96.69576, 32.69811 ], [ -96.69631, 32.69954 ], [ -96.69653, 32.69973 ], [ -96.69679, 32.69983 ], [ -96.69742, 32.69984 ], [ -96.69834, 32.6996 ], [ -96.69915, 32.69915 ], [ -96.69995, 32.6985 ], [ -96.70017, 32.69841 ], [ -96.70046, 32.69841 ], [ -96.70094, 32.69853 ], [ -96.70136, 32.69851 ], [ -96.7015, 32.69863 ], [ -96.70168, 32.699 ], [ -96.70216, 32.69936 ], [ -96.7025, 32.70085 ], [ -96.7028, 32.70113 ], [ -96.70299, 32.70119 ], [ -96.70342, 32.70108 ], [ -96.7038, 32.70091 ], [ -96.70407, 32.70067 ], [ -96.70412, 32.70053 ], [ -96.70407, 32.69966 ], [ -96.70425, 32.69918 ], [ -96.70446, 32.69901 ], [ -96.70506, 32.6989 ], [ -96.70526, 32.6988 ], [ -96.70556, 32.69874 ], [ -96.70723, 32.69886 ], [ -96.70768, 32.69883 ], [ -96.70862, 32.69853 ], [ -96.70918, 32.69834 ], [ -96.71088, 32.69745 ], [ -96.71257, 32.69629 ], [ -96.71313, 32.69625 ], [ -96.7136, 32.69609 ], [ -96.71403, 32.69607 ], [ -96.71744, 32.69626 ], [ -96.71916, 32.69614 ], [ -96.71973, 32.69621 ], [ -96.72078, 32.69625 ], [ -96.72143, 32.69634 ], [ -96.72197, 32.69658 ], [ -96.72302, 32.6968 ], [ -96.72352, 32.69698 ], [ -96.72381, 32.69713 ], [ -96.72535, 32.69837 ], [ -96.7257, 32.69853 ], [ -96.72695, 32.6985 ], [ -96.72784, 32.69831 ], [ -96.72862, 32.6982 ], [ -96.72931, 32.69827 ], [ -96.73013, 32.69855 ], [ -96.73112, 32.6988 ], [ -96.73232, 32.69924 ], [ -96.73355, 32.69922 ], [ -96.7338, 32.69926 ], [ -96.73403, 32.69944 ], [ -96.73444, 32.69996 ], [ -96.73469, 32.70044 ], [ -96.73478, 32.70077 ], [ -96.73478, 32.70124 ], [ -96.73446, 32.70377 ], [ -96.73462, 32.70473 ], [ -96.73515, 32.70571 ], [ -96.73551, 32.70659 ], [ -96.73605, 32.70755 ], [ -96.73627, 32.70812 ], [ -96.73642, 32.70887 ], [ -96.73638, 32.70944 ], [ -96.7362, 32.71029 ], [ -96.73599, 32.71068 ], [ -96.73576, 32.71135 ], [ -96.73459, 32.71308 ], [ -96.73297, 32.7159 ], [ -96.73268, 32.71668 ], [ -96.7323, 32.71829 ], [ -96.73208, 32.71869 ], [ -96.73204, 32.71951 ], [ -96.7321, 32.72002 ], [ -96.732, 32.72088 ], [ -96.7321, 32.72136 ], [ -96.73233, 32.72179 ], [ -96.733, 32.72255 ], [ -96.73354, 32.72291 ], [ -96.7343, 32.72355 ], [ -96.73501, 32.72377 ], [ -96.73564, 32.72383 ], [ -96.73655, 32.72381 ], [ -96.73702, 32.72373 ], [ -96.73767, 32.72372 ], [ -96.73895, 32.72357 ], [ -96.73963, 32.72355 ], [ -96.74257, 32.7238 ], [ -96.74353, 32.72381 ], [ -96.74469, 32.72362 ], [ -96.7453, 32.72337 ], [ -96.74563, 32.72328 ], [ -96.74656, 32.72345 ], [ -96.74759, 32.72422 ], [ -96.74815, 32.7252 ], [ -96.74834, 32.72539 ], [ -96.74889, 32.72566 ], [ -96.74972, 32.72585 ], [ -96.75092, 32.72622 ], [ -96.75125, 32.72639 ], [ -96.752, 32.72696 ], [ -96.75313, 32.72795 ], [ -96.75366, 32.72822 ], [ -96.75408, 32.72831 ], [ -96.75677, 32.72813 ], [ -96.75818, 32.72792 ], [ -96.75939, 32.72759 ], [ -96.76053, 32.72749 ], [ -96.76134, 32.72752 ], [ -96.76209, 32.72765 ], [ -96.76225, 32.72773 ], [ -96.76283, 32.72811 ], [ -96.76303, 32.72845 ], [ -96.76296, 32.72903 ], [ -96.76258, 32.72947 ], [ -96.76212, 32.72975 ], [ -96.76186, 32.72982 ], [ -96.76045, 32.72984 ], [ -96.76002, 32.72991 ], [ -96.75964, 32.7301 ], [ -96.75946, 32.7305 ], [ -96.7599, 32.73162 ], [ -96.76015, 32.73208 ], [ -96.76067, 32.73284 ], [ -96.76117, 32.73372 ], [ -96.7617, 32.73443 ], [ -96.76235, 32.73504 ], [ -96.7641, 32.73631 ], [ -96.76473, 32.73659 ], [ -96.76503, 32.7369 ], [ -96.76617, 32.73756 ], [ -96.76715, 32.73822 ], [ -96.76826, 32.73916 ], [ -96.76903, 32.73991 ], [ -96.76991, 32.74094 ], [ -96.77064, 32.74159 ], [ -96.77094, 32.74194 ], [ -96.77105, 32.74213 ], [ -96.77119, 32.74263 ], [ -96.77112, 32.74352 ], [ -96.77123, 32.7438 ], [ -96.77145, 32.74413 ], [ -96.77268, 32.74539 ], [ -96.77327, 32.74564 ], [ -96.77389, 32.7457 ], [ -96.77426, 32.74563 ], [ -96.77548, 32.7456 ], [ -96.77594, 32.74578 ], [ -96.77602, 32.74586 ], [ -96.77635, 32.7464 ], [ -96.7763, 32.74675 ], [ -96.77604, 32.74712 ], [ -96.77578, 32.74769 ], [ -96.77576, 32.74806 ], [ -96.77597, 32.74857 ], [ -96.77632, 32.74883 ], [ -96.77693, 32.74946 ], [ -96.77695, 32.74957 ], [ -96.77705, 32.74965 ], [ -96.77733, 32.74963 ], [ -96.77752, 32.74976 ], [ -96.77764, 32.74977 ], [ -96.77824, 32.74964 ], [ -96.77872, 32.74964 ], [ -96.77895, 32.74979 ], [ -96.77914, 32.7498 ], [ -96.77931, 32.7499 ], [ -96.77973, 32.75 ], [ -96.78052, 32.75053 ], [ -96.78103, 32.75103 ], [ -96.78124, 32.75131 ], [ -96.78165, 32.75165 ], [ -96.78195, 32.75182 ], [ -96.78286, 32.75199 ], [ -96.78336, 32.75195 ] ] ], [ [ [ -96.65512, 32.63684 ], [ -96.65491, 32.63681 ], [ -96.65495, 32.6368 ], [ -96.65529, 32.63686 ], [ -96.65563, 32.63696 ], [ -96.65621, 32.63725 ], [ -96.65671, 32.63763 ], [ -96.65669, 32.63765 ], [ -96.65529, 32.63693 ], [ -96.65512, 32.63684 ] ] ], [ [ [ -96.65077, 32.63931 ], [ -96.65106, 32.63936 ], [ -96.65111, 32.63938 ], [ -96.65092, 32.63937 ], [ -96.65077, 32.63931 ] ] ], [ [ [ -96.64536, 32.63665 ], [ -96.64587, 32.63705 ], [ -96.64529, 32.63671 ], [ -96.64536, 32.63665 ] ] ] ] } },
{ "type": "Feature", "properties": { "element": "way", "id": 29261607 }, "geometry": { "type": "Polygon", "coordinates": [ [ [ -96.62091, 32.64809 ], [ -96.62063, 32.64816 ], [ -96.62015, 32.648 ], [ -96.61998, 32.64784 ], [ -96.62319, 32.64512 ], [ -96.62333, 32.64525 ], [ -96.62329, 32.64533 ], [ -96.6229, 32.64642 ], [ -96.62091, 32.64809 ] ] ] } },
{ "type": "Feature", "properties": { "element": "way", "id": 29261536 }, "geometry": { "type": "Polygon", "coordinates": [ [ [ -96.62101, 32.64855 ], [ -96.62263, 32.64716 ], [ -96.62186, 32.64931 ], [ -96.62101, 32.64855 ] ] ] } },
{ "type": "Feature", "properties": { "element": "way", "id": 29261657 }, "geometry": { "type": "Polygon", "coordinates": [ [ [ -96.63617, 32.64896 ], [ -96.63517, 32.64785 ], [ -96.63606, 32.64707 ], [ -96.63473, 32.64591 ], [ -96.63675, 32.64426 ], [ -96.6379, 32.6449 ], [ -96.63859, 32.64566 ], [ -96.63923, 32.64584 ], [ -96.63947, 32.64597 ], [ -96.63952, 32.64623 ], [ -96.63617, 32.64896 ] ] ] } },
{ "type": "Feature", "properties": { "element": "way", "id": 1054353457 }, "geometry": { "type": "Polygon", "coordinates": [ [ [ -96.63215, 32.66235 ], [ -96.63207, 32.66163 ], [ -96.63183, 32.66147 ], [ -96.63189, 32.66128 ], [ -96.63175, 32.66088 ], [ -96.63174, 32.66033 ], [ -96.63197, 32.65993 ], [ -96.63187, 32.6598 ], [ -96.63168, 32.65974 ], [ -96.63105, 32.65984 ], [ -96.63082, 32.6598 ], [ -96.63054, 32.65961 ], [ -96.63006, 32.65914 ], [ -96.63013, 32.65859 ], [ -96.63036, 32.65833 ], [ -96.63084, 32.65815 ], [ -96.63126, 32.65833 ], [ -96.6319, 32.65875 ], [ -96.63307, 32.65975 ], [ -96.63335, 32.6602 ], [ -96.6336, 32.66024 ], [ -96.63417, 32.66005 ], [ -96.63474, 32.66011 ], [ -96.63505, 32.66003 ], [ -96.63536, 32.66002 ], [ -96.63568, 32.66025 ], [ -96.63617, 32.66025 ], [ -96.63658, 32.66039 ], [ -96.63701, 32.66106 ], [ -96.63725, 32.66122 ], [ -96.63752, 32.66154 ], [ -96.63703, 32.66183 ], [ -96.63662, 32.66121 ], [ -96.63634, 32.66104 ], [ -96.63589, 32.66094 ], [ -96.63562, 32.66098 ], [ -96.63548, 32.66114 ], [ -96.63539, 32.66111 ], [ -96.63535, 32.66092 ], [ -96.63522, 32.66078 ], [ -96.63487, 32.66059 ], [ -96.63461, 32.66051 ], [ -96.63422, 32.66053 ], [ -96.63394, 32.66126 ], [ -96.63241, 32.66252 ], [ -96.63215, 32.66235 ] ] ] } },
{ "type": "Feature", "properties": { "element": "way", "id": 1054353456 }, "geometry": { "type": "Polygon", "coordinates": [ [ [ -96.63069, 32.66344 ], [ -96.63051, 32.66329 ], [ -96.63035, 32.66304 ], [ -96.63056, 32.66281 ], [ -96.63064, 32.66258 ], [ -96.63043, 32.66244 ], [ -96.63004, 32.66228 ], [ -96.62986, 32.66213 ], [ -96.62985, 32.66189 ], [ -96.62966, 32.66182 ], [ -96.62945, 32.66193 ], [ -96.62936, 32.66225 ], [ -96.62799, 32.6612 ], [ -96.6279, 32.66087 ], [ -96.62793, 32.66044 ], [ -96.62851, 32.65995 ], [ -96.629, 32.6597 ], [ -96.62985, 32.66013 ], [ -96.63025, 32.66004 ], [ -96.63113, 32.66073 ], [ -96.6314, 32.66161 ], [ -96.6318, 32.66254 ], [ -96.63185, 32.66297 ], [ -96.63116, 32.66349 ], [ -96.63101, 32.66352 ], [ -96.63069, 32.66344 ] ] ] } },
{ "type": "Feature", "properties": { "element": "way", "id": 1054351691 }, "geometry": { "type": "Polygon", "coordinates": [ [ [ -96.62499, 32.67869 ], [ -96.62499, 32.67845 ], [ -96.62403, 32.6779 ], [ -96.62364, 32.6778 ], [ -96.6233, 32.67746 ], [ -96.62313, 32.67702 ], [ -96.62336, 32.67653 ], [ -96.62369, 32.67562 ], [ -96.62515, 32.67403 ], [ -96.62621, 32.67345 ], [ -96.62667, 32.67341 ], [ -96.62771, 32.67341 ], [ -96.62892, 32.67347 ], [ -96.63122, 32.67483 ], [ -96.63126, 32.67512 ], [ -96.63102, 32.67527 ], [ -96.62895, 32.67541 ], [ -96.62886, 32.67532 ], [ -96.62885, 32.6748 ], [ -96.62848, 32.67474 ], [ -96.62839, 32.67504 ], [ -96.62855, 32.67527 ], [ -96.62845, 32.67545 ], [ -96.62808, 32.6755 ], [ -96.62767, 32.67536 ], [ -96.62655, 32.67667 ], [ -96.62794, 32.67746 ], [ -96.62817, 32.67773 ], [ -96.62805, 32.67831 ], [ -96.62737, 32.67886 ], [ -96.62708, 32.67888 ], [ -96.62705, 32.67855 ], [ -96.62724, 32.67823 ], [ -96.62724, 32.67783 ], [ -96.62645, 32.67789 ], [ -96.62606, 32.67816 ], [ -96.62599, 32.67897 ], [ -96.62535, 32.67892 ], [ -96.62499, 32.67869 ] ] ] } },
{ "type": "Feature", "properties": { "element": "way", "id": 1443089556 }, "geometry": { "type": "Polygon", "coordinates": [ [ [ -96.58354, 32.67631 ], [ -96.58371, 32.6765 ], [ -96.58391, 32.67689 ], [ -96.58363, 32.67697 ], [ -96.58331, 32.67698 ], [ -96.58311, 32.67714 ], [ -96.58308, 32.67738 ], [ -96.58288, 32.67739 ], [ -96.5828, 32.6773 ], [ -96.58274, 32.6773 ], [ -96.58269, 32.67741 ], [ -96.58257, 32.67749 ], [ -96.58245, 32.6774 ], [ -96.58244, 32.67728 ], [ -96.5826, 32.67721 ], [ -96.5827, 32.67728 ], [ -96.58277, 32.67724 ], [ -96.58272, 32.67715 ], [ -96.58314, 32.67666 ], [ -96.58312, 32.67647 ], [ -96.58339, 32.67626 ], [ -96.58354, 32.67631 ] ] ] } },
{ "type": "Feature", "properties": { "element": "way", "id": 1054351692 }, "geometry": { "type": "Polygon", "coordinates": [ [ [ -96.62496, 32.67985 ], [ -96.62503, 32.6797 ], [ -96.62527, 32.67951 ], [ -96.62615, 32.67958 ], [ -96.62597, 32.68034 ], [ -96.62607, 32.68036 ], [ -96.62645, 32.67964 ], [ -96.62665, 32.67964 ], [ -96.62727, 32.67979 ], [ -96.62711, 32.67989 ], [ -96.62676, 32.68035 ], [ -96.62712, 32.68051 ], [ -96.6274, 32.68053 ], [ -96.62776, 32.68035 ], [ -96.62761, 32.68021 ], [ -96.62761, 32.68005 ], [ -96.6278, 32.68004 ], [ -96.628, 32.68013 ], [ -96.628, 32.68037 ], [ -96.62791, 32.68068 ], [ -96.62763, 32.68083 ], [ -96.62686, 32.68106 ], [ -96.62639, 32.68106 ], [ -96.62496, 32.67985 ] ] ] } },
{ "type": "Feature", "properties": { "element": "way", "id": 544686031 }, "geometry": { "type": "Polygon", "coordinates": [ [ [ -96.56418, 32.68149 ], [ -96.56399, 32.68147 ], [ -96.56394, 32.68156 ], [ -96.56375, 32.6816 ], [ -96.56366, 32.6816 ], [ -96.56361, 32.68151 ], [ -96.56364, 32.68161 ], [ -96.56354, 32.68166 ], [ -96.56344, 32.68157 ], [ -96.56337, 32.6816 ], [ -96.56341, 32.68155 ], [ -96.5633, 32.6814 ], [ -96.56335, 32.68131 ], [ -96.56358, 32.6813 ], [ -96.56393, 32.68145 ], [ -96.56423, 32.68145 ], [ -96.56418, 32.68149 ] ] ] } },
{ "type": "Feature", "properties": { "element": "way", "id": 1054353459 }, "geometry": { "type": "Polygon", "coordinates": [ [ [ -96.64958, 32.65241 ], [ -96.64982, 32.65216 ], [ -96.64995, 32.6519 ], [ -96.65012, 32.65185 ], [ -96.65074, 32.652 ], [ -96.65111, 32.65195 ], [ -96.65162, 32.65145 ], [ -96.65232, 32.65089 ], [ -96.65302, 32.65005 ], [ -96.6531, 32.64962 ], [ -96.65351, 32.64908 ], [ -96.65477, 32.64797 ], [ -96.65539, 32.6477 ], [ -96.65547, 32.6478 ], [ -96.65542, 32.64794 ], [ -96.65515, 32.64829 ], [ -96.65405, 32.64912 ], [ -96.65323, 32.64965 ], [ -96.65324, 32.65007 ], [ -96.65317, 32.65042 ], [ -96.65106, 32.65213 ], [ -96.6507, 32.65213 ], [ -96.65025, 32.65206 ], [ -96.65, 32.65214 ], [ -96.64969, 32.65253 ], [ -96.64958, 32.65241 ] ] ] } },
{ "type": "Feature", "properties": { "element": "way", "id": 1054353460 }, "geometry": { "type": "Polygon", "coordinates": [ [ [ -96.65405, 32.65033 ], [ -96.65562, 32.64899 ], [ -96.6559, 32.64898 ], [ -96.65766, 32.65049 ], [ -96.65761, 32.65106 ], [ -96.65562, 32.65192 ], [ -96.65402, 32.6506 ], [ -96.65405, 32.65033 ] ] ] } },
{ "type": "Feature", "properties": { "element": "way", "id": 1054353461 }, "geometry": { "type": "Polygon", "coordinates": [ [ [ -96.65782, 32.65231 ], [ -96.65803, 32.65258 ], [ -96.65873, 32.65224 ], [ -96.65895, 32.65228 ], [ -96.65925, 32.65274 ], [ -96.65849, 32.65328 ], [ -96.65771, 32.65273 ], [ -96.65726, 32.65275 ], [ -96.65637, 32.65214 ], [ -96.65631, 32.65203 ], [ -96.65639, 32.6519 ], [ -96.65748, 32.65142 ], [ -96.65775, 32.65138 ], [ -96.65785, 32.6512 ], [ -96.65817, 32.65101 ], [ -96.65878, 32.65153 ], [ -96.65782, 32.65231 ] ] ] } },
{ "type": "Feature", "properties": { "element": "way", "id": 1054353462 }, "geometry": { "type": "Polygon", "coordinates": [ [ [ -96.65482, 32.65173 ], [ -96.6552, 32.65203 ], [ -96.65524, 32.65229 ], [ -96.65496, 32.65242 ], [ -96.65424, 32.65289 ], [ -96.65373, 32.6525 ], [ -96.65482, 32.65173 ] ] ] } },
{ "type": "Feature", "properties": { "element": "way", "id": 1054353458 }, "geometry": { "type": "Polygon", "coordinates": [ [ [ -96.63741, 32.66161 ], [ -96.63754, 32.66195 ], [ -96.63771, 32.66201 ], [ -96.63803, 32.66192 ], [ -96.63822, 32.66152 ], [ -96.63843, 32.66128 ], [ -96.63902, 32.66102 ], [ -96.6395, 32.66049 ], [ -96.64038, 32.65984 ], [ -96.64096, 32.65927 ], [ -96.64123, 32.6591 ], [ -96.64163, 32.65904 ], [ -96.64205, 32.65886 ], [ -96.64235, 32.65862 ], [ -96.64247, 32.6581 ], [ -96.64274, 32.65773 ], [ -96.64331, 32.65725 ], [ -96.64409, 32.65705 ], [ -96.64436, 32.65661 ], [ -96.64469, 32.65648 ], [ -96.64512, 32.6558 ], [ -96.64542, 32.65557 ], [ -96.64586, 32.65534 ], [ -96.64606, 32.65503 ], [ -96.64629, 32.65482 ], [ -96.64655, 32.6549 ], [ -96.64699, 32.65483 ], [ -96.64725, 32.65462 ], [ -96.6472, 32.65407 ], [ -96.64888, 32.65261 ], [ -96.64927, 32.65257 ], [ -96.64958, 32.65241 ], [ -96.64969, 32.65253 ], [ -96.64963, 32.65266 ], [ -96.64972, 32.65294 ], [ -96.64947, 32.65322 ], [ -96.64888, 32.65342 ], [ -96.64852, 32.65344 ], [ -96.64818, 32.65353 ], [ -96.64779, 32.65378 ], [ -96.64761, 32.65403 ], [ -96.64775, 32.6544 ], [ -96.64772, 32.65463 ], [ -96.64634, 32.65571 ], [ -96.64595, 32.65571 ], [ -96.64559, 32.65591 ], [ -96.64515, 32.6563 ], [ -96.64456, 32.65721 ], [ -96.64395, 32.65729 ], [ -96.64331, 32.65751 ], [ -96.64299, 32.6579 ], [ -96.64259, 32.65881 ], [ -96.64237, 32.65908 ], [ -96.64159, 32.65919 ], [ -96.6412, 32.65935 ], [ -96.64101, 32.6595 ], [ -96.64093, 32.6597 ], [ -96.64096, 32.65988 ], [ -96.64132, 32.65985 ], [ -96.64127, 32.65996 ], [ -96.64041, 32.6603 ], [ -96.63973, 32.66073 ], [ -96.63957, 32.66148 ], [ -96.63925, 32.6615 ], [ -96.63894, 32.66194 ], [ -96.6387, 32.66213 ], [ -96.6379, 32.66239 ], [ -96.63761, 32.6626 ], [ -96.63745, 32.66249 ], [ -96.6372, 32.66173 ], [ -96.63741, 32.66161 ] ] ] } },
{ "type": "Feature", "properties": { "element": "way", "id": 1302302023 }, "geometry": { "type": "Polygon", "coordinates": [ [ [ -96.64711, 32.65841 ], [ -96.64712, 32.65836 ], [ -96.6469, 32.6584 ], [ -96.64678, 32.65837 ], [ -96.6465, 32.65846 ], [ -96.64642, 32.65853 ], [ -96.64634, 32.65843 ], [ -96.64608, 32.65844 ], [ -96.64578, 32.65831 ], [ -96.64559, 32.65814 ], [ -96.64555, 32.65805 ], [ -96.64559, 32.65785 ], [ -96.64565, 32.65784 ], [ -96.64564, 32.65773 ], [ -96.64574, 32.65771 ], [ -96.64572, 32.65762 ], [ -96.64582, 32.65764 ], [ -96.6458, 32.65752 ], [ -96.64595, 32.65754 ], [ -96.64597, 32.65748 ], [ -96.64606, 32.65748 ], [ -96.64603, 32.65742 ], [ -96.64612, 32.65742 ], [ -96.64601, 32.65724 ], [ -96.646, 32.65683 ], [ -96.64612, 32.65672 ], [ -96.64638, 32.65674 ], [ -96.64638, 32.6566 ], [ -96.64669, 32.65665 ], [ -96.64694, 32.65678 ], [ -96.64696, 32.65689 ], [ -96.64686, 32.65702 ], [ -96.64659, 32.65689 ], [ -96.64651, 32.65687 ], [ -96.64651, 32.65691 ], [ -96.6476, 32.65784 ], [ -96.64757, 32.65799 ], [ -96.64762, 32.65817 ], [ -96.64748, 32.6582 ], [ -96.64725, 32.65838 ], [ -96.64711, 32.65841 ] ] ] } },
{ "type": "Feature", "properties": { "element": "way", "id": 1302302021 }, "geometry": { "type": "Polygon", "coordinates": [ [ [ -96.64757, 32.6596 ], [ -96.64732, 32.65964 ], [ -96.64689, 32.65935 ], [ -96.64662, 32.65903 ], [ -96.64662, 32.65892 ], [ -96.64683, 32.65875 ], [ -96.6472, 32.65873 ], [ -96.64736, 32.65867 ], [ -96.6476, 32.65848 ], [ -96.64791, 32.65845 ], [ -96.64807, 32.65831 ], [ -96.64825, 32.65838 ], [ -96.64836, 32.6585 ], [ -96.64837, 32.65863 ], [ -96.64832, 32.65885 ], [ -96.64774, 32.65935 ], [ -96.64757, 32.6596 ] ] ] } },
{ "type": "Feature", "properties": { "element": "way", "id": 1302302022 }, "geometry": { "type": "Polygon", "coordinates": [ [ [ -96.6464, 32.65987 ], [ -96.64623, 32.65968 ], [ -96.64634, 32.65949 ], [ -96.64626, 32.65933 ], [ -96.64632, 32.65923 ], [ -96.64643, 32.65919 ], [ -96.64657, 32.6592 ], [ -96.64709, 32.65965 ], [ -96.64708, 32.65971 ], [ -96.64692, 32.65981 ], [ -96.64665, 32.65992 ], [ -96.6464, 32.65987 ] ] ] } },
{ "type": "Feature", "properties": { "element": "way", "id": 1302302020 }, "geometry": { "type": "Polygon", "coordinates": [ [ [ -96.64916, 32.66106 ], [ -96.64887, 32.6609 ], [ -96.64917, 32.6612 ], [ -96.64902, 32.66138 ], [ -96.6484, 32.6618 ], [ -96.6482, 32.6621 ], [ -96.64793, 32.66228 ], [ -96.64722, 32.66257 ], [ -96.64704, 32.66257 ], [ -96.64682, 32.66249 ], [ -96.64655, 32.66226 ], [ -96.64617, 32.66228 ], [ -96.64601, 32.66223 ], [ -96.64587, 32.6621 ], [ -96.64582, 32.66195 ], [ -96.64586, 32.66176 ], [ -96.64715, 32.66066 ], [ -96.64721, 32.66065 ], [ -96.64765, 32.661 ], [ -96.64786, 32.66092 ], [ -96.64784, 32.66087 ], [ -96.64763, 32.66092 ], [ -96.64699, 32.6604 ], [ -96.64695, 32.6601 ], [ -96.64707, 32.65999 ], [ -96.64748, 32.65981 ], [ -96.64765, 32.65984 ], [ -96.64852, 32.66059 ], [ -96.64823, 32.66012 ], [ -96.64812, 32.65981 ], [ -96.64802, 32.65971 ], [ -96.64792, 32.65971 ], [ -96.64783, 32.65965 ], [ -96.64786, 32.65954 ], [ -96.64851, 32.65893 ], [ -96.64854, 32.6588 ], [ -96.64891, 32.65849 ], [ -96.64947, 32.65832 ], [ -96.65071, 32.6593 ], [ -96.6508, 32.65951 ], [ -96.65037, 32.65996 ], [ -96.65014, 32.66031 ], [ -96.65012, 32.66044 ], [ -96.64927, 32.66107 ], [ -96.64916, 32.66106 ] ] ] } },
{ "type": "Feature", "properties": { "element": "way", "id": 1302302019 }, "geometry": { "type": "Polygon", "coordinates": [ [ [ -96.65305, 32.66185 ], [ -96.65292, 32.66179 ], [ -96.65279, 32.66151 ], [ -96.65264, 32.66147 ], [ -96.65256, 32.66151 ], [ -96.65258, 32.66157 ], [ -96.65252, 32.66162 ], [ -96.65235, 32.66163 ], [ -96.65053, 32.6611 ], [ -96.65034, 32.66096 ], [ -96.6503, 32.66065 ], [ -96.65196, 32.65929 ], [ -96.65207, 32.65921 ], [ -96.65229, 32.65918 ], [ -96.65601, 32.66023 ], [ -96.6561, 32.66032 ], [ -96.65609, 32.66043 ], [ -96.65569, 32.66101 ], [ -96.65488, 32.66188 ], [ -96.65445, 32.66212 ], [ -96.65305, 32.66185 ] ] ] } },
{ "type": "Feature", "properties": { "element": "way", "id": 1302304908 }, "geometry": { "type": "Polygon", "coordinates": [ [ [ -96.60487, 32.68518 ], [ -96.60493, 32.68538 ], [ -96.60489, 32.68551 ], [ -96.60475, 32.68553 ], [ -96.60448, 32.68546 ], [ -96.6042, 32.6856 ], [ -96.6041, 32.68558 ], [ -96.60407, 32.68547 ], [ -96.60464, 32.68512 ], [ -96.60487, 32.68518 ] ] ] } },
{ "type": "Feature", "properties": { "element": "way", "id": 1459903989 }, "geometry": { "type": "Polygon", "coordinates": [ [ [ -96.55631, 32.69279 ], [ -96.55635, 32.69293 ], [ -96.5563, 32.69296 ], [ -96.55529, 32.69207 ], [ -96.55533, 32.69203 ], [ -96.55529, 32.69196 ], [ -96.55579, 32.69154 ], [ -96.55631, 32.69279 ] ] ] } },
{ "type": "Feature", "properties": { "element": "way", "id": 1302874231 }, "geometry": { "type": "Polygon", "coordinates": [ [ [ -96.56615, 32.69669 ], [ -96.56625, 32.6969 ], [ -96.56622, 32.69714 ], [ -96.56611, 32.6972 ], [ -96.56582, 32.6971 ], [ -96.56568, 32.69693 ], [ -96.56576, 32.69678 ], [ -96.5665, 32.69613 ], [ -96.56615, 32.69669 ] ] ] } },
{ "type": "Feature", "properties": { "element": "way", "id": 1302874228 }, "geometry": { "type": "Polygon", "coordinates": [ [ [ -96.56916, 32.69714 ], [ -96.56892, 32.6972 ], [ -96.5687, 32.69717 ], [ -96.56862, 32.69708 ], [ -96.56871, 32.69692 ], [ -96.56904, 32.69674 ], [ -96.56928, 32.69677 ], [ -96.56944, 32.69672 ], [ -96.56949, 32.69679 ], [ -96.56916, 32.69714 ] ] ] } },
{ "type": "Feature", "properties": { "element": "way", "id": 1302874229 }, "geometry": { "type": "Polygon", "coordinates": [ [ [ -96.5677, 32.69785 ], [ -96.56764, 32.69782 ], [ -96.56748, 32.69751 ], [ -96.56823, 32.69757 ], [ -96.56828, 32.69761 ], [ -96.56822, 32.69767 ], [ -96.5677, 32.69785 ] ] ] } },
{ "type": "Feature", "properties": { "element": "way", "id": 835280895 }, "geometry": { "type": "Polygon", "coordinates": [ [ [ -96.67986, 32.68151 ], [ -96.67902, 32.68093 ], [ -96.67906, 32.68077 ], [ -96.67917, 32.68063 ], [ -96.6791, 32.68056 ], [ -96.67897, 32.68055 ], [ -96.67883, 32.68073 ], [ -96.67848, 32.68039 ], [ -96.67849, 32.68026 ], [ -96.67862, 32.68016 ], [ -96.67868, 32.67995 ], [ -96.67879, 32.67986 ], [ -96.67983, 32.68032 ], [ -96.67988, 32.68043 ], [ -96.67986, 32.68064 ], [ -96.67998, 32.68073 ], [ -96.68148, 32.68118 ], [ -96.68154, 32.68125 ], [ -96.68153, 32.68167 ], [ -96.68141, 32.68179 ], [ -96.68125, 32.68184 ], [ -96.68072, 32.68185 ], [ -96.67986, 32.68151 ] ] ] } },
{ "type": "Feature", "properties": { "element": "way", "id": 27449747 }, "geometry": { "type": "Polygon", "coordinates": [ [ [ -96.69991, 32.6862 ], [ -96.69931, 32.68667 ], [ -96.69848, 32.68718 ], [ -96.69796, 32.68784 ], [ -96.69778, 32.68885 ], [ -96.6978, 32.69039 ], [ -96.69849, 32.69173 ], [ -96.69899, 32.69243 ], [ -96.70047, 32.69343 ], [ -96.70196, 32.6938 ], [ -96.70397, 32.6939 ], [ -96.70682, 32.69382 ], [ -96.71344, 32.69311 ], [ -96.71365, 32.69333 ], [ -96.71371, 32.69374 ], [ -96.70974, 32.69436 ], [ -96.70873, 32.69486 ], [ -96.70334, 32.69488 ], [ -96.70153, 32.69493 ], [ -96.70002, 32.69481 ], [ -96.69878, 32.69432 ], [ -96.6977, 32.6937 ], [ -96.69685, 32.69282 ], [ -96.69623, 32.69197 ], [ -96.69594, 32.6907 ], [ -96.69587, 32.68928 ], [ -96.69597, 32.68805 ], [ -96.6964, 32.68731 ], [ -96.69674, 32.68687 ], [ -96.69733, 32.68658 ], [ -96.69794, 32.6862 ], [ -96.69835, 32.68568 ], [ -96.69868, 32.68462 ], [ -96.7, 32.68199 ], [ -96.7, 32.68138 ], [ -96.70019, 32.68093 ], [ -96.70064, 32.68067 ], [ -96.70118, 32.68046 ], [ -96.7015, 32.68049 ], [ -96.70167, 32.6807 ], [ -96.70174, 32.6809 ], [ -96.70156, 32.68155 ], [ -96.7013, 32.68208 ], [ -96.70077, 32.68361 ], [ -96.70045, 32.68437 ], [ -96.70032, 32.68503 ], [ -96.70028, 32.68583 ], [ -96.69991, 32.6862 ] ] ] } },
{ "type": "Feature", "properties": { "element": "way", "id": 197585743 }, "geometry": { "type": "Polygon", "coordinates": [ [ [ -96.70551, 32.70184 ], [ -96.70555, 32.70171 ], [ -96.70534, 32.70174 ], [ -96.7051, 32.70201 ], [ -96.70503, 32.70197 ], [ -96.70506, 32.70189 ], [ -96.70495, 32.70195 ], [ -96.70487, 32.7019 ], [ -96.70487, 32.70181 ], [ -96.70502, 32.70158 ], [ -96.70526, 32.70137 ], [ -96.70557, 32.70154 ], [ -96.70579, 32.70151 ], [ -96.70612, 32.70162 ], [ -96.70625, 32.70176 ], [ -96.70638, 32.70177 ], [ -96.70636, 32.70194 ], [ -96.70644, 32.70203 ], [ -96.70633, 32.70213 ], [ -96.70612, 32.70207 ], [ -96.70601, 32.70215 ], [ -96.70551, 32.70184 ] ] ] } },
{ "type": "Feature", "properties": { "element": "way", "id": 197585745 }, "geometry": { "type": "Polygon", "coordinates": [ [ [ -96.70559, 32.70231 ], [ -96.70544, 32.70243 ], [ -96.70493, 32.7025 ], [ -96.70486, 32.7025 ], [ -96.70484, 32.70241 ], [ -96.70477, 32.70241 ], [ -96.70473, 32.70235 ], [ -96.70433, 32.70225 ], [ -96.7043, 32.70212 ], [ -96.70437, 32.70207 ], [ -96.70451, 32.70208 ], [ -96.70463, 32.70211 ], [ -96.70471, 32.7022 ], [ -96.7051, 32.70209 ], [ -96.70557, 32.70223 ], [ -96.70559, 32.70231 ] ] ] } },
{ "type": "Feature", "properties": { "element": "way", "id": 197585752 }, "geometry": { "type": "Polygon", "coordinates": [ [ [ -96.70587, 32.70243 ], [ -96.70612, 32.70224 ], [ -96.70635, 32.70221 ], [ -96.70638, 32.70227 ], [ -96.70642, 32.70281 ], [ -96.70633, 32.70304 ], [ -96.70627, 32.70307 ], [ -96.7059, 32.70307 ], [ -96.7053, 32.70262 ], [ -96.70587, 32.70243 ] ] ] } },
{ "type": "Feature", "properties": { "element": "way", "id": 197585751 }, "geometry": { "type": "Polygon", "coordinates": [ [ [ -96.70449, 32.7043 ], [ -96.70448, 32.70404 ], [ -96.70439, 32.7038 ], [ -96.70436, 32.70321 ], [ -96.70441, 32.70303 ], [ -96.7049, 32.70331 ], [ -96.70487, 32.70349 ], [ -96.70476, 32.70351 ], [ -96.7047, 32.70367 ], [ -96.70476, 32.70377 ], [ -96.70506, 32.7038 ], [ -96.70507, 32.70386 ], [ -96.70494, 32.70389 ], [ -96.70482, 32.70402 ], [ -96.70477, 32.70419 ], [ -96.70461, 32.7043 ], [ -96.70469, 32.70435 ], [ -96.70475, 32.70432 ], [ -96.705, 32.70402 ], [ -96.7051, 32.70407 ], [ -96.70484, 32.7044 ], [ -96.70497, 32.70452 ], [ -96.70492, 32.70457 ], [ -96.70459, 32.70446 ], [ -96.70449, 32.7043 ] ] ] } },
{ "type": "Feature", "properties": { "element": "way", "id": 197585749 }, "geometry": { "type": "Polygon", "coordinates": [ [ [ -96.70406, 32.70474 ], [ -96.7041, 32.70518 ], [ -96.704, 32.70527 ], [ -96.70405, 32.70541 ], [ -96.70383, 32.70533 ], [ -96.70374, 32.70536 ], [ -96.70381, 32.70555 ], [ -96.70377, 32.70558 ], [ -96.7036, 32.70547 ], [ -96.704, 32.7047 ], [ -96.70406, 32.70474 ] ] ] } },
{ "type": "Feature", "properties": { "element": "way", "id": 197585741 }, "geometry": { "type": "Polygon", "coordinates": [ [ [ -96.70569, 32.70534 ], [ -96.70554, 32.70561 ], [ -96.7052, 32.7057 ], [ -96.70464, 32.70607 ], [ -96.7046, 32.70604 ], [ -96.7047, 32.7059 ], [ -96.70469, 32.7053 ], [ -96.70477, 32.70525 ], [ -96.70488, 32.70537 ], [ -96.70529, 32.70553 ], [ -96.70557, 32.70536 ], [ -96.70571, 32.70517 ], [ -96.70569, 32.70534 ] ] ] } },
{ "type": "Feature", "properties": { "element": "way", "id": 197585742 }, "geometry": { "type": "Polygon", "coordinates": [ [ [ -96.7059, 32.70588 ], [ -96.70584, 32.70602 ], [ -96.70558, 32.7061 ], [ -96.70549, 32.70621 ], [ -96.70551, 32.70639 ], [ -96.70544, 32.7064 ], [ -96.7054, 32.70649 ], [ -96.70544, 32.70658 ], [ -96.70529, 32.70664 ], [ -96.70524, 32.70659 ], [ -96.70534, 32.70626 ], [ -96.7056, 32.70584 ], [ -96.70579, 32.70578 ], [ -96.7059, 32.70588 ] ] ] } },
{ "type": "Feature", "properties": { "element": "way", "id": 462676036 }, "geometry": { "type": "Polygon", "coordinates": [ [ [ -96.72306, 32.66969 ], [ -96.72129, 32.66919 ], [ -96.72057, 32.66907 ], [ -96.72058, 32.66907 ], [ -96.72067, 32.66907 ], [ -96.72077, 32.66906 ], [ -96.72086, 32.66906 ], [ -96.72095, 32.66907 ], [ -96.72105, 32.66907 ], [ -96.72114, 32.66907 ], [ -96.72124, 32.66908 ], [ -96.72133, 32.66909 ], [ -96.72143, 32.66909 ], [ -96.72152, 32.6691 ], [ -96.72161, 32.66912 ], [ -96.72171, 32.66913 ], [ -96.7218, 32.66914 ], [ -96.72189, 32.66916 ], [ -96.72199, 32.66918 ], [ -96.72208, 32.66919 ], [ -96.72217, 32.66921 ], [ -96.72226, 32.66923 ], [ -96.72235, 32.66926 ], [ -96.72244, 32.66928 ], [ -96.72253, 32.66931 ], [ -96.72262, 32.66933 ], [ -96.72271, 32.66936 ], [ -96.7228, 32.66939 ], [ -96.72286, 32.66941 ], [ -96.72306, 32.66969 ] ] ] } },
{ "type": "Feature", "properties": { "element": "way", "id": 30798927 }, "geometry": { "type": "Polygon", "coordinates": [ [ [ -96.72739, 32.68555 ], [ -96.72723, 32.68562 ], [ -96.72723, 32.68572 ], [ -96.72716, 32.68573 ], [ -96.72539, 32.6836 ], [ -96.72575, 32.68335 ], [ -96.72598, 32.68335 ], [ -96.72622, 32.6835 ], [ -96.72762, 32.68559 ], [ -96.72739, 32.68555 ] ] ] } },
{ "type": "Feature", "properties": { "element": "way", "id": 30798917 }, "geometry": { "type": "Polygon", "coordinates": [ [ [ -96.72341, 32.68632 ], [ -96.72311, 32.68603 ], [ -96.72293, 32.68597 ], [ -96.72272, 32.68605 ], [ -96.72257, 32.68598 ], [ -96.72265, 32.68585 ], [ -96.72288, 32.6858 ], [ -96.72288, 32.68566 ], [ -96.72244, 32.6858 ], [ -96.72268, 32.68557 ], [ -96.72229, 32.68573 ], [ -96.7221, 32.68573 ], [ -96.7222, 32.68554 ], [ -96.72234, 32.68556 ], [ -96.72253, 32.68539 ], [ -96.72256, 32.68528 ], [ -96.72236, 32.68504 ], [ -96.72434, 32.68414 ], [ -96.72505, 32.68371 ], [ -96.72662, 32.6855 ], [ -96.72695, 32.68595 ], [ -96.72341, 32.68632 ] ] ] } },
{ "type": "Feature", "properties": { "element": "way", "id": 952979245 }, "geometry": { "type": "Polygon", "coordinates": [ [ [ -96.72315, 32.69393 ], [ -96.72283, 32.69339 ], [ -96.72342, 32.69328 ], [ -96.724, 32.69339 ], [ -96.72406, 32.6939 ], [ -96.72315, 32.69393 ] ] ] } },
{ "type": "Feature", "properties": { "element": "way", "id": 452935982 }, "geometry": { "type": "Polygon", "coordinates": [ [ [ -96.73725, 32.69964 ], [ -96.73662, 32.69972 ], [ -96.73467, 32.69853 ], [ -96.73268, 32.69772 ], [ -96.73043, 32.69649 ], [ -96.72746, 32.69557 ], [ -96.72429, 32.69546 ], [ -96.72416, 32.69332 ], [ -96.72698, 32.69371 ], [ -96.72742, 32.69411 ], [ -96.73097, 32.69525 ], [ -96.73533, 32.69751 ], [ -96.73734, 32.69909 ], [ -96.73725, 32.69964 ] ] ] } },
{ "type": "Feature", "properties": { "element": "way", "id": 197585750 }, "geometry": { "type": "Polygon", "coordinates": [ [ [ -96.70699, 32.70836 ], [ -96.70682, 32.70835 ], [ -96.70669, 32.70814 ], [ -96.70688, 32.70785 ], [ -96.7071, 32.70795 ], [ -96.70723, 32.70791 ], [ -96.70742, 32.708 ], [ -96.70756, 32.70787 ], [ -96.70778, 32.70791 ], [ -96.708, 32.70804 ], [ -96.70808, 32.70794 ], [ -96.70838, 32.708 ], [ -96.70852, 32.70814 ], [ -96.70847, 32.70842 ], [ -96.70817, 32.70841 ], [ -96.70792, 32.70826 ], [ -96.70703, 32.70828 ], [ -96.70699, 32.70836 ] ] ] } },
{ "type": "Feature", "properties": { "element": "way", "id": 1018892267 }, "geometry": { "type": "Polygon", "coordinates": [ [ [ -96.7101, 32.71167 ], [ -96.70993, 32.71159 ], [ -96.70971, 32.71165 ], [ -96.70939, 32.71165 ], [ -96.70923, 32.71153 ], [ -96.70922, 32.71139 ], [ -96.70933, 32.71122 ], [ -96.70922, 32.71082 ], [ -96.70931, 32.71057 ], [ -96.70939, 32.7105 ], [ -96.70953, 32.71048 ], [ -96.70995, 32.71066 ], [ -96.7099, 32.71091 ], [ -96.71012, 32.71094 ], [ -96.7102, 32.71079 ], [ -96.71029, 32.71078 ], [ -96.71039, 32.71083 ], [ -96.71056, 32.71106 ], [ -96.71095, 32.71115 ], [ -96.71099, 32.7112 ], [ -96.71127, 32.7113 ], [ -96.71123, 32.71139 ], [ -96.71106, 32.71141 ], [ -96.71094, 32.7115 ], [ -96.71059, 32.71144 ], [ -96.71033, 32.71146 ], [ -96.71018, 32.71165 ], [ -96.7101, 32.71167 ] ] ] } },
{ "type": "Feature", "properties": { "element": "way", "id": 1161086631 }, "geometry": { "type": "Polygon", "coordinates": [ [ [ -96.73079, 32.71357 ], [ -96.73067, 32.71367 ], [ -96.73017, 32.71353 ], [ -96.72976, 32.71335 ], [ -96.72987, 32.71306 ], [ -96.73068, 32.71341 ], [ -96.73128, 32.71359 ], [ -96.73079, 32.71357 ] ] ] } },
{ "type": "Feature", "properties": { "element": "way", "id": 971467087 }, "geometry": { "type": "Polygon", "coordinates": [ [ [ -96.72815, 32.72043 ], [ -96.72818, 32.72056 ], [ -96.72818, 32.72097 ], [ -96.72772, 32.72197 ], [ -96.72829, 32.72226 ], [ -96.7282, 32.72248 ], [ -96.72781, 32.72228 ], [ -96.72756, 32.72228 ], [ -96.72747, 32.72243 ], [ -96.72713, 32.72272 ], [ -96.72696, 32.7228 ], [ -96.72649, 32.72285 ], [ -96.72624, 32.7228 ], [ -96.72584, 32.72263 ], [ -96.72552, 32.72233 ], [ -96.72516, 32.72176 ], [ -96.72502, 32.72164 ], [ -96.725, 32.72137 ], [ -96.72522, 32.72102 ], [ -96.72535, 32.72102 ], [ -96.72591, 32.72061 ], [ -96.72621, 32.7203 ], [ -96.72639, 32.72024 ], [ -96.72713, 32.72015 ], [ -96.72788, 32.72028 ], [ -96.72815, 32.72043 ] ] ] } },
{ "type": "Feature", "properties": { "element": "way", "id": 583551291 }, "geometry": { "type": "Polygon", "coordinates": [ [ [ -96.72594, 32.72623 ], [ -96.72571, 32.7263 ], [ -96.72545, 32.72634 ], [ -96.72511, 32.72627 ], [ -96.72475, 32.72628 ], [ -96.72411, 32.72607 ], [ -96.72405, 32.72623 ], [ -96.72354, 32.72636 ], [ -96.72357, 32.72623 ], [ -96.72382, 32.72611 ], [ -96.72397, 32.72612 ], [ -96.72402, 32.72604 ], [ -96.72336, 32.72583 ], [ -96.72351, 32.7256 ], [ -96.7237, 32.72544 ], [ -96.72453, 32.72539 ], [ -96.72483, 32.72553 ], [ -96.72502, 32.7255 ], [ -96.72503, 32.72543 ], [ -96.72493, 32.7254 ], [ -96.72493, 32.72526 ], [ -96.72558, 32.7252 ], [ -96.72566, 32.7252 ], [ -96.72569, 32.72544 ], [ -96.72602, 32.72557 ], [ -96.72603, 32.72566 ], [ -96.72623, 32.72573 ], [ -96.72634, 32.72588 ], [ -96.72594, 32.72623 ] ] ] } },
{ "type": "Feature", "properties": { "element": "way", "id": 27130572 }, "geometry": { "type": "Polygon", "coordinates": [ [ [ -96.71768, 32.74731 ], [ -96.71758, 32.74688 ], [ -96.71771, 32.74669 ], [ -96.71859, 32.74662 ], [ -96.71977, 32.7467 ], [ -96.72033, 32.7468 ], [ -96.72097, 32.74723 ], [ -96.71768, 32.74731 ] ] ] } },
{ "type": "Feature", "properties": { "element": "way", "id": 1449276085 }, "geometry": { "type": "Polygon", "coordinates": [ [ [ -96.7096, 32.75085 ], [ -96.70916, 32.75117 ], [ -96.70885, 32.75123 ], [ -96.70865, 32.75121 ], [ -96.70862, 32.75102 ], [ -96.70897, 32.75072 ], [ -96.70982, 32.75047 ], [ -96.71003, 32.75061 ], [ -96.70999, 32.75073 ], [ -96.7096, 32.75085 ] ] ] } },
{ "type": "Feature", "properties": { "element": "way", "id": 27130569 }, "geometry": { "type": "Polygon", "coordinates": [ [ [ -96.72199, 32.75149 ], [ -96.72076, 32.75239 ], [ -96.72009, 32.75246 ], [ -96.71972, 32.75271 ], [ -96.71946, 32.75263 ], [ -96.71966, 32.75212 ], [ -96.71985, 32.75083 ], [ -96.71972, 32.75067 ], [ -96.71953, 32.7507 ], [ -96.71908, 32.75101 ], [ -96.7189, 32.75066 ], [ -96.71847, 32.75056 ], [ -96.71814, 32.75043 ], [ -96.71736, 32.7504 ], [ -96.71718, 32.74953 ], [ -96.72207, 32.74963 ], [ -96.72199, 32.75149 ] ] ] } },
{ "type": "Feature", "properties": { "element": "way", "id": 27130571 }, "geometry": { "type": "Polygon", "coordinates": [ [ [ -96.7238, 32.75151 ], [ -96.72234, 32.75152 ], [ -96.72263, 32.75127 ], [ -96.72305, 32.75103 ], [ -96.72401, 32.7509 ], [ -96.72433, 32.75094 ], [ -96.72435, 32.75119 ], [ -96.72412, 32.75138 ], [ -96.7238, 32.75151 ] ] ] } },
{ "type": "Feature", "properties": { "element": "way", "id": 27130570 }, "geometry": { "type": "Polygon", "coordinates": [ [ [ -96.72101, 32.75246 ], [ -96.72194, 32.7518 ], [ -96.72194, 32.75247 ], [ -96.72101, 32.75246 ] ] ] } },
{ "type": "Feature", "properties": { "element": "way", "id": 722938709 }, "geometry": { "type": "Polygon", "coordinates": [ [ [ -96.71038, 32.75329 ], [ -96.71038, 32.75286 ], [ -96.71025, 32.75261 ], [ -96.71034, 32.75245 ], [ -96.71056, 32.75248 ], [ -96.71074, 32.75275 ], [ -96.7108, 32.7533 ], [ -96.71067, 32.75342 ], [ -96.71038, 32.75329 ] ] ] } },
{ "type": "Feature", "properties": { "element": "way", "id": 722938710 }, "geometry": { "type": "Polygon", "coordinates": [ [ [ -96.70896, 32.75465 ], [ -96.70903, 32.75443 ], [ -96.70929, 32.75427 ], [ -96.70964, 32.75428 ], [ -96.70986, 32.75422 ], [ -96.70982, 32.75439 ], [ -96.70993, 32.75482 ], [ -96.70949, 32.75506 ], [ -96.7092, 32.75507 ], [ -96.70896, 32.75465 ] ] ] } },
{ "type": "Feature", "properties": { "element": "way", "id": 27130578 }, "geometry": { "type": "Polygon", "coordinates": [ [ [ -96.71218, 32.74975 ], [ -96.7122, 32.75629 ], [ -96.71212, 32.76003 ], [ -96.71196, 32.76007 ], [ -96.71179, 32.75966 ], [ -96.71195, 32.75897 ], [ -96.71193, 32.75879 ], [ -96.7116, 32.75814 ], [ -96.71164, 32.75742 ], [ -96.71183, 32.75675 ], [ -96.71177, 32.75646 ], [ -96.7115, 32.75593 ], [ -96.71191, 32.75561 ], [ -96.71195, 32.75514 ], [ -96.7119, 32.75383 ], [ -96.71194, 32.75209 ], [ -96.71188, 32.7518 ], [ -96.71179, 32.75168 ], [ -96.7116, 32.75167 ], [ -96.71146, 32.75172 ], [ -96.71121, 32.75208 ], [ -96.7109, 32.75233 ], [ -96.71071, 32.75225 ], [ -96.71065, 32.75193 ], [ -96.7107, 32.75151 ], [ -96.71064, 32.75128 ], [ -96.71059, 32.75121 ], [ -96.71032, 32.75121 ], [ -96.70955, 32.75177 ], [ -96.70916, 32.75221 ], [ -96.70875, 32.75252 ], [ -96.70844, 32.75269 ], [ -96.70747, 32.75302 ], [ -96.70655, 32.75322 ], [ -96.70618, 32.75339 ], [ -96.70612, 32.75329 ], [ -96.70641, 32.7531 ], [ -96.70776, 32.75272 ], [ -96.70898, 32.75185 ], [ -96.70952, 32.75132 ], [ -96.71016, 32.75094 ], [ -96.71085, 32.75068 ], [ -96.71091, 32.75059 ], [ -96.71086, 32.75044 ], [ -96.71046, 32.75052 ], [ -96.71028, 32.75049 ], [ -96.71028, 32.75044 ], [ -96.71049, 32.75032 ], [ -96.71054, 32.75023 ], [ -96.71048, 32.75006 ], [ -96.71039, 32.75001 ], [ -96.70932, 32.75 ], [ -96.70881, 32.74994 ], [ -96.7087, 32.74982 ], [ -96.70893, 32.74957 ], [ -96.71183, 32.74975 ], [ -96.71213, 32.74958 ], [ -96.71218, 32.74975 ] ] ] } },
{ "type": "Feature", "properties": { "element": "way", "id": 1486697185 }, "geometry": { "type": "Polygon", "coordinates": [ [ [ -96.58004, 32.69959 ], [ -96.5799, 32.69972 ], [ -96.57959, 32.69981 ], [ -96.57948, 32.70031 ], [ -96.57949, 32.70073 ], [ -96.57932, 32.70081 ], [ -96.57865, 32.70027 ], [ -96.5786, 32.70014 ], [ -96.57877, 32.69992 ], [ -96.57899, 32.69977 ], [ -96.57928, 32.69969 ], [ -96.5793, 32.69958 ], [ -96.57954, 32.69934 ], [ -96.57963, 32.6993 ], [ -96.58001, 32.69936 ], [ -96.58004, 32.69959 ] ] ] } },
{ "type": "Feature", "properties": { "element": "way", "id": 1302874227 }, "geometry": { "type": "Polygon", "coordinates": [ [ [ -96.56363, 32.7006 ], [ -96.56363, 32.70077 ], [ -96.56378, 32.70103 ], [ -96.56409, 32.7012 ], [ -96.56397, 32.70124 ], [ -96.56386, 32.7012 ], [ -96.56374, 32.70124 ], [ -96.56331, 32.70116 ], [ -96.56314, 32.70094 ], [ -96.56307, 32.7007 ], [ -96.56312, 32.70054 ], [ -96.5632, 32.70046 ], [ -96.56355, 32.70035 ], [ -96.56374, 32.7004 ], [ -96.5638, 32.70048 ], [ -96.56363, 32.7006 ] ] ] } },
{ "type": "Feature", "properties": { "element": "way", "id": 167009700 }, "geometry": { "type": "Polygon", "coordinates": [ [ [ -96.50067, 32.77564 ], [ -96.5006, 32.77556 ], [ -96.50082, 32.77486 ], [ -96.50085, 32.77456 ], [ -96.50135, 32.77466 ], [ -96.50104, 32.77549 ], [ -96.50106, 32.77559 ], [ -96.50098, 32.77567 ], [ -96.5005, 32.77702 ], [ -96.49967, 32.77954 ], [ -96.4996, 32.78035 ], [ -96.49873, 32.78327 ], [ -96.49854, 32.78409 ], [ -96.49855, 32.78429 ], [ -96.49769, 32.7889 ], [ -96.49725, 32.79109 ], [ -96.49715, 32.79132 ], [ -96.49696, 32.79247 ], [ -96.49685, 32.79272 ], [ -96.49682, 32.79318 ], [ -96.49657, 32.79406 ], [ -96.49608, 32.79678 ], [ -96.49569, 32.79757 ], [ -96.49557, 32.7977 ], [ -96.49556, 32.79818 ], [ -96.49545, 32.79816 ], [ -96.4954, 32.79765 ], [ -96.49555, 32.79724 ], [ -96.49575, 32.79692 ], [ -96.49583, 32.7966 ], [ -96.49584, 32.79646 ], [ -96.49572, 32.79627 ], [ -96.49623, 32.79392 ], [ -96.49644, 32.7926 ], [ -96.4965, 32.79251 ], [ -96.49684, 32.79056 ], [ -96.49702, 32.78918 ], [ -96.49718, 32.78863 ], [ -96.49719, 32.78831 ], [ -96.497, 32.78836 ], [ -96.49694, 32.78824 ], [ -96.49697, 32.7882 ], [ -96.49726, 32.78814 ], [ -96.49785, 32.78507 ], [ -96.49836, 32.78287 ], [ -96.49965, 32.77873 ], [ -96.49964, 32.77851 ], [ -96.49971, 32.77844 ], [ -96.50067, 32.77564 ] ] ] } },
{ "type": "Feature", "properties": { "element": "way", "id": 664298144 }, "geometry": { "type": "Polygon", "coordinates": [ [ [ -96.51303, 32.7903 ], [ -96.51299, 32.79028 ], [ -96.51297, 32.79017 ], [ -96.51298, 32.78964 ], [ -96.51306, 32.78959 ], [ -96.51338, 32.78958 ], [ -96.51456, 32.78968 ], [ -96.51447, 32.79019 ], [ -96.51413, 32.79018 ], [ -96.51394, 32.79008 ], [ -96.51303, 32.7903 ] ] ] } },
{ "type": "Feature", "properties": { "element": "way", "id": 664298143 }, "geometry": { "type": "Polygon", "coordinates": [ [ [ -96.51146, 32.7905 ], [ -96.51065, 32.79069 ], [ -96.51033, 32.79068 ], [ -96.51018, 32.79061 ], [ -96.51009, 32.79046 ], [ -96.51009, 32.79032 ], [ -96.50978, 32.79025 ], [ -96.50974, 32.79004 ], [ -96.50989, 32.78997 ], [ -96.50982, 32.78976 ], [ -96.50985, 32.7897 ], [ -96.51041, 32.78955 ], [ -96.5117, 32.78942 ], [ -96.51189, 32.78943 ], [ -96.51229, 32.78958 ], [ -96.51276, 32.7896 ], [ -96.51289, 32.78967 ], [ -96.51288, 32.79018 ], [ -96.51279, 32.79065 ], [ -96.51261, 32.79074 ], [ -96.51146, 32.7905 ] ] ] } },
{ "type": "Feature", "properties": { "element": "way", "id": 587269486 }, "geometry": { "type": "Polygon", "coordinates": [ [ [ -96.51532, 32.79044 ], [ -96.51519, 32.7904 ], [ -96.51513, 32.79026 ], [ -96.51519, 32.79016 ], [ -96.51531, 32.79012 ], [ -96.51851, 32.79002 ], [ -96.51867, 32.79009 ], [ -96.5187, 32.7902 ], [ -96.51864, 32.7903 ], [ -96.51852, 32.79034 ], [ -96.51532, 32.79044 ] ] ] } },
{ "type": "Feature", "properties": { "element": "way", "id": 664298142 }, "geometry": { "type": "Polygon", "coordinates": [ [ [ -96.51092, 32.7911 ], [ -96.51071, 32.79119 ], [ -96.51034, 32.79149 ], [ -96.51009, 32.79156 ], [ -96.51003, 32.79167 ], [ -96.50992, 32.79166 ], [ -96.50971, 32.79114 ], [ -96.51088, 32.791 ], [ -96.51095, 32.79103 ], [ -96.51092, 32.7911 ] ] ] } },
{ "type": "Feature", "properties": { "element": "way", "id": 664298141 }, "geometry": { "type": "Polygon", "coordinates": [ [ [ -96.51127, 32.7921 ], [ -96.51027, 32.79205 ], [ -96.51014, 32.79182 ], [ -96.51016, 32.79172 ], [ -96.51065, 32.7915 ], [ -96.51104, 32.79111 ], [ -96.51102, 32.79089 ], [ -96.51116, 32.79066 ], [ -96.51155, 32.79059 ], [ -96.51276, 32.79092 ], [ -96.51275, 32.79106 ], [ -96.51241, 32.79123 ], [ -96.51189, 32.7916 ], [ -96.51164, 32.79156 ], [ -96.51157, 32.79182 ], [ -96.51138, 32.79207 ], [ -96.51127, 32.7921 ] ] ] } },
{ "type": "Feature", "properties": { "element": "way", "id": 197585744 }, "geometry": { "type": "Polygon", "coordinates": [ [ [ -96.70581, 32.7069 ], [ -96.70624, 32.70724 ], [ -96.70623, 32.70739 ], [ -96.70639, 32.70782 ], [ -96.70627, 32.70788 ], [ -96.70612, 32.70783 ], [ -96.70604, 32.70763 ], [ -96.70591, 32.70749 ], [ -96.70572, 32.70742 ], [ -96.70568, 32.70732 ], [ -96.70586, 32.70731 ], [ -96.70582, 32.70714 ], [ -96.70571, 32.70707 ], [ -96.70573, 32.70689 ], [ -96.70581, 32.7069 ] ] ] } },
{ "type": "Feature", "properties": { "element": "way", "id": 197585740 }, "geometry": { "type": "Polygon", "coordinates": [ [ [ -96.7056, 32.70793 ], [ -96.70544, 32.70805 ], [ -96.70518, 32.70807 ], [ -96.70501, 32.70794 ], [ -96.70493, 32.70762 ], [ -96.705, 32.70749 ], [ -96.70559, 32.70768 ], [ -96.7056, 32.70793 ] ] ] } },
{ "type": "Feature", "properties": { "element": "way", "id": 673172628 }, "geometry": { "type": "Polygon", "coordinates": [ [ [ -96.64509, 32.72799 ], [ -96.64323, 32.72798 ], [ -96.64303, 32.72788 ], [ -96.64293, 32.72772 ], [ -96.64293, 32.72763 ], [ -96.64296, 32.72754 ], [ -96.64333, 32.72719 ], [ -96.64377, 32.72711 ], [ -96.64443, 32.72715 ], [ -96.64473, 32.72703 ], [ -96.64494, 32.72682 ], [ -96.64505, 32.72683 ], [ -96.64524, 32.72691 ], [ -96.64541, 32.72714 ], [ -96.64549, 32.72759 ], [ -96.64535, 32.7279 ], [ -96.64509, 32.72799 ] ] ] } },
{ "type": "Feature", "properties": { "element": "way", "id": 1300597476 }, "geometry": { "type": "Polygon", "coordinates": [ [ [ -96.66862, 32.74076 ], [ -96.66867, 32.74103 ], [ -96.66859, 32.74107 ], [ -96.66847, 32.741 ], [ -96.66806, 32.73985 ], [ -96.66782, 32.7398 ], [ -96.66757, 32.73957 ], [ -96.66729, 32.73944 ], [ -96.66625, 32.73923 ], [ -96.66616, 32.73916 ], [ -96.66613, 32.73892 ], [ -96.66622, 32.73875 ], [ -96.66674, 32.73874 ], [ -96.66723, 32.73888 ], [ -96.66819, 32.73972 ], [ -96.66833, 32.73992 ], [ -96.66855, 32.74053 ], [ -96.66878, 32.74065 ], [ -96.66862, 32.74076 ] ] ] } },
{ "type": "Feature", "properties": { "element": "way", "id": 166177018 }, "geometry": { "type": "Polygon", "coordinates": [ [ [ -96.66004, 32.74833 ], [ -96.66021, 32.74827 ], [ -96.66053, 32.74799 ], [ -96.66077, 32.7479 ], [ -96.66068, 32.74772 ], [ -96.66075, 32.74757 ], [ -96.66074, 32.74743 ], [ -96.66062, 32.74736 ], [ -96.66047, 32.74736 ], [ -96.66038, 32.7472 ], [ -96.66067, 32.74704 ], [ -96.66075, 32.74683 ], [ -96.66064, 32.74685 ], [ -96.66035, 32.74675 ], [ -96.66022, 32.74663 ], [ -96.66022, 32.74658 ], [ -96.66045, 32.74664 ], [ -96.66057, 32.74661 ], [ -96.66071, 32.74639 ], [ -96.66087, 32.74633 ], [ -96.66087, 32.74616 ], [ -96.66078, 32.74604 ], [ -96.66096, 32.74592 ], [ -96.66102, 32.74566 ], [ -96.66118, 32.7456 ], [ -96.66146, 32.74525 ], [ -96.66143, 32.74514 ], [ -96.66123, 32.74504 ], [ -96.6612, 32.74497 ], [ -96.66131, 32.74494 ], [ -96.66148, 32.74505 ], [ -96.66161, 32.74505 ], [ -96.66208, 32.74479 ], [ -96.66236, 32.74431 ], [ -96.66232, 32.74426 ], [ -96.66204, 32.74426 ], [ -96.66202, 32.74419 ], [ -96.66252, 32.74408 ], [ -96.66272, 32.74394 ], [ -96.66278, 32.74381 ], [ -96.66277, 32.74358 ], [ -96.66249, 32.74283 ], [ -96.66234, 32.74288 ], [ -96.66204, 32.74341 ], [ -96.66199, 32.74329 ], [ -96.662, 32.74309 ], [ -96.66208, 32.74298 ], [ -96.66184, 32.74285 ], [ -96.66202, 32.74266 ], [ -96.66225, 32.74262 ], [ -96.6622, 32.74197 ], [ -96.66251, 32.74191 ], [ -96.6627, 32.74206 ], [ -96.66308, 32.7422 ], [ -96.66269, 32.74246 ], [ -96.66268, 32.74251 ], [ -96.66281, 32.74259 ], [ -96.66295, 32.74292 ], [ -96.66316, 32.74309 ], [ -96.66306, 32.74317 ], [ -96.66305, 32.7433 ], [ -96.66322, 32.74344 ], [ -96.66316, 32.74348 ], [ -96.66315, 32.74374 ], [ -96.66301, 32.74393 ], [ -96.66308, 32.74408 ], [ -96.6629, 32.74433 ], [ -96.66289, 32.74446 ], [ -96.66275, 32.74461 ], [ -96.66258, 32.74522 ], [ -96.66224, 32.74517 ], [ -96.6615, 32.74578 ], [ -96.6614, 32.74589 ], [ -96.66137, 32.74626 ], [ -96.6612, 32.74648 ], [ -96.66118, 32.74686 ], [ -96.66104, 32.74711 ], [ -96.66104, 32.74737 ], [ -96.66113, 32.74748 ], [ -96.66114, 32.74774 ], [ -96.66129, 32.7479 ], [ -96.66174, 32.74821 ], [ -96.66192, 32.74853 ], [ -96.66215, 32.74976 ], [ -96.66199, 32.75039 ], [ -96.66147, 32.75106 ], [ -96.66108, 32.75171 ], [ -96.66092, 32.75212 ], [ -96.66079, 32.75206 ], [ -96.66085, 32.75181 ], [ -96.66105, 32.75139 ], [ -96.66161, 32.7506 ], [ -96.66188, 32.74987 ], [ -96.66184, 32.74924 ], [ -96.6617, 32.74853 ], [ -96.66103, 32.74807 ], [ -96.66092, 32.74807 ], [ -96.66056, 32.74832 ], [ -96.66039, 32.74856 ], [ -96.66031, 32.74859 ], [ -96.66004, 32.74833 ] ] ] } },
{ "type": "Feature", "properties": { "element": "way", "id": 722938707 }, "geometry": { "type": "Polygon", "coordinates": [ [ [ -96.70597, 32.75276 ], [ -96.70598, 32.75248 ], [ -96.70636, 32.75239 ], [ -96.70653, 32.75241 ], [ -96.70671, 32.75251 ], [ -96.70688, 32.75244 ], [ -96.70632, 32.75203 ], [ -96.70629, 32.75188 ], [ -96.70635, 32.7516 ], [ -96.7065, 32.75153 ], [ -96.70659, 32.75154 ], [ -96.70678, 32.75172 ], [ -96.70722, 32.75148 ], [ -96.70758, 32.75148 ], [ -96.70767, 32.75161 ], [ -96.70754, 32.75177 ], [ -96.7072, 32.75186 ], [ -96.70714, 32.75183 ], [ -96.70683, 32.75195 ], [ -96.70686, 32.75213 ], [ -96.70725, 32.75243 ], [ -96.70725, 32.75248 ], [ -96.70713, 32.75254 ], [ -96.70701, 32.75252 ], [ -96.7065, 32.75286 ], [ -96.70614, 32.75292 ], [ -96.70597, 32.75276 ] ] ] } },
{ "type": "Feature", "properties": { "element": "way", "id": 722938708 }, "geometry": { "type": "Polygon", "coordinates": [ [ [ -96.70531, 32.75271 ], [ -96.7052, 32.75248 ], [ -96.7052, 32.75236 ], [ -96.70513, 32.75232 ], [ -96.70507, 32.75208 ], [ -96.70523, 32.75198 ], [ -96.70537, 32.75201 ], [ -96.70546, 32.7521 ], [ -96.70555, 32.75241 ], [ -96.7055, 32.75262 ], [ -96.70556, 32.75289 ], [ -96.70531, 32.75271 ] ] ] } },
{ "type": "Feature", "properties": { "element": "relation", "id": 10014781 }, "geometry": { "type": "Polygon", "coordinates": [ [ [ -96.70718, 32.75581 ], [ -96.70729, 32.7556 ], [ -96.70719, 32.75537 ], [ -96.70704, 32.75522 ], [ -96.70746, 32.75504 ], [ -96.70748, 32.75497 ], [ -96.7072, 32.75482 ], [ -96.70698, 32.75433 ], [ -96.707, 32.75411 ], [ -96.70652, 32.75389 ], [ -96.70649, 32.75374 ], [ -96.70678, 32.7534 ], [ -96.70771, 32.7532 ], [ -96.70783, 32.75325 ], [ -96.70789, 32.75335 ], [ -96.70784, 32.75353 ], [ -96.7079, 32.7538 ], [ -96.7082, 32.75447 ], [ -96.70799, 32.75471 ], [ -96.70756, 32.75492 ], [ -96.70762, 32.75499 ], [ -96.70793, 32.75498 ], [ -96.7079, 32.75533 ], [ -96.70743, 32.75544 ], [ -96.70736, 32.75577 ], [ -96.7074, 32.7559 ], [ -96.70724, 32.75594 ], [ -96.70718, 32.75581 ] ], [ [ -96.7072, 32.75379 ], [ -96.70716, 32.75353 ], [ -96.70708, 32.75347 ], [ -96.70688, 32.75356 ], [ -96.70671, 32.75374 ], [ -96.70676, 32.75387 ], [ -96.70705, 32.75388 ], [ -96.7072, 32.75379 ] ] ] } },
{ "type": "Feature", "properties": { "element": "way", "id": 452935854 }, "geometry": { "type": "Polygon", "coordinates": [ [ [ -96.68417, 32.81214 ], [ -96.68415, 32.81248 ], [ -96.68404, 32.8126 ], [ -96.68383, 32.81266 ], [ -96.68367, 32.81285 ], [ -96.68342, 32.81294 ], [ -96.68329, 32.81289 ], [ -96.68308, 32.81265 ], [ -96.68297, 32.81261 ], [ -96.6826, 32.81268 ], [ -96.68234, 32.81281 ], [ -96.68236, 32.81288 ], [ -96.68229, 32.81295 ], [ -96.68203, 32.81279 ], [ -96.68188, 32.81279 ], [ -96.68179, 32.81284 ], [ -96.68169, 32.81279 ], [ -96.68131, 32.81284 ], [ -96.68123, 32.81281 ], [ -96.68112, 32.81287 ], [ -96.68099, 32.81274 ], [ -96.68091, 32.81276 ], [ -96.68077, 32.81265 ], [ -96.68062, 32.81267 ], [ -96.68059, 32.81262 ], [ -96.68061, 32.81256 ], [ -96.68072, 32.81252 ], [ -96.68111, 32.81272 ], [ -96.68134, 32.81275 ], [ -96.68183, 32.81262 ], [ -96.6821, 32.81262 ], [ -96.68208, 32.8125 ], [ -96.68226, 32.81242 ], [ -96.68306, 32.81248 ], [ -96.68335, 32.81262 ], [ -96.68343, 32.81274 ], [ -96.68351, 32.81273 ], [ -96.68364, 32.81267 ], [ -96.68378, 32.81217 ], [ -96.68398, 32.81205 ], [ -96.68407, 32.81205 ], [ -96.68417, 32.81214 ] ] ] } },
{ "type": "Feature", "properties": { "element": "way", "id": 722938712 }, "geometry": { "type": "Polygon", "coordinates": [ [ [ -96.7104, 32.75589 ], [ -96.71039, 32.75572 ], [ -96.71043, 32.75566 ], [ -96.71067, 32.75559 ], [ -96.71083, 32.75561 ], [ -96.71089, 32.75566 ], [ -96.71088, 32.75574 ], [ -96.71093, 32.75576 ], [ -96.71099, 32.75575 ], [ -96.71103, 32.75566 ], [ -96.71117, 32.75564 ], [ -96.7113, 32.75572 ], [ -96.71134, 32.75585 ], [ -96.71127, 32.75594 ], [ -96.71111, 32.75596 ], [ -96.7104, 32.75589 ] ] ] } },
{ "type": "Feature", "properties": { "element": "way", "id": 722938711 }, "geometry": { "type": "Polygon", "coordinates": [ [ [ -96.70868, 32.75602 ], [ -96.70862, 32.75581 ], [ -96.70874, 32.75568 ], [ -96.70881, 32.75534 ], [ -96.70892, 32.75532 ], [ -96.70913, 32.75561 ], [ -96.70926, 32.75571 ], [ -96.70969, 32.75565 ], [ -96.71007, 32.75565 ], [ -96.71027, 32.75556 ], [ -96.71019, 32.75566 ], [ -96.71024, 32.75576 ], [ -96.71021, 32.75585 ], [ -96.71008, 32.75588 ], [ -96.7097, 32.75586 ], [ -96.70955, 32.75594 ], [ -96.70959, 32.75603 ], [ -96.70993, 32.75608 ], [ -96.71015, 32.75618 ], [ -96.71016, 32.75623 ], [ -96.71, 32.75636 ], [ -96.70868, 32.75602 ] ] ] } },
{ "type": "Feature", "properties": { "element": "way", "id": 722938713 }, "geometry": { "type": "Polygon", "coordinates": [ [ [ -96.71068, 32.75736 ], [ -96.7106, 32.75706 ], [ -96.71036, 32.75656 ], [ -96.71051, 32.75646 ], [ -96.71098, 32.75642 ], [ -96.71109, 32.75656 ], [ -96.71115, 32.75726 ], [ -96.71107, 32.75743 ], [ -96.71081, 32.7575 ], [ -96.71068, 32.75736 ] ] ] } },
{ "type": "Feature", "properties": { "element": "way", "id": 722938714 }, "geometry": { "type": "Polygon", "coordinates": [ [ [ -96.70981, 32.75767 ], [ -96.7097, 32.75761 ], [ -96.70963, 32.7573 ], [ -96.70966, 32.7571 ], [ -96.70972, 32.75705 ], [ -96.70979, 32.75703 ], [ -96.70986, 32.75708 ], [ -96.70982, 32.75729 ], [ -96.7099, 32.75744 ], [ -96.71012, 32.75762 ], [ -96.71005, 32.75768 ], [ -96.70981, 32.75767 ] ] ] } },
{ "type": "Feature", "properties": { "element": "way", "id": 722938717 }, "geometry": { "type": "Polygon", "coordinates": [ [ [ -96.71017, 32.75864 ], [ -96.71007, 32.7585 ], [ -96.71011, 32.75841 ], [ -96.71073, 32.75821 ], [ -96.71104, 32.75835 ], [ -96.71124, 32.75871 ], [ -96.71125, 32.75896 ], [ -96.71103, 32.75904 ], [ -96.71077, 32.759 ], [ -96.71017, 32.75864 ] ] ] } },
{ "type": "Feature", "properties": { "element": "way", "id": 722938716 }, "geometry": { "type": "Polygon", "coordinates": [ [ [ -96.71096, 32.75976 ], [ -96.71014, 32.75929 ], [ -96.71014, 32.75924 ], [ -96.7105, 32.75923 ], [ -96.7106, 32.75937 ], [ -96.71081, 32.75953 ], [ -96.71113, 32.75964 ], [ -96.71126, 32.75964 ], [ -96.71147, 32.7595 ], [ -96.71155, 32.75955 ], [ -96.71145, 32.7599 ], [ -96.71096, 32.75976 ] ] ] } },
{ "type": "Feature", "properties": { "element": "way", "id": 465773247 }, "geometry": { "type": "Polygon", "coordinates": [ [ [ -96.71657, 32.78413 ], [ -96.71642, 32.78409 ], [ -96.7162, 32.78389 ], [ -96.71679, 32.78337 ], [ -96.71692, 32.78343 ], [ -96.71698, 32.78354 ], [ -96.71695, 32.78411 ], [ -96.71657, 32.78413 ] ] ] } },
{ "type": "Feature", "properties": { "element": "way", "id": 1070749532 }, "geometry": { "type": "Polygon", "coordinates": [ [ [ -96.72491, 32.79009 ], [ -96.725, 32.79017 ], [ -96.72538, 32.791 ], [ -96.72523, 32.79144 ], [ -96.72478, 32.79185 ], [ -96.7247, 32.79179 ], [ -96.72437, 32.79069 ], [ -96.72415, 32.79035 ], [ -96.72411, 32.79014 ], [ -96.72415, 32.79005 ], [ -96.72432, 32.79001 ], [ -96.72467, 32.7901 ], [ -96.72491, 32.79009 ] ] ] } },
{ "type": "Feature", "properties": { "element": "way", "id": 28042821 }, "geometry": { "type": "Polygon", "coordinates": [ [ [ -96.72431, 32.81483 ], [ -96.72598, 32.81387 ], [ -96.72608, 32.81366 ], [ -96.72607, 32.81348 ], [ -96.72584, 32.81305 ], [ -96.72531, 32.81227 ], [ -96.72517, 32.81226 ], [ -96.72521, 32.81214 ], [ -96.72502, 32.81184 ], [ -96.7249, 32.81136 ], [ -96.72484, 32.81132 ], [ -96.72488, 32.8112 ], [ -96.72479, 32.81112 ], [ -96.72486, 32.81106 ], [ -96.72485, 32.81065 ], [ -96.7249, 32.8102 ], [ -96.72516, 32.80959 ], [ -96.72507, 32.80951 ], [ -96.7253, 32.8094 ], [ -96.72535, 32.80929 ], [ -96.72531, 32.80924 ], [ -96.72544, 32.80912 ], [ -96.7255, 32.8088 ], [ -96.72544, 32.80877 ], [ -96.72556, 32.80856 ], [ -96.7257, 32.80847 ], [ -96.72568, 32.80837 ], [ -96.72579, 32.80827 ], [ -96.72574, 32.80821 ], [ -96.72583, 32.8082 ], [ -96.72599, 32.80787 ], [ -96.72602, 32.80769 ], [ -96.72594, 32.80766 ], [ -96.72604, 32.80756 ], [ -96.72604, 32.8072 ], [ -96.72579, 32.80715 ], [ -96.72571, 32.80668 ], [ -96.72574, 32.80646 ], [ -96.7255, 32.80583 ], [ -96.72549, 32.8056 ], [ -96.72525, 32.80488 ], [ -96.72527, 32.80482 ], [ -96.7255, 32.8047 ], [ -96.72566, 32.80435 ], [ -96.72591, 32.80434 ], [ -96.72619, 32.80478 ], [ -96.72668, 32.80679 ], [ -96.72676, 32.8073 ], [ -96.72691, 32.80738 ], [ -96.72687, 32.80745 ], [ -96.72675, 32.80745 ], [ -96.72669, 32.80751 ], [ -96.72665, 32.80807 ], [ -96.72571, 32.8101 ], [ -96.72561, 32.8105 ], [ -96.72563, 32.81138 ], [ -96.72592, 32.812 ], [ -96.72648, 32.81297 ], [ -96.72665, 32.81322 ], [ -96.72705, 32.81363 ], [ -96.72707, 32.81377 ], [ -96.72686, 32.81424 ], [ -96.72689, 32.81434 ], [ -96.72714, 32.81458 ], [ -96.72681, 32.81474 ], [ -96.72697, 32.81449 ], [ -96.72687, 32.81441 ], [ -96.72639, 32.81468 ], [ -96.72631, 32.81466 ], [ -96.72613, 32.81487 ], [ -96.72622, 32.81519 ], [ -96.72502, 32.81587 ], [ -96.72431, 32.81483 ] ] ] } },
{ "type": "Feature", "properties": { "element": "way", "id": 1301314175 }, "geometry": { "type": "MultiPolygon", "coordinates": [ [ [ [ -96.50163, 32.78121 ], [ -96.50069, 32.78102 ], [ -96.50056, 32.78089 ], [ -96.49998, 32.78093 ], [ -96.49946, 32.78077 ], [ -96.49957, 32.78044 ], [ -96.49985, 32.78061 ], [ -96.50019, 32.78074 ], [ -96.50037, 32.78073 ], [ -96.50036, 32.78077 ], [ -96.50044, 32.78076 ], [ -96.50061, 32.7808 ], [ -96.50082, 32.78087 ], [ -96.50098, 32.78092 ], [ -96.50114, 32.78097 ], [ -96.50127, 32.78102 ], [ -96.50137, 32.78105 ], [ -96.50154, 32.78109 ], [ -96.50162, 32.78112 ], [ -96.50171, 32.78117 ], [ -96.50182, 32.78126 ], [ -96.50189, 32.78134 ], [ -96.50197, 32.78142 ], [ -96.50202, 32.78146 ], [ -96.50163, 32.78121 ] ] ], [ [ [ -96.50464, 32.78535 ], [ -96.5045, 32.78535 ], [ -96.50438, 32.7853 ], [ -96.50336, 32.78517 ], [ -96.50309, 32.78497 ], [ -96.503, 32.7846 ], [ -96.50253, 32.78425 ], [ -96.50234, 32.78416 ], [ -96.50202, 32.7842 ], [ -96.50188, 32.78416 ], [ -96.50178, 32.78407 ], [ -96.5017, 32.78373 ], [ -96.50191, 32.78302 ], [ -96.50226, 32.78228 ], [ -96.50224, 32.78171 ], [ -96.50206, 32.78149 ], [ -96.50213, 32.78155 ], [ -96.50227, 32.78166 ], [ -96.50235, 32.78177 ], [ -96.50238, 32.78184 ], [ -96.50242, 32.78192 ], [ -96.50244, 32.782 ], [ -96.50243, 32.78211 ], [ -96.50241, 32.78221 ], [ -96.50235, 32.78235 ], [ -96.50231, 32.78246 ], [ -96.50228, 32.78258 ], [ -96.50221, 32.7827 ], [ -96.5021, 32.78288 ], [ -96.50201, 32.78304 ], [ -96.50201, 32.78323 ], [ -96.50196, 32.78337 ], [ -96.50189, 32.78355 ], [ -96.50186, 32.78367 ], [ -96.50184, 32.78381 ], [ -96.50181, 32.78391 ], [ -96.50184, 32.78403 ], [ -96.50193, 32.7841 ], [ -96.5021, 32.78411 ], [ -96.50226, 32.78406 ], [ -96.50241, 32.78408 ], [ -96.50252, 32.78414 ], [ -96.50261, 32.7842 ], [ -96.50271, 32.7843 ], [ -96.50287, 32.78446 ], [ -96.50296, 32.78452 ], [ -96.50309, 32.78462 ], [ -96.5032, 32.78471 ], [ -96.5032, 32.78472 ], [ -96.50323, 32.78481 ], [ -96.50335, 32.78499 ], [ -96.50336, 32.78502 ], [ -96.50344, 32.7851 ], [ -96.50357, 32.78511 ], [ -96.50368, 32.78512 ], [ -96.50379, 32.78512 ], [ -96.504, 32.78515 ], [ -96.50411, 32.78517 ], [ -96.5043, 32.78521 ], [ -96.5044, 32.78522 ], [ -96.50456, 32.78523 ], [ -96.50468, 32.78524 ], [ -96.50487, 32.78522 ], [ -96.50498, 32.78521 ], [ -96.50513, 32.7852 ], [ -96.50464, 32.78535 ] ] ], [ [ [ -96.52261, 32.79568 ], [ -96.52243, 32.79587 ], [ -96.52226, 32.79592 ], [ -96.52178, 32.79581 ], [ -96.52013, 32.79588 ], [ -96.51986, 32.79597 ], [ -96.51979, 32.79612 ], [ -96.51951, 32.79627 ], [ -96.5188, 32.79616 ], [ -96.51827, 32.79615 ], [ -96.51725, 32.79629 ], [ -96.51695, 32.79618 ], [ -96.51608, 32.79624 ], [ -96.51557, 32.79611 ], [ -96.51515, 32.79568 ], [ -96.51509, 32.79551 ], [ -96.51484, 32.79545 ], [ -96.51417, 32.79549 ], [ -96.5138, 32.79545 ], [ -96.51295, 32.79558 ], [ -96.51296, 32.79582 ], [ -96.51273, 32.79598 ], [ -96.51242, 32.79589 ], [ -96.51214, 32.79588 ], [ -96.51135, 32.79588 ], [ -96.51095, 32.79595 ], [ -96.51022, 32.7959 ], [ -96.50936, 32.79592 ], [ -96.50925, 32.79587 ], [ -96.50848, 32.79534 ], [ -96.50797, 32.7948 ], [ -96.50747, 32.79442 ], [ -96.50702, 32.79393 ], [ -96.50684, 32.79365 ], [ -96.50679, 32.79336 ], [ -96.50687, 32.79311 ], [ -96.50705, 32.79287 ], [ -96.50726, 32.79269 ], [ -96.50793, 32.7924 ], [ -96.50798, 32.79224 ], [ -96.50783, 32.79215 ], [ -96.50765, 32.79219 ], [ -96.50709, 32.79207 ], [ -96.50701, 32.79199 ], [ -96.50688, 32.7918 ], [ -96.50681, 32.79148 ], [ -96.50673, 32.79056 ], [ -96.50665, 32.79045 ], [ -96.50628, 32.79022 ], [ -96.50623, 32.79008 ], [ -96.50633, 32.7898 ], [ -96.5058, 32.78926 ], [ -96.50571, 32.78882 ], [ -96.50574, 32.78863 ], [ -96.50593, 32.78826 ], [ -96.50618, 32.78799 ], [ -96.50655, 32.78725 ], [ -96.50654, 32.78703 ], [ -96.50636, 32.78692 ], [ -96.50584, 32.78624 ], [ -96.50555, 32.7855 ], [ -96.50535, 32.78527 ], [ -96.50515, 32.7852 ], [ -96.50538, 32.78522 ], [ -96.50556, 32.78534 ], [ -96.50563, 32.78546 ], [ -96.50568, 32.78556 ], [ -96.50574, 32.78571 ], [ -96.50581, 32.78583 ], [ -96.50587, 32.78594 ], [ -96.5059, 32.78602 ], [ -96.50595, 32.78617 ], [ -96.50601, 32.78626 ], [ -96.50606, 32.78634 ], [ -96.50612, 32.78642 ], [ -96.50623, 32.78654 ], [ -96.50632, 32.78665 ], [ -96.50638, 32.78672 ], [ -96.50645, 32.78681 ], [ -96.50655, 32.78691 ], [ -96.50661, 32.78698 ], [ -96.50665, 32.78707 ], [ -96.50667, 32.78717 ], [ -96.50659, 32.78742 ], [ -96.50654, 32.78752 ], [ -96.50647, 32.78764 ], [ -96.50627, 32.78794 ], [ -96.50634, 32.78794 ], [ -96.50622, 32.78821 ], [ -96.50612, 32.7883 ], [ -96.50585, 32.78875 ], [ -96.50597, 32.78922 ], [ -96.5061, 32.7894 ], [ -96.5065, 32.78969 ], [ -96.50653, 32.78977 ], [ -96.50644, 32.78997 ], [ -96.50644, 32.79018 ], [ -96.50681, 32.7904 ], [ -96.5069, 32.79052 ], [ -96.50693, 32.79064 ], [ -96.50688, 32.79086 ], [ -96.50699, 32.79172 ], [ -96.50733, 32.79201 ], [ -96.50752, 32.79205 ], [ -96.50801, 32.79204 ], [ -96.50815, 32.79221 ], [ -96.50808, 32.79245 ], [ -96.50725, 32.79287 ], [ -96.50709, 32.79304 ], [ -96.50698, 32.79321 ], [ -96.50694, 32.79358 ], [ -96.50748, 32.7943 ], [ -96.50798, 32.79464 ], [ -96.50853, 32.79526 ], [ -96.50929, 32.79576 ], [ -96.51025, 32.79582 ], [ -96.51066, 32.79579 ], [ -96.51107, 32.79584 ], [ -96.51119, 32.79579 ], [ -96.5117, 32.79583 ], [ -96.51234, 32.79581 ], [ -96.51268, 32.79587 ], [ -96.51283, 32.79578 ], [ -96.51287, 32.79548 ], [ -96.51348, 32.79537 ], [ -96.51483, 32.79534 ], [ -96.51513, 32.79536 ], [ -96.51527, 32.79551 ], [ -96.51531, 32.79565 ], [ -96.51568, 32.79604 ], [ -96.51616, 32.79615 ], [ -96.51696, 32.79608 ], [ -96.5173, 32.79619 ], [ -96.51838, 32.79604 ], [ -96.519, 32.79606 ], [ -96.51947, 32.79614 ], [ -96.51955, 32.79612 ], [ -96.51963, 32.79597 ], [ -96.51981, 32.79582 ], [ -96.52004, 32.79576 ], [ -96.52005, 32.79576 ], [ -96.52006, 32.7958 ], [ -96.52011, 32.7958 ], [ -96.52085, 32.79573 ], [ -96.52185, 32.79569 ], [ -96.5223, 32.79575 ], [ -96.52243, 32.79569 ], [ -96.52266, 32.79562 ], [ -96.52277, 32.79563 ], [ -96.52261, 32.79568 ] ] ], [ [ [ -96.52345, 32.7957 ], [ -96.5228, 32.79563 ], [ -96.52368, 32.79564 ], [ -96.52345, 32.7957 ] ] ], [ [ [ -96.52427, 32.79566 ], [ -96.52399, 32.79564 ], [ -96.52432, 32.79565 ], [ -96.52427, 32.79566 ] ] ], [ [ [ -96.52491, 32.79567 ], [ -96.52483, 32.79566 ], [ -96.5252, 32.79566 ], [ -96.52491, 32.79567 ] ] ], [ [ [ -96.52829, 32.7966 ], [ -96.52731, 32.79614 ], [ -96.52606, 32.79578 ], [ -96.52551, 32.79567 ], [ -96.52611, 32.79568 ], [ -96.52665, 32.79587 ], [ -96.52761, 32.7961 ], [ -96.52841, 32.79647 ], [ -96.52882, 32.79672 ], [ -96.52829, 32.7966 ] ] ] ] } },
{ "type": "Feature", "properties": { "element": "way", "id": 39584086 }, "geometry": { "type": "Polygon", "coordinates": [ [ [ -96.76449, 32.62586 ], [ -96.76451, 32.62546 ], [ -96.76466, 32.62517 ], [ -96.76509, 32.62493 ], [ -96.76512, 32.62486 ], [ -96.765, 32.62474 ], [ -96.76501, 32.62462 ], [ -96.76521, 32.62452 ], [ -96.7653, 32.62456 ], [ -96.76531, 32.62467 ], [ -96.76519, 32.62503 ], [ -96.76493, 32.62535 ], [ -96.76505, 32.62587 ], [ -96.76449, 32.62586 ] ] ] } },
{ "type": "Feature", "properties": { "element": "way", "id": 166176848 }, "geometry": { "type": "Polygon", "coordinates": [ [ [ -96.76507, 32.62606 ], [ -96.76514, 32.6261 ], [ -96.76511, 32.62678 ], [ -96.76496, 32.62721 ], [ -96.76451, 32.62764 ], [ -96.76407, 32.62767 ], [ -96.76321, 32.62755 ], [ -96.76294, 32.62743 ], [ -96.76265, 32.62711 ], [ -96.76255, 32.62682 ], [ -96.76268, 32.62655 ], [ -96.76291, 32.62652 ], [ -96.7633, 32.62663 ], [ -96.76367, 32.62657 ], [ -96.76375, 32.62663 ], [ -96.76385, 32.62664 ], [ -96.76384, 32.62647 ], [ -96.76406, 32.62647 ], [ -96.7641, 32.62651 ], [ -96.76443, 32.62648 ], [ -96.76445, 32.62616 ], [ -96.76457, 32.62604 ], [ -96.76507, 32.62606 ] ] ] } },
{ "type": "Feature", "properties": { "element": "way", "id": 1489929245 }, "geometry": { "type": "Polygon", "coordinates": [ [ [ -96.76913, 32.64123 ], [ -96.76929, 32.64097 ], [ -96.76949, 32.64081 ], [ -96.76981, 32.64072 ], [ -96.77, 32.64072 ], [ -96.77008, 32.64078 ], [ -96.77017, 32.64097 ], [ -96.77012, 32.6412 ], [ -96.76961, 32.64143 ], [ -96.76852, 32.64164 ], [ -96.76837, 32.64159 ], [ -96.76913, 32.64123 ] ] ] } },
{ "type": "Feature", "properties": { "element": "way", "id": 642674278 }, "geometry": { "type": "Polygon", "coordinates": [ [ [ -96.76583, 32.68853 ], [ -96.76579, 32.68864 ], [ -96.76549, 32.68878 ], [ -96.7654, 32.68877 ], [ -96.76529, 32.68871 ], [ -96.76531, 32.68865 ], [ -96.76518, 32.68852 ], [ -96.76528, 32.68844 ], [ -96.76515, 32.68826 ], [ -96.76521, 32.68821 ], [ -96.76556, 32.68814 ], [ -96.76583, 32.68853 ] ] ] } },
{ "type": "Feature", "properties": { "element": "way", "id": 1359794312 }, "geometry": { "type": "Polygon", "coordinates": [ [ [ -96.77251, 32.72986 ], [ -96.77255, 32.73 ], [ -96.77245, 32.73014 ], [ -96.77211, 32.73039 ], [ -96.77071, 32.73046 ], [ -96.76868, 32.73049 ], [ -96.76838, 32.73045 ], [ -96.76856, 32.73039 ], [ -96.76893, 32.73036 ], [ -96.77126, 32.73034 ], [ -96.77143, 32.7303 ], [ -96.77234, 32.72983 ], [ -96.77251, 32.72986 ] ] ] } },
{ "type": "Feature", "properties": { "element": "way", "id": 1359794372 }, "geometry": { "type": "Polygon", "coordinates": [ [ [ -96.77365, 32.73036 ], [ -96.77399, 32.73086 ], [ -96.77395, 32.73097 ], [ -96.77312, 32.73142 ], [ -96.77263, 32.73071 ], [ -96.77264, 32.73063 ], [ -96.77289, 32.7306 ], [ -96.77298, 32.73055 ], [ -96.77293, 32.73048 ], [ -96.773, 32.73044 ], [ -96.77306, 32.73051 ], [ -96.77346, 32.73028 ], [ -96.77365, 32.73036 ] ] ] } },
{ "type": "Feature", "properties": { "element": "way", "id": 1359794380 }, "geometry": { "type": "Polygon", "coordinates": [ [ [ -96.77339, 32.73208 ], [ -96.7734, 32.73226 ], [ -96.77334, 32.73234 ], [ -96.77316, 32.73244 ], [ -96.77295, 32.73241 ], [ -96.7728, 32.73227 ], [ -96.7728, 32.73209 ], [ -96.77293, 32.73195 ], [ -96.77315, 32.73191 ], [ -96.77325, 32.73194 ], [ -96.77339, 32.73208 ] ] ] } },
{ "type": "Feature", "properties": { "element": "way", "id": 1359794379 }, "geometry": { "type": "Polygon", "coordinates": [ [ [ -96.77374, 32.7326 ], [ -96.77377, 32.73269 ], [ -96.7737, 32.73286 ], [ -96.77351, 32.73295 ], [ -96.7733, 32.73293 ], [ -96.77316, 32.73279 ], [ -96.77315, 32.73261 ], [ -96.77329, 32.73247 ], [ -96.77339, 32.73243 ], [ -96.7736, 32.73246 ], [ -96.77374, 32.7326 ] ] ] } },
{ "type": "Feature", "properties": { "element": "way", "id": 1359794311 }, "geometry": { "type": "Polygon", "coordinates": [ [ [ -96.77263, 32.73267 ], [ -96.77282, 32.73296 ], [ -96.77281, 32.73301 ], [ -96.77247, 32.73317 ], [ -96.77241, 32.73316 ], [ -96.77221, 32.73287 ], [ -96.77223, 32.73282 ], [ -96.77257, 32.73265 ], [ -96.77263, 32.73267 ] ] ] } },
{ "type": "Feature", "properties": { "element": "way", "id": 1359794313 }, "geometry": { "type": "Polygon", "coordinates": [ [ [ -96.77129, 32.73293 ], [ -96.77021, 32.73346 ], [ -96.77013, 32.73334 ], [ -96.77121, 32.73282 ], [ -96.77129, 32.73293 ] ] ] } },
{ "type": "Feature", "properties": { "element": "way", "id": 1489929244 }, "geometry": { "type": "Polygon", "coordinates": [ [ [ -96.77551, 32.63991 ], [ -96.77541, 32.63986 ], [ -96.7754, 32.63981 ], [ -96.77588, 32.63958 ], [ -96.77609, 32.63926 ], [ -96.77625, 32.63955 ], [ -96.77551, 32.63991 ] ] ] } },
{ "type": "Feature", "properties": { "element": "way", "id": 694616925 }, "geometry": { "type": "Polygon", "coordinates": [ [ [ -96.79055, 32.72443 ], [ -96.79034, 32.72431 ], [ -96.79018, 32.72401 ], [ -96.79037, 32.72374 ], [ -96.79062, 32.72372 ], [ -96.7909, 32.72388 ], [ -96.79098, 32.72404 ], [ -96.79085, 32.72423 ], [ -96.79055, 32.72443 ] ] ] } },
{ "type": "Feature", "properties": { "element": "way", "id": 32489964 }, "geometry": { "type": "Polygon", "coordinates": [ [ [ -96.77595, 32.72995 ], [ -96.77561, 32.72986 ], [ -96.77509, 32.72941 ], [ -96.77504, 32.7293 ], [ -96.77505, 32.7292 ], [ -96.77537, 32.72898 ], [ -96.77555, 32.7286 ], [ -96.77544, 32.72828 ], [ -96.77542, 32.72808 ], [ -96.77549, 32.72797 ], [ -96.77571, 32.72821 ], [ -96.77582, 32.72845 ], [ -96.7757, 32.72879 ], [ -96.77582, 32.72901 ], [ -96.77578, 32.72949 ], [ -96.77603, 32.72989 ], [ -96.77595, 32.72995 ] ] ] } },
{ "type": "Feature", "properties": { "element": "way", "id": 1359794373 }, "geometry": { "type": "Polygon", "coordinates": [ [ [ -96.7746, 32.7315 ], [ -96.77462, 32.73159 ], [ -96.77456, 32.73176 ], [ -96.77437, 32.73185 ], [ -96.77416, 32.73182 ], [ -96.77402, 32.73169 ], [ -96.77401, 32.73151 ], [ -96.77415, 32.73136 ], [ -96.77436, 32.73133 ], [ -96.77446, 32.73136 ], [ -96.7746, 32.7315 ] ] ] } },
{ "type": "Feature", "properties": { "element": "way", "id": 1359794374 }, "geometry": { "type": "Polygon", "coordinates": [ [ [ -96.77496, 32.73201 ], [ -96.77498, 32.7321 ], [ -96.77491, 32.73227 ], [ -96.77473, 32.73237 ], [ -96.77452, 32.73234 ], [ -96.77443, 32.73228 ], [ -96.77435, 32.73211 ], [ -96.77442, 32.73194 ], [ -96.77461, 32.73185 ], [ -96.77482, 32.73188 ], [ -96.77496, 32.73201 ] ] ] } },
{ "type": "Feature", "properties": { "element": "way", "id": 1359794370 }, "geometry": { "type": "Polygon", "coordinates": [ [ [ -96.77359, 32.7317 ], [ -96.77374, 32.73162 ], [ -96.77437, 32.73252 ], [ -96.77421, 32.7326 ], [ -96.77359, 32.7317 ] ] ] } },
{ "type": "Feature", "properties": { "element": "way", "id": 1359794371 }, "geometry": { "type": "Polygon", "coordinates": [ [ [ -96.77357, 32.73172 ], [ -96.77418, 32.73261 ], [ -96.77402, 32.73269 ], [ -96.77341, 32.73179 ], [ -96.77357, 32.73172 ] ] ] } },
{ "type": "Feature", "properties": { "element": "way", "id": 1359794375 }, "geometry": { "type": "Polygon", "coordinates": [ [ [ -96.77534, 32.73256 ], [ -96.77534, 32.73274 ], [ -96.77521, 32.73288 ], [ -96.77499, 32.73291 ], [ -96.77489, 32.73288 ], [ -96.77475, 32.73275 ], [ -96.77474, 32.73257 ], [ -96.77479, 32.73249 ], [ -96.77498, 32.73239 ], [ -96.77519, 32.73242 ], [ -96.77534, 32.73256 ] ] ] } },
{ "type": "Feature", "properties": { "element": "way", "id": 1359794368 }, "geometry": { "type": "Polygon", "coordinates": [ [ [ -96.7743, 32.73273 ], [ -96.77446, 32.73265 ], [ -96.77507, 32.73355 ], [ -96.77491, 32.73363 ], [ -96.7743, 32.73273 ] ] ] } },
{ "type": "Feature", "properties": { "element": "way", "id": 1359794376 }, "geometry": { "type": "Polygon", "coordinates": [ [ [ -96.77568, 32.73307 ], [ -96.77568, 32.73325 ], [ -96.77555, 32.73339 ], [ -96.77545, 32.73342 ], [ -96.77523, 32.73339 ], [ -96.77509, 32.73326 ], [ -96.77507, 32.73317 ], [ -96.77514, 32.733 ], [ -96.77532, 32.7329 ], [ -96.77553, 32.73293 ], [ -96.77568, 32.73307 ] ] ] } },
{ "type": "Feature", "properties": { "element": "way", "id": 952979244 }, "geometry": { "type": "Polygon", "coordinates": [ [ [ -96.73297, 32.6866 ], [ -96.73094, 32.68621 ], [ -96.73065, 32.68579 ], [ -96.73253, 32.68558 ], [ -96.73275, 32.6857 ], [ -96.73311, 32.6865 ], [ -96.73297, 32.6866 ] ] ] } },
{ "type": "Feature", "properties": { "element": "way", "id": 496723091 }, "geometry": { "type": "Polygon", "coordinates": [ [ [ -96.74044, 32.6998 ], [ -96.74014, 32.70024 ], [ -96.74003, 32.70036 ], [ -96.73992, 32.70043 ], [ -96.73982, 32.70042 ], [ -96.73966, 32.70019 ], [ -96.73916, 32.6998 ], [ -96.73838, 32.69888 ], [ -96.73837, 32.69864 ], [ -96.73865, 32.69853 ], [ -96.73886, 32.69867 ], [ -96.73903, 32.6989 ], [ -96.73932, 32.69894 ], [ -96.73958, 32.69891 ], [ -96.73992, 32.69902 ], [ -96.74045, 32.69969 ], [ -96.74044, 32.6998 ] ] ] } },
{ "type": "Feature", "properties": { "element": "way", "id": 166177052 }, "geometry": { "type": "Polygon", "coordinates": [ [ [ -96.73902, 32.70273 ], [ -96.73926, 32.70272 ], [ -96.73933, 32.70297 ], [ -96.73951, 32.70319 ], [ -96.73961, 32.70324 ], [ -96.7397, 32.70315 ], [ -96.73992, 32.70344 ], [ -96.74021, 32.70369 ], [ -96.74065, 32.70385 ], [ -96.74075, 32.70402 ], [ -96.74081, 32.70477 ], [ -96.73809, 32.70569 ], [ -96.73803, 32.70562 ], [ -96.73803, 32.7054 ], [ -96.73781, 32.70447 ], [ -96.7374, 32.70344 ], [ -96.73743, 32.70337 ], [ -96.73902, 32.70273 ] ] ] } },
{ "type": "Feature", "properties": { "element": "way", "id": 1161086632 }, "geometry": { "type": "Polygon", "coordinates": [ [ [ -96.74003, 32.71616 ], [ -96.74002, 32.71572 ], [ -96.73973, 32.71536 ], [ -96.73941, 32.71434 ], [ -96.73869, 32.71454 ], [ -96.7386, 32.71439 ], [ -96.73912, 32.71427 ], [ -96.73927, 32.71413 ], [ -96.73923, 32.71401 ], [ -96.73866, 32.71329 ], [ -96.73848, 32.71289 ], [ -96.73808, 32.71236 ], [ -96.73753, 32.71134 ], [ -96.73737, 32.7114 ], [ -96.73721, 32.71212 ], [ -96.73719, 32.71277 ], [ -96.7376, 32.71377 ], [ -96.73772, 32.71379 ], [ -96.73827, 32.7135 ], [ -96.7386, 32.71344 ], [ -96.73842, 32.7138 ], [ -96.73779, 32.71394 ], [ -96.73773, 32.7141 ], [ -96.73799, 32.71461 ], [ -96.73849, 32.71449 ], [ -96.73853, 32.71461 ], [ -96.73813, 32.71482 ], [ -96.73856, 32.71554 ], [ -96.73888, 32.71559 ], [ -96.73914, 32.71542 ], [ -96.73951, 32.71528 ], [ -96.7395, 32.71542 ], [ -96.73861, 32.71585 ], [ -96.73815, 32.71582 ], [ -96.73763, 32.71552 ], [ -96.73757, 32.71522 ], [ -96.73727, 32.71459 ], [ -96.7366, 32.71378 ], [ -96.73659, 32.71349 ], [ -96.73636, 32.71264 ], [ -96.73654, 32.71221 ], [ -96.7365, 32.71183 ], [ -96.7364, 32.71157 ], [ -96.73646, 32.71125 ], [ -96.73684, 32.71072 ], [ -96.73687, 32.71006 ], [ -96.73706, 32.70897 ], [ -96.73689, 32.70808 ], [ -96.73718, 32.70766 ], [ -96.73751, 32.70765 ], [ -96.73776, 32.70781 ], [ -96.73763, 32.70816 ], [ -96.73762, 32.70957 ], [ -96.73777, 32.71015 ], [ -96.73777, 32.71043 ], [ -96.73862, 32.71191 ], [ -96.73894, 32.7121 ], [ -96.73907, 32.71269 ], [ -96.7398, 32.71365 ], [ -96.73999, 32.71374 ], [ -96.73991, 32.71395 ], [ -96.74061, 32.71585 ], [ -96.7399, 32.71643 ], [ -96.74003, 32.71616 ] ] ] } },
{ "type": "Feature", "properties": { "element": "way", "id": 1161086630 }, "geometry": { "type": "Polygon", "coordinates": [ [ [ -96.74554, 32.71928 ], [ -96.7462, 32.71936 ], [ -96.74664, 32.71919 ], [ -96.74767, 32.71862 ], [ -96.74788, 32.71857 ], [ -96.74809, 32.71883 ], [ -96.74811, 32.71893 ], [ -96.7455, 32.72012 ], [ -96.74528, 32.71972 ], [ -96.745, 32.71986 ], [ -96.7452, 32.72029 ], [ -96.74491, 32.72048 ], [ -96.74452, 32.72046 ], [ -96.74422, 32.71998 ], [ -96.74384, 32.71972 ], [ -96.74402, 32.71957 ], [ -96.7444, 32.71955 ], [ -96.74554, 32.71928 ] ] ] } },
{ "type": "Feature", "properties": { "element": "way", "id": 971467089 }, "geometry": { "type": "Polygon", "coordinates": [ [ [ -96.74031, 32.71714 ], [ -96.74059, 32.71747 ], [ -96.74099, 32.71819 ], [ -96.74157, 32.71878 ], [ -96.74211, 32.71964 ], [ -96.74304, 32.7206 ], [ -96.74335, 32.72072 ], [ -96.74377, 32.72101 ], [ -96.74417, 32.72161 ], [ -96.74453, 32.7218 ], [ -96.74519, 32.72244 ], [ -96.74547, 32.72258 ], [ -96.74574, 32.72265 ], [ -96.74568, 32.72284 ], [ -96.74489, 32.72271 ], [ -96.74453, 32.72255 ], [ -96.74174, 32.72023 ], [ -96.74118, 32.71937 ], [ -96.74024, 32.71843 ], [ -96.73974, 32.71745 ], [ -96.73968, 32.71729 ], [ -96.7399, 32.71707 ], [ -96.73994, 32.71694 ], [ -96.74006, 32.7169 ], [ -96.74015, 32.71699 ], [ -96.74047, 32.71695 ], [ -96.74031, 32.71714 ] ] ] } },
{ "type": "Feature", "properties": { "element": "way", "id": 971467088 }, "geometry": { "type": "Polygon", "coordinates": [ [ [ -96.75372, 32.7255 ], [ -96.75335, 32.72555 ], [ -96.75212, 32.72485 ], [ -96.75173, 32.72454 ], [ -96.75034, 32.72374 ], [ -96.74929, 32.72347 ], [ -96.7484, 32.72335 ], [ -96.7473, 32.72286 ], [ -96.74644, 32.7226 ], [ -96.74589, 32.72247 ], [ -96.74578, 32.72254 ], [ -96.74566, 32.72254 ], [ -96.74551, 32.72245 ], [ -96.74555, 32.72227 ], [ -96.74532, 32.72199 ], [ -96.74533, 32.72185 ], [ -96.74544, 32.72175 ], [ -96.74758, 32.72245 ], [ -96.74947, 32.72283 ], [ -96.75061, 32.72322 ], [ -96.75104, 32.72359 ], [ -96.75235, 32.72421 ], [ -96.75294, 32.72458 ], [ -96.75337, 32.72495 ], [ -96.75359, 32.72501 ], [ -96.75372, 32.72533 ], [ -96.75372, 32.7255 ] ] ] } },
{ "type": "Feature", "properties": { "element": "way", "id": 952979247 }, "geometry": { "type": "Polygon", "coordinates": [ [ [ -96.75743, 32.72712 ], [ -96.75692, 32.72737 ], [ -96.75619, 32.72732 ], [ -96.75556, 32.7274 ], [ -96.75534, 32.72727 ], [ -96.75524, 32.72697 ], [ -96.7555, 32.72651 ], [ -96.75514, 32.72619 ], [ -96.75514, 32.72595 ], [ -96.75525, 32.72564 ], [ -96.75582, 32.72557 ], [ -96.75654, 32.72589 ], [ -96.75693, 32.72594 ], [ -96.7575, 32.72581 ], [ -96.7577, 32.72589 ], [ -96.7576, 32.72615 ], [ -96.75761, 32.72684 ], [ -96.75743, 32.72712 ] ] ] } },
{ "type": "Feature", "properties": { "element": "way", "id": 952979246 }, "geometry": { "type": "Polygon", "coordinates": [ [ [ -96.76189, 32.72702 ], [ -96.75897, 32.72712 ], [ -96.75879, 32.72702 ], [ -96.75867, 32.72662 ], [ -96.75874, 32.72604 ], [ -96.75909, 32.72592 ], [ -96.75962, 32.72597 ], [ -96.76198, 32.72671 ], [ -96.76214, 32.72701 ], [ -96.76206, 32.72716 ], [ -96.76189, 32.72702 ] ] ] } },
{ "type": "Feature", "properties": { "element": "relation", "id": 4049992 }, "geometry": { "type": "Polygon", "coordinates": [ [ [ -96.7437, 32.7379 ], [ -96.7432, 32.73804 ], [ -96.74267, 32.73803 ], [ -96.74201, 32.73811 ], [ -96.74079, 32.73859 ], [ -96.7404, 32.73861 ], [ -96.74021, 32.73851 ], [ -96.74026, 32.7383 ], [ -96.74045, 32.7383 ], [ -96.74056, 32.73817 ], [ -96.74043, 32.73803 ], [ -96.74024, 32.73801 ], [ -96.7401, 32.73811 ], [ -96.73992, 32.73808 ], [ -96.73985, 32.73783 ], [ -96.73985, 32.73754 ], [ -96.73973, 32.73724 ], [ -96.73974, 32.73509 ], [ -96.73984, 32.73483 ], [ -96.7401, 32.73468 ], [ -96.74114, 32.73494 ], [ -96.7419, 32.73505 ], [ -96.74238, 32.73502 ], [ -96.74255, 32.73483 ], [ -96.74265, 32.73439 ], [ -96.7428, 32.7342 ], [ -96.74317, 32.73403 ], [ -96.7437, 32.73404 ], [ -96.74399, 32.73414 ], [ -96.74421, 32.7348 ], [ -96.74431, 32.73541 ], [ -96.74426, 32.73607 ], [ -96.74429, 32.73631 ], [ -96.74411, 32.73652 ], [ -96.74413, 32.73726 ], [ -96.74392, 32.73774 ], [ -96.7437, 32.7379 ] ], [ [ -96.74322, 32.73668 ], [ -96.7436, 32.73653 ], [ -96.74388, 32.73625 ], [ -96.74381, 32.73612 ], [ -96.74376, 32.7358 ], [ -96.74357, 32.73559 ], [ -96.74313, 32.73531 ], [ -96.74284, 32.7352 ], [ -96.74191, 32.73523 ], [ -96.74167, 32.73527 ], [ -96.74126, 32.73549 ], [ -96.74119, 32.73587 ], [ -96.74123, 32.73614 ], [ -96.74133, 32.73629 ], [ -96.74173, 32.73655 ], [ -96.742, 32.73666 ], [ -96.74272, 32.73675 ], [ -96.74322, 32.73668 ] ] ] } },
{ "type": "Feature", "properties": { "element": "way", "id": 1359794310 }, "geometry": { "type": "Polygon", "coordinates": [ [ [ -96.77217, 32.7329 ], [ -96.77237, 32.73319 ], [ -96.77236, 32.73324 ], [ -96.77202, 32.7334 ], [ -96.77196, 32.73339 ], [ -96.77176, 32.7331 ], [ -96.77178, 32.73305 ], [ -96.77211, 32.73288 ], [ -96.77217, 32.7329 ] ] ] } },
{ "type": "Feature", "properties": { "element": "way", "id": 1359794309 }, "geometry": { "type": "Polygon", "coordinates": [ [ [ -96.77174, 32.7331 ], [ -96.77194, 32.73339 ], [ -96.77193, 32.73344 ], [ -96.77159, 32.7336 ], [ -96.77152, 32.73359 ], [ -96.77133, 32.7333 ], [ -96.77134, 32.73325 ], [ -96.77168, 32.73309 ], [ -96.77174, 32.7331 ] ] ] } },
{ "type": "Feature", "properties": { "element": "way", "id": 1359794306 }, "geometry": { "type": "Polygon", "coordinates": [ [ [ -96.77145, 32.73319 ], [ -96.7713, 32.7333 ], [ -96.77122, 32.7333 ], [ -96.77045, 32.73368 ], [ -96.77037, 32.73358 ], [ -96.77138, 32.73308 ], [ -96.77145, 32.73319 ] ] ] } },
{ "type": "Feature", "properties": { "element": "way", "id": 1359794299 }, "geometry": { "type": "Polygon", "coordinates": [ [ [ -96.77301, 32.73322 ], [ -96.77321, 32.73351 ], [ -96.7732, 32.73356 ], [ -96.77286, 32.73372 ], [ -96.7728, 32.73371 ], [ -96.7726, 32.73342 ], [ -96.77262, 32.73337 ], [ -96.77295, 32.73321 ], [ -96.77301, 32.73322 ] ] ] } },
{ "type": "Feature", "properties": { "element": "way", "id": 1359794297 }, "geometry": { "type": "Polygon", "coordinates": [ [ [ -96.77249, 32.73341 ], [ -96.77169, 32.73379 ], [ -96.77158, 32.73363 ], [ -96.77238, 32.73324 ], [ -96.77249, 32.73341 ] ] ] } },
{ "type": "Feature", "properties": { "element": "way", "id": 1359794308 }, "geometry": { "type": "Polygon", "coordinates": [ [ [ -96.77128, 32.73333 ], [ -96.77148, 32.73362 ], [ -96.77147, 32.73367 ], [ -96.77113, 32.73383 ], [ -96.77107, 32.73382 ], [ -96.77087, 32.73353 ], [ -96.77089, 32.73348 ], [ -96.77122, 32.73331 ], [ -96.77128, 32.73333 ] ] ] } },
{ "type": "Feature", "properties": { "element": "way", "id": 1359794300 }, "geometry": { "type": "Polygon", "coordinates": [ [ [ -96.77254, 32.73344 ], [ -96.77274, 32.73374 ], [ -96.77273, 32.73378 ], [ -96.77239, 32.73395 ], [ -96.77233, 32.73393 ], [ -96.77213, 32.73364 ], [ -96.77215, 32.73359 ], [ -96.77249, 32.73343 ], [ -96.77254, 32.73344 ] ] ] } },
{ "type": "Feature", "properties": { "element": "way", "id": 1359794307 }, "geometry": { "type": "Polygon", "coordinates": [ [ [ -96.77086, 32.73355 ], [ -96.77106, 32.73384 ], [ -96.77105, 32.73389 ], [ -96.77071, 32.73405 ], [ -96.77064, 32.73404 ], [ -96.77045, 32.73375 ], [ -96.77046, 32.7337 ], [ -96.7708, 32.73354 ], [ -96.77086, 32.73355 ] ] ] } },
{ "type": "Feature", "properties": { "element": "way", "id": 1359794301 }, "geometry": { "type": "Polygon", "coordinates": [ [ [ -96.77212, 32.73365 ], [ -96.77232, 32.73394 ], [ -96.7723, 32.73399 ], [ -96.77197, 32.73415 ], [ -96.7719, 32.73414 ], [ -96.7717, 32.73385 ], [ -96.77172, 32.7338 ], [ -96.77206, 32.73363 ], [ -96.77212, 32.73365 ] ] ] } },
{ "type": "Feature", "properties": { "element": "way", "id": 1359794369 }, "geometry": { "type": "Polygon", "coordinates": [ [ [ -96.77488, 32.73364 ], [ -96.77473, 32.73371 ], [ -96.77412, 32.73283 ], [ -96.77427, 32.73275 ], [ -96.77488, 32.73364 ] ] ] } },
{ "type": "Feature", "properties": { "element": "way", "id": 1359794378 }, "geometry": { "type": "Polygon", "coordinates": [ [ [ -96.77412, 32.73314 ], [ -96.77412, 32.73332 ], [ -96.77399, 32.73347 ], [ -96.77378, 32.7335 ], [ -96.77367, 32.73347 ], [ -96.77353, 32.73334 ], [ -96.77351, 32.73325 ], [ -96.77358, 32.73307 ], [ -96.77376, 32.73298 ], [ -96.77398, 32.73301 ], [ -96.77412, 32.73314 ] ] ] } },
{ "type": "Feature", "properties": { "element": "way", "id": 1359794377 }, "geometry": { "type": "Polygon", "coordinates": [ [ [ -96.77447, 32.73366 ], [ -96.77448, 32.73384 ], [ -96.77434, 32.73398 ], [ -96.77413, 32.73402 ], [ -96.77403, 32.73399 ], [ -96.77389, 32.73385 ], [ -96.77386, 32.73376 ], [ -96.77393, 32.73359 ], [ -96.77412, 32.73349 ], [ -96.77433, 32.73352 ], [ -96.77447, 32.73366 ] ] ] } },
{ "type": "Feature", "properties": { "element": "way", "id": 1359794296 }, "geometry": { "type": "Polygon", "coordinates": [ [ [ -96.7716, 32.73383 ], [ -96.77081, 32.73423 ], [ -96.7707, 32.73407 ], [ -96.77149, 32.73368 ], [ -96.7716, 32.73383 ] ] ] } },
{ "type": "Feature", "properties": { "element": "way", "id": 1359794305 }, "geometry": { "type": "Polygon", "coordinates": [ [ [ -96.7704, 32.73377 ], [ -96.7706, 32.73406 ], [ -96.77059, 32.73411 ], [ -96.77025, 32.73427 ], [ -96.77019, 32.73425 ], [ -96.76999, 32.73397 ], [ -96.77, 32.73391 ], [ -96.77034, 32.73375 ], [ -96.7704, 32.73377 ] ] ] } },
{ "type": "Feature", "properties": { "element": "way", "id": 1359794302 }, "geometry": { "type": "Polygon", "coordinates": [ [ [ -96.77167, 32.73388 ], [ -96.77187, 32.73417 ], [ -96.77185, 32.73422 ], [ -96.77151, 32.73438 ], [ -96.77145, 32.73436 ], [ -96.77125, 32.73408 ], [ -96.77127, 32.73402 ], [ -96.77161, 32.73386 ], [ -96.77167, 32.73388 ] ] ] } },
{ "type": "Feature", "properties": { "element": "way", "id": 1359794303 }, "geometry": { "type": "Polygon", "coordinates": [ [ [ -96.77124, 32.73408 ], [ -96.77144, 32.73437 ], [ -96.77142, 32.73442 ], [ -96.77109, 32.73459 ], [ -96.77102, 32.73457 ], [ -96.77082, 32.73428 ], [ -96.77084, 32.73423 ], [ -96.77118, 32.73407 ], [ -96.77124, 32.73408 ] ] ] } },
{ "type": "Feature", "properties": { "element": "way", "id": 27449496 }, "geometry": { "type": "Polygon", "coordinates": [ [ [ -96.76762, 32.73563 ], [ -96.7661, 32.73483 ], [ -96.76565, 32.73385 ], [ -96.7655, 32.73335 ], [ -96.76563, 32.7333 ], [ -96.76665, 32.73447 ], [ -96.76786, 32.73567 ], [ -96.76762, 32.73563 ] ] ] } },
{ "type": "Feature", "properties": { "element": "way", "id": 1359794304 }, "geometry": { "type": "Polygon", "coordinates": [ [ [ -96.77077, 32.73431 ], [ -96.77097, 32.7346 ], [ -96.77095, 32.73465 ], [ -96.77062, 32.73482 ], [ -96.77055, 32.7348 ], [ -96.77035, 32.73451 ], [ -96.77037, 32.73446 ], [ -96.77071, 32.7343 ], [ -96.77077, 32.73431 ] ] ] } },
{ "type": "Feature", "properties": { "element": "way", "id": 1359794384 }, "geometry": { "type": "Polygon", "coordinates": [ [ [ -96.77244, 32.73613 ], [ -96.7724, 32.73637 ], [ -96.77224, 32.73646 ], [ -96.77204, 32.73643 ], [ -96.77191, 32.73631 ], [ -96.77191, 32.73614 ], [ -96.77212, 32.73599 ], [ -96.77232, 32.73601 ], [ -96.77244, 32.73613 ] ] ] } },
{ "type": "Feature", "properties": { "element": "way", "id": 1359794383 }, "geometry": { "type": "Polygon", "coordinates": [ [ [ -96.77192, 32.73648 ], [ -96.77186, 32.73664 ], [ -96.77169, 32.73672 ], [ -96.7715, 32.7367 ], [ -96.77137, 32.73657 ], [ -96.77137, 32.73641 ], [ -96.77149, 32.73628 ], [ -96.77177, 32.73628 ], [ -96.77192, 32.73648 ] ] ] } },
{ "type": "Feature", "properties": { "element": "way", "id": 1359794382 }, "geometry": { "type": "Polygon", "coordinates": [ [ [ -96.77279, 32.73663 ], [ -96.77275, 32.73687 ], [ -96.77258, 32.73696 ], [ -96.77239, 32.73693 ], [ -96.77226, 32.73681 ], [ -96.77225, 32.73664 ], [ -96.77238, 32.73652 ], [ -96.77266, 32.73651 ], [ -96.77279, 32.73663 ] ] ] } },
{ "type": "Feature", "properties": { "element": "way", "id": 1359794381 }, "geometry": { "type": "Polygon", "coordinates": [ [ [ -96.77224, 32.7369 ], [ -96.7722, 32.73714 ], [ -96.77203, 32.73722 ], [ -96.77184, 32.7372 ], [ -96.77169, 32.73699 ], [ -96.77175, 32.73684 ], [ -96.77192, 32.73675 ], [ -96.77211, 32.73678 ], [ -96.77224, 32.7369 ] ] ] } },
{ "type": "Feature", "properties": { "element": "relation", "id": 254084 }, "geometry": { "type": "Polygon", "coordinates": [ [ [ -96.9802, 32.64178 ], [ -96.97982, 32.64166 ], [ -96.97942, 32.64135 ], [ -96.97912, 32.64133 ], [ -96.97828, 32.64056 ], [ -96.97775, 32.64042 ], [ -96.97685, 32.63961 ], [ -96.97672, 32.63928 ], [ -96.97703, 32.63908 ], [ -96.97717, 32.63919 ], [ -96.97719, 32.63921 ], [ -96.9772, 32.63921 ], [ -96.97724, 32.63923 ], [ -96.97731, 32.63911 ], [ -96.97732, 32.6391 ], [ -96.97749, 32.63908 ], [ -96.97758, 32.63918 ], [ -96.97763, 32.63921 ], [ -96.9777, 32.63931 ], [ -96.97773, 32.63927 ], [ -96.9778, 32.63923 ], [ -96.97782, 32.63914 ], [ -96.97789, 32.63904 ], [ -96.97795, 32.639 ], [ -96.97809, 32.63895 ], [ -96.97822, 32.6389 ], [ -96.97855, 32.63884 ], [ -96.97952, 32.63907 ], [ -96.98, 32.63904 ], [ -96.98013, 32.63895 ], [ -96.98022, 32.63894 ], [ -96.98029, 32.63882 ], [ -96.98039, 32.63874 ], [ -96.98047, 32.63861 ], [ -96.98059, 32.6385 ], [ -96.98051, 32.63847 ], [ -96.98041, 32.63834 ], [ -96.98033, 32.63816 ], [ -96.98022, 32.63813 ], [ -96.98018, 32.63808 ], [ -96.98005, 32.63789 ], [ -96.98011, 32.63786 ], [ -96.98001, 32.63778 ], [ -96.97995, 32.63769 ], [ -96.97986, 32.63754 ], [ -96.9798, 32.63749 ], [ -96.9799, 32.63732 ], [ -96.98027, 32.63733 ], [ -96.98058, 32.63716 ], [ -96.9808, 32.63696 ], [ -96.98086, 32.63698 ], [ -96.98095, 32.63693 ], [ -96.98095, 32.63682 ], [ -96.98114, 32.63664 ], [ -96.98116, 32.63662 ], [ -96.98127, 32.63651 ], [ -96.9814, 32.63628 ], [ -96.98132, 32.63605 ], [ -96.98128, 32.63592 ], [ -96.98115, 32.63576 ], [ -96.981, 32.63556 ], [ -96.98108, 32.63541 ], [ -96.98097, 32.63532 ], [ -96.98086, 32.63539 ], [ -96.98068, 32.63513 ], [ -96.98053, 32.6349 ], [ -96.98044, 32.63465 ], [ -96.98027, 32.63445 ], [ -96.98015, 32.63425 ], [ -96.9801, 32.63396 ], [ -96.98012, 32.63394 ], [ -96.98013, 32.63394 ], [ -96.98033, 32.63406 ], [ -96.98042, 32.63405 ], [ -96.98049, 32.63405 ], [ -96.98061, 32.63406 ], [ -96.98066, 32.63385 ], [ -96.98079, 32.63374 ], [ -96.98085, 32.63347 ], [ -96.98092, 32.63314 ], [ -96.98087, 32.63284 ], [ -96.98085, 32.63275 ], [ -96.98087, 32.63269 ], [ -96.98082, 32.63254 ], [ -96.98081, 32.63244 ], [ -96.98074, 32.63231 ], [ -96.98071, 32.63223 ], [ -96.98071, 32.63214 ], [ -96.98071, 32.6321 ], [ -96.98081, 32.63198 ], [ -96.98081, 32.63197 ], [ -96.98084, 32.63197 ], [ -96.98113, 32.632 ], [ -96.98204, 32.63246 ], [ -96.98232, 32.63277 ], [ -96.98233, 32.63278 ], [ -96.98238, 32.63289 ], [ -96.98243, 32.63294 ], [ -96.98247, 32.63299 ], [ -96.98252, 32.6331 ], [ -96.98259, 32.63316 ], [ -96.98266, 32.63327 ], [ -96.9827, 32.63327 ], [ -96.98271, 32.63328 ], [ -96.98283, 32.63331 ], [ -96.9829, 32.63322 ], [ -96.98291, 32.63301 ], [ -96.98292, 32.63288 ], [ -96.98303, 32.63275 ], [ -96.98321, 32.63267 ], [ -96.98338, 32.6326 ], [ -96.98353, 32.63254 ], [ -96.98367, 32.63247 ], [ -96.9838, 32.63242 ], [ -96.98405, 32.6323 ], [ -96.98413, 32.6322 ], [ -96.98418, 32.63203 ], [ -96.98407, 32.63191 ], [ -96.984, 32.63189 ], [ -96.984, 32.63188 ], [ -96.98398, 32.63188 ], [ -96.98391, 32.63186 ], [ -96.98378, 32.63178 ], [ -96.98361, 32.6318 ], [ -96.98337, 32.6317 ], [ -96.98324, 32.63168 ], [ -96.98317, 32.63165 ], [ -96.98291, 32.63167 ], [ -96.98292, 32.63174 ], [ -96.98264, 32.63175 ], [ -96.98246, 32.63174 ], [ -96.98236, 32.63158 ], [ -96.9823, 32.63146 ], [ -96.98228, 32.63131 ], [ -96.98234, 32.63118 ], [ -96.98253, 32.63105 ], [ -96.98277, 32.63101 ], [ -96.9829, 32.63101 ], [ -96.98308, 32.63092 ], [ -96.98313, 32.63082 ], [ -96.98316, 32.63079 ], [ -96.98332, 32.63071 ], [ -96.98341, 32.63069 ], [ -96.98355, 32.6306 ], [ -96.98374, 32.63059 ], [ -96.98391, 32.63054 ], [ -96.98401, 32.63048 ], [ -96.98405, 32.63045 ], [ -96.98419, 32.63036 ], [ -96.98434, 32.63031 ], [ -96.98454, 32.63024 ], [ -96.98474, 32.6301 ], [ -96.98484, 32.62989 ], [ -96.98474, 32.62972 ], [ -96.98458, 32.62955 ], [ -96.98447, 32.62939 ], [ -96.98436, 32.62934 ], [ -96.98423, 32.62912 ], [ -96.98422, 32.62911 ], [ -96.98418, 32.62891 ], [ -96.98403, 32.62873 ], [ -96.98387, 32.62854 ], [ -96.98371, 32.62848 ], [ -96.9836, 32.62838 ], [ -96.98353, 32.62841 ], [ -96.98348, 32.62839 ], [ -96.9834, 32.6283 ], [ -96.98347, 32.62805 ], [ -96.98296, 32.62762 ], [ -96.9829, 32.62764 ], [ -96.98289, 32.62763 ], [ -96.98258, 32.6276 ], [ -96.98256, 32.62759 ], [ -96.98247, 32.62746 ], [ -96.98248, 32.62719 ], [ -96.9824, 32.62702 ], [ -96.98228, 32.62695 ], [ -96.9822, 32.62661 ], [ -96.98222, 32.6263 ], [ -96.98208, 32.62611 ], [ -96.98217, 32.62589 ], [ -96.98213, 32.62582 ], [ -96.98215, 32.62569 ], [ -96.98219, 32.6256 ], [ -96.98227, 32.62558 ], [ -96.98236, 32.62553 ], [ -96.98235, 32.62549 ], [ -96.98244, 32.62532 ], [ -96.98235, 32.6252 ], [ -96.98241, 32.62515 ], [ -96.98247, 32.62512 ], [ -96.98245, 32.62499 ], [ -96.98258, 32.6249 ], [ -96.98269, 32.62469 ], [ -96.98259, 32.62454 ], [ -96.98251, 32.62442 ], [ -96.98268, 32.6243 ], [ -96.98257, 32.62413 ], [ -96.98257, 32.62413 ], [ -96.98267, 32.62408 ], [ -96.98271, 32.62413 ], [ -96.98299, 32.62429 ], [ -96.98299, 32.62429 ], [ -96.98301, 32.62431 ], [ -96.98301, 32.62431 ], [ -96.98301, 32.62431 ], [ -96.98319, 32.6244 ], [ -96.98323, 32.62445 ], [ -96.98325, 32.62453 ], [ -96.98321, 32.62461 ], [ -96.98317, 32.62473 ], [ -96.98326, 32.62485 ], [ -96.9834, 32.6249 ], [ -96.98353, 32.62496 ], [ -96.98362, 32.62509 ], [ -96.98383, 32.62522 ], [ -96.984, 32.62548 ], [ -96.98401, 32.62549 ], [ -96.98404, 32.62555 ], [ -96.98418, 32.62557 ], [ -96.98429, 32.62562 ], [ -96.98457, 32.62583 ], [ -96.98432, 32.62606 ], [ -96.98427, 32.62602 ], [ -96.98417, 32.62611 ], [ -96.98436, 32.62627 ], [ -96.98449, 32.62608 ], [ -96.98479, 32.62603 ], [ -96.98485, 32.62608 ], [ -96.98493, 32.62616 ], [ -96.98497, 32.62617 ], [ -96.98543, 32.62651 ], [ -96.98595, 32.62667 ], [ -96.98597, 32.62667 ], [ -96.98611, 32.62671 ], [ -96.98625, 32.62674 ], [ -96.98634, 32.62674 ], [ -96.98641, 32.62679 ], [ -96.98649, 32.6268 ], [ -96.98652, 32.62674 ], [ -96.98665, 32.62664 ], [ -96.98673, 32.62659 ], [ -96.98681, 32.62656 ], [ -96.9869, 32.62654 ], [ -96.98706, 32.6265 ], [ -96.98703, 32.62639 ], [ -96.98706, 32.62631 ], [ -96.98712, 32.62629 ], [ -96.98734, 32.62636 ], [ -96.98737, 32.62638 ], [ -96.98742, 32.62645 ], [ -96.98744, 32.62652 ], [ -96.98754, 32.62661 ], [ -96.98769, 32.62662 ], [ -96.98787, 32.62658 ], [ -96.98804, 32.62658 ], [ -96.98827, 32.62655 ], [ -96.98841, 32.62654 ], [ -96.98854, 32.62647 ], [ -96.9887, 32.62643 ], [ -96.98886, 32.62635 ], [ -96.98912, 32.62628 ], [ -96.98923, 32.62621 ], [ -96.98941, 32.62628 ], [ -96.98954, 32.62616 ], [ -96.98958, 32.62614 ], [ -96.98984, 32.62611 ], [ -96.98987, 32.62607 ], [ -96.98998, 32.626 ], [ -96.99004, 32.62594 ], [ -96.99007, 32.6259 ], [ -96.99029, 32.62579 ], [ -96.99041, 32.6257 ], [ -96.99065, 32.62559 ], [ -96.9907, 32.62554 ], [ -96.99082, 32.62551 ], [ -96.99098, 32.62544 ], [ -96.99123, 32.62542 ], [ -96.99154, 32.62541 ], [ -96.99188, 32.62539 ], [ -96.99202, 32.62536 ], [ -96.9921, 32.62529 ], [ -96.99227, 32.62526 ], [ -96.99246, 32.62515 ], [ -96.99256, 32.62503 ], [ -96.99266, 32.62499 ], [ -96.99275, 32.62489 ], [ -96.99285, 32.62479 ], [ -96.99286, 32.62462 ], [ -96.99287, 32.62443 ], [ -96.99283, 32.6243 ], [ -96.99259, 32.62412 ], [ -96.9923, 32.62397 ], [ -96.99209, 32.62389 ], [ -96.99205, 32.62389 ], [ -96.99167, 32.6237 ], [ -96.99149, 32.62341 ], [ -96.9915, 32.6234 ], [ -96.99175, 32.62337 ], [ -96.99198, 32.62324 ], [ -96.99213, 32.62313 ], [ -96.99216, 32.62294 ], [ -96.99212, 32.62273 ], [ -96.99215, 32.62255 ], [ -96.99217, 32.62225 ], [ -96.99207, 32.62199 ], [ -96.99192, 32.62177 ], [ -96.9917, 32.62168 ], [ -96.99149, 32.62165 ], [ -96.99147, 32.62145 ], [ -96.9915, 32.62126 ], [ -96.99162, 32.62115 ], [ -96.99186, 32.62098 ], [ -96.99198, 32.62077 ], [ -96.99202, 32.62054 ], [ -96.99203, 32.62033 ], [ -96.99202, 32.62015 ], [ -96.99206, 32.62003 ], [ -96.99192, 32.61983 ], [ -96.99176, 32.61925 ], [ -96.99166, 32.61913 ], [ -96.99157, 32.61915 ], [ -96.99156, 32.61908 ], [ -96.99133, 32.6192 ], [ -96.99116, 32.61917 ], [ -96.99112, 32.61914 ], [ -96.99105, 32.61915 ], [ -96.99088, 32.61912 ], [ -96.99072, 32.61918 ], [ -96.9903, 32.61917 ], [ -96.99, 32.61912 ], [ -96.98976, 32.61913 ], [ -96.98906, 32.61913 ], [ -96.98892, 32.61917 ], [ -96.98888, 32.61918 ], [ -96.98876, 32.61916 ], [ -96.9886, 32.6191 ], [ -96.98852, 32.6191 ], [ -96.98848, 32.61913 ], [ -96.98846, 32.61913 ], [ -96.98844, 32.61906 ], [ -96.98847, 32.61897 ], [ -96.98868, 32.61874 ], [ -96.98892, 32.61868 ], [ -96.98903, 32.61857 ], [ -96.98903, 32.61854 ], [ -96.98913, 32.61846 ], [ -96.98927, 32.61842 ], [ -96.98936, 32.61844 ], [ -96.98961, 32.61846 ], [ -96.98977, 32.61835 ], [ -96.98989, 32.61826 ], [ -96.99005, 32.61821 ], [ -96.99011, 32.61813 ], [ -96.99017, 32.61804 ], [ -96.99031, 32.61797 ], [ -96.99043, 32.61783 ], [ -96.9905, 32.61777 ], [ -96.99064, 32.61768 ], [ -96.99084, 32.61753 ], [ -96.99117, 32.61742 ], [ -96.99137, 32.61727 ], [ -96.99166, 32.61701 ], [ -96.99177, 32.61696 ], [ -96.99195, 32.61699 ], [ -96.99201, 32.61704 ], [ -96.99209, 32.61707 ], [ -96.99219, 32.61712 ], [ -96.99225, 32.61712 ], [ -96.9924, 32.61717 ], [ -96.99305, 32.61722 ], [ -96.99349, 32.61713 ], [ -96.99374, 32.61704 ], [ -96.99396, 32.61672 ], [ -96.99391, 32.61665 ], [ -96.9939, 32.61643 ], [ -96.99371, 32.61626 ], [ -96.99358, 32.61618 ], [ -96.99352, 32.61607 ], [ -96.99331, 32.61597 ], [ -96.99308, 32.61577 ], [ -96.99317, 32.61556 ], [ -96.99315, 32.61509 ], [ -96.99302, 32.61493 ], [ -96.99302, 32.61492 ], [ -96.99302, 32.61492 ], [ -96.99296, 32.61485 ], [ -96.9929, 32.61485 ], [ -96.99279, 32.61478 ], [ -96.99261, 32.61445 ], [ -96.99275, 32.61416 ], [ -96.99274, 32.61413 ], [ -96.99296, 32.61411 ], [ -96.99308, 32.61395 ], [ -96.99315, 32.61394 ], [ -96.99315, 32.61385 ], [ -96.99296, 32.61366 ], [ -96.99296, 32.61354 ], [ -96.99321, 32.61351 ], [ -96.99324, 32.61337 ], [ -96.99354, 32.61333 ], [ -96.99381, 32.61347 ], [ -96.99371, 32.61362 ], [ -96.99365, 32.61359 ], [ -96.99358, 32.61369 ], [ -96.99381, 32.61381 ], [ -96.99394, 32.61353 ], [ -96.99397, 32.61355 ], [ -96.99425, 32.61377 ], [ -96.99418, 32.61398 ], [ -96.99426, 32.61402 ], [ -96.99425, 32.61409 ], [ -96.99443, 32.61415 ], [ -96.99453, 32.61417 ], [ -96.99472, 32.61416 ], [ -96.99479, 32.6142 ], [ -96.99484, 32.6142 ], [ -96.99509, 32.61436 ], [ -96.99497, 32.61448 ], [ -96.99498, 32.61453 ], [ -96.99516, 32.61452 ], [ -96.99528, 32.61454 ], [ -96.99535, 32.61456 ], [ -96.99547, 32.61469 ], [ -96.99554, 32.6147 ], [ -96.99726, 32.61731 ], [ -96.99888, 32.61976 ], [ -96.99942, 32.62058 ], [ -97.0005, 32.62222 ], [ -97.00012, 32.62245 ], [ -96.99989, 32.62269 ], [ -96.99982, 32.62273 ], [ -96.99979, 32.6228 ], [ -96.99967, 32.62293 ], [ -96.99958, 32.623 ], [ -96.99954, 32.62307 ], [ -96.99939, 32.62326 ], [ -96.99939, 32.62334 ], [ -96.99935, 32.62345 ], [ -96.99932, 32.62362 ], [ -96.99932, 32.62379 ], [ -96.99918, 32.62403 ], [ -96.99912, 32.62424 ], [ -96.9991, 32.62444 ], [ -96.99913, 32.62477 ], [ -96.99916, 32.62484 ], [ -96.99915, 32.62493 ], [ -96.99904, 32.6251 ], [ -96.99901, 32.62523 ], [ -96.999, 32.62528 ], [ -96.99901, 32.62543 ], [ -96.99896, 32.62557 ], [ -96.99893, 32.62583 ], [ -96.99889, 32.6259 ], [ -96.99886, 32.62601 ], [ -96.99889, 32.6261 ], [ -96.99888, 32.6262 ], [ -96.9988, 32.62629 ], [ -96.99864, 32.62644 ], [ -96.99858, 32.62653 ], [ -96.99854, 32.62659 ], [ -96.99854, 32.62668 ], [ -96.99852, 32.6269 ], [ -96.99854, 32.62699 ], [ -96.99851, 32.62709 ], [ -96.99842, 32.62718 ], [ -96.99836, 32.62728 ], [ -96.99833, 32.62739 ], [ -96.99828, 32.62751 ], [ -96.99817, 32.62761 ], [ -96.99805, 32.62768 ], [ -96.99794, 32.62778 ], [ -96.99787, 32.62792 ], [ -96.99784, 32.62814 ], [ -96.99775, 32.62828 ], [ -96.9976, 32.62839 ], [ -96.99749, 32.62851 ], [ -96.9974, 32.62864 ], [ -96.99735, 32.62875 ], [ -96.99725, 32.62884 ], [ -96.99721, 32.62891 ], [ -96.99711, 32.62901 ], [ -96.9969, 32.62911 ], [ -96.99677, 32.62927 ], [ -96.99648, 32.62955 ], [ -96.99622, 32.62977 ], [ -96.99615, 32.62997 ], [ -96.99612, 32.63011 ], [ -96.99612, 32.6303 ], [ -96.99616, 32.63042 ], [ -96.99618, 32.63061 ], [ -96.99623, 32.63087 ], [ -96.99624, 32.63097 ], [ -96.99628, 32.63104 ], [ -96.9963, 32.63115 ], [ -96.99628, 32.63126 ], [ -96.99625, 32.63134 ], [ -96.9963, 32.63142 ], [ -96.99635, 32.63148 ], [ -96.99637, 32.63183 ], [ -96.99639, 32.63194 ], [ -96.99638, 32.63207 ], [ -96.99635, 32.63231 ], [ -96.99637, 32.63243 ], [ -96.99636, 32.63272 ], [ -96.99638, 32.63293 ], [ -96.99634, 32.63303 ], [ -96.99621, 32.63333 ], [ -96.9962, 32.63349 ], [ -96.99626, 32.63359 ], [ -96.99625, 32.63366 ], [ -96.99623, 32.63374 ], [ -96.99624, 32.63391 ], [ -96.99626, 32.63413 ], [ -96.99626, 32.6343 ], [ -96.99625, 32.63448 ], [ -96.99627, 32.63493 ], [ -96.99589, 32.63669 ], [ -96.99575, 32.63739 ], [ -96.99566, 32.63879 ], [ -96.99546, 32.63973 ], [ -96.9943, 32.64068 ], [ -96.9939, 32.64095 ], [ -96.9925, 32.64223 ], [ -96.9919, 32.6428 ], [ -96.991, 32.64278 ], [ -96.99032, 32.64254 ], [ -96.99005, 32.64322 ], [ -96.99, 32.64336 ], [ -96.9802, 32.64178 ] ] ] } },
{ "type": "Feature", "properties": { "element": "way", "id": 417117037 }, "geometry": { "type": "Polygon", "coordinates": [ [ [ -96.97138, 32.63435 ], [ -96.97116, 32.63429 ], [ -96.97084, 32.63404 ], [ -96.9708, 32.63387 ], [ -96.97096, 32.63367 ], [ -96.97104, 32.63368 ], [ -96.97138, 32.634 ], [ -96.97151, 32.63402 ], [ -96.97159, 32.63418 ], [ -96.97151, 32.63432 ], [ -96.97138, 32.63435 ] ] ] } },
{ "type": "Feature", "properties": { "element": "way", "id": 117595807 }, "geometry": { "type": "Polygon", "coordinates": [ [ [ -96.98524, 32.65025 ], [ -96.98569, 32.65007 ], [ -96.98597, 32.65007 ], [ -96.98604, 32.65022 ], [ -96.98582, 32.65034 ], [ -96.98529, 32.65043 ], [ -96.98524, 32.65025 ] ] ] } },
{ "type": "Feature", "properties": { "element": "way", "id": 862745419 }, "geometry": { "type": "Polygon", "coordinates": [ [ [ -96.96437, 32.65361 ], [ -96.96404, 32.65364 ], [ -96.96396, 32.65372 ], [ -96.96371, 32.65364 ], [ -96.96373, 32.65335 ], [ -96.96393, 32.65318 ], [ -96.96412, 32.65276 ], [ -96.9644, 32.65255 ], [ -96.96427, 32.65228 ], [ -96.96412, 32.65212 ], [ -96.96415, 32.65195 ], [ -96.96426, 32.65181 ], [ -96.96437, 32.65182 ], [ -96.96446, 32.65174 ], [ -96.96458, 32.65182 ], [ -96.96466, 32.65182 ], [ -96.96478, 32.65194 ], [ -96.96499, 32.65198 ], [ -96.96533, 32.65191 ], [ -96.96533, 32.6518 ], [ -96.96544, 32.65179 ], [ -96.96545, 32.65185 ], [ -96.96567, 32.65196 ], [ -96.96588, 32.65248 ], [ -96.96603, 32.65263 ], [ -96.96617, 32.6529 ], [ -96.96608, 32.65303 ], [ -96.96542, 32.65341 ], [ -96.96496, 32.65374 ], [ -96.96477, 32.65376 ], [ -96.96437, 32.65361 ] ] ] } },
{ "type": "Feature", "properties": { "element": "way", "id": 860273380 }, "geometry": { "type": "Polygon", "coordinates": [ [ [ -96.95382, 32.6559 ], [ -96.95393, 32.65595 ], [ -96.95395, 32.656 ], [ -96.95388, 32.6561 ], [ -96.95391, 32.65619 ], [ -96.9542, 32.65645 ], [ -96.95412, 32.6565 ], [ -96.95397, 32.65645 ], [ -96.9539, 32.65648 ], [ -96.95382, 32.65676 ], [ -96.95358, 32.65706 ], [ -96.95337, 32.65699 ], [ -96.95334, 32.65694 ], [ -96.95359, 32.65699 ], [ -96.9536, 32.65691 ], [ -96.95372, 32.65678 ], [ -96.95353, 32.65673 ], [ -96.95343, 32.65666 ], [ -96.9534, 32.65649 ], [ -96.95334, 32.65651 ], [ -96.95327, 32.65645 ], [ -96.95333, 32.65637 ], [ -96.95345, 32.65638 ], [ -96.95369, 32.65659 ], [ -96.95381, 32.65654 ], [ -96.95373, 32.65606 ], [ -96.95382, 32.6559 ] ] ] } },
{ "type": "Feature", "properties": { "element": "way", "id": 117750894 }, "geometry": { "type": "Polygon", "coordinates": [ [ [ -96.93928, 32.67214 ], [ -96.93915, 32.67221 ], [ -96.93898, 32.67215 ], [ -96.93892, 32.67206 ], [ -96.93881, 32.67211 ], [ -96.93873, 32.67208 ], [ -96.93863, 32.6719 ], [ -96.93867, 32.67183 ], [ -96.93881, 32.6718 ], [ -96.93869, 32.67164 ], [ -96.93879, 32.67156 ], [ -96.9391, 32.67156 ], [ -96.93937, 32.67162 ], [ -96.93971, 32.67179 ], [ -96.93978, 32.67209 ], [ -96.93952, 32.67215 ], [ -96.93928, 32.67214 ] ] ] } },
{ "type": "Feature", "properties": { "element": "way", "id": 117750420 }, "geometry": { "type": "Polygon", "coordinates": [ [ [ -96.94027, 32.67944 ], [ -96.94053, 32.68004 ], [ -96.94063, 32.68056 ], [ -96.94038, 32.68109 ], [ -96.94026, 32.68113 ], [ -96.93924, 32.68006 ], [ -96.93973, 32.67881 ], [ -96.94027, 32.67944 ] ] ] } },
{ "type": "Feature", "properties": { "element": "way", "id": 733029290 }, "geometry": { "type": "Polygon", "coordinates": [ [ [ -96.96467, 32.68127 ], [ -96.95992, 32.68215 ], [ -96.95998, 32.68171 ], [ -96.96504, 32.68094 ], [ -96.96515, 32.68098 ], [ -96.96504, 32.68126 ], [ -96.96467, 32.68127 ] ] ] } },
{ "type": "Feature", "properties": { "element": "way", "id": 117750419 }, "geometry": { "type": "Polygon", "coordinates": [ [ [ -96.94111, 32.68188 ], [ -96.94113, 32.6818 ], [ -96.9412, 32.6818 ], [ -96.94129, 32.68201 ], [ -96.9413, 32.68225 ], [ -96.94122, 32.68235 ], [ -96.94114, 32.68237 ], [ -96.94083, 32.68217 ], [ -96.94111, 32.68188 ] ] ] } },
{ "type": "Feature", "properties": { "element": "way", "id": 117750898 }, "geometry": { "type": "Polygon", "coordinates": [ [ [ -96.96266, 32.68948 ], [ -96.96253, 32.68942 ], [ -96.96247, 32.68902 ], [ -96.96248, 32.6885 ], [ -96.96265, 32.68845 ], [ -96.9628, 32.68854 ], [ -96.96283, 32.68885 ], [ -96.9629, 32.68885 ], [ -96.9629, 32.68915 ], [ -96.96278, 32.6892 ], [ -96.96279, 32.68943 ], [ -96.96266, 32.68948 ] ] ] } },
{ "type": "Feature", "properties": { "element": "way", "id": 117595820 }, "geometry": { "type": "Polygon", "coordinates": [ [ [ -96.98531, 32.69042 ], [ -96.98533, 32.68918 ], [ -96.98559, 32.68916 ], [ -96.9858, 32.68923 ], [ -96.9858, 32.68947 ], [ -96.98561, 32.68977 ], [ -96.98559, 32.68997 ], [ -96.98572, 32.69012 ], [ -96.98563, 32.6903 ], [ -96.98531, 32.69042 ] ] ] } },
{ "type": "Feature", "properties": { "element": "way", "id": 733025092 }, "geometry": { "type": "Polygon", "coordinates": [ [ [ -96.90932, 32.70133 ], [ -96.90924, 32.70125 ], [ -96.90923, 32.70092 ], [ -96.90932, 32.70085 ], [ -96.91024, 32.70082 ], [ -96.91035, 32.7009 ], [ -96.91037, 32.70138 ], [ -96.90932, 32.70133 ] ] ] } },
{ "type": "Feature", "properties": { "element": "way", "id": 1385110998 }, "geometry": { "type": "Polygon", "coordinates": [ [ [ -96.9807, 32.70256 ], [ -96.98059, 32.70254 ], [ -96.98052, 32.70245 ], [ -96.98045, 32.70233 ], [ -96.98052, 32.70201 ], [ -96.98047, 32.7017 ], [ -96.98109, 32.70126 ], [ -96.98138, 32.70116 ], [ -96.98144, 32.70102 ], [ -96.98171, 32.70098 ], [ -96.98182, 32.70127 ], [ -96.98227, 32.70135 ], [ -96.98231, 32.70142 ], [ -96.98227, 32.70163 ], [ -96.98156, 32.70205 ], [ -96.98103, 32.70245 ], [ -96.9807, 32.70256 ] ] ] } },
{ "type": "Feature", "properties": { "element": "relation", "id": 18202493 }, "geometry": { "type": "Polygon", "coordinates": [ [ [ -96.94352, 32.7067 ], [ -96.94355, 32.70707 ], [ -96.94333, 32.7072 ], [ -96.94312, 32.7072 ], [ -96.94304, 32.70715 ], [ -96.94305, 32.7068 ], [ -96.94324, 32.70651 ], [ -96.94321, 32.70619 ], [ -96.94331, 32.70608 ], [ -96.94347, 32.70609 ], [ -96.94351, 32.70616 ], [ -96.94358, 32.70655 ], [ -96.94352, 32.7067 ] ], [ [ -96.9433, 32.70701 ], [ -96.94339, 32.70695 ], [ -96.94333, 32.7068 ], [ -96.94327, 32.70682 ], [ -96.94323, 32.70697 ], [ -96.9433, 32.70701 ] ] ] } },
{ "type": "Feature", "properties": { "element": "way", "id": 1387342216 }, "geometry": { "type": "Polygon", "coordinates": [ [ [ -96.9514, 32.70766 ], [ -96.95119, 32.70756 ], [ -96.95121, 32.70746 ], [ -96.95137, 32.70739 ], [ -96.95138, 32.70725 ], [ -96.95133, 32.70707 ], [ -96.95101, 32.70685 ], [ -96.95086, 32.70685 ], [ -96.9507, 32.70693 ], [ -96.95075, 32.70676 ], [ -96.95065, 32.70673 ], [ -96.95037, 32.70706 ], [ -96.95025, 32.70708 ], [ -96.95003, 32.70704 ], [ -96.94994, 32.7069 ], [ -96.95021, 32.7068 ], [ -96.95023, 32.70668 ], [ -96.94962, 32.70662 ], [ -96.94922, 32.70644 ], [ -96.9491, 32.70628 ], [ -96.94922, 32.70635 ], [ -96.94945, 32.7063 ], [ -96.94961, 32.70637 ], [ -96.94979, 32.70631 ], [ -96.94986, 32.70643 ], [ -96.95059, 32.70651 ], [ -96.95067, 32.7067 ], [ -96.95077, 32.70674 ], [ -96.95085, 32.70662 ], [ -96.95095, 32.70673 ], [ -96.95128, 32.70679 ], [ -96.95135, 32.70693 ], [ -96.95132, 32.707 ], [ -96.95147, 32.70721 ], [ -96.9517, 32.70714 ], [ -96.95185, 32.70725 ], [ -96.95179, 32.70746 ], [ -96.95161, 32.70756 ], [ -96.95153, 32.70766 ], [ -96.9514, 32.70766 ] ] ] } },
{ "type": "Feature", "properties": { "element": "way", "id": 344218032 }, "geometry": { "type": "Polygon", "coordinates": [ [ [ -96.79984, 32.761 ], [ -96.79949, 32.76132 ], [ -96.79925, 32.76137 ], [ -96.79888, 32.76123 ], [ -96.79843, 32.76092 ], [ -96.79821, 32.76084 ], [ -96.79688, 32.76111 ], [ -96.79669, 32.76109 ], [ -96.79649, 32.76099 ], [ -96.79656, 32.76087 ], [ -96.79702, 32.76073 ], [ -96.79763, 32.76064 ], [ -96.79833, 32.76037 ], [ -96.79853, 32.76018 ], [ -96.79892, 32.76013 ], [ -96.79901, 32.75993 ], [ -96.79874, 32.75982 ], [ -96.79844, 32.75986 ], [ -96.79838, 32.75948 ], [ -96.79811, 32.75927 ], [ -96.797, 32.75864 ], [ -96.79565, 32.75811 ], [ -96.79543, 32.75812 ], [ -96.79527, 32.75804 ], [ -96.79521, 32.75783 ], [ -96.79558, 32.75778 ], [ -96.79602, 32.75789 ], [ -96.79726, 32.75825 ], [ -96.79794, 32.7586 ], [ -96.79893, 32.75929 ], [ -96.7994, 32.75984 ], [ -96.79947, 32.76002 ], [ -96.79934, 32.75999 ], [ -96.79917, 32.76009 ], [ -96.79912, 32.76027 ], [ -96.79925, 32.76026 ], [ -96.79987, 32.76042 ], [ -96.80002, 32.76061 ], [ -96.80001, 32.76076 ], [ -96.79984, 32.761 ] ] ] } },
{ "type": "Feature", "properties": { "element": "way", "id": 1350607360 }, "geometry": { "type": "Polygon", "coordinates": [ [ [ -96.81655, 32.77168 ], [ -96.81667, 32.77155 ], [ -96.8172, 32.77183 ], [ -96.81725, 32.77223 ], [ -96.81732, 32.77236 ], [ -96.81714, 32.77269 ], [ -96.81692, 32.77235 ], [ -96.81655, 32.77216 ], [ -96.81621, 32.7723 ], [ -96.81624, 32.77207 ], [ -96.81618, 32.77185 ], [ -96.81627, 32.77158 ], [ -96.81655, 32.77168 ] ] ] } },
{ "type": "Feature", "properties": { "element": "way", "id": 610129849 }, "geometry": { "type": "Polygon", "coordinates": [ [ [ -96.79789, 32.77667 ], [ -96.79801, 32.7768 ], [ -96.798, 32.77696 ], [ -96.79781, 32.7771 ], [ -96.79757, 32.77707 ], [ -96.79746, 32.77694 ], [ -96.79749, 32.77673 ], [ -96.79765, 32.77664 ], [ -96.79789, 32.77667 ] ] ] } },
{ "type": "Feature", "properties": { "element": "way", "id": 733025113 }, "geometry": { "type": "Polygon", "coordinates": [ [ [ -96.91704, 32.70948 ], [ -96.91689, 32.70948 ], [ -96.91689, 32.70936 ], [ -96.91353, 32.70967 ], [ -96.9106, 32.70882 ], [ -96.90999, 32.70859 ], [ -96.90985, 32.70859 ], [ -96.90918, 32.70893 ], [ -96.9091, 32.70886 ], [ -96.90964, 32.70857 ], [ -96.90976, 32.70844 ], [ -96.91351, 32.70953 ], [ -96.91689, 32.70923 ], [ -96.9169, 32.7086 ], [ -96.91824, 32.70861 ], [ -96.91823, 32.70894 ], [ -96.91704, 32.70948 ] ] ] } },
{ "type": "Feature", "properties": { "element": "way", "id": 467298587 }, "geometry": { "type": "Polygon", "coordinates": [ [ [ -96.94979, 32.71129 ], [ -96.94932, 32.7115 ], [ -96.94863, 32.71158 ], [ -96.9482, 32.71131 ], [ -96.94819, 32.71111 ], [ -96.94851, 32.71089 ], [ -96.94886, 32.71031 ], [ -96.94892, 32.7097 ], [ -96.94886, 32.70945 ], [ -96.949, 32.70922 ], [ -96.94918, 32.70916 ], [ -96.94927, 32.70919 ], [ -96.94936, 32.70978 ], [ -96.94966, 32.7102 ], [ -96.94994, 32.71037 ], [ -96.95022, 32.71086 ], [ -96.94979, 32.71129 ] ] ] } },
{ "type": "Feature", "properties": { "element": "way", "id": 1387340107 }, "geometry": { "type": "Polygon", "coordinates": [ [ [ -96.94688, 32.71334 ], [ -96.94673, 32.71324 ], [ -96.94671, 32.71316 ], [ -96.9468, 32.71304 ], [ -96.94662, 32.71286 ], [ -96.94636, 32.71284 ], [ -96.94633, 32.71302 ], [ -96.94627, 32.71301 ], [ -96.94608, 32.71277 ], [ -96.94628, 32.7127 ], [ -96.94669, 32.71278 ], [ -96.94697, 32.71306 ], [ -96.94701, 32.71319 ], [ -96.94695, 32.71332 ], [ -96.94688, 32.71334 ] ] ] } },
{ "type": "Feature", "properties": { "element": "way", "id": 25858078 }, "geometry": { "type": "Polygon", "coordinates": [ [ [ -96.96666, 32.69633 ], [ -96.96775, 32.69533 ], [ -96.96891, 32.69488 ], [ -96.97048, 32.6953 ], [ -96.97106, 32.69629 ], [ -96.97068, 32.69729 ], [ -96.97151, 32.69758 ], [ -96.97167, 32.69845 ], [ -96.97251, 32.69761 ], [ -96.97264, 32.69662 ], [ -96.97293, 32.69568 ], [ -96.97338, 32.69594 ], [ -96.97328, 32.69655 ], [ -96.9737, 32.69681 ], [ -96.97405, 32.69623 ], [ -96.97511, 32.69565 ], [ -96.97566, 32.69613 ], [ -96.97624, 32.69575 ], [ -96.97633, 32.69494 ], [ -96.9771, 32.69397 ], [ -96.97736, 32.69465 ], [ -96.97796, 32.69397 ], [ -96.97912, 32.69322 ], [ -96.9787, 32.69426 ], [ -96.97839, 32.69474 ], [ -96.97749, 32.69559 ], [ -96.97744, 32.69619 ], [ -96.97762, 32.69634 ], [ -96.97823, 32.69612 ], [ -96.9784, 32.69643 ], [ -96.9786, 32.69652 ], [ -96.97884, 32.69682 ], [ -96.97859, 32.69699 ], [ -96.97827, 32.69707 ], [ -96.97788, 32.69702 ], [ -96.97722, 32.69708 ], [ -96.97671, 32.69688 ], [ -96.97549, 32.69766 ], [ -96.9749, 32.69844 ], [ -96.97503, 32.69876 ], [ -96.97541, 32.69898 ], [ -96.97604, 32.69931 ], [ -96.9764, 32.69939 ], [ -96.97678, 32.69967 ], [ -96.97724, 32.69982 ], [ -96.97755, 32.70023 ], [ -96.97762, 32.7007 ], [ -96.9779, 32.70088 ], [ -96.97802, 32.70116 ], [ -96.97738, 32.70154 ], [ -96.97669, 32.70147 ], [ -96.97643, 32.70108 ], [ -96.97565, 32.70126 ], [ -96.975, 32.70131 ], [ -96.97481, 32.70142 ], [ -96.97487, 32.70157 ], [ -96.97508, 32.70162 ], [ -96.97521, 32.70153 ], [ -96.97532, 32.70157 ], [ -96.97571, 32.70148 ], [ -96.97584, 32.70159 ], [ -96.97588, 32.70193 ], [ -96.97551, 32.70201 ], [ -96.97646, 32.70258 ], [ -96.97719, 32.70313 ], [ -96.97768, 32.70391 ], [ -96.97817, 32.70491 ], [ -96.97822, 32.70556 ], [ -96.97851, 32.70592 ], [ -96.97867, 32.70629 ], [ -96.97862, 32.70644 ], [ -96.97846, 32.70649 ], [ -96.97833, 32.70647 ], [ -96.97817, 32.70657 ], [ -96.97805, 32.70715 ], [ -96.97801, 32.70724 ], [ -96.97799, 32.70796 ], [ -96.9779, 32.70809 ], [ -96.97776, 32.70799 ], [ -96.97703, 32.7085 ], [ -96.97684, 32.7087 ], [ -96.97691, 32.70885 ], [ -96.97706, 32.70898 ], [ -96.97703, 32.70919 ], [ -96.97696, 32.70933 ], [ -96.97689, 32.70988 ], [ -96.97679, 32.71 ], [ -96.97683, 32.71023 ], [ -96.97681, 32.71038 ], [ -96.97691, 32.71056 ], [ -96.97692, 32.71062 ], [ -96.97728, 32.71133 ], [ -96.97729, 32.71149 ], [ -96.977, 32.71191 ], [ -96.9765, 32.71243 ], [ -96.97677, 32.71261 ], [ -96.97679, 32.71273 ], [ -96.97622, 32.71349 ], [ -96.97617, 32.71356 ], [ -96.97616, 32.71357 ], [ -96.97615, 32.71359 ], [ -96.976, 32.71392 ], [ -96.97596, 32.71401 ], [ -96.97541, 32.71475 ], [ -96.97494, 32.71508 ], [ -96.97485, 32.71519 ], [ -96.97485, 32.71521 ], [ -96.97483, 32.71522 ], [ -96.9747, 32.7156 ], [ -96.97447, 32.71597 ], [ -96.97452, 32.71606 ], [ -96.97451, 32.71609 ], [ -96.97454, 32.71618 ], [ -96.97459, 32.71621 ], [ -96.97469, 32.71639 ], [ -96.97473, 32.71683 ], [ -96.97466, 32.717 ], [ -96.97437, 32.71722 ], [ -96.97401, 32.71736 ], [ -96.97365, 32.7176 ], [ -96.97364, 32.71791 ], [ -96.97409, 32.71902 ], [ -96.97414, 32.71977 ], [ -96.97402, 32.71989 ], [ -96.9737, 32.71992 ], [ -96.97384, 32.72067 ], [ -96.97422, 32.72196 ], [ -96.97353, 32.72284 ], [ -96.9733, 32.72297 ], [ -96.97341, 32.72319 ], [ -96.97286, 32.72407 ], [ -96.97286, 32.7243 ], [ -96.97275, 32.72466 ], [ -96.98202, 32.73056 ], [ -96.98276, 32.73021 ], [ -96.98434, 32.72866 ], [ -96.98475, 32.72838 ], [ -96.98487, 32.72879 ], [ -96.98431, 32.72967 ], [ -96.98446, 32.72991 ], [ -96.98476, 32.72959 ], [ -96.9851, 32.72983 ], [ -96.98518, 32.72935 ], [ -96.98535, 32.72892 ], [ -96.98543, 32.72891 ], [ -96.98538, 32.72936 ], [ -96.98552, 32.72959 ], [ -96.98548, 32.73038 ], [ -96.98516, 32.7304 ], [ -96.98445, 32.73071 ], [ -96.98399, 32.73122 ], [ -96.98346, 32.732 ], [ -96.98272, 32.73278 ], [ -96.98253, 32.73326 ], [ -96.98199, 32.73384 ], [ -96.98174, 32.73403 ], [ -96.98107, 32.73412 ], [ -96.98064, 32.73425 ], [ -96.97956, 32.73539 ], [ -96.97926, 32.73584 ], [ -96.979, 32.73599 ], [ -96.97815, 32.73626 ], [ -96.97774, 32.73673 ], [ -96.97769, 32.73703 ], [ -96.97748, 32.73708 ], [ -96.97732, 32.73704 ], [ -96.97728, 32.73618 ], [ -96.97719, 32.73612 ], [ -96.9771, 32.73616 ], [ -96.97702, 32.73834 ], [ -96.97689, 32.73841 ], [ -96.97488, 32.73794 ], [ -96.97332, 32.73806 ], [ -96.97286, 32.73786 ], [ -96.97226, 32.73767 ], [ -96.9722, 32.73757 ], [ -96.97215, 32.73723 ], [ -96.97242, 32.73691 ], [ -96.97304, 32.73639 ], [ -96.97368, 32.73602 ], [ -96.97412, 32.73602 ], [ -96.9751, 32.73591 ], [ -96.97537, 32.73576 ], [ -96.97632, 32.73502 ], [ -96.97682, 32.73499 ], [ -96.97706, 32.73506 ], [ -96.97711, 32.73571 ], [ -96.97716, 32.73576 ], [ -96.97726, 32.73572 ], [ -96.97731, 32.73481 ], [ -96.9775, 32.73458 ], [ -96.9777, 32.73446 ], [ -96.97779, 32.7343 ], [ -96.97814, 32.73421 ], [ -96.97925, 32.73321 ], [ -96.98084, 32.73223 ], [ -96.98179, 32.73123 ], [ -96.97247, 32.72542 ], [ -96.97207, 32.72577 ], [ -96.972, 32.72622 ], [ -96.97163, 32.72662 ], [ -96.9715, 32.72712 ], [ -96.97134, 32.72728 ], [ -96.97134, 32.72786 ], [ -96.9706, 32.72837 ], [ -96.9706, 32.72196 ], [ -96.96874, 32.72198 ], [ -96.96845, 32.72213 ], [ -96.96834, 32.72233 ], [ -96.96828, 32.72862 ], [ -96.96821, 32.72872 ], [ -96.96755, 32.72886 ], [ -96.96742, 32.72894 ], [ -96.96723, 32.73035 ], [ -96.9672, 32.73252 ], [ -96.96704, 32.73274 ], [ -96.96704, 32.73348 ], [ -96.96609, 32.73327 ], [ -96.96578, 32.73348 ], [ -96.96585, 32.73381 ], [ -96.96559, 32.73389 ], [ -96.96511, 32.73342 ], [ -96.96443, 32.73331 ], [ -96.96267, 32.73136 ], [ -96.96218, 32.73135 ], [ -96.95985, 32.73292 ], [ -96.95956, 32.73331 ], [ -96.96011, 32.73411 ], [ -96.96014, 32.73445 ], [ -96.95961, 32.73488 ], [ -96.95931, 32.73532 ], [ -96.95915, 32.73626 ], [ -96.95884, 32.73655 ], [ -96.95887, 32.73681 ], [ -96.95908, 32.73681 ], [ -96.95939, 32.73663 ], [ -96.95974, 32.73679 ], [ -96.95993, 32.73721 ], [ -96.95982, 32.7376 ], [ -96.95943, 32.73776 ], [ -96.95892, 32.73766 ], [ -96.95216, 32.7376 ], [ -96.95107, 32.73726 ], [ -96.94423, 32.7327 ], [ -96.94428, 32.73262 ], [ -96.94354, 32.73213 ], [ -96.94349, 32.73221 ], [ -96.93851, 32.72892 ], [ -96.93818, 32.72821 ], [ -96.93811, 32.72774 ], [ -96.93814, 32.72671 ], [ -96.93801, 32.7261 ], [ -96.93752, 32.72475 ], [ -96.93733, 32.72467 ], [ -96.93731, 32.7244 ], [ -96.93744, 32.72434 ], [ -96.93743, 32.72291 ], [ -96.93716, 32.72276 ], [ -96.93692, 32.72272 ], [ -96.93693, 32.72245 ], [ -96.94184, 32.72235 ], [ -96.94729, 32.71957 ], [ -96.94757, 32.7195 ], [ -96.94824, 32.71974 ], [ -96.94849, 32.71971 ], [ -96.94859, 32.71904 ], [ -96.94971, 32.71864 ], [ -96.95021, 32.71875 ], [ -96.95077, 32.71912 ], [ -96.95139, 32.71918 ], [ -96.95181, 32.719 ], [ -96.95186, 32.71883 ], [ -96.95152, 32.71841 ], [ -96.95145, 32.71798 ], [ -96.95154, 32.71773 ], [ -96.95245, 32.71734 ], [ -96.95266, 32.71718 ], [ -96.9525, 32.71699 ], [ -96.94128, 32.72215 ], [ -96.93652, 32.72227 ], [ -96.93594, 32.72233 ], [ -96.93576, 32.72249 ], [ -96.93564, 32.72231 ], [ -96.93517, 32.72229 ], [ -96.93514, 32.72223 ], [ -96.93537, 32.72202 ], [ -96.93885, 32.72191 ], [ -96.93871, 32.72143 ], [ -96.93861, 32.72075 ], [ -96.9388, 32.72074 ], [ -96.93882, 32.72105 ], [ -96.93895, 32.72124 ], [ -96.93912, 32.72131 ], [ -96.93948, 32.72129 ], [ -96.93978, 32.72134 ], [ -96.93994, 32.72188 ], [ -96.94113, 32.72185 ], [ -96.94148, 32.72167 ], [ -96.94199, 32.72129 ], [ -96.94256, 32.72109 ], [ -96.94339, 32.72092 ], [ -96.94886, 32.7182 ], [ -96.95148, 32.7171 ], [ -96.95175, 32.7168 ], [ -96.95171, 32.71634 ], [ -96.95175, 32.71619 ], [ -96.95242, 32.71563 ], [ -96.95328, 32.71546 ], [ -96.95416, 32.71506 ], [ -96.95453, 32.71454 ], [ -96.95461, 32.71396 ], [ -96.95453, 32.7136 ], [ -96.95406, 32.71259 ], [ -96.9539, 32.7115 ], [ -96.95362, 32.71037 ], [ -96.95393, 32.70946 ], [ -96.95422, 32.70913 ], [ -96.95483, 32.70864 ], [ -96.95483, 32.70778 ], [ -96.95498, 32.70719 ], [ -96.95518, 32.70703 ], [ -96.95522, 32.70688 ], [ -96.95533, 32.70679 ], [ -96.95534, 32.70659 ], [ -96.95577, 32.70637 ], [ -96.95597, 32.70607 ], [ -96.95616, 32.70594 ], [ -96.9567, 32.70578 ], [ -96.95685, 32.70588 ], [ -96.95694, 32.70585 ], [ -96.95696, 32.70557 ], [ -96.95683, 32.70533 ], [ -96.95687, 32.7052 ], [ -96.95681, 32.70498 ], [ -96.95688, 32.70476 ], [ -96.95699, 32.7047 ], [ -96.95698, 32.70452 ], [ -96.95744, 32.70414 ], [ -96.95818, 32.70329 ], [ -96.95836, 32.70315 ], [ -96.95857, 32.70307 ], [ -96.95862, 32.7029 ], [ -96.95891, 32.70275 ], [ -96.95894, 32.70261 ], [ -96.9588, 32.7024 ], [ -96.95881, 32.70231 ], [ -96.95901, 32.70205 ], [ -96.95952, 32.70181 ], [ -96.95958, 32.70171 ], [ -96.95953, 32.70151 ], [ -96.95955, 32.70133 ], [ -96.95962, 32.70123 ], [ -96.95976, 32.70121 ], [ -96.9597, 32.7011 ], [ -96.95972, 32.70101 ], [ -96.95992, 32.70097 ], [ -96.95985, 32.70083 ], [ -96.95989, 32.70072 ], [ -96.9602, 32.70055 ], [ -96.96021, 32.70035 ], [ -96.96048, 32.70019 ], [ -96.96083, 32.7001 ], [ -96.96088, 32.70001 ], [ -96.96098, 32.69999 ], [ -96.96103, 32.69985 ], [ -96.96113, 32.69977 ], [ -96.96172, 32.69961 ], [ -96.96177, 32.69938 ], [ -96.9617, 32.6993 ], [ -96.96179, 32.69915 ], [ -96.96234, 32.69898 ], [ -96.96248, 32.69878 ], [ -96.96288, 32.69873 ], [ -96.96303, 32.69851 ], [ -96.96318, 32.69809 ], [ -96.96332, 32.69798 ], [ -96.9635, 32.69794 ], [ -96.96357, 32.69778 ], [ -96.96402, 32.69758 ], [ -96.96435, 32.69724 ], [ -96.96482, 32.69717 ], [ -96.96494, 32.69701 ], [ -96.96551, 32.69672 ], [ -96.96666, 32.69633 ] ] ] } },
{ "type": "Feature", "properties": { "element": "way", "id": 104473758 }, "geometry": { "type": "Polygon", "coordinates": [ [ [ -96.90474, 32.72458 ], [ -96.90434, 32.72472 ], [ -96.90413, 32.72467 ], [ -96.90405, 32.7245 ], [ -96.90406, 32.72427 ], [ -96.90418, 32.72403 ], [ -96.9045, 32.72444 ], [ -96.90474, 32.72448 ], [ -96.90474, 32.72458 ] ] ] } },
{ "type": "Feature", "properties": { "element": "way", "id": 104473779 }, "geometry": { "type": "Polygon", "coordinates": [ [ [ -96.90354, 32.72467 ], [ -96.90335, 32.72481 ], [ -96.90309, 32.72467 ], [ -96.90307, 32.72456 ], [ -96.90345, 32.72433 ], [ -96.90368, 32.72463 ], [ -96.90354, 32.72467 ] ] ] } },
{ "type": "Feature", "properties": { "element": "way", "id": 1385577398 }, "geometry": { "type": "Polygon", "coordinates": [ [ [ -96.83272, 32.72795 ], [ -96.83284, 32.72784 ], [ -96.83299, 32.7274 ], [ -96.83349, 32.72728 ], [ -96.8339, 32.72725 ], [ -96.83413, 32.72731 ], [ -96.83456, 32.72734 ], [ -96.83476, 32.72745 ], [ -96.83475, 32.72751 ], [ -96.83452, 32.72746 ], [ -96.83433, 32.72749 ], [ -96.83427, 32.72744 ], [ -96.83408, 32.72744 ], [ -96.83364, 32.72754 ], [ -96.83328, 32.7278 ], [ -96.8331, 32.7281 ], [ -96.83299, 32.72815 ], [ -96.83297, 32.72822 ], [ -96.83285, 32.72829 ], [ -96.83279, 32.72826 ], [ -96.83272, 32.72795 ] ] ] } },
{ "type": "Feature", "properties": { "element": "way", "id": 733027281 }, "geometry": { "type": "Polygon", "coordinates": [ [ [ -96.87655, 32.75454 ], [ -96.87638, 32.7543 ], [ -96.87649, 32.75367 ], [ -96.87645, 32.75348 ], [ -96.87668, 32.7534 ], [ -96.87726, 32.75346 ], [ -96.87807, 32.75341 ], [ -96.87833, 32.75334 ], [ -96.87655, 32.75454 ] ] ] } },
{ "type": "Feature", "properties": { "element": "way", "id": 104373058 }, "geometry": { "type": "Polygon", "coordinates": [ [ [ -96.83422, 32.75462 ], [ -96.83386, 32.75459 ], [ -96.83361, 32.75452 ], [ -96.83352, 32.75457 ], [ -96.83339, 32.75454 ], [ -96.83344, 32.75443 ], [ -96.83362, 32.7543 ], [ -96.83391, 32.75417 ], [ -96.83395, 32.75407 ], [ -96.8338, 32.75366 ], [ -96.83345, 32.75344 ], [ -96.83322, 32.75336 ], [ -96.83345, 32.75341 ], [ -96.83366, 32.75353 ], [ -96.83403, 32.75353 ], [ -96.83458, 32.75329 ], [ -96.83471, 32.75338 ], [ -96.83465, 32.75379 ], [ -96.83454, 32.75397 ], [ -96.83449, 32.75429 ], [ -96.83422, 32.75462 ] ] ] } },
{ "type": "Feature", "properties": { "element": "way", "id": 166177015 }, "geometry": { "type": "Polygon", "coordinates": [ [ [ -96.8192, 32.7569 ], [ -96.81937, 32.7568 ], [ -96.81964, 32.75675 ], [ -96.81969, 32.75661 ], [ -96.8197, 32.75624 ], [ -96.81985, 32.7562 ], [ -96.82015, 32.75631 ], [ -96.82023, 32.7564 ], [ -96.82019, 32.75704 ], [ -96.82023, 32.75709 ], [ -96.82063, 32.75703 ], [ -96.82107, 32.7567 ], [ -96.82119, 32.75684 ], [ -96.8209, 32.75704 ], [ -96.82089, 32.7572 ], [ -96.82067, 32.7573 ], [ -96.82051, 32.75731 ], [ -96.82021, 32.75725 ], [ -96.81977, 32.75731 ], [ -96.81975, 32.75769 ], [ -96.81964, 32.75795 ], [ -96.81942, 32.7581 ], [ -96.81892, 32.75816 ], [ -96.81861, 32.75841 ], [ -96.81761, 32.75857 ], [ -96.81748, 32.75853 ], [ -96.81737, 32.75828 ], [ -96.81737, 32.75789 ], [ -96.81729, 32.75774 ], [ -96.81733, 32.75764 ], [ -96.8175, 32.75745 ], [ -96.81786, 32.7572 ], [ -96.81814, 32.75712 ], [ -96.81818, 32.75703 ], [ -96.81798, 32.75678 ], [ -96.81809, 32.75659 ], [ -96.81806, 32.75647 ], [ -96.81776, 32.75622 ], [ -96.81747, 32.75614 ], [ -96.81724, 32.75549 ], [ -96.8169, 32.75506 ], [ -96.81728, 32.7555 ], [ -96.81793, 32.75576 ], [ -96.81806, 32.7559 ], [ -96.8185, 32.75599 ], [ -96.81865, 32.75622 ], [ -96.81864, 32.75633 ], [ -96.81878, 32.7564 ], [ -96.81885, 32.75653 ], [ -96.81895, 32.75685 ], [ -96.8192, 32.7569 ] ] ] } },
{ "type": "Feature", "properties": { "element": "way", "id": 1012327338 }, "geometry": { "type": "Polygon", "coordinates": [ [ [ -96.86391, 32.76998 ], [ -96.86334, 32.7701 ], [ -96.86321, 32.77007 ], [ -96.86306, 32.76973 ], [ -96.86305, 32.76957 ], [ -96.86323, 32.76983 ], [ -96.86373, 32.76983 ], [ -96.86384, 32.76976 ], [ -96.86388, 32.76981 ], [ -96.86404, 32.76981 ], [ -96.86405, 32.76988 ], [ -96.86391, 32.76998 ] ] ] } },
{ "type": "Feature", "properties": { "element": "way", "id": 345128553 }, "geometry": { "type": "Polygon", "coordinates": [ [ [ -96.86433, 32.76982 ], [ -96.86509, 32.76993 ], [ -96.86524, 32.77 ], [ -96.86527, 32.77007 ], [ -96.86493, 32.77077 ], [ -96.86479, 32.77152 ], [ -96.86455, 32.77136 ], [ -96.86415, 32.77124 ], [ -96.86411, 32.77119 ], [ -96.86442, 32.77107 ], [ -96.86447, 32.77099 ], [ -96.86446, 32.77077 ], [ -96.86421, 32.76991 ], [ -96.86433, 32.76982 ] ] ] } },
{ "type": "Feature", "properties": { "element": "way", "id": 28790715 }, "geometry": { "type": "Polygon", "coordinates": [ [ [ -96.86327, 32.78278 ], [ -96.86323, 32.78295 ], [ -96.86302, 32.78304 ], [ -96.86281, 32.78306 ], [ -96.86238, 32.78297 ], [ -96.86182, 32.7827 ], [ -96.86177, 32.78254 ], [ -96.8614, 32.78254 ], [ -96.86124, 32.78277 ], [ -96.86087, 32.78292 ], [ -96.86049, 32.78298 ], [ -96.86014, 32.78298 ], [ -96.86006, 32.78251 ], [ -96.86013, 32.78219 ], [ -96.8607, 32.78154 ], [ -96.861, 32.78109 ], [ -96.86102, 32.78086 ], [ -96.86116, 32.78073 ], [ -96.86116, 32.77934 ], [ -96.862, 32.7793 ], [ -96.86265, 32.77934 ], [ -96.86301, 32.77941 ], [ -96.86317, 32.77964 ], [ -96.86304, 32.78006 ], [ -96.86317, 32.78026 ], [ -96.86324, 32.78059 ], [ -96.86327, 32.78278 ] ] ] } },
{ "type": "Feature", "properties": { "element": "way", "id": 32490880 }, "geometry": { "type": "Polygon", "coordinates": [ [ [ -96.86825, 32.78589 ], [ -96.8682, 32.78583 ], [ -96.86808, 32.78584 ], [ -96.86804, 32.78558 ], [ -96.86747, 32.78456 ], [ -96.86709, 32.78433 ], [ -96.86664, 32.78416 ], [ -96.86614, 32.78403 ], [ -96.86581, 32.78401 ], [ -96.86564, 32.78392 ], [ -96.86573, 32.78367 ], [ -96.8659, 32.78353 ], [ -96.86601, 32.78357 ], [ -96.86613, 32.78379 ], [ -96.86663, 32.78399 ], [ -96.86672, 32.78408 ], [ -96.86707, 32.78418 ], [ -96.86727, 32.78414 ], [ -96.86727, 32.78326 ], [ -96.86704, 32.78234 ], [ -96.86677, 32.78218 ], [ -96.86542, 32.78205 ], [ -96.8654, 32.78193 ], [ -96.86645, 32.78192 ], [ -96.86656, 32.782 ], [ -96.86693, 32.78203 ], [ -96.86731, 32.78231 ], [ -96.86748, 32.78276 ], [ -96.86749, 32.78314 ], [ -96.86765, 32.78416 ], [ -96.8678, 32.78456 ], [ -96.86841, 32.7857 ], [ -96.86839, 32.78586 ], [ -96.86825, 32.78589 ] ] ] } },
{ "type": "Feature", "properties": { "element": "way", "id": 345133355 }, "geometry": { "type": "Polygon", "coordinates": [ [ [ -96.84287, 32.78803 ], [ -96.84274, 32.78814 ], [ -96.84225, 32.78837 ], [ -96.84148, 32.78827 ], [ -96.84044, 32.78781 ], [ -96.84043, 32.78604 ], [ -96.84053, 32.78597 ], [ -96.84111, 32.78596 ], [ -96.8416, 32.78597 ], [ -96.84175, 32.78604 ], [ -96.84189, 32.78704 ], [ -96.84189, 32.78752 ], [ -96.84196, 32.7878 ], [ -96.84203, 32.78784 ], [ -96.84294, 32.78786 ], [ -96.84287, 32.78803 ] ] ] } },
{ "type": "Feature", "properties": { "element": "way", "id": 28171508 }, "geometry": { "type": "Polygon", "coordinates": [ [ [ -96.83385, 32.79158 ], [ -96.83367, 32.79164 ], [ -96.83341, 32.79156 ], [ -96.83328, 32.79112 ], [ -96.83322, 32.79107 ], [ -96.8328, 32.79105 ], [ -96.83275, 32.79099 ], [ -96.83279, 32.79065 ], [ -96.8327, 32.79052 ], [ -96.83222, 32.79017 ], [ -96.83207, 32.79014 ], [ -96.83176, 32.7902 ], [ -96.83157, 32.79017 ], [ -96.8314, 32.78998 ], [ -96.83143, 32.78977 ], [ -96.83197, 32.78952 ], [ -96.83232, 32.78944 ], [ -96.83248, 32.78949 ], [ -96.83286, 32.78975 ], [ -96.83346, 32.78993 ], [ -96.83356, 32.79005 ], [ -96.83354, 32.7902 ], [ -96.83365, 32.79049 ], [ -96.83405, 32.7906 ], [ -96.83416, 32.79072 ], [ -96.83406, 32.79092 ], [ -96.83381, 32.79101 ], [ -96.83376, 32.79111 ], [ -96.83385, 32.79158 ] ] ] } },
{ "type": "Feature", "properties": { "element": "way", "id": 27453251 }, "geometry": { "type": "Polygon", "coordinates": [ [ [ -96.83895, 32.7953 ], [ -96.83894, 32.79519 ], [ -96.83922, 32.79486 ], [ -96.83955, 32.79432 ], [ -96.83999, 32.79387 ], [ -96.84011, 32.79385 ], [ -96.84019, 32.79393 ], [ -96.84005, 32.79424 ], [ -96.83968, 32.79465 ], [ -96.83929, 32.79537 ], [ -96.83917, 32.79542 ], [ -96.83895, 32.7953 ] ] ] } },
{ "type": "Feature", "properties": { "element": "way", "id": 27453248 }, "geometry": { "type": "Polygon", "coordinates": [ [ [ -96.83702, 32.79526 ], [ -96.83839, 32.79592 ], [ -96.83853, 32.79589 ], [ -96.83873, 32.79599 ], [ -96.83871, 32.79608 ], [ -96.8388, 32.79619 ], [ -96.83874, 32.79629 ], [ -96.83844, 32.79619 ], [ -96.83691, 32.79543 ], [ -96.83702, 32.79526 ] ] ] } },
{ "type": "Feature", "properties": { "element": "way", "id": 104368999 }, "geometry": { "type": "Polygon", "coordinates": [ [ [ -96.89614, 32.79913 ], [ -96.89583, 32.79898 ], [ -96.89577, 32.79884 ], [ -96.89589, 32.7988 ], [ -96.89626, 32.79896 ], [ -96.89663, 32.799 ], [ -96.89687, 32.79899 ], [ -96.89717, 32.79885 ], [ -96.89726, 32.79887 ], [ -96.89701, 32.79906 ], [ -96.89681, 32.79913 ], [ -96.89614, 32.79913 ] ] ] } },
{ "type": "Feature", "properties": { "element": "way", "id": 426263398 }, "geometry": { "type": "Polygon", "coordinates": [ [ [ -96.93721, 32.71627 ], [ -96.9372, 32.71673 ], [ -96.93708, 32.71687 ], [ -96.93688, 32.71698 ], [ -96.93683, 32.71712 ], [ -96.93686, 32.7172 ], [ -96.93663, 32.71727 ], [ -96.93649, 32.71705 ], [ -96.93619, 32.71694 ], [ -96.936, 32.71665 ], [ -96.936, 32.71656 ], [ -96.93628, 32.71627 ], [ -96.93633, 32.71603 ], [ -96.93619, 32.71575 ], [ -96.93595, 32.71549 ], [ -96.9359, 32.71522 ], [ -96.93598, 32.71508 ], [ -96.93611, 32.71505 ], [ -96.93631, 32.71525 ], [ -96.9365, 32.71526 ], [ -96.93681, 32.71542 ], [ -96.93671, 32.71565 ], [ -96.93688, 32.71603 ], [ -96.93721, 32.71627 ] ] ] } },
{ "type": "Feature", "properties": { "element": "way", "id": 28379428 }, "geometry": { "type": "Polygon", "coordinates": [ [ [ -96.91064, 32.74195 ], [ -96.91012, 32.74203 ], [ -96.90978, 32.74201 ], [ -96.90955, 32.74191 ], [ -96.90928, 32.7416 ], [ -96.90916, 32.74155 ], [ -96.90925, 32.74125 ], [ -96.90945, 32.74114 ], [ -96.90952, 32.74097 ], [ -96.90951, 32.74078 ], [ -96.90983, 32.74067 ], [ -96.90993, 32.74075 ], [ -96.90995, 32.74089 ], [ -96.91036, 32.741 ], [ -96.91084, 32.74153 ], [ -96.91092, 32.74177 ], [ -96.91087, 32.74186 ], [ -96.91064, 32.74195 ] ] ] } },
{ "type": "Feature", "properties": { "element": "relation", "id": 19645086 }, "geometry": { "type": "MultiPolygon", "coordinates": [ [ [ [ -96.94372, 32.73348 ], [ -96.94339, 32.73386 ], [ -96.9414, 32.73418 ], [ -96.9412, 32.73438 ], [ -96.94065, 32.73523 ], [ -96.94014, 32.73583 ], [ -96.93988, 32.73635 ], [ -96.93919, 32.73692 ], [ -96.93786, 32.73757 ], [ -96.93721, 32.73768 ], [ -96.93668, 32.73839 ], [ -96.93666, 32.73894 ], [ -96.93637, 32.73948 ], [ -96.93594, 32.73969 ], [ -96.93481, 32.74002 ], [ -96.93397, 32.73998 ], [ -96.93338, 32.73987 ], [ -96.93274, 32.74005 ], [ -96.93253, 32.74026 ], [ -96.93236, 32.74065 ], [ -96.93233, 32.74128 ], [ -96.93247, 32.7418 ], [ -96.93238, 32.74217 ], [ -96.93211, 32.7425 ], [ -96.93175, 32.74264 ], [ -96.93128, 32.74261 ], [ -96.9311, 32.7426 ], [ -96.93088, 32.74288 ], [ -96.93048, 32.74314 ], [ -96.9294, 32.74449 ], [ -96.92897, 32.74448 ], [ -96.92957, 32.74365 ], [ -96.93025, 32.74289 ], [ -96.93196, 32.74225 ], [ -96.93219, 32.74204 ], [ -96.93198, 32.74169 ], [ -96.93187, 32.74093 ], [ -96.93209, 32.74039 ], [ -96.9326, 32.73978 ], [ -96.93306, 32.73964 ], [ -96.93356, 32.7396 ], [ -96.93402, 32.7397 ], [ -96.9347, 32.73976 ], [ -96.93583, 32.73948 ], [ -96.9361, 32.7393 ], [ -96.9365, 32.73798 ], [ -96.93728, 32.73733 ], [ -96.93755, 32.73724 ], [ -96.93793, 32.73721 ], [ -96.93945, 32.73638 ], [ -96.93971, 32.7362 ], [ -96.93973, 32.73597 ], [ -96.93963, 32.73582 ], [ -96.9407, 32.73466 ], [ -96.94084, 32.73435 ], [ -96.94119, 32.73395 ], [ -96.94195, 32.73384 ], [ -96.9423, 32.73369 ], [ -96.94241, 32.73352 ], [ -96.94277, 32.73319 ], [ -96.94304, 32.73278 ], [ -96.94331, 32.7328 ], [ -96.94376, 32.73314 ], [ -96.94372, 32.73348 ] ] ], [ [ [ -96.92625, 32.74991 ], [ -96.92625, 32.75002 ], [ -96.92625, 32.75005 ], [ -96.92593, 32.75425 ], [ -96.92585, 32.75448 ], [ -96.92589, 32.75474 ], [ -96.92575, 32.75659 ], [ -96.92573, 32.75669 ], [ -96.92565, 32.75698 ], [ -96.92557, 32.75725 ], [ -96.92546, 32.75741 ], [ -96.92539, 32.75766 ], [ -96.92535, 32.75782 ], [ -96.92531, 32.75804 ], [ -96.92529, 32.75814 ], [ -96.925, 32.75811 ], [ -96.92551, 32.75676 ], [ -96.92575, 32.75585 ], [ -96.92574, 32.75541 ], [ -96.9255, 32.75464 ], [ -96.92579, 32.7533 ], [ -96.92602, 32.75176 ], [ -96.926, 32.7495 ], [ -96.92596, 32.74905 ], [ -96.92615, 32.74747 ], [ -96.92665, 32.74668 ], [ -96.92671, 32.74695 ], [ -96.92634, 32.74728 ], [ -96.92634, 32.74747 ], [ -96.92633, 32.74765 ], [ -96.92632, 32.74806 ], [ -96.92627, 32.7495 ], [ -96.92627, 32.74967 ], [ -96.92625, 32.74991 ] ] ] ] } },
{ "type": "Feature", "properties": { "element": "way", "id": 733374012 }, "geometry": { "type": "Polygon", "coordinates": [ [ [ -96.92319, 32.76662 ], [ -96.92327, 32.76687 ], [ -96.92395, 32.76733 ], [ -96.92427, 32.76767 ], [ -96.92446, 32.76812 ], [ -96.92439, 32.76871 ], [ -96.92411, 32.76904 ], [ -96.92421, 32.7692 ], [ -96.92413, 32.76938 ], [ -96.9237, 32.76957 ], [ -96.92298, 32.76921 ], [ -96.92281, 32.76926 ], [ -96.92261, 32.76922 ], [ -96.92213, 32.76867 ], [ -96.92069, 32.76789 ], [ -96.91981, 32.76757 ], [ -96.91951, 32.76741 ], [ -96.91962, 32.76682 ], [ -96.91991, 32.76668 ], [ -96.92311, 32.76655 ], [ -96.92319, 32.76662 ] ] ] } },
{ "type": "Feature", "properties": { "element": "way", "id": 1432611590 }, "geometry": { "type": "MultiPolygon", "coordinates": [ [ [ [ -96.92753, 32.76713 ], [ -96.92754, 32.76716 ], [ -96.92754, 32.76719 ], [ -96.9275, 32.76732 ], [ -96.92734, 32.76746 ], [ -96.92702, 32.76757 ], [ -96.92673, 32.76773 ], [ -96.92654, 32.76788 ], [ -96.92641, 32.76803 ], [ -96.92635, 32.76812 ], [ -96.9263, 32.76821 ], [ -96.92623, 32.76844 ], [ -96.92615, 32.7687 ], [ -96.92612, 32.7689 ], [ -96.92611, 32.7691 ], [ -96.92615, 32.76929 ], [ -96.9264, 32.76969 ], [ -96.92652, 32.76992 ], [ -96.92661, 32.77033 ], [ -96.9267, 32.77072 ], [ -96.92672, 32.77119 ], [ -96.9266, 32.77232 ], [ -96.92652, 32.77261 ], [ -96.92644, 32.77281 ], [ -96.92646, 32.77299 ], [ -96.92643, 32.77323 ], [ -96.92629, 32.77391 ], [ -96.92621, 32.77438 ], [ -96.92615, 32.77458 ], [ -96.92608, 32.77494 ], [ -96.9261, 32.77534 ], [ -96.92618, 32.77558 ], [ -96.92621, 32.7757 ], [ -96.9263, 32.7759 ], [ -96.92635, 32.77604 ], [ -96.92637, 32.77615 ], [ -96.92631, 32.7765 ], [ -96.92624, 32.77667 ], [ -96.92616, 32.77688 ], [ -96.92615, 32.77701 ], [ -96.92614, 32.77719 ], [ -96.92617, 32.77761 ], [ -96.9262, 32.7778 ], [ -96.92626, 32.77787 ], [ -96.9263, 32.77797 ], [ -96.9264, 32.77814 ], [ -96.92643, 32.7784 ], [ -96.92639, 32.77875 ], [ -96.92629, 32.77896 ], [ -96.92624, 32.77911 ], [ -96.92622, 32.77935 ], [ -96.92622, 32.78001 ], [ -96.92619, 32.78078 ], [ -96.9262, 32.78088 ], [ -96.92625, 32.7812 ], [ -96.92625, 32.78141 ], [ -96.92621, 32.78164 ], [ -96.92612, 32.78195 ], [ -96.92605, 32.78199 ], [ -96.92601, 32.78179 ], [ -96.9261, 32.78097 ], [ -96.92619, 32.77826 ], [ -96.92604, 32.77785 ], [ -96.92592, 32.77717 ], [ -96.92615, 32.77633 ], [ -96.9259, 32.77533 ], [ -96.92601, 32.77409 ], [ -96.92622, 32.77299 ], [ -96.92642, 32.77227 ], [ -96.92646, 32.77086 ], [ -96.92628, 32.77 ], [ -96.92592, 32.76927 ], [ -96.9259, 32.76857 ], [ -96.92603, 32.76825 ], [ -96.92656, 32.76773 ], [ -96.92719, 32.76743 ], [ -96.92721, 32.76732 ], [ -96.92683, 32.76705 ], [ -96.92671, 32.76668 ], [ -96.92701, 32.76604 ], [ -96.92758, 32.7651 ], [ -96.92784, 32.76446 ], [ -96.92751, 32.76393 ], [ -96.92698, 32.76336 ], [ -96.92642, 32.76252 ], [ -96.92598, 32.7623 ], [ -96.92544, 32.76244 ], [ -96.92516, 32.76267 ], [ -96.92485, 32.76264 ], [ -96.92459, 32.76246 ], [ -96.92433, 32.76179 ], [ -96.92387, 32.76133 ], [ -96.92387, 32.76112 ], [ -96.92402, 32.76091 ], [ -96.92402, 32.76094 ], [ -96.92394, 32.76114 ], [ -96.92398, 32.76121 ], [ -96.92425, 32.76139 ], [ -96.92439, 32.76159 ], [ -96.92467, 32.76182 ], [ -96.92467, 32.76203 ], [ -96.92475, 32.76217 ], [ -96.92484, 32.76223 ], [ -96.92501, 32.76226 ], [ -96.92526, 32.7624 ], [ -96.92536, 32.76238 ], [ -96.92546, 32.76231 ], [ -96.92569, 32.7622 ], [ -96.92587, 32.76218 ], [ -96.92614, 32.76223 ], [ -96.92639, 32.76234 ], [ -96.92667, 32.7625 ], [ -96.9268, 32.76263 ], [ -96.9271, 32.76304 ], [ -96.92734, 32.76332 ], [ -96.9276, 32.7637 ], [ -96.92763, 32.76386 ], [ -96.92785, 32.76414 ], [ -96.92793, 32.76422 ], [ -96.92802, 32.7644 ], [ -96.92802, 32.76455 ], [ -96.928, 32.76469 ], [ -96.92786, 32.76487 ], [ -96.92758, 32.76513 ], [ -96.92746, 32.76532 ], [ -96.92732, 32.76559 ], [ -96.92712, 32.76609 ], [ -96.927, 32.7665 ], [ -96.92699, 32.76672 ], [ -96.92704, 32.76678 ], [ -96.92704, 32.76678 ], [ -96.92705, 32.76679 ], [ -96.92713, 32.76689 ], [ -96.9272, 32.76693 ], [ -96.92727, 32.76695 ], [ -96.92753, 32.76713 ] ] ], [ [ [ -96.92429, 32.76029 ], [ -96.92487, 32.75915 ], [ -96.925, 32.75811 ], [ -96.92529, 32.75814 ], [ -96.92525, 32.75835 ], [ -96.92517, 32.75866 ], [ -96.92515, 32.75881 ], [ -96.92509, 32.75893 ], [ -96.92497, 32.7592 ], [ -96.92474, 32.75958 ], [ -96.92453, 32.7599 ], [ -96.92453, 32.76005 ], [ -96.92458, 32.76012 ], [ -96.9246, 32.7602 ], [ -96.92449, 32.76037 ], [ -96.92432, 32.7605 ], [ -96.92423, 32.76053 ], [ -96.92421, 32.76055 ], [ -96.92429, 32.76029 ] ] ] ] } },
{ "type": "Feature", "properties": { "element": "relation", "id": 2230463 }, "geometry": { "type": "Polygon", "coordinates": [ [ [ -96.89871, 32.79811 ], [ -96.89878, 32.79807 ], [ -96.89929, 32.79806 ], [ -96.90048, 32.7979 ], [ -96.90121, 32.79789 ], [ -96.90192, 32.79802 ], [ -96.90305, 32.79805 ], [ -96.90364, 32.79817 ], [ -96.90396, 32.79814 ], [ -96.90662, 32.79745 ], [ -96.90692, 32.79729 ], [ -96.90757, 32.79679 ], [ -96.90792, 32.79638 ], [ -96.90824, 32.79579 ], [ -96.90869, 32.79475 ], [ -96.90934, 32.79384 ], [ -96.90997, 32.79268 ], [ -96.91015, 32.7922 ], [ -96.91029, 32.7916 ], [ -96.9103, 32.79126 ], [ -96.91024, 32.79102 ], [ -96.91034, 32.79044 ], [ -96.91036, 32.78967 ], [ -96.91081, 32.78886 ], [ -96.911, 32.78816 ], [ -96.91111, 32.78801 ], [ -96.91126, 32.78756 ], [ -96.91197, 32.78648 ], [ -96.91215, 32.78594 ], [ -96.91249, 32.78545 ], [ -96.91295, 32.78499 ], [ -96.91382, 32.78431 ], [ -96.91399, 32.78424 ], [ -96.915, 32.7841 ], [ -96.91559, 32.78409 ], [ -96.91678, 32.78469 ], [ -96.91762, 32.78506 ], [ -96.91807, 32.78555 ], [ -96.91823, 32.7856 ], [ -96.91887, 32.78549 ], [ -96.91982, 32.78511 ], [ -96.92039, 32.78482 ], [ -96.92143, 32.78444 ], [ -96.92403, 32.78316 ], [ -96.92565, 32.78218 ], [ -96.92612, 32.78194 ], [ -96.9261, 32.782 ], [ -96.92598, 32.78219 ], [ -96.92557, 32.7824 ], [ -96.92424, 32.78322 ], [ -96.92364, 32.78352 ], [ -96.92334, 32.78365 ], [ -96.92313, 32.78377 ], [ -96.92297, 32.78382 ], [ -96.92271, 32.78391 ], [ -96.9226, 32.784 ], [ -96.92215, 32.78428 ], [ -96.92185, 32.78439 ], [ -96.92151, 32.78455 ], [ -96.92133, 32.78462 ], [ -96.92117, 32.78469 ], [ -96.92093, 32.78482 ], [ -96.92039, 32.78506 ], [ -96.92001, 32.7852 ], [ -96.9199, 32.78525 ], [ -96.91968, 32.78535 ], [ -96.91936, 32.78552 ], [ -96.91901, 32.78568 ], [ -96.91859, 32.78576 ], [ -96.91833, 32.78574 ], [ -96.91809, 32.78569 ], [ -96.91788, 32.78558 ], [ -96.91761, 32.78538 ], [ -96.91622, 32.7845 ], [ -96.91601, 32.78439 ], [ -96.91575, 32.78431 ], [ -96.91552, 32.78426 ], [ -96.91535, 32.78425 ], [ -96.91499, 32.78426 ], [ -96.91479, 32.78428 ], [ -96.9141, 32.78445 ], [ -96.91383, 32.78462 ], [ -96.91335, 32.78489 ], [ -96.91288, 32.78524 ], [ -96.91275, 32.7854 ], [ -96.9126, 32.78561 ], [ -96.91211, 32.78652 ], [ -96.91198, 32.78676 ], [ -96.91144, 32.78766 ], [ -96.9113, 32.78798 ], [ -96.9111, 32.78844 ], [ -96.91101, 32.7887 ], [ -96.91064, 32.78963 ], [ -96.91061, 32.78972 ], [ -96.91051, 32.79021 ], [ -96.91062, 32.79052 ], [ -96.9106, 32.79083 ], [ -96.91054, 32.79122 ], [ -96.91055, 32.79182 ], [ -96.91041, 32.7923 ], [ -96.91021, 32.79275 ], [ -96.91009, 32.79304 ], [ -96.90991, 32.79332 ], [ -96.90977, 32.79353 ], [ -96.90925, 32.79438 ], [ -96.90888, 32.79483 ], [ -96.90857, 32.79537 ], [ -96.90825, 32.79603 ], [ -96.90804, 32.79645 ], [ -96.9078, 32.79676 ], [ -96.90753, 32.79702 ], [ -96.90733, 32.79716 ], [ -96.90715, 32.79729 ], [ -96.90698, 32.7974 ], [ -96.9067, 32.79755 ], [ -96.90634, 32.79766 ], [ -96.90587, 32.79781 ], [ -96.90549, 32.79793 ], [ -96.90499, 32.79808 ], [ -96.90458, 32.79815 ], [ -96.90427, 32.79819 ], [ -96.90367, 32.7982 ], [ -96.90252, 32.79818 ], [ -96.90181, 32.79814 ], [ -96.90159, 32.79811 ], [ -96.9014, 32.7981 ], [ -96.90094, 32.79803 ], [ -96.90041, 32.79807 ], [ -96.89937, 32.79816 ], [ -96.89873, 32.7982 ], [ -96.89871, 32.79811 ] ] ] } },
{ "type": "Feature", "properties": { "element": "way", "id": 167235258 }, "geometry": { "type": "MultiPolygon", "coordinates": [ [ [ [ -96.88998, 32.84104 ], [ -96.88988, 32.84136 ], [ -96.89002, 32.84154 ], [ -96.88995, 32.84291 ], [ -96.88973, 32.84291 ], [ -96.8897, 32.84327 ], [ -96.88971, 32.84362 ], [ -96.88965, 32.84405 ], [ -96.88963, 32.84424 ], [ -96.88967, 32.84437 ], [ -96.88971, 32.84452 ], [ -96.88979, 32.84484 ], [ -96.88979, 32.84516 ], [ -96.88971, 32.84543 ], [ -96.88955, 32.84562 ], [ -96.8893, 32.84599 ], [ -96.88915, 32.84626 ], [ -96.88894, 32.84663 ], [ -96.8888, 32.84708 ], [ -96.88877, 32.84747 ], [ -96.88889, 32.84777 ], [ -96.88907, 32.84801 ], [ -96.88922, 32.84815 ], [ -96.88938, 32.8482 ], [ -96.88959, 32.84823 ], [ -96.88981, 32.84818 ], [ -96.89006, 32.84803 ], [ -96.89029, 32.84785 ], [ -96.89058, 32.84763 ], [ -96.89086, 32.84739 ], [ -96.89117, 32.84724 ], [ -96.89158, 32.84718 ], [ -96.89203, 32.84726 ], [ -96.8924, 32.84736 ], [ -96.89279, 32.84759 ], [ -96.89308, 32.84777 ], [ -96.89333, 32.84797 ], [ -96.89366, 32.84829 ], [ -96.89382, 32.84858 ], [ -96.89383, 32.84891 ], [ -96.89372, 32.84946 ], [ -96.89367, 32.84988 ], [ -96.89371, 32.85005 ], [ -96.89391, 32.85036 ], [ -96.89434, 32.85071 ], [ -96.89464, 32.8509 ], [ -96.89494, 32.85095 ], [ -96.89531, 32.8509 ], [ -96.89565, 32.85073 ], [ -96.89602, 32.85061 ], [ -96.89644, 32.85046 ], [ -96.89674, 32.8504 ], [ -96.89728, 32.85031 ], [ -96.89778, 32.85035 ], [ -96.89804, 32.85037 ], [ -96.89832, 32.85042 ], [ -96.89861, 32.85055 ], [ -96.89873, 32.85079 ], [ -96.89878, 32.85099 ], [ -96.89851, 32.85133 ], [ -96.89814, 32.85162 ], [ -96.89787, 32.8519 ], [ -96.89784, 32.85216 ], [ -96.89785, 32.8524 ], [ -96.89798, 32.85267 ], [ -96.89817, 32.85293 ], [ -96.89853, 32.85326 ], [ -96.89888, 32.85349 ], [ -96.89927, 32.85363 ], [ -96.89964, 32.85361 ], [ -96.90001, 32.85357 ], [ -96.90027, 32.85343 ], [ -96.9005, 32.85325 ], [ -96.90063, 32.85302 ], [ -96.90078, 32.85272 ], [ -96.90101, 32.85237 ], [ -96.90144, 32.85221 ], [ -96.90186, 32.85217 ], [ -96.90249, 32.85235 ], [ -96.90288, 32.85249 ], [ -96.90314, 32.85264 ], [ -96.90336, 32.85283 ], [ -96.90352, 32.85311 ], [ -96.90354, 32.85349 ], [ -96.90353, 32.85384 ], [ -96.90369, 32.85416 ], [ -96.90388, 32.85416 ], [ -96.90421, 32.85411 ], [ -96.90424, 32.85411 ], [ -96.90433, 32.85412 ], [ -96.90443, 32.85406 ], [ -96.90459, 32.85402 ], [ -96.90501, 32.85394 ], [ -96.90544, 32.85389 ], [ -96.90595, 32.85394 ], [ -96.90626, 32.85405 ], [ -96.90651, 32.85416 ], [ -96.90686, 32.85444 ], [ -96.90714, 32.8549 ], [ -96.90718, 32.85529 ], [ -96.90726, 32.85552 ], [ -96.90748, 32.85578 ], [ -96.9078, 32.85596 ], [ -96.90795, 32.856 ], [ -96.90817, 32.85605 ], [ -96.90838, 32.85608 ], [ -96.90857, 32.85609 ], [ -96.90887, 32.85606 ], [ -96.909, 32.85602 ], [ -96.90931, 32.85591 ], [ -96.90945, 32.85585 ], [ -96.90961, 32.85572 ], [ -96.90977, 32.8556 ], [ -96.91, 32.85549 ], [ -96.91031, 32.8554 ], [ -96.91058, 32.85534 ], [ -96.91082, 32.85532 ], [ -96.91099, 32.85536 ], [ -96.91126, 32.85549 ], [ -96.91152, 32.85568 ], [ -96.91172, 32.85585 ], [ -96.91187, 32.85602 ], [ -96.91196, 32.85621 ], [ -96.91208, 32.85647 ], [ -96.91216, 32.85693 ], [ -96.91232, 32.85782 ], [ -96.91248, 32.85803 ], [ -96.91272, 32.85814 ], [ -96.91281, 32.85818 ], [ -96.91296, 32.8582 ], [ -96.91317, 32.85818 ], [ -96.91335, 32.85813 ], [ -96.91352, 32.85807 ], [ -96.91366, 32.85798 ], [ -96.91376, 32.85781 ], [ -96.91383, 32.85768 ], [ -96.91394, 32.85738 ], [ -96.91391, 32.85714 ], [ -96.9139, 32.85686 ], [ -96.91394, 32.85664 ], [ -96.91406, 32.85648 ], [ -96.91419, 32.85634 ], [ -96.91453, 32.85615 ], [ -96.91491, 32.85603 ], [ -96.91531, 32.85597 ], [ -96.91566, 32.85599 ], [ -96.91587, 32.856 ], [ -96.91615, 32.85602 ], [ -96.91637, 32.85607 ], [ -96.91675, 32.85628 ], [ -96.91684, 32.85642 ], [ -96.91693, 32.85667 ], [ -96.91689, 32.85705 ], [ -96.91686, 32.85727 ], [ -96.91677, 32.8575 ], [ -96.91668, 32.85776 ], [ -96.91666, 32.85806 ], [ -96.91681, 32.85836 ], [ -96.91696, 32.85848 ], [ -96.91713, 32.85856 ], [ -96.91741, 32.85853 ], [ -96.91772, 32.85824 ], [ -96.91792, 32.85804 ], [ -96.91821, 32.8578 ], [ -96.91839, 32.85767 ], [ -96.91866, 32.85751 ], [ -96.91893, 32.85745 ], [ -96.91919, 32.85742 ], [ -96.91942, 32.85741 ], [ -96.9197, 32.85745 ], [ -96.92031, 32.85754 ], [ -96.92128, 32.85768 ], [ -96.92177, 32.85777 ], [ -96.92207, 32.85785 ], [ -96.92264, 32.85803 ], [ -96.92303, 32.8582 ], [ -96.92338, 32.85827 ], [ -96.92398, 32.85832 ], [ -96.92436, 32.85838 ], [ -96.92493, 32.85856 ], [ -96.92521, 32.85876 ], [ -96.92534, 32.85902 ], [ -96.92538, 32.85928 ], [ -96.92528, 32.8595 ], [ -96.92511, 32.85967 ], [ -96.92492, 32.85985 ], [ -96.92431, 32.86007 ], [ -96.92403, 32.8602 ], [ -96.92366, 32.86035 ], [ -96.92297, 32.8605 ], [ -96.92266, 32.86073 ], [ -96.9226, 32.86076 ], [ -96.92253, 32.86084 ], [ -96.92243, 32.86091 ], [ -96.9222, 32.86128 ], [ -96.92216, 32.86162 ], [ -96.92222, 32.86192 ], [ -96.9224, 32.86213 ], [ -96.9226, 32.86231 ], [ -96.92288, 32.86245 ], [ -96.92292, 32.86246 ], [ -96.92294, 32.86247 ], [ -96.92295, 32.86248 ], [ -96.9232, 32.86258 ], [ -96.92349, 32.86267 ], [ -96.92403, 32.86272 ], [ -96.92442, 32.86276 ], [ -96.92474, 32.86284 ], [ -96.92498, 32.86297 ], [ -96.92512, 32.86306 ], [ -96.92522, 32.86316 ], [ -96.9253, 32.86336 ], [ -96.9253, 32.8636 ], [ -96.92519, 32.86392 ], [ -96.92484, 32.86438 ], [ -96.92443, 32.86488 ], [ -96.9242, 32.86522 ], [ -96.92418, 32.86544 ], [ -96.92422, 32.86558 ], [ -96.92428, 32.86572 ], [ -96.92442, 32.86579 ], [ -96.92456, 32.86584 ], [ -96.9248, 32.86586 ], [ -96.925, 32.86575 ], [ -96.92514, 32.86568 ], [ -96.9253, 32.86561 ], [ -96.9255, 32.86553 ], [ -96.92612, 32.86539 ], [ -96.92637, 32.8654 ], [ -96.92665, 32.86559 ], [ -96.9269, 32.86589 ], [ -96.92703, 32.86624 ], [ -96.92709, 32.86649 ], [ -96.92707, 32.86677 ], [ -96.92701, 32.867 ], [ -96.92689, 32.8672 ], [ -96.92679, 32.86729 ], [ -96.9267, 32.86736 ], [ -96.92639, 32.86756 ], [ -96.92617, 32.86771 ], [ -96.92617, 32.86771 ], [ -96.92593, 32.86784 ], [ -96.92558, 32.86804 ], [ -96.92521, 32.86816 ], [ -96.92521, 32.86821 ], [ -96.92493, 32.8683 ], [ -96.92455, 32.8685 ], [ -96.92424, 32.86879 ], [ -96.9242, 32.8689 ], [ -96.92398, 32.86886 ], [ -96.92379, 32.86896 ], [ -96.92362, 32.8692 ], [ -96.9236, 32.86939 ], [ -96.9237, 32.87008 ], [ -96.9238, 32.87038 ], [ -96.92392, 32.8706 ], [ -96.92411, 32.87077 ], [ -96.92443, 32.87087 ], [ -96.92478, 32.87084 ], [ -96.9252, 32.87069 ], [ -96.9252, 32.87095 ], [ -96.92558, 32.87067 ], [ -96.9258, 32.87048 ], [ -96.92597, 32.87032 ], [ -96.92659, 32.86966 ], [ -96.92674, 32.86952 ], [ -96.92689, 32.86943 ], [ -96.92703, 32.86942 ], [ -96.92715, 32.86937 ], [ -96.92728, 32.86935 ], [ -96.92756, 32.86933 ], [ -96.92778, 32.86929 ], [ -96.92796, 32.86931 ], [ -96.92833, 32.86941 ], [ -96.92864, 32.86952 ], [ -96.9292, 32.86975 ], [ -96.92965, 32.86999 ], [ -96.93021, 32.87021 ], [ -96.93066, 32.87034 ], [ -96.93092, 32.87049 ], [ -96.93105, 32.87061 ], [ -96.93119, 32.87077 ], [ -96.93135, 32.87105 ], [ -96.93148, 32.87128 ], [ -96.93154, 32.87145 ], [ -96.93157, 32.87156 ], [ -96.9316, 32.87177 ], [ -96.9316, 32.87195 ], [ -96.93156, 32.87209 ], [ -96.93143, 32.87263 ], [ -96.93134, 32.87297 ], [ -96.93125, 32.8733 ], [ -96.9311, 32.87326 ], [ -96.93121, 32.87304 ], [ -96.93143, 32.87225 ], [ -96.93143, 32.87155 ], [ -96.93128, 32.87116 ], [ -96.93095, 32.8707 ], [ -96.93077, 32.87056 ], [ -96.92977, 32.87018 ], [ -96.92873, 32.86966 ], [ -96.92783, 32.86939 ], [ -96.92756, 32.86939 ], [ -96.92693, 32.86954 ], [ -96.92641, 32.87006 ], [ -96.92624, 32.87013 ], [ -96.92592, 32.87059 ], [ -96.92543, 32.87089 ], [ -96.92503, 32.87104 ], [ -96.92468, 32.87112 ], [ -96.9241, 32.87106 ], [ -96.92378, 32.87085 ], [ -96.92354, 32.87049 ], [ -96.9234, 32.87014 ], [ -96.92327, 32.8693 ], [ -96.92363, 32.86864 ], [ -96.92398, 32.86833 ], [ -96.92525, 32.86791 ], [ -96.92599, 32.86759 ], [ -96.92668, 32.86708 ], [ -96.92677, 32.86691 ], [ -96.92684, 32.86656 ], [ -96.92686, 32.8664 ], [ -96.92676, 32.86601 ], [ -96.92656, 32.86568 ], [ -96.92639, 32.86554 ], [ -96.92594, 32.8655 ], [ -96.92571, 32.86555 ], [ -96.92512, 32.86585 ], [ -96.92481, 32.86595 ], [ -96.92447, 32.86596 ], [ -96.9241, 32.86578 ], [ -96.924, 32.86541 ], [ -96.92411, 32.86503 ], [ -96.92483, 32.86413 ], [ -96.92506, 32.86371 ], [ -96.92509, 32.86333 ], [ -96.925, 32.86315 ], [ -96.92477, 32.86297 ], [ -96.92428, 32.86282 ], [ -96.9234, 32.86278 ], [ -96.92295, 32.86263 ], [ -96.92239, 32.86232 ], [ -96.92217, 32.86212 ], [ -96.922, 32.86181 ], [ -96.922, 32.86113 ], [ -96.92232, 32.86067 ], [ -96.92255, 32.86054 ], [ -96.92458, 32.85986 ], [ -96.92492, 32.85962 ], [ -96.92507, 32.85944 ], [ -96.92513, 32.8591 ], [ -96.92501, 32.85882 ], [ -96.92464, 32.85861 ], [ -96.92425, 32.85846 ], [ -96.92331, 32.85835 ], [ -96.92273, 32.85838 ], [ -96.92173, 32.85797 ], [ -96.91966, 32.85755 ], [ -96.91934, 32.85755 ], [ -96.91894, 32.85763 ], [ -96.91832, 32.85787 ], [ -96.91765, 32.85861 ], [ -96.91747, 32.8587 ], [ -96.91724, 32.85871 ], [ -96.91694, 32.85863 ], [ -96.91664, 32.85832 ], [ -96.91657, 32.85814 ], [ -96.91661, 32.85751 ], [ -96.91681, 32.85692 ], [ -96.91672, 32.85649 ], [ -96.91652, 32.85626 ], [ -96.91639, 32.85619 ], [ -96.91525, 32.85608 ], [ -96.91479, 32.85619 ], [ -96.91441, 32.8564 ], [ -96.91422, 32.8566 ], [ -96.91407, 32.85684 ], [ -96.91408, 32.85748 ], [ -96.91397, 32.85799 ], [ -96.91385, 32.85809 ], [ -96.91372, 32.85805 ], [ -96.91363, 32.85826 ], [ -96.91331, 32.85837 ], [ -96.91282, 32.85834 ], [ -96.9126, 32.85824 ], [ -96.91215, 32.85782 ], [ -96.91205, 32.8576 ], [ -96.91196, 32.85663 ], [ -96.9118, 32.8561 ], [ -96.91132, 32.85563 ], [ -96.91069, 32.85543 ], [ -96.91029, 32.85556 ], [ -96.90939, 32.85602 ], [ -96.90866, 32.85621 ], [ -96.90799, 32.85615 ], [ -96.90774, 32.85604 ], [ -96.90733, 32.85567 ], [ -96.90718, 32.85544 ], [ -96.90696, 32.85473 ], [ -96.90666, 32.85433 ], [ -96.9063, 32.85414 ], [ -96.90571, 32.85395 ], [ -96.90523, 32.854 ], [ -96.90468, 32.85411 ], [ -96.9044, 32.85423 ], [ -96.90395, 32.85428 ], [ -96.90366, 32.85425 ], [ -96.90343, 32.85402 ], [ -96.90336, 32.85375 ], [ -96.90343, 32.85318 ], [ -96.90323, 32.85283 ], [ -96.90274, 32.85252 ], [ -96.90191, 32.85229 ], [ -96.90164, 32.85228 ], [ -96.90127, 32.85234 ], [ -96.90102, 32.85255 ], [ -96.90079, 32.85291 ], [ -96.90069, 32.85325 ], [ -96.90035, 32.85367 ], [ -96.89976, 32.85378 ], [ -96.89921, 32.85372 ], [ -96.8989, 32.85357 ], [ -96.8983, 32.85315 ], [ -96.89796, 32.85278 ], [ -96.89778, 32.85228 ], [ -96.89774, 32.85193 ], [ -96.89868, 32.85096 ], [ -96.89863, 32.85073 ], [ -96.8985, 32.85058 ], [ -96.89836, 32.85051 ], [ -96.89785, 32.85043 ], [ -96.89698, 32.85044 ], [ -96.89655, 32.85054 ], [ -96.89525, 32.85112 ], [ -96.89483, 32.85111 ], [ -96.89448, 32.85092 ], [ -96.89399, 32.85052 ], [ -96.89364, 32.85014 ], [ -96.89353, 32.84966 ], [ -96.89376, 32.84902 ], [ -96.89375, 32.84858 ], [ -96.89367, 32.84845 ], [ -96.89357, 32.84832 ], [ -96.89271, 32.84765 ], [ -96.8923, 32.84741 ], [ -96.89167, 32.84728 ], [ -96.89109, 32.84737 ], [ -96.89033, 32.848 ], [ -96.88976, 32.84835 ], [ -96.88937, 32.84831 ], [ -96.88883, 32.84795 ], [ -96.88869, 32.84762 ], [ -96.88871, 32.84713 ], [ -96.88899, 32.84632 ], [ -96.88967, 32.84522 ], [ -96.88969, 32.8449 ], [ -96.88945, 32.84426 ], [ -96.88846, 32.84345 ], [ -96.88766, 32.84296 ], [ -96.88712, 32.84288 ], [ -96.88671, 32.84301 ], [ -96.88633, 32.8434 ], [ -96.88627, 32.84383 ], [ -96.88613, 32.84404 ], [ -96.8858, 32.84435 ], [ -96.88562, 32.84439 ], [ -96.88539, 32.84432 ], [ -96.88466, 32.84356 ], [ -96.88436, 32.84334 ], [ -96.88407, 32.84324 ], [ -96.88376, 32.84328 ], [ -96.88358, 32.84335 ], [ -96.88342, 32.8435 ], [ -96.88269, 32.84475 ], [ -96.88222, 32.84521 ], [ -96.88128, 32.84546 ], [ -96.88073, 32.84569 ], [ -96.88053, 32.84573 ], [ -96.87989, 32.84573 ], [ -96.87889, 32.84586 ], [ -96.87871, 32.8457 ], [ -96.87869, 32.84554 ], [ -96.87912, 32.84555 ], [ -96.8792, 32.84543 ], [ -96.87936, 32.84554 ], [ -96.87996, 32.84541 ], [ -96.88064, 32.84545 ], [ -96.88209, 32.84489 ], [ -96.88252, 32.84451 ], [ -96.8833, 32.84327 ], [ -96.88348, 32.8431 ], [ -96.88372, 32.84302 ], [ -96.88406, 32.84303 ], [ -96.88458, 32.84322 ], [ -96.88495, 32.84343 ], [ -96.88523, 32.84384 ], [ -96.88548, 32.84407 ], [ -96.88564, 32.84412 ], [ -96.88588, 32.84406 ], [ -96.886, 32.84394 ], [ -96.88633, 32.8431 ], [ -96.88653, 32.84295 ], [ -96.88702, 32.84277 ], [ -96.88745, 32.84276 ], [ -96.8878, 32.84284 ], [ -96.88831, 32.84308 ], [ -96.88937, 32.84398 ], [ -96.88949, 32.84405 ], [ -96.88957, 32.84402 ], [ -96.88966, 32.84232 ], [ -96.88954, 32.84192 ], [ -96.88943, 32.84175 ], [ -96.88942, 32.84154 ], [ -96.88952, 32.84131 ], [ -96.88944, 32.84089 ], [ -96.88964, 32.83993 ], [ -96.88957, 32.83946 ], [ -96.8895, 32.83798 ], [ -96.88965, 32.83656 ], [ -96.88979, 32.83593 ], [ -96.88972, 32.83568 ], [ -96.88935, 32.8351 ], [ -96.88926, 32.83451 ], [ -96.88928, 32.83435 ], [ -96.88948, 32.8339 ], [ -96.88955, 32.83312 ], [ -96.88957, 32.83185 ], [ -96.88962, 32.83161 ], [ -96.88988, 32.83108 ], [ -96.89119, 32.82957 ], [ -96.89144, 32.82939 ], [ -96.89212, 32.82851 ], [ -96.89259, 32.82804 ], [ -96.89498, 32.82598 ], [ -96.89576, 32.82545 ], [ -96.89647, 32.82516 ], [ -96.89672, 32.82501 ], [ -96.89724, 32.82462 ], [ -96.89858, 32.82331 ], [ -96.89934, 32.82265 ], [ -96.89982, 32.82204 ], [ -96.90329, 32.81885 ], [ -96.90475, 32.81735 ], [ -96.90523, 32.81695 ], [ -96.90503, 32.8172 ], [ -96.90457, 32.81769 ], [ -96.9039, 32.81831 ], [ -96.90312, 32.81911 ], [ -96.90282, 32.8194 ], [ -96.90248, 32.81966 ], [ -96.90211, 32.82001 ], [ -96.90181, 32.8203 ], [ -96.90169, 32.82042 ], [ -96.9016, 32.82059 ], [ -96.90154, 32.82064 ], [ -96.90135, 32.82077 ], [ -96.90074, 32.82136 ], [ -96.90055, 32.82152 ], [ -96.90005, 32.82198 ], [ -96.89976, 32.82221 ], [ -96.89967, 32.82242 ], [ -96.8993, 32.82285 ], [ -96.89839, 32.8237 ], [ -96.89776, 32.82425 ], [ -96.89763, 32.82436 ], [ -96.89753, 32.82451 ], [ -96.89733, 32.82476 ], [ -96.89715, 32.82495 ], [ -96.89694, 32.8251 ], [ -96.89684, 32.82517 ], [ -96.89674, 32.82522 ], [ -96.89652, 32.82529 ], [ -96.89637, 32.82533 ], [ -96.89623, 32.82535 ], [ -96.89598, 32.82546 ], [ -96.89544, 32.82574 ], [ -96.89511, 32.82598 ], [ -96.89482, 32.82622 ], [ -96.89422, 32.82673 ], [ -96.89401, 32.82698 ], [ -96.89357, 32.82729 ], [ -96.89299, 32.82778 ], [ -96.89268, 32.82804 ], [ -96.89218, 32.82852 ], [ -96.89206, 32.82864 ], [ -96.89201, 32.82872 ], [ -96.8919, 32.82893 ], [ -96.89181, 32.82909 ], [ -96.89175, 32.82921 ], [ -96.89168, 32.82931 ], [ -96.89156, 32.82943 ], [ -96.89144, 32.82955 ], [ -96.89129, 32.82965 ], [ -96.89119, 32.8298 ], [ -96.89102, 32.83001 ], [ -96.89094, 32.83012 ], [ -96.89084, 32.83023 ], [ -96.89079, 32.83037 ], [ -96.89042, 32.83075 ], [ -96.89022, 32.83085 ], [ -96.89012, 32.83093 ], [ -96.89003, 32.83101 ], [ -96.88995, 32.8311 ], [ -96.88989, 32.83122 ], [ -96.88984, 32.83134 ], [ -96.88978, 32.83145 ], [ -96.88972, 32.83159 ], [ -96.88968, 32.83171 ], [ -96.88965, 32.83189 ], [ -96.88963, 32.83206 ], [ -96.88962, 32.83221 ], [ -96.88962, 32.83263 ], [ -96.88963, 32.83282 ], [ -96.88966, 32.83304 ], [ -96.88967, 32.83339 ], [ -96.88964, 32.83371 ], [ -96.88961, 32.83383 ], [ -96.88953, 32.83409 ], [ -96.88944, 32.83431 ], [ -96.88939, 32.83446 ], [ -96.88938, 32.83455 ], [ -96.88939, 32.83475 ], [ -96.88941, 32.83485 ], [ -96.88943, 32.83494 ], [ -96.88987, 32.83572 ], [ -96.88991, 32.83578 ], [ -96.88994, 32.83584 ], [ -96.88998, 32.83599 ], [ -96.89, 32.83608 ], [ -96.89001, 32.83616 ], [ -96.88997, 32.8366 ], [ -96.88996, 32.83669 ], [ -96.88986, 32.83696 ], [ -96.8898, 32.83707 ], [ -96.8897, 32.83724 ], [ -96.88969, 32.83755 ], [ -96.88966, 32.83771 ], [ -96.88965, 32.83812 ], [ -96.88963, 32.83884 ], [ -96.88979, 32.83956 ], [ -96.88968, 32.84067 ], [ -96.88993, 32.84067 ], [ -96.88998, 32.84104 ] ] ], [ [ [ -96.93078, 32.87424 ], [ -96.93077, 32.87425 ], [ -96.93075, 32.87427 ], [ -96.93071, 32.87433 ], [ -96.93069, 32.87435 ], [ -96.93062, 32.87443 ], [ -96.93061, 32.87444 ], [ -96.9306, 32.87445 ], [ -96.93056, 32.87451 ], [ -96.93053, 32.87452 ], [ -96.93049, 32.87458 ], [ -96.93045, 32.87462 ], [ -96.93034, 32.87475 ], [ -96.93032, 32.87478 ], [ -96.93013, 32.87501 ], [ -96.92972, 32.87585 ], [ -96.92951, 32.87673 ], [ -96.92949, 32.87711 ], [ -96.92948, 32.87717 ], [ -96.92948, 32.87722 ], [ -96.92944, 32.87725 ], [ -96.92948, 32.87736 ], [ -96.92946, 32.87794 ], [ -96.92946, 32.87795 ], [ -96.92946, 32.87795 ], [ -96.92944, 32.87844 ], [ -96.9296, 32.87917 ], [ -96.92957, 32.87919 ], [ -96.92956, 32.87923 ], [ -96.92961, 32.87926 ], [ -96.92963, 32.8793 ], [ -96.9297, 32.87961 ], [ -96.9297, 32.87965 ], [ -96.92973, 32.87978 ], [ -96.92972, 32.8799 ], [ -96.92973, 32.87999 ], [ -96.92972, 32.88006 ], [ -96.92975, 32.8801 ], [ -96.92975, 32.88011 ], [ -96.92961, 32.88067 ], [ -96.92937, 32.88114 ], [ -96.92936, 32.88119 ], [ -96.92929, 32.88125 ], [ -96.92898, 32.88117 ], [ -96.92924, 32.88069 ], [ -96.92936, 32.88009 ], [ -96.92933, 32.8797 ], [ -96.92907, 32.87833 ], [ -96.9291, 32.87724 ], [ -96.92919, 32.87643 ], [ -96.92947, 32.8756 ], [ -96.92977, 32.875 ], [ -96.93021, 32.87446 ], [ -96.93046, 32.87427 ], [ -96.9306, 32.87406 ], [ -96.93086, 32.87414 ], [ -96.93085, 32.87417 ], [ -96.93078, 32.87424 ] ] ], [ [ [ -96.90604, 32.81478 ], [ -96.90609, 32.80966 ], [ -96.90599, 32.80865 ], [ -96.90576, 32.80784 ], [ -96.90562, 32.80748 ], [ -96.905, 32.80639 ], [ -96.90448, 32.80568 ], [ -96.9046, 32.80557 ], [ -96.90471, 32.80575 ], [ -96.90479, 32.80588 ], [ -96.90483, 32.80595 ], [ -96.90488, 32.80602 ], [ -96.90492, 32.80609 ], [ -96.90496, 32.80616 ], [ -96.905, 32.80623 ], [ -96.90504, 32.80629 ], [ -96.90509, 32.80636 ], [ -96.90513, 32.80643 ], [ -96.90517, 32.8065 ], [ -96.90521, 32.80657 ], [ -96.90526, 32.80664 ], [ -96.9053, 32.80671 ], [ -96.90534, 32.80677 ], [ -96.90538, 32.80684 ], [ -96.90543, 32.80691 ], [ -96.90547, 32.80698 ], [ -96.90551, 32.80705 ], [ -96.90555, 32.80712 ], [ -96.9056, 32.80721 ], [ -96.90565, 32.80731 ], [ -96.90571, 32.80741 ], [ -96.90575, 32.80751 ], [ -96.90579, 32.8076 ], [ -96.90584, 32.8077 ], [ -96.90588, 32.80779 ], [ -96.9059, 32.80789 ], [ -96.90604, 32.80854 ], [ -96.90608, 32.80874 ], [ -96.90622, 32.80875 ], [ -96.90624, 32.80886 ], [ -96.90626, 32.8094 ], [ -96.90618, 32.8094 ], [ -96.90619, 32.80972 ], [ -96.90617, 32.81237 ], [ -96.90614, 32.8129 ], [ -96.90615, 32.81339 ], [ -96.90615, 32.81381 ], [ -96.90614, 32.81401 ], [ -96.90609, 32.81414 ], [ -96.90609, 32.81426 ], [ -96.90608, 32.81435 ], [ -96.90614, 32.81469 ], [ -96.90614, 32.81489 ], [ -96.90598, 32.81572 ], [ -96.90591, 32.81588 ], [ -96.90583, 32.81601 ], [ -96.90604, 32.81478 ] ] ], [ [ [ -96.90322, 32.80398 ], [ -96.90314, 32.80373 ], [ -96.90292, 32.80345 ], [ -96.90292, 32.80322 ], [ -96.90253, 32.80256 ], [ -96.90225, 32.8019 ], [ -96.9018, 32.80119 ], [ -96.90057, 32.79968 ], [ -96.90007, 32.79927 ], [ -96.89905, 32.7986 ], [ -96.89874, 32.79851 ], [ -96.89874, 32.79836 ], [ -96.89922, 32.79858 ], [ -96.89983, 32.79902 ], [ -96.90088, 32.7999 ], [ -96.90137, 32.80038 ], [ -96.90176, 32.80079 ], [ -96.9027, 32.80246 ], [ -96.90303, 32.80307 ], [ -96.9032, 32.80357 ], [ -96.9036, 32.80435 ], [ -96.90354, 32.80441 ], [ -96.90322, 32.80398 ] ] ] ] } },
{ "type": "Feature", "properties": { "element": "way", "id": 25915455 }, "geometry": { "type": "Polygon", "coordinates": [ [ [ -96.90653, 32.85569 ], [ -96.90554, 32.85566 ], [ -96.90553, 32.85535 ], [ -96.90558, 32.85513 ], [ -96.90587, 32.85469 ], [ -96.90612, 32.85465 ], [ -96.90634, 32.85481 ], [ -96.90668, 32.85493 ], [ -96.90689, 32.85565 ], [ -96.90653, 32.85569 ] ] ] } },
{ "type": "Feature", "properties": { "element": "way", "id": 25662922 }, "geometry": { "type": "Polygon", "coordinates": [ [ [ -96.9073, 32.85904 ], [ -96.90685, 32.85886 ], [ -96.9066, 32.85893 ], [ -96.90623, 32.8588 ], [ -96.90587, 32.85827 ], [ -96.9059, 32.85743 ], [ -96.90567, 32.85708 ], [ -96.90526, 32.85668 ], [ -96.90524, 32.85637 ], [ -96.90537, 32.85602 ], [ -96.90568, 32.85568 ], [ -96.90708, 32.85576 ], [ -96.90755, 32.8562 ], [ -96.90767, 32.85726 ], [ -96.9077, 32.85836 ], [ -96.90761, 32.85896 ], [ -96.9073, 32.85904 ] ] ] } },
{ "type": "Feature", "properties": { "element": "way", "id": 104368991 }, "geometry": { "type": "Polygon", "coordinates": [ [ [ -96.85074, 32.80047 ], [ -96.8503, 32.80065 ], [ -96.85009, 32.80056 ], [ -96.84992, 32.8004 ], [ -96.84957, 32.8002 ], [ -96.84947, 32.80006 ], [ -96.84946, 32.79982 ], [ -96.8493, 32.79963 ], [ -96.84927, 32.79948 ], [ -96.85074, 32.80047 ] ] ] } },
{ "type": "Feature", "properties": { "element": "way", "id": 104368996 }, "geometry": { "type": "Polygon", "coordinates": [ [ [ -96.89576, 32.80138 ], [ -96.89558, 32.8011 ], [ -96.89524, 32.801 ], [ -96.89504, 32.80078 ], [ -96.89486, 32.80072 ], [ -96.8947, 32.80059 ], [ -96.89447, 32.80054 ], [ -96.89401, 32.80068 ], [ -96.89375, 32.80057 ], [ -96.89361, 32.80058 ], [ -96.89338, 32.8006 ], [ -96.89318, 32.8007 ], [ -96.89279, 32.80074 ], [ -96.89264, 32.80083 ], [ -96.89255, 32.80079 ], [ -96.89239, 32.80059 ], [ -96.89241, 32.80048 ], [ -96.89296, 32.80022 ], [ -96.89311, 32.79979 ], [ -96.89308, 32.80014 ], [ -96.89342, 32.80024 ], [ -96.89365, 32.80016 ], [ -96.89387, 32.80024 ], [ -96.89389, 32.80013 ], [ -96.89402, 32.80003 ], [ -96.8946, 32.80008 ], [ -96.89476, 32.80014 ], [ -96.89481, 32.80033 ], [ -96.89519, 32.80046 ], [ -96.89526, 32.80056 ], [ -96.89525, 32.80066 ], [ -96.89562, 32.80083 ], [ -96.89562, 32.80104 ], [ -96.89611, 32.80112 ], [ -96.89631, 32.80124 ], [ -96.89633, 32.80135 ], [ -96.89629, 32.80147 ], [ -96.89613, 32.8015 ], [ -96.89576, 32.80138 ] ] ] } },
{ "type": "Feature", "properties": { "element": "way", "id": 104368993 }, "geometry": { "type": "Polygon", "coordinates": [ [ [ -96.88851, 32.80144 ], [ -96.88862, 32.80138 ], [ -96.88923, 32.8013 ], [ -96.88969, 32.80132 ], [ -96.88985, 32.80128 ], [ -96.89013, 32.80135 ], [ -96.89083, 32.80138 ], [ -96.89128, 32.80138 ], [ -96.89145, 32.80133 ], [ -96.89167, 32.80112 ], [ -96.89184, 32.8007 ], [ -96.89198, 32.80068 ], [ -96.89211, 32.80076 ], [ -96.89216, 32.80098 ], [ -96.89206, 32.80134 ], [ -96.89195, 32.80149 ], [ -96.89196, 32.80161 ], [ -96.89219, 32.80202 ], [ -96.89252, 32.80196 ], [ -96.8926, 32.80223 ], [ -96.89219, 32.80221 ], [ -96.89216, 32.80209 ], [ -96.89199, 32.80198 ], [ -96.89193, 32.80181 ], [ -96.89179, 32.80176 ], [ -96.89169, 32.80179 ], [ -96.89022, 32.80172 ], [ -96.89007, 32.80175 ], [ -96.8897, 32.80167 ], [ -96.88948, 32.8017 ], [ -96.88877, 32.80163 ], [ -96.88851, 32.80144 ] ] ] } },
{ "type": "Feature", "properties": { "element": "way", "id": 27452930 }, "geometry": { "type": "Polygon", "coordinates": [ [ [ -96.86022, 32.80281 ], [ -96.85982, 32.8028 ], [ -96.85949, 32.8029 ], [ -96.85914, 32.80291 ], [ -96.85901, 32.8028 ], [ -96.85898, 32.80266 ], [ -96.85901, 32.80254 ], [ -96.8593, 32.80255 ], [ -96.85936, 32.80265 ], [ -96.8595, 32.80266 ], [ -96.85954, 32.80273 ], [ -96.85963, 32.80273 ], [ -96.85984, 32.80266 ], [ -96.85997, 32.80245 ], [ -96.86023, 32.80244 ], [ -96.86031, 32.80262 ], [ -96.86082, 32.8026 ], [ -96.86172, 32.80267 ], [ -96.86198, 32.80264 ], [ -96.86178, 32.80275 ], [ -96.86125, 32.80282 ], [ -96.86112, 32.80271 ], [ -96.86022, 32.80281 ] ] ] } },
{ "type": "Feature", "properties": { "element": "way", "id": 27452932 }, "geometry": { "type": "Polygon", "coordinates": [ [ [ -96.85926, 32.81086 ], [ -96.85967, 32.81107 ], [ -96.85976, 32.81121 ], [ -96.86002, 32.81126 ], [ -96.85938, 32.81128 ], [ -96.85874, 32.811 ], [ -96.85797, 32.81098 ], [ -96.85774, 32.81093 ], [ -96.85718, 32.811 ], [ -96.85696, 32.81115 ], [ -96.85679, 32.81108 ], [ -96.8568, 32.811 ], [ -96.85706, 32.81097 ], [ -96.85759, 32.8108 ], [ -96.85883, 32.81074 ], [ -96.85926, 32.81086 ] ] ] } },
{ "type": "Feature", "properties": { "element": "way", "id": 473668480 }, "geometry": { "type": "Polygon", "coordinates": [ [ [ -96.8571, 32.81807 ], [ -96.85659, 32.81771 ], [ -96.85686, 32.81744 ], [ -96.85742, 32.81777 ], [ -96.85743, 32.81787 ], [ -96.85754, 32.81792 ], [ -96.85734, 32.81817 ], [ -96.8571, 32.81807 ] ] ] } },
{ "type": "Feature", "properties": { "element": "way", "id": 166176879 }, "geometry": { "type": "Polygon", "coordinates": [ [ [ -96.86505, 32.82569 ], [ -96.86495, 32.82565 ], [ -96.86443, 32.82526 ], [ -96.86328, 32.82412 ], [ -96.8626, 32.82332 ], [ -96.86288, 32.82346 ], [ -96.86365, 32.82422 ], [ -96.86495, 32.82536 ], [ -96.8651, 32.82552 ], [ -96.86505, 32.82569 ] ] ] } },
{ "type": "Feature", "properties": { "element": "way", "id": 61737745 }, "geometry": { "type": "Polygon", "coordinates": [ [ [ -96.8681, 32.82852 ], [ -96.86834, 32.82802 ], [ -96.86841, 32.82796 ], [ -96.86851, 32.82796 ], [ -96.86934, 32.82834 ], [ -96.86939, 32.82853 ], [ -96.86922, 32.8288 ], [ -96.8692, 32.82895 ], [ -96.86929, 32.82903 ], [ -96.87065, 32.82968 ], [ -96.87072, 32.82986 ], [ -96.87063, 32.83001 ], [ -96.87041, 32.82982 ], [ -96.87028, 32.82987 ], [ -96.87036, 32.82999 ], [ -96.87018, 32.82994 ], [ -96.8681, 32.82852 ] ] ] } },
{ "type": "Feature", "properties": { "element": "way", "id": 477218814 }, "geometry": { "type": "Polygon", "coordinates": [ [ [ -96.80252, 32.80916 ], [ -96.80239, 32.8078 ], [ -96.80255, 32.80744 ], [ -96.80267, 32.80731 ], [ -96.80295, 32.80719 ], [ -96.8031, 32.8072 ], [ -96.80333, 32.80725 ], [ -96.80307, 32.80733 ], [ -96.80284, 32.80754 ], [ -96.80279, 32.80775 ], [ -96.8027, 32.80781 ], [ -96.80268, 32.8086 ], [ -96.80276, 32.8087 ], [ -96.80277, 32.80935 ], [ -96.80252, 32.80916 ] ] ] } },
{ "type": "Feature", "properties": { "element": "way", "id": 755247662 }, "geometry": { "type": "Polygon", "coordinates": [ [ [ -96.79753, 32.81529 ], [ -96.79747, 32.81497 ], [ -96.79754, 32.8147 ], [ -96.7977, 32.81457 ], [ -96.79858, 32.81454 ], [ -96.79868, 32.81406 ], [ -96.79888, 32.81352 ], [ -96.79934, 32.81295 ], [ -96.79973, 32.81279 ], [ -96.80028, 32.81306 ], [ -96.80038, 32.81307 ], [ -96.80052, 32.81295 ], [ -96.80066, 32.81308 ], [ -96.80055, 32.81318 ], [ -96.80032, 32.81327 ], [ -96.79987, 32.81309 ], [ -96.79969, 32.81312 ], [ -96.79946, 32.81328 ], [ -96.79928, 32.81345 ], [ -96.79894, 32.81397 ], [ -96.79884, 32.81436 ], [ -96.7987, 32.81465 ], [ -96.79857, 32.81472 ], [ -96.79782, 32.8147 ], [ -96.79767, 32.81492 ], [ -96.79774, 32.81515 ], [ -96.79753, 32.81529 ] ] ] } },
{ "type": "Feature", "properties": { "element": "way", "id": 227580328 }, "geometry": { "type": "Polygon", "coordinates": [ [ [ -96.80813, 32.86883 ], [ -96.80788, 32.86885 ], [ -96.80776, 32.86884 ], [ -96.80758, 32.86874 ], [ -96.80691, 32.86882 ], [ -96.80665, 32.86878 ], [ -96.80626, 32.86893 ], [ -96.80569, 32.86881 ], [ -96.80528, 32.86906 ], [ -96.80498, 32.86906 ], [ -96.80481, 32.86898 ], [ -96.80453, 32.86871 ], [ -96.80421, 32.86866 ], [ -96.80422, 32.86842 ], [ -96.80445, 32.86847 ], [ -96.80508, 32.86872 ], [ -96.80533, 32.86865 ], [ -96.80538, 32.86854 ], [ -96.80556, 32.86851 ], [ -96.80578, 32.86857 ], [ -96.80611, 32.86874 ], [ -96.80615, 32.86867 ], [ -96.80599, 32.86844 ], [ -96.80598, 32.86831 ], [ -96.8063, 32.86853 ], [ -96.80658, 32.86841 ], [ -96.80672, 32.86841 ], [ -96.80689, 32.86849 ], [ -96.80723, 32.86849 ], [ -96.80742, 32.86844 ], [ -96.80758, 32.86847 ], [ -96.80799, 32.86831 ], [ -96.80806, 32.86805 ], [ -96.80819, 32.86794 ], [ -96.8083, 32.86811 ], [ -96.80824, 32.86877 ], [ -96.80813, 32.86883 ] ] ] } },
{ "type": "Feature", "properties": { "element": "way", "id": 1333277189 }, "geometry": { "type": "Polygon", "coordinates": [ [ [ -96.81366, 32.86825 ], [ -96.81355, 32.86844 ], [ -96.81361, 32.86861 ], [ -96.81339, 32.86898 ], [ -96.81306, 32.86905 ], [ -96.81219, 32.86947 ], [ -96.81081, 32.86925 ], [ -96.81052, 32.86936 ], [ -96.80982, 32.86901 ], [ -96.80878, 32.86901 ], [ -96.80849, 32.8689 ], [ -96.80813, 32.86883 ], [ -96.8083, 32.86811 ], [ -96.8089, 32.86886 ], [ -96.80919, 32.86878 ], [ -96.80954, 32.86884 ], [ -96.80978, 32.86883 ], [ -96.80989, 32.86891 ], [ -96.81129, 32.86914 ], [ -96.81156, 32.86929 ], [ -96.81178, 32.86935 ], [ -96.81226, 32.86935 ], [ -96.81276, 32.86905 ], [ -96.81326, 32.86889 ], [ -96.81347, 32.86855 ], [ -96.81344, 32.8684 ], [ -96.81331, 32.8682 ], [ -96.81401, 32.86768 ], [ -96.81382, 32.86814 ], [ -96.81366, 32.86825 ] ] ] } },
{ "type": "Feature", "properties": { "element": "way", "id": 730232939 }, "geometry": { "type": "Polygon", "coordinates": [ [ [ -96.80715, 32.87059 ], [ -96.80715, 32.87049 ], [ -96.80726, 32.8704 ], [ -96.80767, 32.87034 ], [ -96.80793, 32.87021 ], [ -96.80833, 32.87027 ], [ -96.80834, 32.87054 ], [ -96.80715, 32.87059 ] ] ] } },
{ "type": "Feature", "properties": { "element": "way", "id": 616414558 }, "geometry": { "type": "Polygon", "coordinates": [ [ [ -96.80416, 32.88254 ], [ -96.80489, 32.88258 ], [ -96.80581, 32.88249 ], [ -96.80593, 32.88252 ], [ -96.80602, 32.88266 ], [ -96.80596, 32.88271 ], [ -96.80508, 32.88289 ], [ -96.80454, 32.88275 ], [ -96.80417, 32.88271 ], [ -96.80416, 32.88254 ] ] ] } },
{ "type": "Feature", "properties": { "element": "way", "id": 616414557 }, "geometry": { "type": "Polygon", "coordinates": [ [ [ -96.80618, 32.88285 ], [ -96.8063, 32.88261 ], [ -96.80723, 32.88261 ], [ -96.8073, 32.88266 ], [ -96.80732, 32.88272 ], [ -96.80718, 32.88291 ], [ -96.80689, 32.88313 ], [ -96.80674, 32.88315 ], [ -96.80622, 32.88293 ], [ -96.80618, 32.88285 ] ] ] } },
{ "type": "Feature", "properties": { "element": "way", "id": 673723343 }, "geometry": { "type": "Polygon", "coordinates": [ [ [ -96.81464, 32.88282 ], [ -96.81496, 32.88298 ], [ -96.81524, 32.88301 ], [ -96.81526, 32.88306 ], [ -96.81548, 32.88309 ], [ -96.81566, 32.88317 ], [ -96.81584, 32.88332 ], [ -96.81601, 32.88329 ], [ -96.81607, 32.88337 ], [ -96.81592, 32.88347 ], [ -96.81578, 32.88347 ], [ -96.81573, 32.88354 ], [ -96.81562, 32.88352 ], [ -96.81556, 32.88356 ], [ -96.81539, 32.88353 ], [ -96.81517, 32.88364 ], [ -96.8151, 32.88357 ], [ -96.81527, 32.8834 ], [ -96.81526, 32.88322 ], [ -96.81517, 32.88314 ], [ -96.81458, 32.8829 ], [ -96.81464, 32.88282 ] ] ] } },
{ "type": "Feature", "properties": { "element": "way", "id": 278712650 }, "geometry": { "type": "Polygon", "coordinates": [ [ [ -96.79592, 32.90045 ], [ -96.79549, 32.90051 ], [ -96.79528, 32.90034 ], [ -96.79574, 32.90008 ], [ -96.79623, 32.89999 ], [ -96.79592, 32.90045 ] ] ] } },
{ "type": "Feature", "properties": { "element": "way", "id": 1359794386 }, "geometry": { "type": "Polygon", "coordinates": [ [ [ -96.77507, 32.73695 ], [ -96.77508, 32.73711 ], [ -96.77486, 32.73727 ], [ -96.77467, 32.73724 ], [ -96.77452, 32.73704 ], [ -96.77458, 32.73688 ], [ -96.77475, 32.7368 ], [ -96.77494, 32.73682 ], [ -96.77507, 32.73695 ] ] ] } },
{ "type": "Feature", "properties": { "element": "way", "id": 1359794339 }, "geometry": { "type": "Polygon", "coordinates": [ [ [ -96.77925, 32.737 ], [ -96.77933, 32.7371 ], [ -96.77926, 32.73736 ], [ -96.77916, 32.73739 ], [ -96.7788, 32.73733 ], [ -96.77873, 32.73722 ], [ -96.77874, 32.73709 ], [ -96.7789, 32.737 ], [ -96.77913, 32.73697 ], [ -96.77925, 32.737 ] ] ] } },
{ "type": "Feature", "properties": { "element": "way", "id": 1359794385 }, "geometry": { "type": "Polygon", "coordinates": [ [ [ -96.77454, 32.73721 ], [ -96.7745, 32.73745 ], [ -96.77433, 32.73754 ], [ -96.77414, 32.73751 ], [ -96.77399, 32.73731 ], [ -96.77405, 32.73715 ], [ -96.77422, 32.73707 ], [ -96.77441, 32.73709 ], [ -96.77454, 32.73721 ] ] ] } },
{ "type": "Feature", "properties": { "element": "way", "id": 30799784 }, "geometry": { "type": "Polygon", "coordinates": [ [ [ -96.74341, 32.7402 ], [ -96.74316, 32.74003 ], [ -96.74341, 32.73977 ], [ -96.74261, 32.74023 ], [ -96.74236, 32.74026 ], [ -96.74221, 32.7402 ], [ -96.7422, 32.74005 ], [ -96.74228, 32.73998 ], [ -96.74237, 32.73966 ], [ -96.74273, 32.73934 ], [ -96.74358, 32.73872 ], [ -96.74371, 32.73867 ], [ -96.74423, 32.73867 ], [ -96.74445, 32.73875 ], [ -96.74369, 32.7395 ], [ -96.74364, 32.73959 ], [ -96.74388, 32.73975 ], [ -96.74341, 32.7402 ] ] ] } },
{ "type": "Feature", "properties": { "element": "way", "id": 28780742 }, "geometry": { "type": "Polygon", "coordinates": [ [ [ -96.74513, 32.74613 ], [ -96.74485, 32.74618 ], [ -96.74218, 32.74621 ], [ -96.74197, 32.74614 ], [ -96.74174, 32.74588 ], [ -96.74169, 32.74565 ], [ -96.74171, 32.74533 ], [ -96.74159, 32.74475 ], [ -96.74169, 32.74463 ], [ -96.74167, 32.7442 ], [ -96.7416, 32.7441 ], [ -96.74132, 32.74393 ], [ -96.74127, 32.74384 ], [ -96.74131, 32.74367 ], [ -96.7417, 32.74332 ], [ -96.74254, 32.74323 ], [ -96.74363, 32.74335 ], [ -96.74441, 32.74326 ], [ -96.74488, 32.74344 ], [ -96.74483, 32.74356 ], [ -96.74518, 32.74381 ], [ -96.74523, 32.74392 ], [ -96.74532, 32.74585 ], [ -96.74526, 32.74603 ], [ -96.74513, 32.74613 ] ] ] } },
{ "type": "Feature", "properties": { "element": "way", "id": 27448469 }, "geometry": { "type": "Polygon", "coordinates": [ [ [ -96.73213, 32.77507 ], [ -96.73178, 32.77523 ], [ -96.73174, 32.77436 ], [ -96.73199, 32.77403 ], [ -96.7321, 32.77292 ], [ -96.73223, 32.77253 ], [ -96.73227, 32.77067 ], [ -96.73209, 32.7684 ], [ -96.73226, 32.76836 ], [ -96.73276, 32.76849 ], [ -96.73404, 32.76919 ], [ -96.73464, 32.76974 ], [ -96.7348, 32.77001 ], [ -96.73477, 32.7705 ], [ -96.73412, 32.77191 ], [ -96.73394, 32.77248 ], [ -96.73374, 32.77354 ], [ -96.73353, 32.77385 ], [ -96.73304, 32.77433 ], [ -96.73213, 32.77507 ] ] ] } },
{ "type": "Feature", "properties": { "element": "way", "id": 27113067 }, "geometry": { "type": "Polygon", "coordinates": [ [ [ -96.76249, 32.77855 ], [ -96.76228, 32.77839 ], [ -96.7618, 32.77822 ], [ -96.76175, 32.77809 ], [ -96.7613, 32.77773 ], [ -96.7612, 32.77722 ], [ -96.76131, 32.77728 ], [ -96.76146, 32.77721 ], [ -96.76158, 32.77723 ], [ -96.76167, 32.77739 ], [ -96.76219, 32.77784 ], [ -96.76235, 32.77788 ], [ -96.76228, 32.77805 ], [ -96.76262, 32.77823 ], [ -96.76249, 32.77855 ] ] ] } },
{ "type": "Feature", "properties": { "element": "way", "id": 721229369 }, "geometry": { "type": "Polygon", "coordinates": [ [ [ -96.7324, 32.79863 ], [ -96.7322, 32.79859 ], [ -96.7322, 32.79834 ], [ -96.73185, 32.79786 ], [ -96.73172, 32.79775 ], [ -96.73175, 32.7976 ], [ -96.73188, 32.79758 ], [ -96.73214, 32.79762 ], [ -96.73237, 32.79785 ], [ -96.7326, 32.7979 ], [ -96.73272, 32.79799 ], [ -96.73265, 32.79824 ], [ -96.73274, 32.79845 ], [ -96.7327, 32.7986 ], [ -96.73255, 32.79873 ], [ -96.7324, 32.79863 ] ] ] } },
{ "type": "Feature", "properties": { "element": "way", "id": 721229370 }, "geometry": { "type": "Polygon", "coordinates": [ [ [ -96.73117, 32.80044 ], [ -96.73104, 32.79983 ], [ -96.73121, 32.79965 ], [ -96.73131, 32.79938 ], [ -96.73157, 32.79907 ], [ -96.73163, 32.79878 ], [ -96.73177, 32.79872 ], [ -96.73186, 32.79883 ], [ -96.73182, 32.79915 ], [ -96.73166, 32.79932 ], [ -96.73149, 32.79974 ], [ -96.73143, 32.80005 ], [ -96.73149, 32.80023 ], [ -96.73142, 32.80045 ], [ -96.73135, 32.80048 ], [ -96.73117, 32.80044 ] ] ] } },
{ "type": "Feature", "properties": { "element": "way", "id": 721229371 }, "geometry": { "type": "Polygon", "coordinates": [ [ [ -96.73211, 32.80054 ], [ -96.73186, 32.80059 ], [ -96.73169, 32.80051 ], [ -96.73171, 32.80035 ], [ -96.73176, 32.80029 ], [ -96.73186, 32.80027 ], [ -96.73237, 32.80035 ], [ -96.73252, 32.80044 ], [ -96.73275, 32.80046 ], [ -96.73281, 32.80053 ], [ -96.7327, 32.80063 ], [ -96.73211, 32.80054 ] ] ] } },
{ "type": "Feature", "properties": { "element": "way", "id": 721229372 }, "geometry": { "type": "Polygon", "coordinates": [ [ [ -96.73541, 32.80239 ], [ -96.73498, 32.80264 ], [ -96.73502, 32.80248 ], [ -96.73491, 32.80235 ], [ -96.73491, 32.80224 ], [ -96.73477, 32.80211 ], [ -96.73478, 32.80196 ], [ -96.73502, 32.8018 ], [ -96.73525, 32.80179 ], [ -96.73533, 32.80188 ], [ -96.73533, 32.80236 ], [ -96.73541, 32.80239 ] ] ] } },
{ "type": "Feature", "properties": { "element": "way", "id": 1359794340 }, "geometry": { "type": "Polygon", "coordinates": [ [ [ -96.77897, 32.73883 ], [ -96.77841, 32.7391 ], [ -96.7782, 32.7388 ], [ -96.77877, 32.73852 ], [ -96.77897, 32.73883 ] ] ] } },
{ "type": "Feature", "properties": { "element": "way", "id": 1359794341 }, "geometry": { "type": "Polygon", "coordinates": [ [ [ -96.77876, 32.73961 ], [ -96.77842, 32.7398 ], [ -96.77772, 32.74004 ], [ -96.77738, 32.74031 ], [ -96.7772, 32.74029 ], [ -96.77717, 32.74014 ], [ -96.77725, 32.74 ], [ -96.77741, 32.73989 ], [ -96.77764, 32.73981 ], [ -96.77818, 32.73977 ], [ -96.77871, 32.73953 ], [ -96.77876, 32.73961 ] ] ] } },
{ "type": "Feature", "properties": { "element": "way", "id": 623553587 }, "geometry": { "type": "Polygon", "coordinates": [ [ [ -96.77844, 32.74641 ], [ -96.77781, 32.74555 ], [ -96.77671, 32.74444 ], [ -96.77476, 32.74346 ], [ -96.77364, 32.74345 ], [ -96.77333, 32.74328 ], [ -96.77281, 32.74258 ], [ -96.77256, 32.74211 ], [ -96.77219, 32.74157 ], [ -96.77146, 32.74083 ], [ -96.77066, 32.74016 ], [ -96.76937, 32.73925 ], [ -96.76959, 32.739 ], [ -96.7702, 32.7388 ], [ -96.77156, 32.73934 ], [ -96.77182, 32.73927 ], [ -96.77229, 32.73923 ], [ -96.77263, 32.73933 ], [ -96.77308, 32.73967 ], [ -96.77502, 32.74166 ], [ -96.77574, 32.74174 ], [ -96.77639, 32.74227 ], [ -96.77652, 32.7427 ], [ -96.77692, 32.74308 ], [ -96.77791, 32.74361 ], [ -96.7788, 32.74482 ], [ -96.77942, 32.74515 ], [ -96.77889, 32.74637 ], [ -96.77873, 32.74663 ], [ -96.77844, 32.74641 ] ] ] } },
{ "type": "Feature", "properties": { "element": "way", "id": 623562122 }, "geometry": { "type": "Polygon", "coordinates": [ [ [ -96.78496, 32.74849 ], [ -96.78477, 32.74857 ], [ -96.78459, 32.74877 ], [ -96.78441, 32.74883 ], [ -96.78353, 32.74864 ], [ -96.78304, 32.74842 ], [ -96.78282, 32.7484 ], [ -96.78218, 32.74867 ], [ -96.78134, 32.7481 ], [ -96.78128, 32.74791 ], [ -96.78106, 32.74755 ], [ -96.78038, 32.74741 ], [ -96.78024, 32.74733 ], [ -96.77991, 32.74679 ], [ -96.77978, 32.74669 ], [ -96.77946, 32.74655 ], [ -96.77944, 32.74647 ], [ -96.77967, 32.74585 ], [ -96.77984, 32.74553 ], [ -96.78006, 32.7455 ], [ -96.7803, 32.74561 ], [ -96.78379, 32.74743 ], [ -96.78514, 32.74814 ], [ -96.78513, 32.74829 ], [ -96.78496, 32.74849 ] ] ] } },
{ "type": "Feature", "properties": { "element": "way", "id": 623562123 }, "geometry": { "type": "Polygon", "coordinates": [ [ [ -96.78773, 32.74988 ], [ -96.78753, 32.74984 ], [ -96.7875, 32.74973 ], [ -96.78637, 32.74948 ], [ -96.78575, 32.74948 ], [ -96.78523, 32.74914 ], [ -96.78535, 32.74879 ], [ -96.78529, 32.74867 ], [ -96.78555, 32.74831 ], [ -96.78786, 32.74958 ], [ -96.78773, 32.74988 ] ] ] } },
{ "type": "Feature", "properties": { "element": "way", "id": 1350607361 }, "geometry": { "type": "Polygon", "coordinates": [ [ [ -96.79457, 32.758 ], [ -96.79449, 32.75802 ], [ -96.79128, 32.75807 ], [ -96.79062, 32.75782 ], [ -96.79099, 32.75751 ], [ -96.79139, 32.75766 ], [ -96.79233, 32.75747 ], [ -96.79302, 32.7576 ], [ -96.7945, 32.7576 ], [ -96.79471, 32.75769 ], [ -96.79457, 32.758 ] ] ] } },
{ "type": "Feature", "properties": { "element": "way", "id": 344218030 }, "geometry": { "type": "Polygon", "coordinates": [ [ [ -96.79127, 32.75901 ], [ -96.79164, 32.75952 ], [ -96.79162, 32.75966 ], [ -96.79184, 32.75992 ], [ -96.79218, 32.75999 ], [ -96.79244, 32.76015 ], [ -96.79249, 32.76031 ], [ -96.79236, 32.76052 ], [ -96.79269, 32.76079 ], [ -96.79252, 32.76078 ], [ -96.79233, 32.76085 ], [ -96.79212, 32.76061 ], [ -96.79181, 32.76044 ], [ -96.79176, 32.76025 ], [ -96.79139, 32.76002 ], [ -96.79104, 32.75963 ], [ -96.79071, 32.75905 ], [ -96.79073, 32.75856 ], [ -96.79092, 32.75848 ], [ -96.79126, 32.7587 ], [ -96.79127, 32.75901 ] ] ] } },
{ "type": "Feature", "properties": { "element": "way", "id": 617096690 }, "geometry": { "type": "Polygon", "coordinates": [ [ [ -96.78113, 32.87432 ], [ -96.78101, 32.8744 ], [ -96.78092, 32.87478 ], [ -96.78106, 32.87489 ], [ -96.781, 32.87504 ], [ -96.78045, 32.87497 ], [ -96.78014, 32.87515 ], [ -96.77973, 32.87574 ], [ -96.77987, 32.87584 ], [ -96.77987, 32.87605 ], [ -96.77998, 32.87613 ], [ -96.78005, 32.87635 ], [ -96.78023, 32.8765 ], [ -96.78034, 32.87674 ], [ -96.78044, 32.87681 ], [ -96.78068, 32.87719 ], [ -96.78026, 32.87684 ], [ -96.78011, 32.87658 ], [ -96.77981, 32.87628 ], [ -96.77958, 32.87615 ], [ -96.7794, 32.87616 ], [ -96.77895, 32.87639 ], [ -96.77864, 32.87565 ], [ -96.7792, 32.87542 ], [ -96.77945, 32.87521 ], [ -96.77947, 32.87505 ], [ -96.77961, 32.87491 ], [ -96.78036, 32.87464 ], [ -96.78082, 32.8746 ], [ -96.78089, 32.87452 ], [ -96.78087, 32.8744 ], [ -96.78108, 32.87423 ], [ -96.78125, 32.87391 ], [ -96.78132, 32.87394 ], [ -96.78113, 32.87432 ] ] ] } },
{ "type": "Feature", "properties": { "element": "way", "id": 721245291 }, "geometry": { "type": "Polygon", "coordinates": [ [ [ -96.73395, 32.80306 ], [ -96.73372, 32.80285 ], [ -96.73365, 32.8025 ], [ -96.73385, 32.80226 ], [ -96.73403, 32.80233 ], [ -96.7341, 32.80245 ], [ -96.73416, 32.80264 ], [ -96.73405, 32.80284 ], [ -96.73429, 32.80296 ], [ -96.73434, 32.80309 ], [ -96.73431, 32.8032 ], [ -96.73395, 32.80306 ] ] ] } },
{ "type": "Feature", "properties": { "element": "way", "id": 1385546501 }, "geometry": { "type": "Polygon", "coordinates": [ [ [ -96.74955, 32.81406 ], [ -96.74937, 32.81398 ], [ -96.749, 32.81348 ], [ -96.74883, 32.81342 ], [ -96.74884, 32.81334 ], [ -96.74902, 32.81329 ], [ -96.74926, 32.81312 ], [ -96.74952, 32.8131 ], [ -96.74954, 32.81339 ], [ -96.74946, 32.81367 ], [ -96.74962, 32.814 ], [ -96.74955, 32.81406 ] ] ] } },
{ "type": "Feature", "properties": { "element": "way", "id": 1489841744 }, "geometry": { "type": "Polygon", "coordinates": [ [ [ -96.75228, 32.82359 ], [ -96.75217, 32.82379 ], [ -96.75194, 32.82386 ], [ -96.75171, 32.82379 ], [ -96.75163, 32.82354 ], [ -96.75176, 32.82349 ], [ -96.752, 32.8236 ], [ -96.75208, 32.82341 ], [ -96.75231, 32.82329 ], [ -96.75272, 32.82332 ], [ -96.75271, 32.82349 ], [ -96.75228, 32.82359 ] ] ] } },
{ "type": "Feature", "properties": { "element": "way", "id": 1489841745 }, "geometry": { "type": "Polygon", "coordinates": [ [ [ -96.75134, 32.824 ], [ -96.75089, 32.82406 ], [ -96.75083, 32.82444 ], [ -96.75076, 32.82449 ], [ -96.75037, 32.82449 ], [ -96.7502, 32.82434 ], [ -96.75014, 32.82435 ], [ -96.7501, 32.82422 ], [ -96.75019, 32.82416 ], [ -96.75036, 32.82415 ], [ -96.75046, 32.82426 ], [ -96.75054, 32.82424 ], [ -96.75078, 32.82386 ], [ -96.75093, 32.82382 ], [ -96.75115, 32.82389 ], [ -96.7514, 32.82381 ], [ -96.75151, 32.8236 ], [ -96.75159, 32.82377 ], [ -96.75134, 32.824 ] ] ] } },
{ "type": "Feature", "properties": { "element": "way", "id": 685039280 }, "geometry": { "type": "Polygon", "coordinates": [ [ [ -96.74674, 32.83636 ], [ -96.7465, 32.83658 ], [ -96.74628, 32.83661 ], [ -96.74595, 32.83681 ], [ -96.7458, 32.83678 ], [ -96.74555, 32.83699 ], [ -96.74539, 32.83741 ], [ -96.74485, 32.83747 ], [ -96.74445, 32.83771 ], [ -96.7444, 32.8377 ], [ -96.74444, 32.83765 ], [ -96.7444, 32.83756 ], [ -96.74375, 32.83697 ], [ -96.74322, 32.8368 ], [ -96.74255, 32.83641 ], [ -96.74233, 32.83642 ], [ -96.74216, 32.83636 ], [ -96.74218, 32.83627 ], [ -96.74228, 32.83626 ], [ -96.74273, 32.83637 ], [ -96.74362, 32.83681 ], [ -96.74403, 32.8371 ], [ -96.74416, 32.83713 ], [ -96.74429, 32.83708 ], [ -96.74418, 32.83721 ], [ -96.74441, 32.83748 ], [ -96.74452, 32.83752 ], [ -96.74474, 32.83748 ], [ -96.74483, 32.83742 ], [ -96.74488, 32.83727 ], [ -96.745, 32.83732 ], [ -96.74511, 32.83718 ], [ -96.74524, 32.83726 ], [ -96.74526, 32.83708 ], [ -96.74562, 32.83661 ], [ -96.74595, 32.8365 ], [ -96.74597, 32.83644 ], [ -96.74601, 32.83658 ], [ -96.74607, 32.83658 ], [ -96.74614, 32.83654 ], [ -96.74617, 32.83639 ], [ -96.74626, 32.83636 ], [ -96.74636, 32.83646 ], [ -96.74662, 32.83628 ], [ -96.74685, 32.83627 ], [ -96.74696, 32.83614 ], [ -96.74722, 32.83611 ], [ -96.74719, 32.83618 ], [ -96.74701, 32.83623 ], [ -96.74692, 32.83634 ], [ -96.74674, 32.83636 ] ] ] } },
{ "type": "Feature", "properties": { "element": "way", "id": 299398049 }, "geometry": { "type": "Polygon", "coordinates": [ [ [ -96.74916, 32.84149 ], [ -96.74924, 32.84125 ], [ -96.74938, 32.84112 ], [ -96.74927, 32.84098 ], [ -96.74889, 32.84074 ], [ -96.74881, 32.84051 ], [ -96.74858, 32.84031 ], [ -96.74837, 32.84028 ], [ -96.7482, 32.84015 ], [ -96.74755, 32.8399 ], [ -96.74694, 32.83954 ], [ -96.74665, 32.83957 ], [ -96.74651, 32.83953 ], [ -96.74625, 32.83921 ], [ -96.74622, 32.83905 ], [ -96.74599, 32.83891 ], [ -96.74613, 32.83876 ], [ -96.74629, 32.83871 ], [ -96.74646, 32.83884 ], [ -96.74652, 32.83922 ], [ -96.74661, 32.83931 ], [ -96.74709, 32.83932 ], [ -96.74727, 32.83952 ], [ -96.7475, 32.83966 ], [ -96.74777, 32.83971 ], [ -96.74778, 32.83981 ], [ -96.74791, 32.83991 ], [ -96.74814, 32.84003 ], [ -96.74866, 32.84016 ], [ -96.74887, 32.8403 ], [ -96.74895, 32.84043 ], [ -96.74924, 32.84071 ], [ -96.74943, 32.84082 ], [ -96.74956, 32.84109 ], [ -96.74921, 32.84165 ], [ -96.74916, 32.84149 ] ] ] } },
{ "type": "Feature", "properties": { "element": "way", "id": 1299790958 }, "geometry": { "type": "Polygon", "coordinates": [ [ [ -96.73432, 32.8414 ], [ -96.73469, 32.84154 ], [ -96.73474, 32.8417 ], [ -96.73464, 32.84189 ], [ -96.73434, 32.84192 ], [ -96.73417, 32.84183 ], [ -96.73388, 32.8413 ], [ -96.73389, 32.84123 ], [ -96.73401, 32.84119 ], [ -96.73432, 32.8414 ] ] ] } },
{ "type": "Feature", "properties": { "element": "way", "id": 299398048 }, "geometry": { "type": "Polygon", "coordinates": [ [ [ -96.75194, 32.84245 ], [ -96.75162, 32.84237 ], [ -96.7514, 32.84247 ], [ -96.75144, 32.84268 ], [ -96.75139, 32.84274 ], [ -96.75118, 32.84283 ], [ -96.75092, 32.84281 ], [ -96.75059, 32.84301 ], [ -96.75009, 32.84311 ], [ -96.74991, 32.84308 ], [ -96.74973, 32.843 ], [ -96.74913, 32.84237 ], [ -96.74914, 32.84214 ], [ -96.74906, 32.84196 ], [ -96.74911, 32.84193 ], [ -96.74932, 32.84203 ], [ -96.74939, 32.84211 ], [ -96.74944, 32.8423 ], [ -96.74992, 32.84287 ], [ -96.75005, 32.84294 ], [ -96.75019, 32.84295 ], [ -96.75047, 32.84286 ], [ -96.75062, 32.84276 ], [ -96.7512, 32.84259 ], [ -96.75136, 32.84229 ], [ -96.75159, 32.84224 ], [ -96.75177, 32.84224 ], [ -96.75198, 32.84236 ], [ -96.7523, 32.84269 ], [ -96.75228, 32.84275 ], [ -96.7522, 32.84275 ], [ -96.75194, 32.84245 ] ] ] } },
{ "type": "Feature", "properties": { "element": "way", "id": 468926767 }, "geometry": { "type": "Polygon", "coordinates": [ [ [ -96.76032, 32.85744 ], [ -96.75997, 32.85735 ], [ -96.75983, 32.85725 ], [ -96.75953, 32.85728 ], [ -96.75934, 32.85717 ], [ -96.75915, 32.85723 ], [ -96.75901, 32.85703 ], [ -96.75898, 32.85681 ], [ -96.75961, 32.85638 ], [ -96.75972, 32.85636 ], [ -96.75975, 32.85643 ], [ -96.75962, 32.85678 ], [ -96.75963, 32.857 ], [ -96.75989, 32.85706 ], [ -96.76015, 32.85725 ], [ -96.76035, 32.85721 ], [ -96.76054, 32.85727 ], [ -96.76072, 32.85743 ], [ -96.76071, 32.85748 ], [ -96.76032, 32.85744 ] ] ] } },
{ "type": "Feature", "properties": { "element": "way", "id": 951352066 }, "geometry": { "type": "Polygon", "coordinates": [ [ [ -96.73964, 32.86413 ], [ -96.73965, 32.86402 ], [ -96.73979, 32.86394 ], [ -96.74014, 32.86387 ], [ -96.74066, 32.86434 ], [ -96.74065, 32.86457 ], [ -96.7404, 32.86471 ], [ -96.74029, 32.8647 ], [ -96.73964, 32.86413 ] ] ] } },
{ "type": "Feature", "properties": { "element": "way", "id": 27449474 }, "geometry": { "type": "Polygon", "coordinates": [ [ [ -96.76903, 32.73861 ], [ -96.76889, 32.73853 ], [ -96.76869, 32.73833 ], [ -96.76779, 32.73777 ], [ -96.76728, 32.73735 ], [ -96.76663, 32.73679 ], [ -96.76663, 32.73636 ], [ -96.76734, 32.73685 ], [ -96.76782, 32.73731 ], [ -96.76852, 32.73776 ], [ -96.76885, 32.73812 ], [ -96.76901, 32.73819 ], [ -96.76917, 32.73812 ], [ -96.76927, 32.73775 ], [ -96.7694, 32.73756 ], [ -96.76944, 32.73724 ], [ -96.7697, 32.73714 ], [ -96.76986, 32.73715 ], [ -96.76985, 32.73759 ], [ -96.77001, 32.73796 ], [ -96.77032, 32.73827 ], [ -96.77079, 32.73859 ], [ -96.77134, 32.73889 ], [ -96.77178, 32.73898 ], [ -96.77187, 32.73909 ], [ -96.77166, 32.73913 ], [ -96.77136, 32.73905 ], [ -96.77013, 32.73841 ], [ -96.7697, 32.73845 ], [ -96.76903, 32.73861 ] ] ] } },
{ "type": "Feature", "properties": { "element": "way", "id": 626273693 }, "geometry": { "type": "Polygon", "coordinates": [ [ [ -96.76421, 32.7817 ], [ -96.76216, 32.78113 ], [ -96.76221, 32.78099 ], [ -96.76448, 32.78154 ], [ -96.76439, 32.78178 ], [ -96.7642, 32.78173 ], [ -96.76421, 32.7817 ] ] ] } },
{ "type": "Feature", "properties": { "element": "way", "id": 468926170 }, "geometry": { "type": "Polygon", "coordinates": [ [ [ -96.76253, 32.85761 ], [ -96.76223, 32.85745 ], [ -96.76167, 32.8574 ], [ -96.76158, 32.85731 ], [ -96.7616, 32.85709 ], [ -96.76208, 32.85672 ], [ -96.76221, 32.85671 ], [ -96.76226, 32.85678 ], [ -96.76215, 32.85698 ], [ -96.76214, 32.85712 ], [ -96.76262, 32.85757 ], [ -96.76253, 32.85761 ] ] ] } },
{ "type": "Feature", "properties": { "element": "way", "id": 1267197468 }, "geometry": { "type": "Polygon", "coordinates": [ [ [ -96.76417, 32.87782 ], [ -96.76353, 32.87793 ], [ -96.76299, 32.87829 ], [ -96.76271, 32.8782 ], [ -96.76281, 32.878 ], [ -96.76311, 32.87779 ], [ -96.76336, 32.87775 ], [ -96.76389, 32.87777 ], [ -96.76419, 32.8777 ], [ -96.76455, 32.87776 ], [ -96.76473, 32.8779 ], [ -96.76474, 32.87808 ], [ -96.76461, 32.87816 ], [ -96.76441, 32.87813 ], [ -96.76431, 32.87803 ], [ -96.7643, 32.87784 ], [ -96.76417, 32.87782 ] ] ] } },
{ "type": "Feature", "properties": { "element": "way", "id": 61323577 }, "geometry": { "type": "Polygon", "coordinates": [ [ [ -96.76947, 32.87981 ], [ -96.76943, 32.87985 ], [ -96.76868, 32.87998 ], [ -96.76855, 32.87993 ], [ -96.76833, 32.87996 ], [ -96.76758, 32.8796 ], [ -96.76707, 32.87948 ], [ -96.76656, 32.87907 ], [ -96.76575, 32.87899 ], [ -96.76568, 32.87874 ], [ -96.76578, 32.87792 ], [ -96.76585, 32.87791 ], [ -96.76585, 32.87779 ], [ -96.7662, 32.87805 ], [ -96.76629, 32.87806 ], [ -96.7663, 32.87813 ], [ -96.7664, 32.87816 ], [ -96.76653, 32.87834 ], [ -96.76679, 32.8784 ], [ -96.76681, 32.87848 ], [ -96.76703, 32.87858 ], [ -96.76746, 32.87895 ], [ -96.76806, 32.87909 ], [ -96.76815, 32.87962 ], [ -96.76823, 32.87979 ], [ -96.76832, 32.87982 ], [ -96.76857, 32.87973 ], [ -96.76857, 32.87959 ], [ -96.76848, 32.87952 ], [ -96.76857, 32.87949 ], [ -96.76875, 32.8795 ], [ -96.7688, 32.87967 ], [ -96.76897, 32.87977 ], [ -96.76919, 32.87974 ], [ -96.76936, 32.87952 ], [ -96.76947, 32.87981 ] ] ] } },
{ "type": "Feature", "properties": { "element": "way", "id": 326639625 }, "geometry": { "type": "Polygon", "coordinates": [ [ [ -96.77382, 32.97682 ], [ -96.77394, 32.97778 ], [ -96.77388, 32.97788 ], [ -96.77365, 32.97796 ], [ -96.77341, 32.97791 ], [ -96.7733, 32.97774 ], [ -96.77315, 32.97702 ], [ -96.7736, 32.97631 ], [ -96.77381, 32.97625 ], [ -96.77387, 32.97631 ], [ -96.77382, 32.97682 ] ] ] } },
{ "type": "Feature", "properties": { "element": "way", "id": 326639741 }, "geometry": { "type": "Polygon", "coordinates": [ [ [ -96.77385, 32.97991 ], [ -96.77342, 32.97995 ], [ -96.77338, 32.97991 ], [ -96.77328, 32.97864 ], [ -96.77332, 32.97855 ], [ -96.77384, 32.97851 ], [ -96.77389, 32.97859 ], [ -96.77397, 32.97983 ], [ -96.77385, 32.97991 ] ] ] } },
{ "type": "Feature", "properties": { "element": "way", "id": 701424548 }, "geometry": { "type": "Polygon", "coordinates": [ [ [ -96.76729, 32.99109 ], [ -96.76727, 32.99103 ], [ -96.76719, 32.99031 ], [ -96.76728, 32.99023 ], [ -96.76758, 32.99026 ], [ -96.76753, 32.99053 ], [ -96.76759, 32.9909 ], [ -96.76753, 32.99109 ], [ -96.76729, 32.99109 ] ] ] } },
{ "type": "Feature", "properties": { "element": "way", "id": 951352068 }, "geometry": { "type": "Polygon", "coordinates": [ [ [ -96.74818, 32.87082 ], [ -96.74825, 32.87094 ], [ -96.74821, 32.87116 ], [ -96.74805, 32.87132 ], [ -96.74762, 32.87132 ], [ -96.74756, 32.87122 ], [ -96.74759, 32.87104 ], [ -96.74775, 32.87074 ], [ -96.74786, 32.87071 ], [ -96.74818, 32.87082 ] ] ] } },
{ "type": "Feature", "properties": { "element": "way", "id": 460905361 }, "geometry": { "type": "Polygon", "coordinates": [ [ [ -96.74748, 32.87611 ], [ -96.74652, 32.8755 ], [ -96.74626, 32.87495 ], [ -96.74637, 32.87458 ], [ -96.74668, 32.87439 ], [ -96.74728, 32.87429 ], [ -96.74771, 32.87439 ], [ -96.74812, 32.87477 ], [ -96.74849, 32.87547 ], [ -96.74771, 32.87614 ], [ -96.74748, 32.87611 ] ] ] } },
{ "type": "Feature", "properties": { "element": "way", "id": 460905366 }, "geometry": { "type": "Polygon", "coordinates": [ [ [ -96.73227, 32.87844 ], [ -96.7321, 32.87825 ], [ -96.73153, 32.87811 ], [ -96.73137, 32.87786 ], [ -96.73148, 32.87729 ], [ -96.73138, 32.87582 ], [ -96.73146, 32.87489 ], [ -96.73135, 32.87428 ], [ -96.73159, 32.87372 ], [ -96.73163, 32.87346 ], [ -96.73182, 32.87322 ], [ -96.73219, 32.87302 ], [ -96.73237, 32.87301 ], [ -96.73275, 32.87311 ], [ -96.7329, 32.87292 ], [ -96.73298, 32.87292 ], [ -96.73293, 32.87325 ], [ -96.73286, 32.87338 ], [ -96.73246, 32.87364 ], [ -96.73237, 32.87379 ], [ -96.73231, 32.8741 ], [ -96.73187, 32.87449 ], [ -96.7317, 32.87498 ], [ -96.73182, 32.87545 ], [ -96.73167, 32.8762 ], [ -96.73168, 32.87684 ], [ -96.73201, 32.8777 ], [ -96.73215, 32.87793 ], [ -96.73238, 32.87815 ], [ -96.73245, 32.87844 ], [ -96.73227, 32.87844 ] ] ] } },
{ "type": "Feature", "properties": { "element": "way", "id": 462048937 }, "geometry": { "type": "Polygon", "coordinates": [ [ [ -96.76221, 32.89346 ], [ -96.7621, 32.89337 ], [ -96.76209, 32.89323 ], [ -96.76199, 32.89314 ], [ -96.7618, 32.89315 ], [ -96.76162, 32.89296 ], [ -96.76169, 32.89293 ], [ -96.76205, 32.89304 ], [ -96.76248, 32.89336 ], [ -96.76258, 32.89349 ], [ -96.76249, 32.89356 ], [ -96.76221, 32.89346 ] ] ] } },
{ "type": "Feature", "properties": { "element": "way", "id": 462048934 }, "geometry": { "type": "Polygon", "coordinates": [ [ [ -96.75946, 32.89571 ], [ -96.75954, 32.89568 ], [ -96.75971, 32.89574 ], [ -96.75987, 32.89556 ], [ -96.75997, 32.89554 ], [ -96.76024, 32.89585 ], [ -96.76027, 32.89603 ], [ -96.76021, 32.89615 ], [ -96.76007, 32.8962 ], [ -96.75995, 32.89611 ], [ -96.75961, 32.89598 ], [ -96.75946, 32.89571 ] ] ] } },
{ "type": "Feature", "properties": { "element": "way", "id": 462048935 }, "geometry": { "type": "Polygon", "coordinates": [ [ [ -96.76054, 32.89712 ], [ -96.76044, 32.89692 ], [ -96.76018, 32.89677 ], [ -96.76006, 32.89653 ], [ -96.76011, 32.89642 ], [ -96.76042, 32.89635 ], [ -96.76053, 32.89644 ], [ -96.76063, 32.8967 ], [ -96.76095, 32.89695 ], [ -96.76093, 32.89704 ], [ -96.76066, 32.89714 ], [ -96.76054, 32.89712 ] ] ] } },
{ "type": "Feature", "properties": { "element": "way", "id": 849946541 }, "geometry": { "type": "Polygon", "coordinates": [ [ [ -96.7561, 32.90607 ], [ -96.75591, 32.90635 ], [ -96.75572, 32.90635 ], [ -96.75565, 32.90629 ], [ -96.75569, 32.90607 ], [ -96.75596, 32.9058 ], [ -96.75631, 32.90579 ], [ -96.75638, 32.90588 ], [ -96.75632, 32.90602 ], [ -96.7561, 32.90607 ] ] ] } },
{ "type": "Feature", "properties": { "element": "way", "id": 617096689 }, "geometry": { "type": "Polygon", "coordinates": [ [ [ -96.77832, 32.87632 ], [ -96.77829, 32.87638 ], [ -96.77819, 32.87641 ], [ -96.77774, 32.87629 ], [ -96.77763, 32.87648 ], [ -96.77696, 32.87647 ], [ -96.77686, 32.87649 ], [ -96.77668, 32.87669 ], [ -96.77652, 32.87661 ], [ -96.77645, 32.87664 ], [ -96.77637, 32.87677 ], [ -96.77616, 32.8768 ], [ -96.77589, 32.87676 ], [ -96.77583, 32.87681 ], [ -96.77585, 32.87699 ], [ -96.7758, 32.87702 ], [ -96.77438, 32.87686 ], [ -96.77423, 32.87688 ], [ -96.77391, 32.87702 ], [ -96.77384, 32.87705 ], [ -96.77366, 32.87746 ], [ -96.77352, 32.87836 ], [ -96.77312, 32.87888 ], [ -96.7732, 32.87905 ], [ -96.77327, 32.87905 ], [ -96.77342, 32.87888 ], [ -96.77366, 32.87884 ], [ -96.77373, 32.87888 ], [ -96.77363, 32.87914 ], [ -96.77331, 32.8793 ], [ -96.77305, 32.87936 ], [ -96.77207, 32.87939 ], [ -96.77181, 32.87949 ], [ -96.77168, 32.87949 ], [ -96.77145, 32.8793 ], [ -96.77146, 32.87898 ], [ -96.77242, 32.87898 ], [ -96.77255, 32.87895 ], [ -96.77306, 32.87849 ], [ -96.77326, 32.87812 ], [ -96.77327, 32.87792 ], [ -96.77342, 32.87787 ], [ -96.77341, 32.87735 ], [ -96.77357, 32.87721 ], [ -96.77355, 32.87698 ], [ -96.7743, 32.87656 ], [ -96.77435, 32.8764 ], [ -96.77428, 32.87625 ], [ -96.77441, 32.87624 ], [ -96.77452, 32.87647 ], [ -96.77477, 32.87668 ], [ -96.77492, 32.87675 ], [ -96.77536, 32.87678 ], [ -96.77543, 32.87686 ], [ -96.77552, 32.87685 ], [ -96.77558, 32.87675 ], [ -96.77576, 32.87665 ], [ -96.77623, 32.87649 ], [ -96.77646, 32.87646 ], [ -96.77666, 32.87625 ], [ -96.77677, 32.87621 ], [ -96.77742, 32.87623 ], [ -96.77802, 32.87601 ], [ -96.77822, 32.87603 ], [ -96.77831, 32.87615 ], [ -96.77832, 32.87632 ] ] ] } },
{ "type": "Feature", "properties": { "element": "way", "id": 617096691 }, "geometry": { "type": "Polygon", "coordinates": [ [ [ -96.7839, 32.89375 ], [ -96.78342, 32.8938 ], [ -96.783, 32.89366 ], [ -96.78284, 32.89351 ], [ -96.78283, 32.89369 ], [ -96.78274, 32.89381 ], [ -96.78237, 32.89393 ], [ -96.78216, 32.89391 ], [ -96.78192, 32.89425 ], [ -96.78176, 32.89434 ], [ -96.78087, 32.89434 ], [ -96.78009, 32.89417 ], [ -96.78033, 32.89373 ], [ -96.78082, 32.89406 ], [ -96.78138, 32.8942 ], [ -96.78161, 32.89419 ], [ -96.78197, 32.89386 ], [ -96.7824, 32.89371 ], [ -96.78244, 32.89344 ], [ -96.78257, 32.89325 ], [ -96.7828, 32.89316 ], [ -96.78293, 32.89315 ], [ -96.78304, 32.89323 ], [ -96.78325, 32.89358 ], [ -96.78348, 32.89347 ], [ -96.78383, 32.89346 ], [ -96.78395, 32.89352 ], [ -96.784, 32.89364 ], [ -96.7839, 32.89375 ] ] ] } },
{ "type": "Feature", "properties": { "element": "way", "id": 278713738 }, "geometry": { "type": "Polygon", "coordinates": [ [ [ -96.79078, 32.89872 ], [ -96.79025, 32.89848 ], [ -96.79011, 32.89837 ], [ -96.79007, 32.89818 ], [ -96.79032, 32.89809 ], [ -96.79055, 32.89821 ], [ -96.79063, 32.89837 ], [ -96.79082, 32.89827 ], [ -96.79097, 32.89861 ], [ -96.79128, 32.89877 ], [ -96.79099, 32.8989 ], [ -96.79088, 32.89861 ], [ -96.79078, 32.89872 ] ] ] } },
{ "type": "Feature", "properties": { "element": "way", "id": 278713737 }, "geometry": { "type": "Polygon", "coordinates": [ [ [ -96.79037, 32.89999 ], [ -96.79025, 32.89954 ], [ -96.79037, 32.89928 ], [ -96.79037, 32.89878 ], [ -96.79076, 32.89899 ], [ -96.79068, 32.89939 ], [ -96.79078, 32.89966 ], [ -96.79076, 32.89985 ], [ -96.79082, 32.89996 ], [ -96.79037, 32.89999 ] ] ] } },
{ "type": "Feature", "properties": { "element": "way", "id": 278713732 }, "geometry": { "type": "Polygon", "coordinates": [ [ [ -96.79489, 32.9008 ], [ -96.79451, 32.90092 ], [ -96.79378, 32.90091 ], [ -96.7937, 32.90062 ], [ -96.795, 32.90068 ], [ -96.79489, 32.9008 ] ] ] } },
{ "type": "Feature", "properties": { "element": "way", "id": 278713733 }, "geometry": { "type": "Polygon", "coordinates": [ [ [ -96.79333, 32.90128 ], [ -96.79321, 32.90117 ], [ -96.79314, 32.90097 ], [ -96.79321, 32.90072 ], [ -96.7934, 32.90061 ], [ -96.79368, 32.90095 ], [ -96.7936, 32.90127 ], [ -96.79333, 32.90128 ] ] ] } },
{ "type": "Feature", "properties": { "element": "way", "id": 278713734 }, "geometry": { "type": "Polygon", "coordinates": [ [ [ -96.79286, 32.90117 ], [ -96.79274, 32.90118 ], [ -96.79263, 32.90129 ], [ -96.79234, 32.90139 ], [ -96.79217, 32.90127 ], [ -96.79215, 32.90099 ], [ -96.79241, 32.90082 ], [ -96.79281, 32.90088 ], [ -96.79287, 32.901 ], [ -96.79286, 32.90117 ] ] ] } },
{ "type": "Feature", "properties": { "element": "way", "id": 278713735 }, "geometry": { "type": "Polygon", "coordinates": [ [ [ -96.79181, 32.90139 ], [ -96.79158, 32.90144 ], [ -96.79145, 32.90136 ], [ -96.79137, 32.90122 ], [ -96.79136, 32.90104 ], [ -96.79155, 32.90094 ], [ -96.79188, 32.90086 ], [ -96.79206, 32.90099 ], [ -96.79195, 32.9013 ], [ -96.79181, 32.90139 ] ] ] } },
{ "type": "Feature", "properties": { "element": "way", "id": 278713736 }, "geometry": { "type": "Polygon", "coordinates": [ [ [ -96.78993, 32.90131 ], [ -96.79025, 32.90085 ], [ -96.79043, 32.90072 ], [ -96.79043, 32.90167 ], [ -96.78993, 32.90131 ] ] ] } },
{ "type": "Feature", "properties": { "element": "way", "id": 61602237 }, "geometry": { "type": "Polygon", "coordinates": [ [ [ -96.77801, 32.91639 ], [ -96.77782, 32.91613 ], [ -96.77746, 32.91395 ], [ -96.77752, 32.9137 ], [ -96.77809, 32.9132 ], [ -96.77816, 32.91322 ], [ -96.77824, 32.91344 ], [ -96.77817, 32.91436 ], [ -96.77809, 32.91467 ], [ -96.77818, 32.91493 ], [ -96.77806, 32.91503 ], [ -96.77804, 32.91511 ], [ -96.77823, 32.91576 ], [ -96.77821, 32.91603 ], [ -96.77829, 32.91636 ], [ -96.77824, 32.91648 ], [ -96.77801, 32.91639 ] ] ] } },
{ "type": "Feature", "properties": { "element": "way", "id": 1161395335 }, "geometry": { "type": "Polygon", "coordinates": [ [ [ -96.73151, 32.91242 ], [ -96.73305, 32.91277 ], [ -96.73317, 32.91274 ], [ -96.73317, 32.91279 ], [ -96.73306, 32.91283 ], [ -96.73263, 32.91274 ], [ -96.73196, 32.91273 ], [ -96.73137, 32.91259 ], [ -96.73136, 32.91248 ], [ -96.73151, 32.91242 ] ] ] } },
{ "type": "Feature", "properties": { "element": "way", "id": 950226964 }, "geometry": { "type": "Polygon", "coordinates": [ [ [ -96.74879, 32.91666 ], [ -96.74874, 32.91636 ], [ -96.74838, 32.9158 ], [ -96.74794, 32.91554 ], [ -96.74784, 32.91535 ], [ -96.74738, 32.91496 ], [ -96.74738, 32.91488 ], [ -96.74758, 32.91498 ], [ -96.74776, 32.91523 ], [ -96.74797, 32.91534 ], [ -96.74806, 32.91556 ], [ -96.7484, 32.91574 ], [ -96.74888, 32.91636 ], [ -96.74905, 32.91648 ], [ -96.74904, 32.91665 ], [ -96.74896, 32.9167 ], [ -96.74879, 32.91666 ] ] ] } },
{ "type": "Feature", "properties": { "element": "way", "id": 950226967 }, "geometry": { "type": "Polygon", "coordinates": [ [ [ -96.75438, 32.91855 ], [ -96.7543, 32.91865 ], [ -96.75415, 32.91864 ], [ -96.75407, 32.91855 ], [ -96.75407, 32.91791 ], [ -96.75414, 32.91783 ], [ -96.75432, 32.91781 ], [ -96.75437, 32.9179 ], [ -96.75438, 32.91855 ] ] ] } },
{ "type": "Feature", "properties": { "element": "way", "id": 950259916 }, "geometry": { "type": "Polygon", "coordinates": [ [ [ -96.73224, 32.91935 ], [ -96.73445, 32.91934 ], [ -96.73472, 32.91948 ], [ -96.73492, 32.91966 ], [ -96.7351, 32.92035 ], [ -96.73523, 32.92055 ], [ -96.7351, 32.9205 ], [ -96.73485, 32.91968 ], [ -96.73444, 32.91939 ], [ -96.73224, 32.91941 ], [ -96.73238, 32.9197 ], [ -96.73297, 32.92013 ], [ -96.73325, 32.92045 ], [ -96.7332, 32.92048 ], [ -96.73291, 32.92017 ], [ -96.7323, 32.91971 ], [ -96.73221, 32.91947 ], [ -96.73208, 32.91931 ], [ -96.73224, 32.91935 ] ] ] } },
{ "type": "Feature", "properties": { "element": "way", "id": 664298139 }, "geometry": { "type": "Polygon", "coordinates": [ [ [ -96.50992, 32.79466 ], [ -96.50975, 32.79456 ], [ -96.50965, 32.79439 ], [ -96.50969, 32.79408 ], [ -96.50965, 32.79401 ], [ -96.50974, 32.79364 ], [ -96.50971, 32.79358 ], [ -96.50957, 32.79374 ], [ -96.50953, 32.79354 ], [ -96.50976, 32.79225 ], [ -96.5098, 32.79217 ], [ -96.51005, 32.79211 ], [ -96.5105, 32.7922 ], [ -96.51148, 32.79218 ], [ -96.51167, 32.79184 ], [ -96.51226, 32.79144 ], [ -96.51249, 32.79139 ], [ -96.51255, 32.79145 ], [ -96.51263, 32.79183 ], [ -96.51272, 32.7929 ], [ -96.51219, 32.79335 ], [ -96.51226, 32.79358 ], [ -96.51219, 32.79393 ], [ -96.51222, 32.79408 ], [ -96.51255, 32.79407 ], [ -96.51275, 32.79382 ], [ -96.51284, 32.79381 ], [ -96.51296, 32.79389 ], [ -96.51315, 32.79385 ], [ -96.51324, 32.79391 ], [ -96.51302, 32.79404 ], [ -96.51298, 32.79414 ], [ -96.51278, 32.79417 ], [ -96.51241, 32.7941 ], [ -96.51226, 32.79413 ], [ -96.51223, 32.79424 ], [ -96.51238, 32.79438 ], [ -96.51229, 32.79442 ], [ -96.51166, 32.79444 ], [ -96.51127, 32.79456 ], [ -96.51123, 32.79465 ], [ -96.51142, 32.79468 ], [ -96.51159, 32.79483 ], [ -96.51161, 32.7949 ], [ -96.51154, 32.79493 ], [ -96.50992, 32.79466 ] ] ] } },
{ "type": "Feature", "properties": { "element": "way", "id": 664298140 }, "geometry": { "type": "Polygon", "coordinates": [ [ [ -96.51295, 32.79448 ], [ -96.51277, 32.79439 ], [ -96.51277, 32.79429 ], [ -96.5129, 32.7942 ], [ -96.51355, 32.79417 ], [ -96.51362, 32.79425 ], [ -96.51359, 32.79445 ], [ -96.51295, 32.79448 ] ] ] } },
{ "type": "Feature", "properties": { "element": "way", "id": 1301314177 }, "geometry": { "type": "Polygon", "coordinates": [ [ [ -96.51282, 32.79559 ], [ -96.51235, 32.79551 ], [ -96.51217, 32.79557 ], [ -96.51207, 32.7955 ], [ -96.5117, 32.79557 ], [ -96.51148, 32.79552 ], [ -96.51132, 32.79567 ], [ -96.51131, 32.7958 ], [ -96.51119, 32.79579 ], [ -96.51121, 32.7956 ], [ -96.51129, 32.79551 ], [ -96.51147, 32.79547 ], [ -96.51179, 32.7955 ], [ -96.51195, 32.79544 ], [ -96.51213, 32.79544 ], [ -96.51287, 32.79548 ], [ -96.51282, 32.79559 ] ] ] } },
{ "type": "Feature", "properties": { "element": "way", "id": 941071790 }, "geometry": { "type": "Polygon", "coordinates": [ [ [ -96.68314, 32.82296 ], [ -96.68324, 32.82317 ], [ -96.68321, 32.82327 ], [ -96.68255, 32.82344 ], [ -96.68247, 32.8235 ], [ -96.68231, 32.82347 ], [ -96.68208, 32.82364 ], [ -96.68175, 32.82365 ], [ -96.6814, 32.82374 ], [ -96.68124, 32.82372 ], [ -96.68116, 32.82364 ], [ -96.68113, 32.82354 ], [ -96.68133, 32.82337 ], [ -96.68133, 32.82321 ], [ -96.68146, 32.82312 ], [ -96.68189, 32.82313 ], [ -96.68206, 32.82332 ], [ -96.68219, 32.82329 ], [ -96.68227, 32.82334 ], [ -96.68245, 32.82327 ], [ -96.68264, 32.82304 ], [ -96.68267, 32.82288 ], [ -96.68249, 32.82264 ], [ -96.68246, 32.82246 ], [ -96.6825, 32.82242 ], [ -96.6828, 32.82236 ], [ -96.68324, 32.82236 ], [ -96.68334, 32.8224 ], [ -96.68338, 32.82248 ], [ -96.68314, 32.82296 ] ] ] } },
{ "type": "Feature", "properties": { "element": "way", "id": 878445187 }, "geometry": { "type": "Polygon", "coordinates": [ [ [ -96.64264, 32.84102 ], [ -96.6425, 32.84094 ], [ -96.64258, 32.84057 ], [ -96.64217, 32.84023 ], [ -96.64218, 32.84014 ], [ -96.64229, 32.84005 ], [ -96.64235, 32.83978 ], [ -96.64247, 32.83968 ], [ -96.64284, 32.83976 ], [ -96.64293, 32.83986 ], [ -96.64285, 32.84011 ], [ -96.643, 32.84047 ], [ -96.64307, 32.84045 ], [ -96.64327, 32.84046 ], [ -96.64316, 32.8405 ], [ -96.64332, 32.84079 ], [ -96.64297, 32.84086 ], [ -96.64288, 32.84097 ], [ -96.64264, 32.84102 ] ] ] } },
{ "type": "Feature", "properties": { "element": "way", "id": 892107544 }, "geometry": { "type": "Polygon", "coordinates": [ [ [ -96.65109, 32.841 ], [ -96.65111, 32.84109 ], [ -96.651, 32.8413 ], [ -96.65108, 32.84146 ], [ -96.65102, 32.84155 ], [ -96.65085, 32.84163 ], [ -96.65064, 32.84156 ], [ -96.65058, 32.84148 ], [ -96.65064, 32.84133 ], [ -96.65096, 32.84102 ], [ -96.65109, 32.841 ] ] ] } },
{ "type": "Feature", "properties": { "element": "way", "id": 883615522 }, "geometry": { "type": "Polygon", "coordinates": [ [ [ -96.65055, 32.84201 ], [ -96.6506, 32.84205 ], [ -96.6506, 32.84221 ], [ -96.65077, 32.84239 ], [ -96.65108, 32.84232 ], [ -96.65138, 32.84215 ], [ -96.65146, 32.84217 ], [ -96.65149, 32.84225 ], [ -96.65101, 32.84259 ], [ -96.65036, 32.84269 ], [ -96.6502, 32.84265 ], [ -96.64985, 32.84236 ], [ -96.6498, 32.84227 ], [ -96.64983, 32.84219 ], [ -96.65016, 32.84201 ], [ -96.65055, 32.84201 ] ] ] } },
{ "type": "Feature", "properties": { "element": "way", "id": 883370970 }, "geometry": { "type": "Polygon", "coordinates": [ [ [ -96.64834, 32.84244 ], [ -96.64839, 32.84236 ], [ -96.64859, 32.84234 ], [ -96.6489, 32.84247 ], [ -96.64911, 32.84249 ], [ -96.64968, 32.84251 ], [ -96.64979, 32.84259 ], [ -96.64978, 32.84267 ], [ -96.64965, 32.8428 ], [ -96.64916, 32.84285 ], [ -96.64886, 32.8428 ], [ -96.64834, 32.84244 ] ] ] } },
{ "type": "Feature", "properties": { "element": "way", "id": 883370956 }, "geometry": { "type": "Polygon", "coordinates": [ [ [ -96.64751, 32.84311 ], [ -96.64743, 32.84304 ], [ -96.64716, 32.84262 ], [ -96.6472, 32.84253 ], [ -96.64756, 32.84261 ], [ -96.64786, 32.84252 ], [ -96.64814, 32.84259 ], [ -96.64827, 32.84267 ], [ -96.64831, 32.84278 ], [ -96.64829, 32.84288 ], [ -96.64792, 32.843 ], [ -96.64779, 32.84319 ], [ -96.64751, 32.84311 ] ] ] } },
{ "type": "Feature", "properties": { "element": "way", "id": 166177098 }, "geometry": { "type": "Polygon", "coordinates": [ [ [ -96.49558, 32.79876 ], [ -96.49602, 32.79869 ], [ -96.4964, 32.79894 ], [ -96.49652, 32.79912 ], [ -96.49641, 32.79939 ], [ -96.49633, 32.79983 ], [ -96.49419, 32.79952 ], [ -96.49437, 32.79888 ], [ -96.49494, 32.79864 ], [ -96.49506, 32.7985 ], [ -96.49539, 32.79856 ], [ -96.49545, 32.79816 ], [ -96.49556, 32.79818 ], [ -96.49558, 32.79876 ] ] ] } },
{ "type": "Feature", "properties": { "element": "way", "id": 1301322254 }, "geometry": { "type": "MultiPolygon", "coordinates": [ [ [ [ -96.60095, 32.83598 ], [ -96.6008, 32.83596 ], [ -96.60094, 32.83595 ], [ -96.60115, 32.83586 ], [ -96.60121, 32.83587 ], [ -96.60095, 32.83598 ] ] ], [ [ [ -96.59991, 32.83612 ], [ -96.59996, 32.8362 ], [ -96.60003, 32.83629 ], [ -96.60015, 32.83632 ], [ -96.60035, 32.83627 ], [ -96.60032, 32.8363 ], [ -96.60017, 32.83634 ], [ -96.60002, 32.83632 ], [ -96.60001, 32.83632 ], [ -96.59993, 32.83622 ], [ -96.59989, 32.83611 ], [ -96.59991, 32.83612 ] ] ], [ [ [ -96.59972, 32.836 ], [ -96.59964, 32.83594 ], [ -96.5996, 32.83587 ], [ -96.59962, 32.83579 ], [ -96.59969, 32.83568 ], [ -96.59973, 32.83565 ], [ -96.59974, 32.83558 ], [ -96.59964, 32.8355 ], [ -96.59924, 32.83539 ], [ -96.59904, 32.83533 ], [ -96.5989, 32.83521 ], [ -96.59873, 32.83492 ], [ -96.59822, 32.8349 ], [ -96.5982, 32.8349 ], [ -96.59812, 32.83485 ], [ -96.59787, 32.83467 ], [ -96.59781, 32.83465 ], [ -96.59777, 32.83463 ], [ -96.59765, 32.83465 ], [ -96.59741, 32.83465 ], [ -96.59707, 32.83468 ], [ -96.59698, 32.8346 ], [ -96.59689, 32.83451 ], [ -96.59686, 32.83443 ], [ -96.59686, 32.83437 ], [ -96.59701, 32.83416 ], [ -96.59706, 32.83407 ], [ -96.59705, 32.83388 ], [ -96.59662, 32.83371 ], [ -96.59642, 32.8336 ], [ -96.59651, 32.83364 ], [ -96.59687, 32.83378 ], [ -96.59707, 32.83387 ], [ -96.59709, 32.83405 ], [ -96.59694, 32.83431 ], [ -96.59689, 32.83437 ], [ -96.59689, 32.83443 ], [ -96.59692, 32.8345 ], [ -96.59709, 32.83465 ], [ -96.5974, 32.83462 ], [ -96.59783, 32.83462 ], [ -96.5979, 32.83465 ], [ -96.59819, 32.83487 ], [ -96.59872, 32.83489 ], [ -96.59877, 32.83496 ], [ -96.5988, 32.83499 ], [ -96.59892, 32.83519 ], [ -96.59904, 32.83531 ], [ -96.59964, 32.83548 ], [ -96.59977, 32.83556 ], [ -96.59977, 32.83564 ], [ -96.5997, 32.83571 ], [ -96.59964, 32.83582 ], [ -96.59964, 32.83588 ], [ -96.59971, 32.83596 ], [ -96.59979, 32.836 ], [ -96.59983, 32.83603 ], [ -96.59988, 32.8361 ], [ -96.59972, 32.836 ] ] ], [ [ [ -96.59557, 32.83319 ], [ -96.59582, 32.83334 ], [ -96.59573, 32.83331 ], [ -96.59556, 32.83322 ], [ -96.5955, 32.83325 ], [ -96.59546, 32.83324 ], [ -96.59557, 32.83319 ] ] ] ] } },
{ "type": "Feature", "properties": { "element": "way", "id": 878445189 }, "geometry": { "type": "Polygon", "coordinates": [ [ [ -96.64265, 32.84135 ], [ -96.64261, 32.84144 ], [ -96.64226, 32.84172 ], [ -96.64226, 32.84176 ], [ -96.64253, 32.8418 ], [ -96.64251, 32.8419 ], [ -96.64212, 32.84226 ], [ -96.64162, 32.84248 ], [ -96.6415, 32.84247 ], [ -96.64143, 32.84239 ], [ -96.64146, 32.84214 ], [ -96.64158, 32.84207 ], [ -96.64178, 32.84205 ], [ -96.64206, 32.84191 ], [ -96.64197, 32.84179 ], [ -96.64198, 32.8414 ], [ -96.64216, 32.84126 ], [ -96.64233, 32.8413 ], [ -96.64252, 32.84121 ], [ -96.6426, 32.84123 ], [ -96.64265, 32.84135 ] ] ] } },
{ "type": "Feature", "properties": { "element": "way", "id": 698318194 }, "geometry": { "type": "MultiPolygon", "coordinates": [ [ [ [ -96.64042, 32.84499 ], [ -96.64047, 32.84499 ], [ -96.64051, 32.84505 ], [ -96.64041, 32.845 ], [ -96.64036, 32.84492 ], [ -96.64042, 32.84499 ] ] ], [ [ [ -96.64031, 32.84484 ], [ -96.64009, 32.84479 ], [ -96.63941, 32.84396 ], [ -96.63914, 32.84375 ], [ -96.63891, 32.84372 ], [ -96.63861, 32.8436 ], [ -96.63788, 32.84368 ], [ -96.63749, 32.84366 ], [ -96.63725, 32.84359 ], [ -96.63716, 32.8435 ], [ -96.63716, 32.84333 ], [ -96.637, 32.84306 ], [ -96.63703, 32.84297 ], [ -96.63697, 32.84284 ], [ -96.63725, 32.84276 ], [ -96.63746, 32.84278 ], [ -96.63901, 32.84321 ], [ -96.63941, 32.84349 ], [ -96.6395, 32.84375 ], [ -96.63968, 32.84395 ], [ -96.63971, 32.84419 ], [ -96.63995, 32.84433 ], [ -96.63997, 32.84449 ], [ -96.6401, 32.84466 ], [ -96.64037, 32.84479 ], [ -96.64036, 32.84492 ], [ -96.64031, 32.84484 ] ] ] ] } },
{ "type": "Feature", "properties": { "element": "way", "id": 878356218 }, "geometry": { "type": "Polygon", "coordinates": [ [ [ -96.6403, 32.8447 ], [ -96.64044, 32.84458 ], [ -96.64082, 32.8445 ], [ -96.641, 32.84458 ], [ -96.64121, 32.84459 ], [ -96.64137, 32.84439 ], [ -96.64148, 32.84434 ], [ -96.64206, 32.84427 ], [ -96.64231, 32.84436 ], [ -96.64239, 32.84445 ], [ -96.64242, 32.84462 ], [ -96.64269, 32.84522 ], [ -96.64296, 32.84527 ], [ -96.64289, 32.84541 ], [ -96.64257, 32.84526 ], [ -96.64244, 32.84483 ], [ -96.64234, 32.84469 ], [ -96.64228, 32.84449 ], [ -96.6421, 32.84441 ], [ -96.6419, 32.84439 ], [ -96.64145, 32.84447 ], [ -96.64132, 32.84468 ], [ -96.641, 32.84472 ], [ -96.64072, 32.84461 ], [ -96.6405, 32.84468 ], [ -96.6404, 32.84477 ], [ -96.6403, 32.8447 ] ] ] } },
{ "type": "Feature", "properties": { "element": "way", "id": 1300127899 }, "geometry": { "type": "Polygon", "coordinates": [ [ [ -96.57989, 32.88127 ], [ -96.57976, 32.88064 ], [ -96.57959, 32.88019 ], [ -96.57922, 32.87975 ], [ -96.5791, 32.87952 ], [ -96.57896, 32.8794 ], [ -96.57873, 32.87935 ], [ -96.57864, 32.87928 ], [ -96.57836, 32.87883 ], [ -96.57865, 32.87893 ], [ -96.5788, 32.8792 ], [ -96.57918, 32.87931 ], [ -96.57956, 32.87993 ], [ -96.57988, 32.88027 ], [ -96.57995, 32.88042 ], [ -96.57992, 32.88073 ], [ -96.57999, 32.88131 ], [ -96.57985, 32.88148 ], [ -96.57989, 32.88127 ] ] ] } },
{ "type": "Feature", "properties": { "element": "way", "id": 878748845 }, "geometry": { "type": "Polygon", "coordinates": [ [ [ -96.64347, 32.84556 ], [ -96.64322, 32.84545 ], [ -96.64291, 32.84543 ], [ -96.64299, 32.84527 ], [ -96.64314, 32.84527 ], [ -96.64365, 32.8451 ], [ -96.64366, 32.84523 ], [ -96.64347, 32.84556 ] ] ] } },
{ "type": "Feature", "properties": { "element": "way", "id": 698317117 }, "geometry": { "type": "Polygon", "coordinates": [ [ [ -96.64482, 32.84592 ], [ -96.64473, 32.8458 ], [ -96.64406, 32.84571 ], [ -96.64403, 32.84548 ], [ -96.64391, 32.84529 ], [ -96.64397, 32.84509 ], [ -96.64424, 32.84499 ], [ -96.6444, 32.84504 ], [ -96.64501, 32.84509 ], [ -96.64535, 32.84529 ], [ -96.6454, 32.84535 ], [ -96.64533, 32.84559 ], [ -96.64518, 32.84583 ], [ -96.64502, 32.84593 ], [ -96.64482, 32.84592 ] ] ] } },
{ "type": "Feature", "properties": { "element": "way", "id": 698317118 }, "geometry": { "type": "Polygon", "coordinates": [ [ [ -96.64511, 32.84602 ], [ -96.6457, 32.84609 ], [ -96.64595, 32.84632 ], [ -96.64627, 32.84649 ], [ -96.64645, 32.84676 ], [ -96.6463, 32.84676 ], [ -96.64614, 32.84664 ], [ -96.64554, 32.84659 ], [ -96.64535, 32.84651 ], [ -96.64522, 32.84643 ], [ -96.64482, 32.84596 ], [ -96.64502, 32.84597 ], [ -96.64511, 32.84602 ] ] ] } },
{ "type": "Feature", "properties": { "element": "way", "id": 878802372 }, "geometry": { "type": "Polygon", "coordinates": [ [ [ -96.64644, 32.84679 ], [ -96.64645, 32.84687 ], [ -96.64655, 32.84694 ], [ -96.64682, 32.84695 ], [ -96.64699, 32.84701 ], [ -96.64713, 32.84698 ], [ -96.64727, 32.84681 ], [ -96.64746, 32.84682 ], [ -96.64767, 32.84695 ], [ -96.64764, 32.84703 ], [ -96.6473, 32.84687 ], [ -96.64721, 32.84692 ], [ -96.64716, 32.8471 ], [ -96.64704, 32.84712 ], [ -96.64674, 32.84704 ], [ -96.64645, 32.84702 ], [ -96.64634, 32.8469 ], [ -96.64632, 32.84679 ], [ -96.64644, 32.84679 ] ] ] } },
{ "type": "Feature", "properties": { "element": "way", "id": 1432091864 }, "geometry": { "type": "Polygon", "coordinates": [ [ [ -96.71534, 32.82654 ], [ -96.71521, 32.82658 ], [ -96.71512, 32.82676 ], [ -96.71502, 32.8268 ], [ -96.71509, 32.82656 ], [ -96.71527, 32.82633 ], [ -96.71521, 32.82625 ], [ -96.71539, 32.82612 ], [ -96.71552, 32.82612 ], [ -96.71561, 32.82624 ], [ -96.71534, 32.82654 ] ] ] } },
{ "type": "Feature", "properties": { "element": "way", "id": 27089872 }, "geometry": { "type": "Polygon", "coordinates": [ [ [ -96.72156, 32.85469 ], [ -96.72145, 32.855 ], [ -96.72133, 32.85513 ], [ -96.72112, 32.85512 ], [ -96.72178, 32.85366 ], [ -96.72233, 32.8528 ], [ -96.72238, 32.85248 ], [ -96.72266, 32.85193 ], [ -96.72268, 32.85157 ], [ -96.72256, 32.85106 ], [ -96.72239, 32.85071 ], [ -96.7222, 32.85054 ], [ -96.72182, 32.85045 ], [ -96.72151, 32.85027 ], [ -96.72111, 32.85019 ], [ -96.72095, 32.85024 ], [ -96.72093, 32.85029 ], [ -96.72076, 32.85025 ], [ -96.72025, 32.85036 ], [ -96.72009, 32.85023 ], [ -96.7198, 32.85027 ], [ -96.71921, 32.85021 ], [ -96.71849, 32.84998 ], [ -96.71776, 32.8496 ], [ -96.71756, 32.84942 ], [ -96.71745, 32.84918 ], [ -96.71716, 32.84911 ], [ -96.71707, 32.84896 ], [ -96.71708, 32.84867 ], [ -96.71701, 32.84836 ], [ -96.71725, 32.84779 ], [ -96.71703, 32.84761 ], [ -96.71712, 32.84696 ], [ -96.71733, 32.84655 ], [ -96.71738, 32.84629 ], [ -96.71762, 32.84606 ], [ -96.71826, 32.84464 ], [ -96.7187, 32.84389 ], [ -96.71862, 32.84371 ], [ -96.7188, 32.84324 ], [ -96.71876, 32.84287 ], [ -96.7185, 32.84252 ], [ -96.71731, 32.84196 ], [ -96.71697, 32.84162 ], [ -96.71643, 32.84137 ], [ -96.71599, 32.84098 ], [ -96.71566, 32.84037 ], [ -96.71556, 32.83998 ], [ -96.71561, 32.83901 ], [ -96.71557, 32.83848 ], [ -96.71527, 32.83641 ], [ -96.71511, 32.83569 ], [ -96.71491, 32.8354 ], [ -96.71462, 32.83522 ], [ -96.71388, 32.83526 ], [ -96.71369, 32.83517 ], [ -96.71277, 32.83538 ], [ -96.71285, 32.83525 ], [ -96.71319, 32.83511 ], [ -96.71335, 32.83497 ], [ -96.71339, 32.83486 ], [ -96.71285, 32.83429 ], [ -96.71258, 32.83419 ], [ -96.71202, 32.83434 ], [ -96.71188, 32.83425 ], [ -96.71194, 32.83403 ], [ -96.7123, 32.83376 ], [ -96.71248, 32.83368 ], [ -96.71284, 32.83339 ], [ -96.71299, 32.83319 ], [ -96.71407, 32.83234 ], [ -96.71447, 32.83215 ], [ -96.71603, 32.8323 ], [ -96.71658, 32.83229 ], [ -96.71675, 32.83222 ], [ -96.71729, 32.8317 ], [ -96.71781, 32.83097 ], [ -96.7179, 32.8302 ], [ -96.7178, 32.82962 ], [ -96.71766, 32.82933 ], [ -96.71685, 32.82894 ], [ -96.71615, 32.82849 ], [ -96.71571, 32.8283 ], [ -96.71564, 32.82819 ], [ -96.71601, 32.82654 ], [ -96.71626, 32.82612 ], [ -96.71639, 32.82575 ], [ -96.71668, 32.82551 ], [ -96.71828, 32.82385 ], [ -96.71872, 32.82352 ], [ -96.72046, 32.82268 ], [ -96.72073, 32.82239 ], [ -96.72079, 32.82177 ], [ -96.72075, 32.82148 ], [ -96.72045, 32.82102 ], [ -96.72035, 32.82043 ], [ -96.72037, 32.8201 ], [ -96.72005, 32.81911 ], [ -96.7199, 32.81884 ], [ -96.71971, 32.8187 ], [ -96.71946, 32.81862 ], [ -96.71893, 32.81867 ], [ -96.71891, 32.81855 ], [ -96.71921, 32.81838 ], [ -96.71934, 32.81823 ], [ -96.72002, 32.81717 ], [ -96.72027, 32.81689 ], [ -96.72089, 32.8164 ], [ -96.72205, 32.8157 ], [ -96.72247, 32.81556 ], [ -96.7235, 32.81532 ], [ -96.72389, 32.81503 ], [ -96.72431, 32.81483 ], [ -96.72845, 32.82069 ], [ -96.7283, 32.82077 ], [ -96.72824, 32.82102 ], [ -96.7285, 32.82133 ], [ -96.72876, 32.822 ], [ -96.7291, 32.82247 ], [ -96.72966, 32.82304 ], [ -96.73002, 32.82364 ], [ -96.73102, 32.82428 ], [ -96.73118, 32.82456 ], [ -96.73123, 32.82478 ], [ -96.7311, 32.82515 ], [ -96.7312, 32.82523 ], [ -96.73147, 32.82519 ], [ -96.73158, 32.82535 ], [ -96.73177, 32.8263 ], [ -96.73184, 32.82642 ], [ -96.73179, 32.82693 ], [ -96.73173, 32.82667 ], [ -96.73156, 32.82656 ], [ -96.73096, 32.82591 ], [ -96.73069, 32.82535 ], [ -96.73032, 32.82506 ], [ -96.72979, 32.82491 ], [ -96.72921, 32.8249 ], [ -96.72876, 32.825 ], [ -96.7285, 32.8251 ], [ -96.72835, 32.82526 ], [ -96.72833, 32.8256 ], [ -96.72848, 32.82611 ], [ -96.72872, 32.82647 ], [ -96.72887, 32.82687 ], [ -96.72902, 32.82793 ], [ -96.72902, 32.82874 ], [ -96.72959, 32.83037 ], [ -96.73017, 32.83118 ], [ -96.73056, 32.83138 ], [ -96.7305, 32.83172 ], [ -96.73078, 32.83174 ], [ -96.73176, 32.83165 ], [ -96.73187, 32.83184 ], [ -96.73159, 32.83217 ], [ -96.73142, 32.83266 ], [ -96.73132, 32.83334 ], [ -96.73086, 32.83369 ], [ -96.7306, 32.83363 ], [ -96.72957, 32.83297 ], [ -96.72901, 32.83297 ], [ -96.72883, 32.83301 ], [ -96.72857, 32.83327 ], [ -96.72807, 32.83362 ], [ -96.72797, 32.83363 ], [ -96.72757, 32.83399 ], [ -96.72496, 32.83535 ], [ -96.72457, 32.83565 ], [ -96.72414, 32.83624 ], [ -96.72339, 32.83758 ], [ -96.72333, 32.83786 ], [ -96.72331, 32.83808 ], [ -96.7234, 32.83828 ], [ -96.72359, 32.83846 ], [ -96.72391, 32.83854 ], [ -96.7261, 32.83812 ], [ -96.72693, 32.83812 ], [ -96.72743, 32.83834 ], [ -96.72846, 32.83904 ], [ -96.72932, 32.83967 ], [ -96.72953, 32.83998 ], [ -96.72966, 32.8403 ], [ -96.72984, 32.84308 ], [ -96.72962, 32.8435 ], [ -96.73022, 32.8439 ], [ -96.73019, 32.84394 ], [ -96.72975, 32.84365 ], [ -96.72957, 32.84359 ], [ -96.72951, 32.84362 ], [ -96.72933, 32.84405 ], [ -96.72899, 32.8444 ], [ -96.72857, 32.84467 ], [ -96.72848, 32.84482 ], [ -96.72814, 32.84504 ], [ -96.72788, 32.84528 ], [ -96.72779, 32.84558 ], [ -96.72752, 32.84582 ], [ -96.72741, 32.84596 ], [ -96.72739, 32.8461 ], [ -96.72743, 32.84627 ], [ -96.72761, 32.84656 ], [ -96.72897, 32.84739 ], [ -96.7295, 32.84789 ], [ -96.73003, 32.84889 ], [ -96.73016, 32.849 ], [ -96.73025, 32.84922 ], [ -96.73021, 32.84936 ], [ -96.73007, 32.84966 ], [ -96.72986, 32.84979 ], [ -96.72969, 32.85011 ], [ -96.72945, 32.85028 ], [ -96.72891, 32.85036 ], [ -96.72872, 32.85027 ], [ -96.72837, 32.84994 ], [ -96.72801, 32.8495 ], [ -96.72648, 32.84905 ], [ -96.7261, 32.84898 ], [ -96.72579, 32.84898 ], [ -96.72517, 32.85056 ], [ -96.72492, 32.85162 ], [ -96.72483, 32.85167 ], [ -96.72482, 32.85191 ], [ -96.72444, 32.85215 ], [ -96.72388, 32.85301 ], [ -96.72278, 32.8529 ], [ -96.72229, 32.85354 ], [ -96.72156, 32.85469 ] ] ] } },
{ "type": "Feature", "properties": { "element": "way", "id": 167012831 }, "geometry": { "type": "Polygon", "coordinates": [ [ [ -96.72133, 32.85513 ], [ -96.72137, 32.85576 ], [ -96.72168, 32.8562 ], [ -96.72226, 32.85655 ], [ -96.72304, 32.85672 ], [ -96.72411, 32.85724 ], [ -96.7248, 32.85783 ], [ -96.72504, 32.85812 ], [ -96.72514, 32.85833 ], [ -96.72543, 32.85861 ], [ -96.72762, 32.85901 ], [ -96.72822, 32.85906 ], [ -96.7289, 32.85925 ], [ -96.72995, 32.85974 ], [ -96.73008, 32.85976 ], [ -96.73038, 32.8597 ], [ -96.73062, 32.85976 ], [ -96.73081, 32.85987 ], [ -96.73089, 32.85998 ], [ -96.73083, 32.86013 ], [ -96.73051, 32.86031 ], [ -96.73016, 32.86063 ], [ -96.72999, 32.86091 ], [ -96.72997, 32.86107 ], [ -96.73005, 32.86117 ], [ -96.73021, 32.86119 ], [ -96.73053, 32.86103 ], [ -96.73087, 32.86105 ], [ -96.73143, 32.86176 ], [ -96.73145, 32.86191 ], [ -96.73122, 32.86209 ], [ -96.73106, 32.8624 ], [ -96.7311, 32.86279 ], [ -96.73125, 32.86293 ], [ -96.73137, 32.86295 ], [ -96.73158, 32.86286 ], [ -96.73172, 32.86273 ], [ -96.73183, 32.86243 ], [ -96.7319, 32.86237 ], [ -96.73239, 32.8623 ], [ -96.73269, 32.86234 ], [ -96.73294, 32.86243 ], [ -96.73305, 32.86252 ], [ -96.73332, 32.86302 ], [ -96.73347, 32.86312 ], [ -96.73431, 32.86317 ], [ -96.73462, 32.86327 ], [ -96.73478, 32.86341 ], [ -96.73485, 32.86358 ], [ -96.73465, 32.86416 ], [ -96.73472, 32.86452 ], [ -96.73502, 32.86458 ], [ -96.73526, 32.86447 ], [ -96.73557, 32.86414 ], [ -96.73573, 32.86403 ], [ -96.73597, 32.86412 ], [ -96.73613, 32.86436 ], [ -96.73624, 32.86441 ], [ -96.73687, 32.86455 ], [ -96.73684, 32.86475 ], [ -96.73664, 32.86516 ], [ -96.7366, 32.8655 ], [ -96.73667, 32.86564 ], [ -96.73677, 32.86573 ], [ -96.73687, 32.86574 ], [ -96.73702, 32.86564 ], [ -96.73716, 32.86544 ], [ -96.73725, 32.86539 ], [ -96.73744, 32.86543 ], [ -96.73786, 32.8657 ], [ -96.73807, 32.86591 ], [ -96.73811, 32.86625 ], [ -96.73832, 32.86648 ], [ -96.73831, 32.86654 ], [ -96.73817, 32.86652 ], [ -96.73801, 32.86637 ], [ -96.73789, 32.86593 ], [ -96.73731, 32.8655 ], [ -96.73714, 32.86574 ], [ -96.73692, 32.86588 ], [ -96.7367, 32.86587 ], [ -96.73657, 32.86577 ], [ -96.73646, 32.8656 ], [ -96.73647, 32.86522 ], [ -96.73666, 32.86486 ], [ -96.73671, 32.86469 ], [ -96.73665, 32.86459 ], [ -96.73625, 32.86458 ], [ -96.73608, 32.86453 ], [ -96.73593, 32.8643 ], [ -96.73581, 32.86422 ], [ -96.73567, 32.86422 ], [ -96.73545, 32.86454 ], [ -96.73526, 32.86466 ], [ -96.73502, 32.86476 ], [ -96.73461, 32.86476 ], [ -96.7345, 32.86447 ], [ -96.73451, 32.8642 ], [ -96.73464, 32.86356 ], [ -96.73457, 32.86343 ], [ -96.73429, 32.86333 ], [ -96.73371, 32.86334 ], [ -96.73327, 32.86324 ], [ -96.73307, 32.86301 ], [ -96.73291, 32.86265 ], [ -96.73268, 32.86248 ], [ -96.73237, 32.86245 ], [ -96.73199, 32.86253 ], [ -96.73177, 32.86292 ], [ -96.73154, 32.8631 ], [ -96.73126, 32.86312 ], [ -96.73105, 32.86298 ], [ -96.73092, 32.86273 ], [ -96.73091, 32.86229 ], [ -96.731, 32.86205 ], [ -96.73117, 32.86195 ], [ -96.73124, 32.86182 ], [ -96.7312, 32.86173 ], [ -96.73094, 32.86136 ], [ -96.73072, 32.86118 ], [ -96.73057, 32.86118 ], [ -96.73014, 32.86136 ], [ -96.72999, 32.86136 ], [ -96.72978, 32.86115 ], [ -96.72981, 32.8608 ], [ -96.73019, 32.86035 ], [ -96.73059, 32.86013 ], [ -96.73064, 32.86003 ], [ -96.73062, 32.85991 ], [ -96.73048, 32.85987 ], [ -96.72984, 32.85995 ], [ -96.72943, 32.85965 ], [ -96.72881, 32.85942 ], [ -96.72619, 32.85891 ], [ -96.72558, 32.85883 ], [ -96.72478, 32.85861 ], [ -96.72472, 32.85842 ], [ -96.72475, 32.85811 ], [ -96.7247, 32.85799 ], [ -96.72403, 32.85742 ], [ -96.72298, 32.85694 ], [ -96.72192, 32.85669 ], [ -96.72173, 32.85659 ], [ -96.72136, 32.85627 ], [ -96.72111, 32.85587 ], [ -96.72106, 32.85554 ], [ -96.72112, 32.85512 ], [ -96.72133, 32.85513 ] ] ] } },
{ "type": "Feature", "properties": { "element": "way", "id": 698262571 }, "geometry": { "type": "Polygon", "coordinates": [ [ [ -96.65048, 32.8478 ], [ -96.65028, 32.84796 ], [ -96.65015, 32.84803 ], [ -96.64997, 32.84802 ], [ -96.64989, 32.84775 ], [ -96.64996, 32.84752 ], [ -96.65004, 32.84746 ], [ -96.65014, 32.84741 ], [ -96.65038, 32.84746 ], [ -96.6507, 32.84736 ], [ -96.65083, 32.8474 ], [ -96.65081, 32.84749 ], [ -96.65057, 32.84763 ], [ -96.65048, 32.8478 ] ] ] } },
{ "type": "Feature", "properties": { "element": "way", "id": 698262572 }, "geometry": { "type": "Polygon", "coordinates": [ [ [ -96.6482, 32.84751 ], [ -96.64838, 32.84837 ], [ -96.64834, 32.84857 ], [ -96.64818, 32.8486 ], [ -96.64812, 32.8484 ], [ -96.64782, 32.84827 ], [ -96.64776, 32.84818 ], [ -96.64776, 32.84796 ], [ -96.64768, 32.84784 ], [ -96.64771, 32.84755 ], [ -96.64778, 32.84746 ], [ -96.64821, 32.84732 ], [ -96.6482, 32.84751 ] ] ] } },
{ "type": "Feature", "properties": { "element": "way", "id": 878802379 }, "geometry": { "type": "Polygon", "coordinates": [ [ [ -96.64802, 32.84949 ], [ -96.64786, 32.84984 ], [ -96.64759, 32.85019 ], [ -96.64768, 32.85034 ], [ -96.64786, 32.85042 ], [ -96.64809, 32.85062 ], [ -96.64838, 32.851 ], [ -96.6483, 32.85105 ], [ -96.64791, 32.85053 ], [ -96.64761, 32.85037 ], [ -96.64752, 32.85024 ], [ -96.64758, 32.85006 ], [ -96.64799, 32.8494 ], [ -96.64814, 32.84935 ], [ -96.64822, 32.84942 ], [ -96.64802, 32.84949 ] ] ] } },
{ "type": "Feature", "properties": { "element": "way", "id": 684902964 }, "geometry": { "type": "Polygon", "coordinates": [ [ [ -96.68951, 32.86108 ], [ -96.68944, 32.86105 ], [ -96.68945, 32.86083 ], [ -96.6897, 32.86056 ], [ -96.6897, 32.86035 ], [ -96.68984, 32.86025 ], [ -96.68983, 32.86012 ], [ -96.6901, 32.85983 ], [ -96.69031, 32.85931 ], [ -96.69032, 32.85908 ], [ -96.69018, 32.85896 ], [ -96.69009, 32.85865 ], [ -96.69014, 32.85855 ], [ -96.69035, 32.85855 ], [ -96.69063, 32.85879 ], [ -96.6907, 32.85897 ], [ -96.69022, 32.85967 ], [ -96.69017, 32.85986 ], [ -96.68991, 32.86012 ], [ -96.68991, 32.86021 ], [ -96.69006, 32.86031 ], [ -96.69005, 32.86037 ], [ -96.68993, 32.86048 ], [ -96.68986, 32.86075 ], [ -96.68961, 32.86105 ], [ -96.68951, 32.86108 ] ] ] } },
{ "type": "Feature", "properties": { "element": "way", "id": 462083443 }, "geometry": { "type": "Polygon", "coordinates": [ [ [ -96.69826, 32.88732 ], [ -96.69808, 32.88638 ], [ -96.69817, 32.88619 ], [ -96.69812, 32.8861 ], [ -96.6977, 32.88598 ], [ -96.69771, 32.88577 ], [ -96.69783, 32.88573 ], [ -96.69822, 32.88583 ], [ -96.69829, 32.88599 ], [ -96.69835, 32.8862 ], [ -96.69831, 32.88636 ], [ -96.69843, 32.88736 ], [ -96.69833, 32.88737 ], [ -96.69826, 32.88732 ] ] ] } },
{ "type": "Feature", "properties": { "element": "way", "id": 684906548 }, "geometry": { "type": "Polygon", "coordinates": [ [ [ -96.69693, 32.88716 ], [ -96.69584, 32.88755 ], [ -96.69558, 32.88758 ], [ -96.69553, 32.88754 ], [ -96.69556, 32.88737 ], [ -96.69645, 32.88718 ], [ -96.6967, 32.88705 ], [ -96.69681, 32.8869 ], [ -96.69689, 32.88662 ], [ -96.69721, 32.88633 ], [ -96.69757, 32.88633 ], [ -96.69762, 32.88642 ], [ -96.69693, 32.88716 ] ] ] } },
{ "type": "Feature", "properties": { "element": "way", "id": 951306687 }, "geometry": { "type": "Polygon", "coordinates": [ [ [ -96.69464, 32.88765 ], [ -96.6943, 32.88777 ], [ -96.69388, 32.88804 ], [ -96.69424, 32.88772 ], [ -96.6946, 32.88756 ], [ -96.69552, 32.88744 ], [ -96.69553, 32.88754 ], [ -96.69464, 32.88765 ] ] ] } },
{ "type": "Feature", "properties": { "element": "way", "id": 951306723 }, "geometry": { "type": "Polygon", "coordinates": [ [ [ -96.69817, 32.89039 ], [ -96.69809, 32.89056 ], [ -96.69789, 32.8906 ], [ -96.69406, 32.89057 ], [ -96.69409, 32.89053 ], [ -96.69789, 32.89053 ], [ -96.69802, 32.89048 ], [ -96.69808, 32.89037 ], [ -96.69802, 32.88969 ], [ -96.69818, 32.88981 ], [ -96.69817, 32.89039 ] ] ] } },
{ "type": "Feature", "properties": { "element": "way", "id": 951306673 }, "geometry": { "type": "Polygon", "coordinates": [ [ [ -96.70352, 32.90038 ], [ -96.70354, 32.89983 ], [ -96.70373, 32.89956 ], [ -96.70386, 32.89911 ], [ -96.7038, 32.89867 ], [ -96.70346, 32.89792 ], [ -96.70289, 32.89707 ], [ -96.70276, 32.89658 ], [ -96.70172, 32.89492 ], [ -96.70161, 32.89433 ], [ -96.70102, 32.89416 ], [ -96.7009, 32.89395 ], [ -96.70087, 32.89372 ], [ -96.70076, 32.89359 ], [ -96.6988, 32.89343 ], [ -96.69859, 32.89331 ], [ -96.69835, 32.89364 ], [ -96.69809, 32.89387 ], [ -96.69817, 32.89441 ], [ -96.69813, 32.89441 ], [ -96.69804, 32.89387 ], [ -96.69829, 32.89363 ], [ -96.69866, 32.89311 ], [ -96.6985, 32.89278 ], [ -96.69844, 32.89233 ], [ -96.6984, 32.89192 ], [ -96.69847, 32.89128 ], [ -96.69889, 32.89059 ], [ -96.69885, 32.89031 ], [ -96.69792, 32.88961 ], [ -96.6978, 32.88944 ], [ -96.69778, 32.88885 ], [ -96.69794, 32.88843 ], [ -96.69812, 32.88831 ], [ -96.69842, 32.88831 ], [ -96.69852, 32.88826 ], [ -96.69856, 32.88818 ], [ -96.69856, 32.88793 ], [ -96.69833, 32.88737 ], [ -96.6984, 32.88736 ], [ -96.69865, 32.88793 ], [ -96.69865, 32.88818 ], [ -96.69855, 32.88834 ], [ -96.69812, 32.88838 ], [ -96.69799, 32.88847 ], [ -96.69784, 32.88886 ], [ -96.69782, 32.88924 ], [ -96.69794, 32.88953 ], [ -96.69898, 32.89036 ], [ -96.69895, 32.89067 ], [ -96.69879, 32.89094 ], [ -96.6986, 32.89113 ], [ -96.69853, 32.8913 ], [ -96.69847, 32.89184 ], [ -96.69855, 32.8927 ], [ -96.6986, 32.89288 ], [ -96.69873, 32.89308 ], [ -96.69868, 32.89329 ], [ -96.6988, 32.89338 ], [ -96.70076, 32.89353 ], [ -96.70086, 32.89359 ], [ -96.70107, 32.89411 ], [ -96.70155, 32.89424 ], [ -96.70173, 32.89437 ], [ -96.70174, 32.89474 ], [ -96.70181, 32.89493 ], [ -96.70282, 32.89656 ], [ -96.70295, 32.89706 ], [ -96.70352, 32.8979 ], [ -96.70387, 32.89866 ], [ -96.70394, 32.89912 ], [ -96.70379, 32.89961 ], [ -96.70361, 32.89985 ], [ -96.70359, 32.90051 ], [ -96.70352, 32.90038 ] ] ] } },
{ "type": "Feature", "properties": { "element": "way", "id": 1300127900 }, "geometry": { "type": "Polygon", "coordinates": [ [ [ -96.58841, 32.88778 ], [ -96.58826, 32.88757 ], [ -96.58819, 32.88742 ], [ -96.58826, 32.88674 ], [ -96.5882, 32.88647 ], [ -96.588, 32.88612 ], [ -96.58726, 32.8855 ], [ -96.58688, 32.88531 ], [ -96.58645, 32.88518 ], [ -96.58529, 32.88497 ], [ -96.58495, 32.88486 ], [ -96.58409, 32.88505 ], [ -96.58219, 32.88611 ], [ -96.5816, 32.88611 ], [ -96.58116, 32.88582 ], [ -96.58176, 32.886 ], [ -96.58215, 32.88599 ], [ -96.58238, 32.88587 ], [ -96.58254, 32.88568 ], [ -96.58318, 32.88539 ], [ -96.58431, 32.88477 ], [ -96.58456, 32.8847 ], [ -96.58497, 32.88471 ], [ -96.58547, 32.88482 ], [ -96.5862, 32.88489 ], [ -96.58674, 32.88506 ], [ -96.58732, 32.88534 ], [ -96.58811, 32.88584 ], [ -96.58832, 32.88611 ], [ -96.58849, 32.88662 ], [ -96.58846, 32.88741 ], [ -96.58855, 32.88757 ], [ -96.58889, 32.88786 ], [ -96.58841, 32.88778 ] ] ] } },
{ "type": "Feature", "properties": { "element": "way", "id": 1300127898 }, "geometry": { "type": "Polygon", "coordinates": [ [ [ -96.57057, 32.87378 ], [ -96.5705, 32.87422 ], [ -96.57066, 32.87473 ], [ -96.57104, 32.87525 ], [ -96.57255, 32.87622 ], [ -96.5734, 32.87666 ], [ -96.57522, 32.87745 ], [ -96.57691, 32.87804 ], [ -96.5778, 32.87817 ], [ -96.57837, 32.87835 ], [ -96.57933, 32.87884 ], [ -96.58005, 32.87942 ], [ -96.58021, 32.87971 ], [ -96.5802, 32.8823 ], [ -96.5803, 32.8848 ], [ -96.58064, 32.88533 ], [ -96.58116, 32.88582 ], [ -96.58207, 32.88643 ], [ -96.5833, 32.88702 ], [ -96.58423, 32.88716 ], [ -96.58524, 32.88713 ], [ -96.58542, 32.88719 ], [ -96.58627, 32.88792 ], [ -96.58653, 32.88799 ], [ -96.58747, 32.88775 ], [ -96.58794, 32.88771 ], [ -96.58889, 32.88786 ], [ -96.59019, 32.88881 ], [ -96.59042, 32.88892 ], [ -96.5907, 32.88892 ], [ -96.59077, 32.88895 ], [ -96.59085, 32.88922 ], [ -96.59146, 32.89085 ], [ -96.59149, 32.89108 ], [ -96.59195, 32.89216 ], [ -96.59195, 32.89218 ], [ -96.592, 32.89247 ], [ -96.59233, 32.89336 ], [ -96.59233, 32.89345 ], [ -96.59241, 32.89366 ], [ -96.59249, 32.89377 ], [ -96.59252, 32.89393 ], [ -96.59252, 32.89401 ], [ -96.59251, 32.89415 ], [ -96.59252, 32.8944 ], [ -96.59253, 32.89466 ], [ -96.59257, 32.89574 ], [ -96.59258, 32.89722 ], [ -96.59255, 32.89795 ], [ -96.59259, 32.89818 ], [ -96.5926, 32.89888 ], [ -96.59263, 32.89936 ], [ -96.59263, 32.89936 ], [ -96.59264, 32.89942 ], [ -96.59266, 32.89963 ], [ -96.59268, 32.89993 ], [ -96.5927, 32.9006 ], [ -96.59272, 32.90133 ], [ -96.59273, 32.90218 ], [ -96.59274, 32.90224 ], [ -96.59277, 32.90346 ], [ -96.59274, 32.90357 ], [ -96.59271, 32.90577 ], [ -96.59274, 32.90594 ], [ -96.59273, 32.90608 ], [ -96.59276, 32.90625 ], [ -96.59277, 32.90638 ], [ -96.59277, 32.90659 ], [ -96.5928, 32.90671 ], [ -96.59282, 32.90682 ], [ -96.59286, 32.90694 ], [ -96.59292, 32.907 ], [ -96.59299, 32.90711 ], [ -96.59303, 32.90719 ], [ -96.5931, 32.90742 ], [ -96.59317, 32.90763 ], [ -96.5932, 32.90766 ], [ -96.59321, 32.90771 ], [ -96.59351, 32.90817 ], [ -96.59351, 32.90824 ], [ -96.5935, 32.90828 ], [ -96.59347, 32.90838 ], [ -96.59343, 32.90848 ], [ -96.59338, 32.90856 ], [ -96.59323, 32.90878 ], [ -96.59319, 32.90887 ], [ -96.5932, 32.90902 ], [ -96.59323, 32.90911 ], [ -96.59322, 32.90918 ], [ -96.59325, 32.90926 ], [ -96.59332, 32.90938 ], [ -96.59307, 32.90937 ], [ -96.59304, 32.90929 ], [ -96.59295, 32.90893 ], [ -96.59299, 32.90886 ], [ -96.59302, 32.90883 ], [ -96.59308, 32.90874 ], [ -96.59318, 32.90856 ], [ -96.59326, 32.90843 ], [ -96.59329, 32.90835 ], [ -96.59331, 32.90827 ], [ -96.59324, 32.90813 ], [ -96.59323, 32.90812 ], [ -96.59323, 32.90809 ], [ -96.59294, 32.90765 ], [ -96.59288, 32.90726 ], [ -96.5927, 32.90707 ], [ -96.59255, 32.90652 ], [ -96.59256, 32.90638 ], [ -96.59256, 32.90638 ], [ -96.59258, 32.90635 ], [ -96.59257, 32.90624 ], [ -96.59257, 32.9062 ], [ -96.59256, 32.90612 ], [ -96.59256, 32.90598 ], [ -96.59254, 32.90564 ], [ -96.59253, 32.90522 ], [ -96.59252, 32.90447 ], [ -96.59252, 32.90436 ], [ -96.59253, 32.904 ], [ -96.59253, 32.90379 ], [ -96.59252, 32.90379 ], [ -96.59253, 32.90363 ], [ -96.59253, 32.90363 ], [ -96.59253, 32.90361 ], [ -96.59255, 32.90329 ], [ -96.59251, 32.90216 ], [ -96.59251, 32.90185 ], [ -96.59252, 32.90172 ], [ -96.59251, 32.90096 ], [ -96.59246, 32.90019 ], [ -96.59245, 32.9001 ], [ -96.59243, 32.89936 ], [ -96.59243, 32.89932 ], [ -96.5924, 32.89885 ], [ -96.59241, 32.89654 ], [ -96.59226, 32.89471 ], [ -96.59194, 32.89372 ], [ -96.59201, 32.89334 ], [ -96.59199, 32.89318 ], [ -96.59158, 32.89195 ], [ -96.59147, 32.89176 ], [ -96.59132, 32.89108 ], [ -96.59102, 32.89041 ], [ -96.59099, 32.89008 ], [ -96.59066, 32.88934 ], [ -96.59012, 32.88913 ], [ -96.59012, 32.88909 ], [ -96.58994, 32.88902 ], [ -96.58979, 32.88893 ], [ -96.58931, 32.88858 ], [ -96.58927, 32.88855 ], [ -96.58926, 32.88855 ], [ -96.58864, 32.8881 ], [ -96.58834, 32.88797 ], [ -96.58815, 32.88793 ], [ -96.58801, 32.88788 ], [ -96.58791, 32.88788 ], [ -96.58789, 32.88787 ], [ -96.58759, 32.88786 ], [ -96.58705, 32.88804 ], [ -96.58655, 32.88814 ], [ -96.58638, 32.88813 ], [ -96.58605, 32.88803 ], [ -96.58595, 32.88796 ], [ -96.58593, 32.88792 ], [ -96.58578, 32.88777 ], [ -96.58571, 32.88774 ], [ -96.58552, 32.88749 ], [ -96.58522, 32.88733 ], [ -96.58404, 32.88729 ], [ -96.58308, 32.88712 ], [ -96.58259, 32.88692 ], [ -96.58176, 32.88649 ], [ -96.58058, 32.88567 ], [ -96.58022, 32.88532 ], [ -96.58003, 32.88502 ], [ -96.57992, 32.88454 ], [ -96.57995, 32.88376 ], [ -96.57987, 32.88296 ], [ -96.57985, 32.88148 ], [ -96.58011, 32.88114 ], [ -96.58003, 32.881 ], [ -96.58, 32.87998 ], [ -96.57985, 32.87973 ], [ -96.57912, 32.87912 ], [ -96.57869, 32.87893 ], [ -96.5784, 32.87885 ], [ -96.57797, 32.87863 ], [ -96.57693, 32.87838 ], [ -96.57449, 32.87753 ], [ -96.57245, 32.8766 ], [ -96.57239, 32.87694 ], [ -96.57218, 32.87672 ], [ -96.57209, 32.87671 ], [ -96.57204, 32.87668 ], [ -96.57195, 32.87666 ], [ -96.57187, 32.87667 ], [ -96.57162, 32.87662 ], [ -96.57144, 32.87681 ], [ -96.57134, 32.87717 ], [ -96.57124, 32.87674 ], [ -96.57126, 32.87652 ], [ -96.57108, 32.87614 ], [ -96.57077, 32.8758 ], [ -96.57063, 32.87577 ], [ -96.5706, 32.87522 ], [ -96.57028, 32.8748 ], [ -96.56992, 32.87542 ], [ -96.56985, 32.87537 ], [ -96.56986, 32.8752 ], [ -96.57072, 32.87241 ], [ -96.57089, 32.87267 ], [ -96.57076, 32.87351 ], [ -96.57057, 32.87378 ] ] ] } },
{ "type": "Feature", "properties": { "element": "relation", "id": 952396 }, "geometry": { "type": "Polygon", "coordinates": [ [ [ -96.58763, 32.88341 ], [ -96.58736, 32.88343 ], [ -96.58726, 32.88358 ], [ -96.58474, 32.88382 ], [ -96.58256, 32.88322 ], [ -96.58204, 32.88109 ], [ -96.58101, 32.87907 ], [ -96.5804, 32.87822 ], [ -96.57779, 32.87772 ], [ -96.57438, 32.87674 ], [ -96.57283, 32.87606 ], [ -96.57161, 32.87526 ], [ -96.57086, 32.87437 ], [ -96.57076, 32.87351 ], [ -96.57089, 32.87267 ], [ -96.57072, 32.8724 ], [ -96.57143, 32.8701 ], [ -96.57143, 32.87005 ], [ -96.57145, 32.86999 ], [ -96.57137, 32.86984 ], [ -96.57116, 32.86978 ], [ -96.57096, 32.86979 ], [ -96.57093, 32.8698 ], [ -96.57086, 32.86979 ], [ -96.57079, 32.86984 ], [ -96.57071, 32.87016 ], [ -96.56978, 32.87361 ], [ -96.56952, 32.87449 ], [ -96.56947, 32.87453 ], [ -96.56936, 32.87452 ], [ -96.56936, 32.87452 ], [ -96.5693, 32.87444 ], [ -96.56923, 32.87439 ], [ -96.56914, 32.87433 ], [ -96.56905, 32.8743 ], [ -96.56904, 32.87429 ], [ -96.56899, 32.87428 ], [ -96.56895, 32.87427 ], [ -96.56884, 32.87426 ], [ -96.56872, 32.87424 ], [ -96.56868, 32.87424 ], [ -96.56863, 32.87423 ], [ -96.56857, 32.87424 ], [ -96.56854, 32.87425 ], [ -96.5685, 32.87426 ], [ -96.56841, 32.87428 ], [ -96.56828, 32.87441 ], [ -96.56783, 32.87463 ], [ -96.56748, 32.87465 ], [ -96.56711, 32.87444 ], [ -96.56696, 32.87429 ], [ -96.56689, 32.87422 ], [ -96.56686, 32.87419 ], [ -96.56681, 32.87415 ], [ -96.56681, 32.87415 ], [ -96.56681, 32.87414 ], [ -96.56628, 32.87398 ], [ -96.56619, 32.87392 ], [ -96.56612, 32.87387 ], [ -96.56604, 32.87383 ], [ -96.56601, 32.87381 ], [ -96.56598, 32.87382 ], [ -96.56595, 32.87381 ], [ -96.56586, 32.8738 ], [ -96.56579, 32.87382 ], [ -96.56543, 32.87382 ], [ -96.5652, 32.87367 ], [ -96.56486, 32.87356 ], [ -96.56467, 32.87356 ], [ -96.56465, 32.87356 ], [ -96.56464, 32.87355 ], [ -96.56459, 32.87349 ], [ -96.5644, 32.87339 ], [ -96.56437, 32.87337 ], [ -96.56416, 32.87322 ], [ -96.56407, 32.87321 ], [ -96.564, 32.87322 ], [ -96.56392, 32.87322 ], [ -96.56386, 32.87324 ], [ -96.5631, 32.87334 ], [ -96.56304, 32.87334 ], [ -96.56299, 32.87333 ], [ -96.56273, 32.8733 ], [ -96.56222, 32.87328 ], [ -96.56219, 32.87328 ], [ -96.56201, 32.87327 ], [ -96.56193, 32.87328 ], [ -96.56182, 32.8733 ], [ -96.56168, 32.87334 ], [ -96.56164, 32.87335 ], [ -96.5616, 32.87336 ], [ -96.56159, 32.87339 ], [ -96.56156, 32.87342 ], [ -96.56156, 32.87348 ], [ -96.56155, 32.8735 ], [ -96.56157, 32.87355 ], [ -96.56163, 32.8737 ], [ -96.56177, 32.87396 ], [ -96.56178, 32.87398 ], [ -96.56192, 32.87428 ], [ -96.56186, 32.87453 ], [ -96.56177, 32.87458 ], [ -96.56169, 32.87459 ], [ -96.56157, 32.8746 ], [ -96.56132, 32.87462 ], [ -96.56114, 32.87466 ], [ -96.56104, 32.87467 ], [ -96.56092, 32.87467 ], [ -96.56085, 32.87465 ], [ -96.56079, 32.87464 ], [ -96.56075, 32.87466 ], [ -96.56073, 32.87466 ], [ -96.56066, 32.87474 ], [ -96.56049, 32.87543 ], [ -96.56044, 32.87546 ], [ -96.56037, 32.8755 ], [ -96.5603, 32.87552 ], [ -96.56024, 32.87555 ], [ -96.56021, 32.87559 ], [ -96.5602, 32.8756 ], [ -96.55992, 32.87577 ], [ -96.5596, 32.87579 ], [ -96.55959, 32.87579 ], [ -96.5595, 32.87578 ], [ -96.55944, 32.87579 ], [ -96.55941, 32.87581 ], [ -96.55939, 32.87581 ], [ -96.5594, 32.87583 ], [ -96.55939, 32.87586 ], [ -96.55941, 32.87591 ], [ -96.55943, 32.87598 ], [ -96.55952, 32.87621 ], [ -96.55956, 32.87632 ], [ -96.55958, 32.87637 ], [ -96.5596, 32.87665 ], [ -96.55957, 32.87705 ], [ -96.55956, 32.87722 ], [ -96.55954, 32.87745 ], [ -96.55953, 32.87759 ], [ -96.55953, 32.87767 ], [ -96.5595, 32.878 ], [ -96.55951, 32.87803 ], [ -96.5595, 32.87816 ], [ -96.55945, 32.87826 ], [ -96.55944, 32.87828 ], [ -96.55938, 32.8783 ], [ -96.55933, 32.87835 ], [ -96.55931, 32.87848 ], [ -96.55942, 32.87884 ], [ -96.55951, 32.87907 ], [ -96.55967, 32.87964 ], [ -96.55964, 32.87993 ], [ -96.55948, 32.88014 ], [ -96.55947, 32.88015 ], [ -96.55945, 32.88019 ], [ -96.55942, 32.88023 ], [ -96.55957, 32.88046 ], [ -96.55953, 32.88091 ], [ -96.5594, 32.88115 ], [ -96.55925, 32.88125 ], [ -96.55907, 32.88128 ], [ -96.55893, 32.88123 ], [ -96.55878, 32.88106 ], [ -96.55892, 32.88068 ], [ -96.55894, 32.88041 ], [ -96.55883, 32.87996 ], [ -96.55864, 32.87966 ], [ -96.55849, 32.87952 ], [ -96.55842, 32.87943 ], [ -96.55835, 32.87935 ], [ -96.55821, 32.87924 ], [ -96.55811, 32.87915 ], [ -96.55779, 32.87885 ], [ -96.55778, 32.87885 ], [ -96.55778, 32.87884 ], [ -96.55778, 32.87884 ], [ -96.55743, 32.8786 ], [ -96.55737, 32.87849 ], [ -96.5573, 32.87841 ], [ -96.55729, 32.8784 ], [ -96.55729, 32.8784 ], [ -96.55729, 32.8784 ], [ -96.55721, 32.87836 ], [ -96.55711, 32.87834 ], [ -96.55706, 32.87834 ], [ -96.55668, 32.87823 ], [ -96.55667, 32.87821 ], [ -96.55657, 32.87787 ], [ -96.55655, 32.87777 ], [ -96.55654, 32.87761 ], [ -96.55653, 32.87749 ], [ -96.55651, 32.8774 ], [ -96.55648, 32.87732 ], [ -96.55627, 32.87707 ], [ -96.55612, 32.87687 ], [ -96.55605, 32.87677 ], [ -96.55598, 32.87671 ], [ -96.55594, 32.87669 ], [ -96.55589, 32.87667 ], [ -96.55588, 32.87667 ], [ -96.55575, 32.8767 ], [ -96.5555, 32.87683 ], [ -96.55517, 32.87712 ], [ -96.55485, 32.87701 ], [ -96.55484, 32.87699 ], [ -96.55441, 32.87636 ], [ -96.5544, 32.87635 ], [ -96.55438, 32.87625 ], [ -96.55438, 32.87619 ], [ -96.55439, 32.87613 ], [ -96.55441, 32.87608 ], [ -96.55444, 32.87599 ], [ -96.55448, 32.8759 ], [ -96.55455, 32.87576 ], [ -96.55457, 32.87567 ], [ -96.55457, 32.87559 ], [ -96.55455, 32.87552 ], [ -96.55453, 32.87546 ], [ -96.55451, 32.8754 ], [ -96.55446, 32.87533 ], [ -96.55445, 32.87532 ], [ -96.55445, 32.87532 ], [ -96.55445, 32.87532 ], [ -96.55438, 32.87527 ], [ -96.55379, 32.87483 ], [ -96.55363, 32.87475 ], [ -96.55359, 32.87473 ], [ -96.55358, 32.87472 ], [ -96.55358, 32.87473 ], [ -96.55355, 32.87472 ], [ -96.5535, 32.87472 ], [ -96.55347, 32.87475 ], [ -96.55346, 32.87475 ], [ -96.55338, 32.87488 ], [ -96.55337, 32.87489 ], [ -96.55336, 32.87491 ], [ -96.55329, 32.87501 ], [ -96.55328, 32.87508 ], [ -96.55327, 32.87511 ], [ -96.55327, 32.87512 ], [ -96.55323, 32.87533 ], [ -96.55298, 32.87544 ], [ -96.55271, 32.87548 ], [ -96.55242, 32.87538 ], [ -96.55237, 32.87534 ], [ -96.55229, 32.87531 ], [ -96.55218, 32.87526 ], [ -96.55204, 32.87521 ], [ -96.55195, 32.87519 ], [ -96.55188, 32.87518 ], [ -96.55186, 32.87518 ], [ -96.55182, 32.87518 ], [ -96.55172, 32.87517 ], [ -96.55159, 32.87518 ], [ -96.55138, 32.87521 ], [ -96.55125, 32.87524 ], [ -96.55114, 32.87525 ], [ -96.55046, 32.87543 ], [ -96.55039, 32.87545 ], [ -96.55023, 32.87549 ], [ -96.5502, 32.8755 ], [ -96.55012, 32.87552 ], [ -96.54937, 32.87597 ], [ -96.54922, 32.87599 ], [ -96.54915, 32.87599 ], [ -96.54906, 32.87599 ], [ -96.54897, 32.87601 ], [ -96.54888, 32.87604 ], [ -96.54812, 32.87616 ], [ -96.54792, 32.87624 ], [ -96.54783, 32.87636 ], [ -96.54783, 32.87639 ], [ -96.54782, 32.87645 ], [ -96.54782, 32.87658 ], [ -96.54784, 32.87668 ], [ -96.54785, 32.87675 ], [ -96.54786, 32.8768 ], [ -96.54787, 32.87683 ], [ -96.5479, 32.87693 ], [ -96.54794, 32.87698 ], [ -96.54795, 32.87699 ], [ -96.54795, 32.87699 ], [ -96.54795, 32.877 ], [ -96.54802, 32.87707 ], [ -96.5481, 32.87712 ], [ -96.54823, 32.87721 ], [ -96.54823, 32.87722 ], [ -96.54824, 32.87722 ], [ -96.54832, 32.87726 ], [ -96.54863, 32.87741 ], [ -96.54865, 32.87742 ], [ -96.54896, 32.87764 ], [ -96.54898, 32.87766 ], [ -96.54939, 32.87809 ], [ -96.54986, 32.87889 ], [ -96.55012, 32.8798 ], [ -96.55011, 32.88 ], [ -96.54984, 32.88058 ], [ -96.54982, 32.88061 ], [ -96.54979, 32.88068 ], [ -96.54979, 32.88069 ], [ -96.54977, 32.88072 ], [ -96.54978, 32.88076 ], [ -96.54978, 32.88077 ], [ -96.54979, 32.88081 ], [ -96.5498, 32.88083 ], [ -96.54981, 32.88085 ], [ -96.54993, 32.88099 ], [ -96.54999, 32.88119 ], [ -96.55013, 32.88137 ], [ -96.5501, 32.88153 ], [ -96.54993, 32.88168 ], [ -96.54955, 32.88179 ], [ -96.54936, 32.8819 ], [ -96.54908, 32.88229 ], [ -96.54904, 32.8824 ], [ -96.54903, 32.8824 ], [ -96.54898, 32.88249 ], [ -96.54897, 32.88256 ], [ -96.54895, 32.8826 ], [ -96.54899, 32.88328 ], [ -96.54898, 32.88333 ], [ -96.54899, 32.88344 ], [ -96.549, 32.88348 ], [ -96.549, 32.88353 ], [ -96.54894, 32.88376 ], [ -96.54892, 32.88433 ], [ -96.54894, 32.88435 ], [ -96.54896, 32.88439 ], [ -96.54899, 32.88442 ], [ -96.54899, 32.88443 ], [ -96.54888, 32.88475 ], [ -96.5489, 32.88477 ], [ -96.5489, 32.88477 ], [ -96.54891, 32.88478 ], [ -96.549, 32.88493 ], [ -96.54901, 32.88509 ], [ -96.549, 32.88518 ], [ -96.54898, 32.88523 ], [ -96.54895, 32.8853 ], [ -96.54895, 32.88534 ], [ -96.54895, 32.88542 ], [ -96.54894, 32.88551 ], [ -96.54878, 32.88575 ], [ -96.54878, 32.88575 ], [ -96.54878, 32.88576 ], [ -96.54881, 32.88581 ], [ -96.54888, 32.88584 ], [ -96.54889, 32.88585 ], [ -96.54894, 32.88589 ], [ -96.54894, 32.8859 ], [ -96.54886, 32.88612 ], [ -96.54886, 32.88619 ], [ -96.54885, 32.88621 ], [ -96.54886, 32.88624 ], [ -96.54886, 32.88631 ], [ -96.54887, 32.88634 ], [ -96.54888, 32.8864 ], [ -96.5489, 32.88646 ], [ -96.54894, 32.88653 ], [ -96.54898, 32.88662 ], [ -96.54899, 32.88666 ], [ -96.54918, 32.88714 ], [ -96.54917, 32.88734 ], [ -96.54917, 32.88736 ], [ -96.54917, 32.88738 ], [ -96.54917, 32.88747 ], [ -96.54927, 32.88776 ], [ -96.54926, 32.888 ], [ -96.54933, 32.88829 ], [ -96.54946, 32.88895 ], [ -96.5495, 32.8891 ], [ -96.54952, 32.88923 ], [ -96.54953, 32.88962 ], [ -96.54957, 32.88976 ], [ -96.54968, 32.88988 ], [ -96.54969, 32.88998 ], [ -96.54969, 32.89003 ], [ -96.54969, 32.89003 ], [ -96.54969, 32.89012 ], [ -96.54969, 32.89013 ], [ -96.54966, 32.89017 ], [ -96.54962, 32.89021 ], [ -96.54957, 32.89026 ], [ -96.54954, 32.89031 ], [ -96.54953, 32.89034 ], [ -96.54952, 32.89036 ], [ -96.54962, 32.89053 ], [ -96.54945, 32.89116 ], [ -96.54915, 32.89135 ], [ -96.54849, 32.89163 ], [ -96.54149, 32.89157 ], [ -96.54095, 32.89154 ], [ -96.54087, 32.89154 ], [ -96.54084, 32.89156 ], [ -96.54081, 32.89156 ], [ -96.54076, 32.89168 ], [ -96.54077, 32.89169 ], [ -96.54079, 32.89176 ], [ -96.54082, 32.89179 ], [ -96.54088, 32.8918 ], [ -96.54125, 32.8918 ], [ -96.54872, 32.89183 ], [ -96.54875, 32.89183 ], [ -96.5488, 32.89184 ], [ -96.54885, 32.89195 ], [ -96.54861, 32.89237 ], [ -96.54863, 32.89248 ], [ -96.54863, 32.89254 ], [ -96.54863, 32.89266 ], [ -96.5486, 32.89277 ], [ -96.54809, 32.89324 ], [ -96.54808, 32.89325 ], [ -96.54807, 32.89326 ], [ -96.54805, 32.89329 ], [ -96.54775, 32.89367 ], [ -96.54768, 32.8937 ], [ -96.5477, 32.89372 ], [ -96.54747, 32.89386 ], [ -96.54748, 32.89396 ], [ -96.54761, 32.89415 ], [ -96.54764, 32.89448 ], [ -96.54757, 32.89465 ], [ -96.54745, 32.89472 ], [ -96.54687, 32.8946 ], [ -96.54654, 32.89471 ], [ -96.54646, 32.89472 ], [ -96.54636, 32.89475 ], [ -96.54593, 32.89482 ], [ -96.54582, 32.89494 ], [ -96.54574, 32.89499 ], [ -96.54559, 32.89505 ], [ -96.5455, 32.89509 ], [ -96.54536, 32.89517 ], [ -96.54521, 32.89527 ], [ -96.54507, 32.89542 ], [ -96.54498, 32.89548 ], [ -96.5449, 32.89559 ], [ -96.54473, 32.89574 ], [ -96.54473, 32.89575 ], [ -96.54467, 32.8958 ], [ -96.5446, 32.89587 ], [ -96.54451, 32.89596 ], [ -96.54441, 32.8961 ], [ -96.54433, 32.89621 ], [ -96.54428, 32.89629 ], [ -96.54421, 32.89641 ], [ -96.54414, 32.89654 ], [ -96.54412, 32.8967 ], [ -96.54406, 32.89686 ], [ -96.54403, 32.89701 ], [ -96.54397, 32.89716 ], [ -96.54396, 32.89719 ], [ -96.5439, 32.89732 ], [ -96.54375, 32.89778 ], [ -96.54376, 32.89792 ], [ -96.54376, 32.89792 ], [ -96.54375, 32.89802 ], [ -96.54374, 32.89813 ], [ -96.54374, 32.89827 ], [ -96.54366, 32.89836 ], [ -96.5436, 32.89846 ], [ -96.54357, 32.89852 ], [ -96.54352, 32.89857 ], [ -96.54355, 32.89863 ], [ -96.54354, 32.8987 ], [ -96.54357, 32.89878 ], [ -96.54361, 32.89888 ], [ -96.54365, 32.899 ], [ -96.54366, 32.89909 ], [ -96.54365, 32.8991 ], [ -96.54365, 32.8991 ], [ -96.54105, 32.89697 ], [ -96.54104, 32.89696 ], [ -96.53888, 32.89481 ], [ -96.53876, 32.89468 ], [ -96.53865, 32.89458 ], [ -96.53864, 32.89457 ], [ -96.53864, 32.89457 ], [ -96.53863, 32.89457 ], [ -96.53861, 32.89456 ], [ -96.53857, 32.89455 ], [ -96.53854, 32.89455 ], [ -96.53848, 32.89457 ], [ -96.53847, 32.89457 ], [ -96.53846, 32.89457 ], [ -96.5384, 32.89459 ], [ -96.5383, 32.8947 ], [ -96.53831, 32.89475 ], [ -96.53831, 32.89476 ], [ -96.53831, 32.89478 ], [ -96.53831, 32.89481 ], [ -96.53838, 32.89488 ], [ -96.53852, 32.89501 ], [ -96.53856, 32.89505 ], [ -96.53995, 32.89641 ], [ -96.54097, 32.89732 ], [ -96.54098, 32.89733 ], [ -96.54098, 32.89733 ], [ -96.54098, 32.89733 ], [ -96.54383, 32.89966 ], [ -96.5439, 32.89974 ], [ -96.54389, 32.89983 ], [ -96.54357, 32.89975 ], [ -96.54352, 32.89978 ], [ -96.54356, 32.89979 ], [ -96.54356, 32.89981 ], [ -96.54382, 32.89994 ], [ -96.54395, 32.90005 ], [ -96.54396, 32.90006 ], [ -96.54409, 32.90027 ], [ -96.54415, 32.90048 ], [ -96.54411, 32.90081 ], [ -96.54409, 32.90087 ], [ -96.54416, 32.90105 ], [ -96.54426, 32.90122 ], [ -96.54432, 32.90129 ], [ -96.54446, 32.90142 ], [ -96.54464, 32.90159 ], [ -96.54471, 32.90165 ], [ -96.54484, 32.90175 ], [ -96.54511, 32.90187 ], [ -96.54529, 32.90206 ], [ -96.54542, 32.90215 ], [ -96.54554, 32.90219 ], [ -96.54565, 32.90222 ], [ -96.54569, 32.90224 ], [ -96.54561, 32.90236 ], [ -96.54554, 32.90244 ], [ -96.5455, 32.90259 ], [ -96.5455, 32.90269 ], [ -96.5455, 32.90271 ], [ -96.54549, 32.90276 ], [ -96.54574, 32.90315 ], [ -96.54575, 32.90337 ], [ -96.54552, 32.90352 ], [ -96.54555, 32.90358 ], [ -96.54601, 32.90368 ], [ -96.54608, 32.90372 ], [ -96.54613, 32.90381 ], [ -96.54612, 32.90397 ], [ -96.54612, 32.90413 ], [ -96.54612, 32.90416 ], [ -96.54605, 32.90428 ], [ -96.5462, 32.90448 ], [ -96.54623, 32.90454 ], [ -96.54623, 32.90473 ], [ -96.54623, 32.90479 ], [ -96.54621, 32.90499 ], [ -96.54623, 32.90512 ], [ -96.5462, 32.90529 ], [ -96.54618, 32.90553 ], [ -96.54618, 32.90566 ], [ -96.54623, 32.90584 ], [ -96.54623, 32.90584 ], [ -96.54628, 32.90609 ], [ -96.54765, 32.90607 ], [ -96.54788, 32.90607 ], [ -96.54792, 32.90613 ], [ -96.54789, 32.90618 ], [ -96.54782, 32.90618 ], [ -96.5477, 32.90619 ], [ -96.54749, 32.90622 ], [ -96.54745, 32.90623 ], [ -96.54636, 32.90633 ], [ -96.54616, 32.90647 ], [ -96.54614, 32.90651 ], [ -96.54601, 32.90662 ], [ -96.54595, 32.90677 ], [ -96.54595, 32.90697 ], [ -96.54596, 32.90705 ], [ -96.54596, 32.90707 ], [ -96.54597, 32.90713 ], [ -96.54597, 32.90717 ], [ -96.54597, 32.90729 ], [ -96.546, 32.90753 ], [ -96.54601, 32.90765 ], [ -96.54604, 32.90776 ], [ -96.54607, 32.90786 ], [ -96.54611, 32.90798 ], [ -96.54615, 32.90807 ], [ -96.54617, 32.90811 ], [ -96.54617, 32.90813 ], [ -96.5462, 32.90818 ], [ -96.54622, 32.90821 ], [ -96.54623, 32.90822 ], [ -96.54651, 32.90865 ], [ -96.54656, 32.90904 ], [ -96.54656, 32.90905 ], [ -96.54656, 32.90906 ], [ -96.54656, 32.9091 ], [ -96.54657, 32.90911 ], [ -96.54657, 32.90911 ], [ -96.54662, 32.90917 ], [ -96.54666, 32.90918 ], [ -96.54754, 32.90986 ], [ -96.54755, 32.90987 ], [ -96.54769, 32.91011 ], [ -96.54769, 32.91011 ], [ -96.54769, 32.91011 ], [ -96.54779, 32.91016 ], [ -96.54783, 32.91018 ], [ -96.54795, 32.91025 ], [ -96.548, 32.91027 ], [ -96.54831, 32.91055 ], [ -96.54826, 32.91096 ], [ -96.54786, 32.91124 ], [ -96.54769, 32.91143 ], [ -96.54767, 32.91154 ], [ -96.54767, 32.91154 ], [ -96.54767, 32.91154 ], [ -96.54752, 32.9122 ], [ -96.54713, 32.91299 ], [ -96.54701, 32.91359 ], [ -96.54702, 32.9136 ], [ -96.54702, 32.9136 ], [ -96.54707, 32.91365 ], [ -96.54716, 32.91369 ], [ -96.54733, 32.91381 ], [ -96.54735, 32.91382 ], [ -96.54752, 32.91409 ], [ -96.54754, 32.91429 ], [ -96.5474, 32.91476 ], [ -96.54706, 32.91517 ], [ -96.54707, 32.9152 ], [ -96.54707, 32.91527 ], [ -96.54712, 32.91536 ], [ -96.5472, 32.91562 ], [ -96.54724, 32.91617 ], [ -96.54742, 32.91705 ], [ -96.5473, 32.91735 ], [ -96.54702, 32.91758 ], [ -96.54672, 32.9177 ], [ -96.5466, 32.91781 ], [ -96.54658, 32.91795 ], [ -96.54638, 32.91812 ], [ -96.54638, 32.91826 ], [ -96.54634, 32.91837 ], [ -96.54633, 32.91838 ], [ -96.54627, 32.91853 ], [ -96.54625, 32.9186 ], [ -96.54622, 32.91867 ], [ -96.54599, 32.91874 ], [ -96.54583, 32.91872 ], [ -96.54583, 32.91871 ], [ -96.54583, 32.91855 ], [ -96.54583, 32.91849 ], [ -96.5458, 32.9184 ], [ -96.54572, 32.91834 ], [ -96.54571, 32.91834 ], [ -96.54571, 32.91833 ], [ -96.54569, 32.91834 ], [ -96.5456, 32.91834 ], [ -96.54552, 32.91839 ], [ -96.54536, 32.91844 ], [ -96.54536, 32.91844 ], [ -96.54521, 32.91833 ], [ -96.5451, 32.91822 ], [ -96.54506, 32.91819 ], [ -96.54501, 32.91817 ], [ -96.54498, 32.91816 ], [ -96.54498, 32.91816 ], [ -96.54497, 32.91816 ], [ -96.54495, 32.91816 ], [ -96.54487, 32.91817 ], [ -96.54484, 32.9182 ], [ -96.54469, 32.91824 ], [ -96.54468, 32.91825 ], [ -96.54467, 32.91825 ], [ -96.54456, 32.91828 ], [ -96.54435, 32.91884 ], [ -96.54433, 32.91944 ], [ -96.54366, 32.91993 ], [ -96.54364, 32.91996 ], [ -96.54358, 32.92002 ], [ -96.54355, 32.92008 ], [ -96.5435, 32.92018 ], [ -96.54349, 32.9202 ], [ -96.54346, 32.92025 ], [ -96.54346, 32.9203 ], [ -96.54345, 32.92035 ], [ -96.54346, 32.92086 ], [ -96.54348, 32.92111 ], [ -96.54349, 32.92126 ], [ -96.54342, 32.922 ], [ -96.54345, 32.92231 ], [ -96.5435, 32.92318 ], [ -96.54354, 32.92352 ], [ -96.54356, 32.92368 ], [ -96.54357, 32.92377 ], [ -96.54358, 32.9238 ], [ -96.54361, 32.92391 ], [ -96.54363, 32.92399 ], [ -96.54368, 32.92409 ], [ -96.5438, 32.92435 ], [ -96.54392, 32.92466 ], [ -96.54404, 32.92498 ], [ -96.54412, 32.92515 ], [ -96.5442, 32.92535 ], [ -96.5443, 32.92562 ], [ -96.54469, 32.92643 ], [ -96.54453, 32.92666 ], [ -96.54453, 32.92666 ], [ -96.54453, 32.92667 ], [ -96.54449, 32.92673 ], [ -96.54448, 32.92682 ], [ -96.54448, 32.92684 ], [ -96.54447, 32.927 ], [ -96.54447, 32.92701 ], [ -96.54446, 32.9271 ], [ -96.54447, 32.92715 ], [ -96.54448, 32.92716 ], [ -96.54448, 32.92717 ], [ -96.54449, 32.92721 ], [ -96.54454, 32.92726 ], [ -96.54455, 32.92728 ], [ -96.54457, 32.92729 ], [ -96.54469, 32.92742 ], [ -96.54469, 32.92754 ], [ -96.54454, 32.92778 ], [ -96.54414, 32.92813 ], [ -96.54412, 32.92819 ], [ -96.54412, 32.9282 ], [ -96.54412, 32.92821 ], [ -96.5441, 32.92826 ], [ -96.54411, 32.92828 ], [ -96.54412, 32.92834 ], [ -96.54417, 32.92844 ], [ -96.54423, 32.92856 ], [ -96.54425, 32.92858 ], [ -96.5443, 32.92868 ], [ -96.5443, 32.92869 ], [ -96.5443, 32.92869 ], [ -96.54436, 32.92883 ], [ -96.54436, 32.92894 ], [ -96.54436, 32.92894 ], [ -96.54435, 32.92902 ], [ -96.54436, 32.92909 ], [ -96.54436, 32.92909 ], [ -96.54436, 32.92917 ], [ -96.54427, 32.92922 ], [ -96.54425, 32.92923 ], [ -96.54424, 32.92924 ], [ -96.54419, 32.92927 ], [ -96.54416, 32.92948 ], [ -96.54408, 32.92952 ], [ -96.54405, 32.92952 ], [ -96.54403, 32.92954 ], [ -96.544, 32.92956 ], [ -96.54395, 32.92968 ], [ -96.5437, 32.92972 ], [ -96.5429, 32.93025 ], [ -96.54254, 32.9304 ], [ -96.54171, 32.93055 ], [ -96.54132, 32.93049 ], [ -96.54103, 32.9303 ], [ -96.54089, 32.93013 ], [ -96.54079, 32.9299 ], [ -96.54077, 32.92979 ], [ -96.54073, 32.92949 ], [ -96.54072, 32.92938 ], [ -96.54073, 32.92924 ], [ -96.54074, 32.92911 ], [ -96.54075, 32.92905 ], [ -96.54078, 32.92901 ], [ -96.54088, 32.92891 ], [ -96.5409, 32.9289 ], [ -96.54102, 32.92888 ], [ -96.54129, 32.92886 ], [ -96.5416, 32.92881 ], [ -96.54183, 32.92876 ], [ -96.54201, 32.92869 ], [ -96.54212, 32.92863 ], [ -96.54215, 32.92858 ], [ -96.54218, 32.92852 ], [ -96.54219, 32.92835 ], [ -96.54221, 32.92824 ], [ -96.54223, 32.9282 ], [ -96.5423, 32.9281 ], [ -96.54237, 32.92805 ], [ -96.54246, 32.92794 ], [ -96.54254, 32.92783 ], [ -96.54258, 32.92771 ], [ -96.54259, 32.9276 ], [ -96.54259, 32.92753 ], [ -96.54258, 32.92747 ], [ -96.54255, 32.92738 ], [ -96.54254, 32.92735 ], [ -96.5425, 32.92714 ], [ -96.54249, 32.92705 ], [ -96.54245, 32.92652 ], [ -96.54242, 32.92611 ], [ -96.54239, 32.92564 ], [ -96.54234, 32.92524 ], [ -96.54231, 32.92497 ], [ -96.54227, 32.92477 ], [ -96.54222, 32.92461 ], [ -96.54217, 32.92445 ], [ -96.54211, 32.92432 ], [ -96.5421, 32.9243 ], [ -96.54193, 32.92391 ], [ -96.54192, 32.92389 ], [ -96.54194, 32.92377 ], [ -96.54192, 32.92362 ], [ -96.54192, 32.92351 ], [ -96.54193, 32.92339 ], [ -96.54192, 32.92311 ], [ -96.54189, 32.92295 ], [ -96.54182, 32.92277 ], [ -96.54173, 32.92265 ], [ -96.54162, 32.92251 ], [ -96.54155, 32.92244 ], [ -96.54155, 32.92244 ], [ -96.54154, 32.92244 ], [ -96.54128, 32.92236 ], [ -96.54126, 32.92234 ], [ -96.54121, 32.92229 ], [ -96.54121, 32.92229 ], [ -96.5412, 32.92229 ], [ -96.54099, 32.9223 ], [ -96.54073, 32.92209 ], [ -96.54073, 32.92209 ], [ -96.54073, 32.92203 ], [ -96.54073, 32.92197 ], [ -96.54073, 32.9219 ], [ -96.54079, 32.92184 ], [ -96.54085, 32.92178 ], [ -96.5409, 32.92165 ], [ -96.54101, 32.92155 ], [ -96.54112, 32.92146 ], [ -96.54121, 32.92143 ], [ -96.54128, 32.9214 ], [ -96.54134, 32.92137 ], [ -96.54141, 32.9214 ], [ -96.5415, 32.92142 ], [ -96.54158, 32.92143 ], [ -96.54168, 32.92142 ], [ -96.54182, 32.92131 ], [ -96.54186, 32.92116 ], [ -96.54192, 32.92105 ], [ -96.54196, 32.92095 ], [ -96.54196, 32.92089 ], [ -96.54194, 32.92084 ], [ -96.54192, 32.92079 ], [ -96.54188, 32.92074 ], [ -96.54187, 32.92074 ], [ -96.54187, 32.92073 ], [ -96.54184, 32.92073 ], [ -96.5418, 32.92071 ], [ -96.54166, 32.92068 ], [ -96.54149, 32.92065 ], [ -96.54137, 32.92062 ], [ -96.54114, 32.92065 ], [ -96.54111, 32.92065 ], [ -96.54108, 32.92066 ], [ -96.54078, 32.92069 ], [ -96.54077, 32.92069 ], [ -96.5407, 32.92065 ], [ -96.54064, 32.92065 ], [ -96.54061, 32.92065 ], [ -96.54033, 32.92086 ], [ -96.54017, 32.9209 ], [ -96.53998, 32.92086 ], [ -96.53941, 32.92086 ], [ -96.53906, 32.92115 ], [ -96.53896, 32.9211 ], [ -96.53895, 32.92103 ], [ -96.53895, 32.92098 ], [ -96.53893, 32.92093 ], [ -96.53889, 32.92089 ], [ -96.53888, 32.92083 ], [ -96.53888, 32.92079 ], [ -96.53888, 32.92069 ], [ -96.53889, 32.92067 ], [ -96.53889, 32.92067 ], [ -96.539, 32.92069 ], [ -96.53901, 32.9207 ], [ -96.53906, 32.92072 ], [ -96.53909, 32.92072 ], [ -96.53911, 32.9207 ], [ -96.53911, 32.92069 ], [ -96.5391, 32.92067 ], [ -96.53907, 32.92066 ], [ -96.53905, 32.92065 ], [ -96.53905, 32.92063 ], [ -96.53905, 32.92062 ], [ -96.53908, 32.92062 ], [ -96.53913, 32.92061 ], [ -96.53917, 32.9206 ], [ -96.53921, 32.92057 ], [ -96.53925, 32.92053 ], [ -96.53931, 32.92049 ], [ -96.53933, 32.92046 ], [ -96.53934, 32.92041 ], [ -96.53932, 32.92037 ], [ -96.53933, 32.92032 ], [ -96.5393, 32.92026 ], [ -96.53927, 32.9202 ], [ -96.53924, 32.92017 ], [ -96.53922, 32.92012 ], [ -96.53922, 32.92003 ], [ -96.53922, 32.91997 ], [ -96.53924, 32.91991 ], [ -96.53925, 32.91989 ], [ -96.53931, 32.91981 ], [ -96.53929, 32.91971 ], [ -96.53927, 32.91968 ], [ -96.53925, 32.91959 ], [ -96.53926, 32.91958 ], [ -96.53927, 32.91956 ], [ -96.53926, 32.91954 ], [ -96.53925, 32.91953 ], [ -96.53924, 32.91952 ], [ -96.53924, 32.9195 ], [ -96.53924, 32.9195 ], [ -96.5393, 32.91951 ], [ -96.5393, 32.91951 ], [ -96.53932, 32.91953 ], [ -96.53934, 32.91954 ], [ -96.53937, 32.91955 ], [ -96.53943, 32.91955 ], [ -96.53948, 32.91953 ], [ -96.53954, 32.91949 ], [ -96.53959, 32.91943 ], [ -96.53959, 32.91935 ], [ -96.53959, 32.91931 ], [ -96.53957, 32.91926 ], [ -96.53953, 32.91922 ], [ -96.5395, 32.91917 ], [ -96.5395, 32.91916 ], [ -96.53958, 32.91911 ], [ -96.53963, 32.9191 ], [ -96.53967, 32.91907 ], [ -96.5397, 32.91902 ], [ -96.53972, 32.91896 ], [ -96.53972, 32.91891 ], [ -96.53974, 32.91885 ], [ -96.53977, 32.91879 ], [ -96.53986, 32.91872 ], [ -96.53991, 32.91857 ], [ -96.5399, 32.91852 ], [ -96.53988, 32.91826 ], [ -96.53988, 32.91825 ], [ -96.53988, 32.91816 ], [ -96.53986, 32.91811 ], [ -96.53985, 32.91808 ], [ -96.53984, 32.91801 ], [ -96.53981, 32.91796 ], [ -96.53986, 32.91793 ], [ -96.53993, 32.91787 ], [ -96.53996, 32.91779 ], [ -96.53998, 32.91771 ], [ -96.53994, 32.91767 ], [ -96.53993, 32.91767 ], [ -96.53987, 32.91761 ], [ -96.53987, 32.91761 ], [ -96.53987, 32.91758 ], [ -96.53988, 32.91753 ], [ -96.53989, 32.91752 ], [ -96.53988, 32.91749 ], [ -96.53986, 32.91744 ], [ -96.53982, 32.9174 ], [ -96.53982, 32.9174 ], [ -96.53981, 32.91739 ], [ -96.53981, 32.9174 ], [ -96.53979, 32.9174 ], [ -96.53978, 32.91745 ], [ -96.53972, 32.91757 ], [ -96.5394, 32.91748 ], [ -96.53939, 32.91746 ], [ -96.53933, 32.91729 ], [ -96.53933, 32.91728 ], [ -96.53931, 32.91717 ], [ -96.53926, 32.91705 ], [ -96.53925, 32.91704 ], [ -96.53925, 32.91704 ], [ -96.53913, 32.91693 ], [ -96.53913, 32.91693 ], [ -96.53914, 32.91691 ], [ -96.53917, 32.9169 ], [ -96.53922, 32.91689 ], [ -96.5393, 32.91687 ], [ -96.53938, 32.91679 ], [ -96.53942, 32.91672 ], [ -96.53945, 32.91666 ], [ -96.53949, 32.91662 ], [ -96.53951, 32.91641 ], [ -96.53956, 32.91636 ], [ -96.53961, 32.91633 ], [ -96.53962, 32.91626 ], [ -96.5396, 32.91624 ], [ -96.53949, 32.916 ], [ -96.53949, 32.91597 ], [ -96.53949, 32.91594 ], [ -96.5395, 32.9159 ], [ -96.53953, 32.91585 ], [ -96.53949, 32.91579 ], [ -96.53945, 32.91575 ], [ -96.53942, 32.91571 ], [ -96.53937, 32.91565 ], [ -96.53939, 32.91561 ], [ -96.53942, 32.91557 ], [ -96.53944, 32.91553 ], [ -96.5394, 32.91548 ], [ -96.53936, 32.91546 ], [ -96.53925, 32.91538 ], [ -96.53925, 32.91537 ], [ -96.53924, 32.91531 ], [ -96.53924, 32.91525 ], [ -96.53924, 32.91522 ], [ -96.53931, 32.91515 ], [ -96.53935, 32.91509 ], [ -96.53942, 32.91498 ], [ -96.53948, 32.9149 ], [ -96.53949, 32.91483 ], [ -96.53956, 32.91473 ], [ -96.53968, 32.91472 ], [ -96.53974, 32.91472 ], [ -96.53975, 32.91462 ], [ -96.53977, 32.9145 ], [ -96.53978, 32.91447 ], [ -96.53979, 32.91441 ], [ -96.53984, 32.91432 ], [ -96.53988, 32.91426 ], [ -96.5399, 32.91425 ], [ -96.54008, 32.91421 ], [ -96.5401, 32.91421 ], [ -96.54018, 32.91422 ], [ -96.54023, 32.9142 ], [ -96.54035, 32.91415 ], [ -96.54043, 32.91409 ], [ -96.54042, 32.91408 ], [ -96.5404, 32.91396 ], [ -96.5404, 32.91394 ], [ -96.54044, 32.9139 ], [ -96.5405, 32.91383 ], [ -96.54048, 32.91379 ], [ -96.54047, 32.91376 ], [ -96.54048, 32.91367 ], [ -96.54045, 32.91359 ], [ -96.54042, 32.91353 ], [ -96.54042, 32.91353 ], [ -96.54042, 32.91352 ], [ -96.54041, 32.91352 ], [ -96.54034, 32.91349 ], [ -96.54023, 32.91349 ], [ -96.54021, 32.91348 ], [ -96.5402, 32.91347 ], [ -96.54005, 32.91326 ], [ -96.54004, 32.91325 ], [ -96.54005, 32.9132 ], [ -96.54004, 32.91317 ], [ -96.54007, 32.91302 ], [ -96.54008, 32.91299 ], [ -96.54004, 32.91288 ], [ -96.54004, 32.91279 ], [ -96.53998, 32.91271 ], [ -96.54001, 32.91265 ], [ -96.54002, 32.91261 ], [ -96.54006, 32.91256 ], [ -96.54003, 32.91248 ], [ -96.54, 32.91235 ], [ -96.53994, 32.9122 ], [ -96.53988, 32.91212 ], [ -96.53984, 32.91205 ], [ -96.53975, 32.91197 ], [ -96.53969, 32.91192 ], [ -96.53959, 32.91185 ], [ -96.5395, 32.91182 ], [ -96.53949, 32.91181 ], [ -96.53946, 32.91182 ], [ -96.53936, 32.9118 ], [ -96.53922, 32.91181 ], [ -96.53913, 32.91183 ], [ -96.53896, 32.91183 ], [ -96.53875, 32.91167 ], [ -96.53872, 32.91164 ], [ -96.53865, 32.91159 ], [ -96.53867, 32.91153 ], [ -96.53873, 32.91148 ], [ -96.53874, 32.91144 ], [ -96.53875, 32.91139 ], [ -96.53876, 32.91135 ], [ -96.53879, 32.91132 ], [ -96.53883, 32.91121 ], [ -96.53883, 32.91112 ], [ -96.53885, 32.9111 ], [ -96.53889, 32.91108 ], [ -96.53895, 32.91101 ], [ -96.53894, 32.91098 ], [ -96.53894, 32.91082 ], [ -96.53895, 32.91078 ], [ -96.53891, 32.91068 ], [ -96.5389, 32.91067 ], [ -96.53886, 32.91057 ], [ -96.53886, 32.91054 ], [ -96.53888, 32.91052 ], [ -96.53891, 32.91047 ], [ -96.5389, 32.91042 ], [ -96.53889, 32.91042 ], [ -96.53889, 32.91042 ], [ -96.53878, 32.91034 ], [ -96.53879, 32.91032 ], [ -96.53878, 32.9103 ], [ -96.53879, 32.91028 ], [ -96.53881, 32.91027 ], [ -96.53877, 32.91013 ], [ -96.53874, 32.90999 ], [ -96.53871, 32.90993 ], [ -96.53859, 32.90966 ], [ -96.53859, 32.90965 ], [ -96.53855, 32.9096 ], [ -96.53847, 32.90949 ], [ -96.53843, 32.90947 ], [ -96.53845, 32.90943 ], [ -96.53847, 32.90938 ], [ -96.53848, 32.90931 ], [ -96.53847, 32.90919 ], [ -96.53845, 32.90916 ], [ -96.53841, 32.90915 ], [ -96.53839, 32.90914 ], [ -96.53818, 32.90903 ], [ -96.53818, 32.90903 ], [ -96.53807, 32.90887 ], [ -96.53806, 32.90886 ], [ -96.53807, 32.90882 ], [ -96.53809, 32.90877 ], [ -96.5381, 32.90871 ], [ -96.53811, 32.90864 ], [ -96.53817, 32.90857 ], [ -96.5382, 32.90853 ], [ -96.53825, 32.90851 ], [ -96.5383, 32.90852 ], [ -96.53833, 32.90851 ], [ -96.53838, 32.90846 ], [ -96.53837, 32.90843 ], [ -96.53833, 32.90805 ], [ -96.53833, 32.90799 ], [ -96.53833, 32.90795 ], [ -96.53835, 32.90789 ], [ -96.5384, 32.90783 ], [ -96.53844, 32.90776 ], [ -96.53848, 32.9077 ], [ -96.5385, 32.90761 ], [ -96.53852, 32.9075 ], [ -96.53852, 32.90745 ], [ -96.53855, 32.90717 ], [ -96.53859, 32.90708 ], [ -96.53861, 32.90705 ], [ -96.53872, 32.90692 ], [ -96.53876, 32.90689 ], [ -96.53877, 32.90686 ], [ -96.53883, 32.90679 ], [ -96.53848, 32.90675 ], [ -96.5384, 32.90668 ], [ -96.53832, 32.90659 ], [ -96.53824, 32.90652 ], [ -96.53812, 32.90644 ], [ -96.53802, 32.90635 ], [ -96.53801, 32.90627 ], [ -96.53801, 32.90618 ], [ -96.53801, 32.90611 ], [ -96.53797, 32.90604 ], [ -96.53796, 32.90601 ], [ -96.53798, 32.90592 ], [ -96.53795, 32.90582 ], [ -96.53792, 32.90562 ], [ -96.5379, 32.90553 ], [ -96.53792, 32.90544 ], [ -96.53798, 32.90534 ], [ -96.53805, 32.90527 ], [ -96.53813, 32.90524 ], [ -96.53817, 32.90519 ], [ -96.53823, 32.9051 ], [ -96.53837, 32.90505 ], [ -96.53838, 32.90503 ], [ -96.53839, 32.90503 ], [ -96.53839, 32.90501 ], [ -96.53841, 32.90496 ], [ -96.5384, 32.90488 ], [ -96.53831, 32.90481 ], [ -96.5383, 32.90481 ], [ -96.53828, 32.90479 ], [ -96.53808, 32.90475 ], [ -96.53791, 32.90482 ], [ -96.53788, 32.90489 ], [ -96.53788, 32.9049 ], [ -96.53788, 32.90491 ], [ -96.5378, 32.90508 ], [ -96.53778, 32.90509 ], [ -96.53767, 32.90516 ], [ -96.53756, 32.90533 ], [ -96.53744, 32.90541 ], [ -96.53741, 32.90542 ], [ -96.53734, 32.90547 ], [ -96.53729, 32.9055 ], [ -96.53704, 32.90544 ], [ -96.53673, 32.90551 ], [ -96.53637, 32.90551 ], [ -96.53599, 32.90541 ], [ -96.53541, 32.90502 ], [ -96.53537, 32.90498 ], [ -96.53532, 32.90487 ], [ -96.53532, 32.90472 ], [ -96.53532, 32.90463 ], [ -96.5353, 32.90455 ], [ -96.5353, 32.90453 ], [ -96.53529, 32.90452 ], [ -96.53529, 32.9045 ], [ -96.5352, 32.90443 ], [ -96.53512, 32.90436 ], [ -96.53511, 32.90427 ], [ -96.53507, 32.90421 ], [ -96.53507, 32.9042 ], [ -96.53477, 32.90384 ], [ -96.53473, 32.90381 ], [ -96.53472, 32.90379 ], [ -96.53461, 32.90369 ], [ -96.53452, 32.90359 ], [ -96.53443, 32.90352 ], [ -96.5344, 32.90341 ], [ -96.53431, 32.90327 ], [ -96.53427, 32.90316 ], [ -96.5344, 32.90314 ], [ -96.53456, 32.90313 ], [ -96.53467, 32.90309 ], [ -96.53472, 32.90303 ], [ -96.53472, 32.90303 ], [ -96.53472, 32.90303 ], [ -96.53474, 32.90301 ], [ -96.53474, 32.90294 ], [ -96.53475, 32.90292 ], [ -96.53474, 32.90291 ], [ -96.53475, 32.9029 ], [ -96.53469, 32.90284 ], [ -96.53465, 32.90275 ], [ -96.53468, 32.90263 ], [ -96.53473, 32.90248 ], [ -96.53477, 32.90237 ], [ -96.53481, 32.90223 ], [ -96.53485, 32.90213 ], [ -96.53485, 32.90205 ], [ -96.53485, 32.90196 ], [ -96.53482, 32.90188 ], [ -96.53482, 32.90187 ], [ -96.53484, 32.90174 ], [ -96.5349, 32.90164 ], [ -96.53488, 32.90151 ], [ -96.53483, 32.9014 ], [ -96.5348, 32.90132 ], [ -96.5348, 32.90127 ], [ -96.53482, 32.90123 ], [ -96.53507, 32.90092 ], [ -96.53508, 32.90091 ], [ -96.53515, 32.90084 ], [ -96.53515, 32.90082 ], [ -96.53516, 32.90081 ], [ -96.53516, 32.90079 ], [ -96.53518, 32.90073 ], [ -96.53516, 32.90066 ], [ -96.53516, 32.90061 ], [ -96.53519, 32.90055 ], [ -96.53528, 32.90053 ], [ -96.53536, 32.9005 ], [ -96.53542, 32.90048 ], [ -96.53542, 32.90048 ], [ -96.53542, 32.90047 ], [ -96.53545, 32.90046 ], [ -96.53545, 32.90042 ], [ -96.53547, 32.90039 ], [ -96.53545, 32.90035 ], [ -96.53526, 32.90029 ], [ -96.53519, 32.90026 ], [ -96.53505, 32.90011 ], [ -96.53503, 32.90002 ], [ -96.53505, 32.89981 ], [ -96.53508, 32.89972 ], [ -96.53512, 32.89957 ], [ -96.53513, 32.89942 ], [ -96.53512, 32.89926 ], [ -96.53508, 32.89908 ], [ -96.53505, 32.89888 ], [ -96.53502, 32.89872 ], [ -96.53501, 32.89862 ], [ -96.53496, 32.89848 ], [ -96.53491, 32.89831 ], [ -96.53488, 32.89816 ], [ -96.53489, 32.8981 ], [ -96.53496, 32.89789 ], [ -96.53501, 32.89779 ], [ -96.53506, 32.8977 ], [ -96.53513, 32.89762 ], [ -96.5352, 32.89752 ], [ -96.53523, 32.89741 ], [ -96.53528, 32.89731 ], [ -96.5353, 32.89727 ], [ -96.53531, 32.89723 ], [ -96.53579, 32.89618 ], [ -96.53585, 32.89607 ], [ -96.53593, 32.89589 ], [ -96.53603, 32.89558 ], [ -96.5361, 32.89531 ], [ -96.53617, 32.89504 ], [ -96.53621, 32.89485 ], [ -96.53624, 32.89461 ], [ -96.53629, 32.89435 ], [ -96.53633, 32.89414 ], [ -96.53637, 32.89391 ], [ -96.53638, 32.89373 ], [ -96.5364, 32.8936 ], [ -96.53641, 32.89349 ], [ -96.5364, 32.89336 ], [ -96.5364, 32.89333 ], [ -96.53643, 32.89324 ], [ -96.53652, 32.89319 ], [ -96.53658, 32.89319 ], [ -96.53662, 32.89321 ], [ -96.5373, 32.89385 ], [ -96.5375, 32.89402 ], [ -96.53759, 32.89408 ], [ -96.5376, 32.89408 ], [ -96.53761, 32.89409 ], [ -96.53764, 32.89408 ], [ -96.5377, 32.89408 ], [ -96.53783, 32.89403 ], [ -96.53788, 32.89392 ], [ -96.53789, 32.89385 ], [ -96.53789, 32.89384 ], [ -96.53786, 32.8938 ], [ -96.53772, 32.89362 ], [ -96.53711, 32.89302 ], [ -96.53671, 32.8926 ], [ -96.53669, 32.89254 ], [ -96.53677, 32.89245 ], [ -96.53684, 32.8924 ], [ -96.53695, 32.8923 ], [ -96.53698, 32.89222 ], [ -96.537, 32.89208 ], [ -96.53699, 32.89196 ], [ -96.537, 32.8918 ], [ -96.5373, 32.89173 ], [ -96.54009, 32.89181 ], [ -96.54033, 32.89177 ], [ -96.5403, 32.89158 ], [ -96.54017, 32.89153 ], [ -96.53858, 32.89158 ], [ -96.53702, 32.89155 ], [ -96.53683, 32.8914 ], [ -96.53685, 32.89135 ], [ -96.53708, 32.89135 ], [ -96.53723, 32.89126 ], [ -96.53758, 32.89081 ], [ -96.5376, 32.8908 ], [ -96.53765, 32.89072 ], [ -96.53767, 32.8907 ], [ -96.53776, 32.89064 ], [ -96.53782, 32.89055 ], [ -96.53787, 32.89046 ], [ -96.53793, 32.89038 ], [ -96.53802, 32.89031 ], [ -96.53809, 32.89024 ], [ -96.5382, 32.89015 ], [ -96.53828, 32.8901 ], [ -96.53843, 32.89002 ], [ -96.53853, 32.88998 ], [ -96.53868, 32.8899 ], [ -96.5388, 32.8898 ], [ -96.53893, 32.88972 ], [ -96.53913, 32.8897 ], [ -96.53923, 32.8897 ], [ -96.53935, 32.8897 ], [ -96.53938, 32.8897 ], [ -96.53938, 32.8897 ], [ -96.53938, 32.8897 ], [ -96.53946, 32.88968 ], [ -96.53953, 32.88965 ], [ -96.53969, 32.8896 ], [ -96.53974, 32.88959 ], [ -96.53982, 32.88956 ], [ -96.5399, 32.88949 ], [ -96.53996, 32.88944 ], [ -96.54001, 32.8894 ], [ -96.54009, 32.88937 ], [ -96.54032, 32.88933 ], [ -96.54044, 32.8893 ], [ -96.54045, 32.8893 ], [ -96.54045, 32.88929 ], [ -96.54049, 32.88928 ], [ -96.54061, 32.88921 ], [ -96.54069, 32.88909 ], [ -96.54073, 32.88903 ], [ -96.54077, 32.88897 ], [ -96.54083, 32.88892 ], [ -96.54087, 32.88893 ], [ -96.54097, 32.88895 ], [ -96.54104, 32.88898 ], [ -96.5411, 32.88898 ], [ -96.54112, 32.88899 ], [ -96.54113, 32.88899 ], [ -96.54116, 32.88899 ], [ -96.54121, 32.88895 ], [ -96.54122, 32.88855 ], [ -96.54119, 32.8885 ], [ -96.54117, 32.88844 ], [ -96.54116, 32.88833 ], [ -96.54116, 32.88824 ], [ -96.54116, 32.88823 ], [ -96.54116, 32.88823 ], [ -96.54116, 32.88822 ], [ -96.54112, 32.88817 ], [ -96.54108, 32.88811 ], [ -96.54105, 32.88806 ], [ -96.54104, 32.88795 ], [ -96.54103, 32.88784 ], [ -96.541, 32.8877 ], [ -96.54095, 32.88758 ], [ -96.54087, 32.88742 ], [ -96.54076, 32.88726 ], [ -96.5407, 32.88718 ], [ -96.54069, 32.88718 ], [ -96.54068, 32.88709 ], [ -96.54067, 32.88697 ], [ -96.54065, 32.88694 ], [ -96.54065, 32.88693 ], [ -96.54064, 32.88692 ], [ -96.54061, 32.88687 ], [ -96.54049, 32.8868 ], [ -96.54048, 32.88673 ], [ -96.54054, 32.88663 ], [ -96.54058, 32.88659 ], [ -96.54062, 32.88651 ], [ -96.54064, 32.8864 ], [ -96.54064, 32.88629 ], [ -96.54065, 32.88622 ], [ -96.54065, 32.88615 ], [ -96.54069, 32.88606 ], [ -96.54077, 32.88596 ], [ -96.54082, 32.88583 ], [ -96.5409, 32.88552 ], [ -96.54096, 32.8852 ], [ -96.54098, 32.88504 ], [ -96.541, 32.88494 ], [ -96.54105, 32.88481 ], [ -96.54107, 32.88472 ], [ -96.54107, 32.88464 ], [ -96.54106, 32.88454 ], [ -96.54107, 32.88445 ], [ -96.54106, 32.88433 ], [ -96.54103, 32.88419 ], [ -96.54097, 32.88392 ], [ -96.54096, 32.8839 ], [ -96.54096, 32.88389 ], [ -96.54087, 32.88364 ], [ -96.54086, 32.88363 ], [ -96.54083, 32.88351 ], [ -96.54075, 32.88335 ], [ -96.5407, 32.88328 ], [ -96.54068, 32.88326 ], [ -96.54059, 32.88316 ], [ -96.54056, 32.8831 ], [ -96.54056, 32.8831 ], [ -96.54053, 32.88291 ], [ -96.54053, 32.88282 ], [ -96.54051, 32.88275 ], [ -96.54051, 32.88272 ], [ -96.54051, 32.88272 ], [ -96.5405, 32.8827 ], [ -96.54042, 32.88258 ], [ -96.54027, 32.88246 ], [ -96.5402, 32.8824 ], [ -96.54018, 32.88236 ], [ -96.54016, 32.88231 ], [ -96.53994, 32.8822 ], [ -96.53993, 32.8822 ], [ -96.53979, 32.88205 ], [ -96.53978, 32.88204 ], [ -96.53976, 32.882 ], [ -96.53971, 32.88189 ], [ -96.53969, 32.88181 ], [ -96.53973, 32.88173 ], [ -96.53975, 32.88163 ], [ -96.53972, 32.88152 ], [ -96.5397, 32.88149 ], [ -96.5397, 32.88149 ], [ -96.53968, 32.88147 ], [ -96.53964, 32.88142 ], [ -96.53953, 32.88131 ], [ -96.53952, 32.88131 ], [ -96.5395, 32.88129 ], [ -96.53932, 32.88121 ], [ -96.5393, 32.88117 ], [ -96.53927, 32.88097 ], [ -96.53927, 32.88095 ], [ -96.53926, 32.88089 ], [ -96.53926, 32.88089 ], [ -96.53926, 32.88089 ], [ -96.53896, 32.88062 ], [ -96.53893, 32.88062 ], [ -96.53889, 32.88062 ], [ -96.53877, 32.88063 ], [ -96.53875, 32.88064 ], [ -96.53867, 32.88065 ], [ -96.53867, 32.88067 ], [ -96.53867, 32.88067 ], [ -96.53867, 32.88067 ], [ -96.53866, 32.88076 ], [ -96.53852, 32.88082 ], [ -96.53807, 32.88088 ], [ -96.53769, 32.88083 ], [ -96.53769, 32.88083 ], [ -96.53764, 32.88075 ], [ -96.53762, 32.8807 ], [ -96.53758, 32.88066 ], [ -96.53757, 32.88066 ], [ -96.53757, 32.88065 ], [ -96.53753, 32.88064 ], [ -96.53747, 32.88062 ], [ -96.53735, 32.88057 ], [ -96.53728, 32.88054 ], [ -96.53722, 32.88052 ], [ -96.53718, 32.88052 ], [ -96.53716, 32.88051 ], [ -96.53715, 32.88053 ], [ -96.53713, 32.88055 ], [ -96.5371, 32.8806 ], [ -96.53708, 32.88067 ], [ -96.53707, 32.88072 ], [ -96.53695, 32.88104 ], [ -96.53678, 32.88112 ], [ -96.53646, 32.88113 ], [ -96.53629, 32.8812 ], [ -96.53625, 32.88121 ], [ -96.53622, 32.8812 ], [ -96.53612, 32.88121 ], [ -96.53604, 32.88122 ], [ -96.53599, 32.88124 ], [ -96.53585, 32.88125 ], [ -96.53544, 32.88102 ], [ -96.53533, 32.88107 ], [ -96.53531, 32.88107 ], [ -96.53528, 32.88106 ], [ -96.53527, 32.88106 ], [ -96.53513, 32.88102 ], [ -96.53457, 32.88063 ], [ -96.53456, 32.88059 ], [ -96.53452, 32.88058 ], [ -96.53446, 32.88054 ], [ -96.53274, 32.88052 ], [ -96.53211, 32.88042 ], [ -96.53205, 32.88041 ], [ -96.53201, 32.88039 ], [ -96.532, 32.88037 ], [ -96.53191, 32.88036 ], [ -96.53189, 32.88036 ], [ -96.53187, 32.88036 ], [ -96.53183, 32.88038 ], [ -96.53182, 32.88038 ], [ -96.5318, 32.88037 ], [ -96.53176, 32.88037 ], [ -96.53175, 32.88036 ], [ -96.53173, 32.88036 ], [ -96.53168, 32.88035 ], [ -96.53165, 32.88035 ], [ -96.5313, 32.8803 ], [ -96.5312, 32.88023 ], [ -96.53121, 32.88021 ], [ -96.5312, 32.88018 ], [ -96.53115, 32.88015 ], [ -96.53112, 32.88011 ], [ -96.53109, 32.88008 ], [ -96.53106, 32.88006 ], [ -96.53103, 32.88005 ], [ -96.53102, 32.88005 ], [ -96.53099, 32.88004 ], [ -96.53096, 32.88004 ], [ -96.53053, 32.87972 ], [ -96.53051, 32.87968 ], [ -96.53049, 32.87964 ], [ -96.53041, 32.87959 ], [ -96.53038, 32.87956 ], [ -96.53027, 32.87947 ], [ -96.53019, 32.8794 ], [ -96.53013, 32.87935 ], [ -96.53008, 32.8793 ], [ -96.53003, 32.87925 ], [ -96.52998, 32.8792 ], [ -96.52991, 32.8792 ], [ -96.52988, 32.87922 ], [ -96.52982, 32.87918 ], [ -96.52982, 32.87917 ], [ -96.52978, 32.87914 ], [ -96.52974, 32.87912 ], [ -96.52968, 32.87911 ], [ -96.52962, 32.87909 ], [ -96.52954, 32.87907 ], [ -96.52948, 32.87907 ], [ -96.52942, 32.87907 ], [ -96.52939, 32.87908 ], [ -96.52925, 32.87905 ], [ -96.52891, 32.87909 ], [ -96.52891, 32.87909 ], [ -96.52889, 32.87908 ], [ -96.5287, 32.87887 ], [ -96.52866, 32.87883 ], [ -96.5286, 32.87874 ], [ -96.52853, 32.87867 ], [ -96.52845, 32.87856 ], [ -96.5284, 32.87849 ], [ -96.52837, 32.87844 ], [ -96.52834, 32.8784 ], [ -96.5283, 32.87838 ], [ -96.52825, 32.87832 ], [ -96.52819, 32.87829 ], [ -96.52816, 32.87827 ], [ -96.52815, 32.87827 ], [ -96.5281, 32.87822 ], [ -96.52804, 32.87829 ], [ -96.52875, 32.87919 ], [ -96.52874, 32.87936 ], [ -96.52873, 32.87936 ], [ -96.5287, 32.87938 ], [ -96.52871, 32.87938 ], [ -96.52869, 32.87942 ], [ -96.52869, 32.87942 ], [ -96.52841, 32.87979 ], [ -96.52829, 32.88025 ], [ -96.52841, 32.88055 ], [ -96.52816, 32.88109 ], [ -96.52813, 32.88104 ], [ -96.52815, 32.88103 ], [ -96.52815, 32.88102 ], [ -96.52812, 32.88102 ], [ -96.52806, 32.88089 ], [ -96.52807, 32.88088 ], [ -96.52806, 32.88085 ], [ -96.52804, 32.88083 ], [ -96.52799, 32.88074 ], [ -96.52799, 32.88073 ], [ -96.52799, 32.88073 ], [ -96.52795, 32.88064 ], [ -96.52792, 32.88058 ], [ -96.52792, 32.88055 ], [ -96.5279, 32.88053 ], [ -96.52784, 32.88036 ], [ -96.52782, 32.88031 ], [ -96.52778, 32.88023 ], [ -96.52777, 32.8802 ], [ -96.52774, 32.88017 ], [ -96.52776, 32.88017 ], [ -96.52773, 32.88014 ], [ -96.52775, 32.88013 ], [ -96.52762, 32.87994 ], [ -96.52762, 32.87996 ], [ -96.52755, 32.87984 ], [ -96.52755, 32.87984 ], [ -96.52754, 32.8798 ], [ -96.52742, 32.87962 ], [ -96.5274, 32.87959 ], [ -96.52741, 32.87957 ], [ -96.5274, 32.87954 ], [ -96.52738, 32.87953 ], [ -96.52736, 32.87953 ], [ -96.52733, 32.87948 ], [ -96.52733, 32.87948 ], [ -96.52734, 32.87944 ], [ -96.52732, 32.87939 ], [ -96.52728, 32.87935 ], [ -96.52723, 32.8793 ], [ -96.5272, 32.8793 ], [ -96.52717, 32.87929 ], [ -96.52713, 32.87927 ], [ -96.52703, 32.87918 ], [ -96.52703, 32.87918 ], [ -96.52695, 32.87911 ], [ -96.52689, 32.87905 ], [ -96.52687, 32.87902 ], [ -96.52679, 32.87896 ], [ -96.5267, 32.87887 ], [ -96.52659, 32.8788 ], [ -96.52657, 32.87879 ], [ -96.52652, 32.87876 ], [ -96.5265, 32.87874 ], [ -96.52645, 32.87871 ], [ -96.52639, 32.87869 ], [ -96.52634, 32.87866 ], [ -96.52623, 32.87862 ], [ -96.52608, 32.87857 ], [ -96.52604, 32.87856 ], [ -96.52578, 32.87846 ], [ -96.52574, 32.87844 ], [ -96.52571, 32.87845 ], [ -96.52569, 32.87846 ], [ -96.52569, 32.87846 ], [ -96.52565, 32.87848 ], [ -96.52561, 32.87846 ], [ -96.52558, 32.87845 ], [ -96.52555, 32.87844 ], [ -96.52552, 32.87844 ], [ -96.52544, 32.87842 ], [ -96.52542, 32.87841 ], [ -96.5254, 32.8784 ], [ -96.52528, 32.87831 ], [ -96.52526, 32.87829 ], [ -96.52523, 32.87826 ], [ -96.52522, 32.87824 ], [ -96.5252, 32.87823 ], [ -96.52516, 32.8782 ], [ -96.52512, 32.87819 ], [ -96.52512, 32.87818 ], [ -96.525, 32.87809 ], [ -96.52498, 32.87807 ], [ -96.52493, 32.87802 ], [ -96.52487, 32.87796 ], [ -96.52489, 32.87794 ], [ -96.5249, 32.87791 ], [ -96.52487, 32.87788 ], [ -96.52483, 32.87786 ], [ -96.52483, 32.87784 ], [ -96.52481, 32.87785 ], [ -96.5248, 32.87782 ], [ -96.52478, 32.8778 ], [ -96.52433, 32.87689 ], [ -96.52348, 32.87568 ], [ -96.52328, 32.87573 ], [ -96.52327, 32.87572 ], [ -96.52302, 32.87496 ], [ -96.52303, 32.87493 ], [ -96.52327, 32.87468 ], [ -96.52465, 32.87385 ], [ -96.53332, 32.8701 ], [ -96.53299, 32.86957 ], [ -96.52359, 32.87372 ], [ -96.52264, 32.87392 ], [ -96.52264, 32.87392 ], [ -96.52255, 32.8739 ], [ -96.5221, 32.8735 ], [ -96.52203, 32.87341 ], [ -96.52194, 32.87312 ], [ -96.52192, 32.873 ], [ -96.5219, 32.87288 ], [ -96.52188, 32.87282 ], [ -96.52185, 32.87273 ], [ -96.52183, 32.87271 ], [ -96.52178, 32.87267 ], [ -96.52177, 32.87266 ], [ -96.52167, 32.87258 ], [ -96.52167, 32.87256 ], [ -96.52161, 32.87254 ], [ -96.52159, 32.87254 ], [ -96.52106, 32.87259 ], [ -96.52096, 32.87256 ], [ -96.52093, 32.87254 ], [ -96.52076, 32.87237 ], [ -96.52075, 32.87236 ], [ -96.52074, 32.87232 ], [ -96.52071, 32.87227 ], [ -96.52069, 32.87222 ], [ -96.52068, 32.87219 ], [ -96.52065, 32.87215 ], [ -96.52063, 32.87211 ], [ -96.52064, 32.87205 ], [ -96.52063, 32.87199 ], [ -96.5206, 32.87194 ], [ -96.52059, 32.87191 ], [ -96.52055, 32.87172 ], [ -96.52053, 32.8717 ], [ -96.52052, 32.87169 ], [ -96.52048, 32.87162 ], [ -96.52044, 32.87155 ], [ -96.5204, 32.87151 ], [ -96.52038, 32.87146 ], [ -96.52033, 32.87142 ], [ -96.52027, 32.87137 ], [ -96.52021, 32.87134 ], [ -96.52013, 32.87129 ], [ -96.52004, 32.87124 ], [ -96.52002, 32.87123 ], [ -96.51995, 32.87095 ], [ -96.51997, 32.87093 ], [ -96.52043, 32.8707 ], [ -96.52043, 32.8707 ], [ -96.52045, 32.87072 ], [ -96.5205, 32.87069 ], [ -96.52051, 32.87066 ], [ -96.5205, 32.87063 ], [ -96.52055, 32.87061 ], [ -96.52059, 32.87058 ], [ -96.52063, 32.87053 ], [ -96.52068, 32.87048 ], [ -96.52069, 32.87046 ], [ -96.52068, 32.8704 ], [ -96.52066, 32.87034 ], [ -96.52062, 32.87031 ], [ -96.5206, 32.8703 ], [ -96.52054, 32.87026 ], [ -96.52052, 32.87024 ], [ -96.52047, 32.87021 ], [ -96.52043, 32.87018 ], [ -96.52027, 32.87002 ], [ -96.52028, 32.86978 ], [ -96.52029, 32.86975 ], [ -96.5203, 32.86969 ], [ -96.52032, 32.86962 ], [ -96.52031, 32.86954 ], [ -96.52029, 32.86946 ], [ -96.52026, 32.86939 ], [ -96.52025, 32.86931 ], [ -96.52024, 32.86925 ], [ -96.52021, 32.8692 ], [ -96.5202, 32.86915 ], [ -96.52018, 32.86912 ], [ -96.52017, 32.8691 ], [ -96.52008, 32.86875 ], [ -96.52021, 32.86803 ], [ -96.52023, 32.86799 ], [ -96.52026, 32.86791 ], [ -96.52028, 32.86785 ], [ -96.52025, 32.86778 ], [ -96.52024, 32.86771 ], [ -96.52022, 32.86766 ], [ -96.52018, 32.86761 ], [ -96.52013, 32.86753 ], [ -96.5201, 32.86746 ], [ -96.52006, 32.86741 ], [ -96.52005, 32.86739 ], [ -96.52003, 32.86735 ], [ -96.52002, 32.86729 ], [ -96.51998, 32.86727 ], [ -96.52002, 32.86724 ], [ -96.52, 32.86722 ], [ -96.52, 32.86721 ], [ -96.52, 32.86718 ], [ -96.51999, 32.86713 ], [ -96.51998, 32.86712 ], [ -96.51996, 32.86704 ], [ -96.51993, 32.867 ], [ -96.51993, 32.86698 ], [ -96.51991, 32.86697 ], [ -96.5199, 32.86692 ], [ -96.51944, 32.8669 ], [ -96.51896, 32.86702 ], [ -96.51832, 32.86709 ], [ -96.51831, 32.86709 ], [ -96.51799, 32.867 ], [ -96.51792, 32.86702 ], [ -96.51787, 32.86702 ], [ -96.51776, 32.86705 ], [ -96.5177, 32.86708 ], [ -96.51764, 32.86713 ], [ -96.51762, 32.86713 ], [ -96.5174, 32.86731 ], [ -96.51738, 32.86733 ], [ -96.51735, 32.86734 ], [ -96.51722, 32.86737 ], [ -96.51716, 32.86738 ], [ -96.51708, 32.8674 ], [ -96.517, 32.86742 ], [ -96.51656, 32.86777 ], [ -96.51628, 32.86806 ], [ -96.51626, 32.86808 ], [ -96.51623, 32.86812 ], [ -96.51623, 32.86812 ], [ -96.51599, 32.86837 ], [ -96.51586, 32.86901 ], [ -96.51566, 32.86949 ], [ -96.51562, 32.86954 ], [ -96.51556, 32.86964 ], [ -96.51551, 32.86971 ], [ -96.51545, 32.86978 ], [ -96.51543, 32.86981 ], [ -96.51537, 32.8699 ], [ -96.51536, 32.86992 ], [ -96.51527, 32.87003 ], [ -96.51525, 32.87005 ], [ -96.51523, 32.87008 ], [ -96.51519, 32.87013 ], [ -96.51515, 32.87018 ], [ -96.51511, 32.87022 ], [ -96.51509, 32.87026 ], [ -96.51508, 32.87028 ], [ -96.51508, 32.87029 ], [ -96.51442, 32.8709 ], [ -96.51312, 32.872 ], [ -96.5131, 32.87201 ], [ -96.51309, 32.87203 ], [ -96.51294, 32.87216 ], [ -96.51293, 32.87216 ], [ -96.51291, 32.87218 ], [ -96.5128, 32.87227 ], [ -96.51279, 32.87227 ], [ -96.51278, 32.87229 ], [ -96.51275, 32.87231 ], [ -96.51273, 32.87232 ], [ -96.51268, 32.87236 ], [ -96.51267, 32.87238 ], [ -96.51249, 32.87253 ], [ -96.51247, 32.87255 ], [ -96.51237, 32.87261 ], [ -96.51235, 32.87262 ], [ -96.51233, 32.8726 ], [ -96.51228, 32.87261 ], [ -96.51227, 32.87264 ], [ -96.5122, 32.87269 ], [ -96.5122, 32.87272 ], [ -96.51213, 32.87276 ], [ -96.51209, 32.87278 ], [ -96.51204, 32.8728 ], [ -96.51198, 32.8728 ], [ -96.51194, 32.87283 ], [ -96.51191, 32.87284 ], [ -96.51123, 32.87306 ], [ -96.5112, 32.87306 ], [ -96.51116, 32.87308 ], [ -96.51106, 32.87312 ], [ -96.5108, 32.8732 ], [ -96.5108, 32.87324 ], [ -96.51079, 32.87325 ], [ -96.5108, 32.87329 ], [ -96.5108, 32.87329 ], [ -96.5108, 32.8733 ], [ -96.51081, 32.8733 ], [ -96.51082, 32.87331 ], [ -96.51084, 32.87332 ], [ -96.51088, 32.87332 ], [ -96.51093, 32.87331 ], [ -96.51099, 32.87328 ], [ -96.51102, 32.87327 ], [ -96.51111, 32.87324 ], [ -96.51114, 32.87322 ], [ -96.51117, 32.87321 ], [ -96.5112, 32.87322 ], [ -96.51124, 32.87321 ], [ -96.51133, 32.87318 ], [ -96.51139, 32.87314 ], [ -96.51144, 32.87313 ], [ -96.51152, 32.87311 ], [ -96.51157, 32.87309 ], [ -96.51164, 32.87307 ], [ -96.51171, 32.87303 ], [ -96.51176, 32.87303 ], [ -96.51182, 32.87301 ], [ -96.51187, 32.87299 ], [ -96.51193, 32.87297 ], [ -96.51198, 32.87295 ], [ -96.51204, 32.87292 ], [ -96.51205, 32.87292 ], [ -96.51206, 32.87292 ], [ -96.51218, 32.87309 ], [ -96.51214, 32.87311 ], [ -96.51212, 32.87314 ], [ -96.51212, 32.87316 ], [ -96.51216, 32.87319 ], [ -96.51218, 32.8732 ], [ -96.51219, 32.87323 ], [ -96.51222, 32.87325 ], [ -96.51228, 32.87326 ], [ -96.5123, 32.87329 ], [ -96.51235, 32.87334 ], [ -96.51239, 32.87338 ], [ -96.51241, 32.87341 ], [ -96.51243, 32.87344 ], [ -96.51245, 32.87348 ], [ -96.51247, 32.87353 ], [ -96.5125, 32.87356 ], [ -96.51253, 32.87361 ], [ -96.51256, 32.87363 ], [ -96.51277, 32.87383 ], [ -96.51278, 32.87383 ], [ -96.51279, 32.87387 ], [ -96.5128, 32.87388 ], [ -96.51283, 32.87393 ], [ -96.51285, 32.87394 ], [ -96.51286, 32.87395 ], [ -96.51287, 32.87395 ], [ -96.51289, 32.87397 ], [ -96.51293, 32.87401 ], [ -96.51296, 32.87405 ], [ -96.513, 32.87408 ], [ -96.51303, 32.87409 ], [ -96.51307, 32.8741 ], [ -96.5131, 32.87411 ], [ -96.51314, 32.87412 ], [ -96.51316, 32.87415 ], [ -96.51319, 32.87417 ], [ -96.51326, 32.87419 ], [ -96.51332, 32.8742 ], [ -96.51336, 32.87419 ], [ -96.51346, 32.87423 ], [ -96.51362, 32.8741 ], [ -96.51362, 32.8741 ], [ -96.51366, 32.87407 ], [ -96.51367, 32.87406 ], [ -96.51369, 32.87405 ], [ -96.51374, 32.87403 ], [ -96.51378, 32.87402 ], [ -96.51381, 32.87399 ], [ -96.51385, 32.87397 ], [ -96.51388, 32.87395 ], [ -96.51391, 32.87392 ], [ -96.51398, 32.87389 ], [ -96.51403, 32.87386 ], [ -96.51409, 32.87382 ], [ -96.51415, 32.87379 ], [ -96.51424, 32.87375 ], [ -96.51432, 32.87371 ], [ -96.51439, 32.87368 ], [ -96.51446, 32.87365 ], [ -96.51451, 32.87361 ], [ -96.51454, 32.8736 ], [ -96.51458, 32.87358 ], [ -96.51462, 32.87358 ], [ -96.51464, 32.87357 ], [ -96.51464, 32.87356 ], [ -96.5148, 32.87348 ], [ -96.51499, 32.87346 ], [ -96.515, 32.87346 ], [ -96.51502, 32.87346 ], [ -96.51512, 32.87345 ], [ -96.51515, 32.87345 ], [ -96.51519, 32.87345 ], [ -96.51527, 32.87343 ], [ -96.51532, 32.87343 ], [ -96.5154, 32.87343 ], [ -96.51547, 32.87345 ], [ -96.51553, 32.87347 ], [ -96.51559, 32.87349 ], [ -96.51565, 32.87352 ], [ -96.51571, 32.87357 ], [ -96.51577, 32.87361 ], [ -96.51583, 32.87365 ], [ -96.51589, 32.87369 ], [ -96.51594, 32.87374 ], [ -96.51599, 32.87379 ], [ -96.51606, 32.87383 ], [ -96.51611, 32.87388 ], [ -96.51614, 32.87391 ], [ -96.51616, 32.87393 ], [ -96.51621, 32.87394 ], [ -96.51627, 32.87401 ], [ -96.5163, 32.87404 ], [ -96.51633, 32.87406 ], [ -96.51637, 32.87409 ], [ -96.51638, 32.8741 ], [ -96.51649, 32.87421 ], [ -96.51651, 32.87425 ], [ -96.51654, 32.87426 ], [ -96.51654, 32.87426 ], [ -96.51656, 32.87428 ], [ -96.51657, 32.8743 ], [ -96.51658, 32.8743 ], [ -96.51664, 32.87436 ], [ -96.51665, 32.87441 ], [ -96.51666, 32.87443 ], [ -96.51664, 32.87448 ], [ -96.51664, 32.8745 ], [ -96.5166, 32.87457 ], [ -96.51658, 32.87459 ], [ -96.51656, 32.87463 ], [ -96.51652, 32.87468 ], [ -96.5165, 32.87471 ], [ -96.51651, 32.87473 ], [ -96.51644, 32.87485 ], [ -96.51643, 32.87487 ], [ -96.51642, 32.87488 ], [ -96.51625, 32.87498 ], [ -96.51602, 32.87505 ], [ -96.51597, 32.87505 ], [ -96.51592, 32.87506 ], [ -96.51586, 32.87508 ], [ -96.5158, 32.8751 ], [ -96.51576, 32.87511 ], [ -96.51575, 32.87513 ], [ -96.51547, 32.87521 ], [ -96.51526, 32.87537 ], [ -96.51525, 32.87537 ], [ -96.51518, 32.87539 ], [ -96.51516, 32.87539 ], [ -96.5151, 32.87542 ], [ -96.51504, 32.87544 ], [ -96.515, 32.87551 ], [ -96.51496, 32.87555 ], [ -96.51494, 32.87559 ], [ -96.51492, 32.87564 ], [ -96.51492, 32.87565 ], [ -96.51492, 32.87566 ], [ -96.51492, 32.87567 ], [ -96.51493, 32.87569 ], [ -96.51494, 32.87574 ], [ -96.51496, 32.8758 ], [ -96.515, 32.87585 ], [ -96.51501, 32.87585 ], [ -96.51501, 32.87586 ], [ -96.51502, 32.87589 ], [ -96.51504, 32.8759 ], [ -96.51505, 32.8759 ], [ -96.51513, 32.876 ], [ -96.51516, 32.87602 ], [ -96.51517, 32.87603 ], [ -96.51521, 32.87605 ], [ -96.51524, 32.87606 ], [ -96.51601, 32.87644 ], [ -96.51613, 32.87661 ], [ -96.5161, 32.87673 ], [ -96.516, 32.87684 ], [ -96.51566, 32.87708 ], [ -96.51548, 32.87715 ], [ -96.51538, 32.8771 ], [ -96.51507, 32.87729 ], [ -96.51522, 32.87744 ], [ -96.51519, 32.8775 ], [ -96.5128, 32.87868 ], [ -96.5113, 32.87935 ], [ -96.49164, 32.88863 ], [ -96.492, 32.88919 ], [ -96.50121, 32.88484 ], [ -96.51023, 32.88067 ], [ -96.51175, 32.88019 ], [ -96.51306, 32.87986 ], [ -96.51407, 32.8797 ], [ -96.51621, 32.87957 ], [ -96.51692, 32.87959 ], [ -96.51701, 32.87986 ], [ -96.51673, 32.88044 ], [ -96.51712, 32.88027 ], [ -96.51723, 32.88057 ], [ -96.51729, 32.88134 ], [ -96.51708, 32.88141 ], [ -96.51691, 32.88136 ], [ -96.51676, 32.88118 ], [ -96.51647, 32.8817 ], [ -96.51665, 32.88222 ], [ -96.51665, 32.88245 ], [ -96.5165, 32.88254 ], [ -96.51653, 32.88295 ], [ -96.51629, 32.88349 ], [ -96.5158, 32.88359 ], [ -96.51547, 32.88361 ], [ -96.51538, 32.88368 ], [ -96.51547, 32.88377 ], [ -96.51535, 32.88395 ], [ -96.51549, 32.88468 ], [ -96.5157, 32.88494 ], [ -96.51559, 32.88524 ], [ -96.51564, 32.8858 ], [ -96.5156, 32.88592 ], [ -96.51566, 32.88613 ], [ -96.51615, 32.88631 ], [ -96.51615, 32.8864 ], [ -96.51573, 32.88662 ], [ -96.51564, 32.88674 ], [ -96.51576, 32.88697 ], [ -96.51573, 32.88756 ], [ -96.51581, 32.88781 ], [ -96.51595, 32.88807 ], [ -96.51657, 32.88874 ], [ -96.51698, 32.88891 ], [ -96.51766, 32.88934 ], [ -96.5176, 32.8894 ], [ -96.51746, 32.88942 ], [ -96.51674, 32.88935 ], [ -96.51649, 32.88939 ], [ -96.51626, 32.88948 ], [ -96.51618, 32.88972 ], [ -96.51605, 32.8909 ], [ -96.51589, 32.89133 ], [ -96.51577, 32.89209 ], [ -96.51565, 32.89234 ], [ -96.51561, 32.8924 ], [ -96.51559, 32.89245 ], [ -96.51543, 32.89274 ], [ -96.51542, 32.89292 ], [ -96.51516, 32.89326 ], [ -96.51516, 32.89335 ], [ -96.51527, 32.89355 ], [ -96.51592, 32.89396 ], [ -96.51592, 32.89396 ], [ -96.51594, 32.89397 ], [ -96.51603, 32.89403 ], [ -96.51604, 32.89403 ], [ -96.51604, 32.89403 ], [ -96.5162, 32.89399 ], [ -96.51622, 32.89399 ], [ -96.51625, 32.89405 ], [ -96.51627, 32.89412 ], [ -96.5163, 32.89415 ], [ -96.5163, 32.89415 ], [ -96.51636, 32.89422 ], [ -96.51642, 32.89424 ], [ -96.51745, 32.89503 ], [ -96.51753, 32.89523 ], [ -96.51745, 32.89524 ], [ -96.51735, 32.89519 ], [ -96.51724, 32.89512 ], [ -96.51706, 32.89499 ], [ -96.51691, 32.89489 ], [ -96.51676, 32.89478 ], [ -96.5166, 32.89468 ], [ -96.51647, 32.89461 ], [ -96.51634, 32.89457 ], [ -96.51622, 32.89457 ], [ -96.51612, 32.89459 ], [ -96.51602, 32.89457 ], [ -96.51582, 32.89462 ], [ -96.5157, 32.89466 ], [ -96.51559, 32.89471 ], [ -96.5155, 32.89481 ], [ -96.51545, 32.89491 ], [ -96.51542, 32.89492 ], [ -96.51533, 32.8949 ], [ -96.51518, 32.8948 ], [ -96.51504, 32.89473 ], [ -96.5149, 32.89467 ], [ -96.51478, 32.89462 ], [ -96.51469, 32.89461 ], [ -96.51459, 32.89463 ], [ -96.5145, 32.89469 ], [ -96.51434, 32.89478 ], [ -96.51429, 32.89487 ], [ -96.51419, 32.89502 ], [ -96.51413, 32.89517 ], [ -96.51411, 32.89528 ], [ -96.51404, 32.89544 ], [ -96.51393, 32.89569 ], [ -96.51391, 32.89573 ], [ -96.51384, 32.89585 ], [ -96.51376, 32.89601 ], [ -96.51368, 32.89608 ], [ -96.51364, 32.89617 ], [ -96.51359, 32.89628 ], [ -96.51352, 32.89639 ], [ -96.51331, 32.8966 ], [ -96.51328, 32.89666 ], [ -96.51326, 32.89668 ], [ -96.51317, 32.89683 ], [ -96.51316, 32.89693 ], [ -96.51313, 32.897 ], [ -96.51239, 32.89818 ], [ -96.51233, 32.89825 ], [ -96.51227, 32.89837 ], [ -96.51223, 32.89845 ], [ -96.51225, 32.89846 ], [ -96.51214, 32.89874 ], [ -96.51233, 32.89912 ], [ -96.51265, 32.89932 ], [ -96.51282, 32.89929 ], [ -96.51294, 32.8994 ], [ -96.51299, 32.89971 ], [ -96.51253, 32.89989 ], [ -96.51207, 32.89999 ], [ -96.51157, 32.89973 ], [ -96.51108, 32.89983 ], [ -96.51055, 32.90052 ], [ -96.51028, 32.90115 ], [ -96.5094, 32.90266 ], [ -96.50921, 32.9029 ], [ -96.50902, 32.90298 ], [ -96.50892, 32.90331 ], [ -96.50868, 32.9035 ], [ -96.50844, 32.90355 ], [ -96.50836, 32.9038 ], [ -96.50854, 32.90404 ], [ -96.5082, 32.90513 ], [ -96.50794, 32.90669 ], [ -96.50802, 32.90697 ], [ -96.50841, 32.90713 ], [ -96.5094, 32.90739 ], [ -96.50961, 32.9076 ], [ -96.50953, 32.90772 ], [ -96.50933, 32.9076 ], [ -96.50916, 32.9078 ], [ -96.5083, 32.90769 ], [ -96.50768, 32.90777 ], [ -96.5068, 32.90821 ], [ -96.50598, 32.90879 ], [ -96.50596, 32.90924 ], [ -96.50542, 32.90932 ], [ -96.50478, 32.90971 ], [ -96.50467, 32.90993 ], [ -96.50425, 32.91008 ], [ -96.50423, 32.91015 ], [ -96.50442, 32.91013 ], [ -96.50449, 32.9103 ], [ -96.50436, 32.91053 ], [ -96.50415, 32.9106 ], [ -96.50431, 32.91093 ], [ -96.50399, 32.91096 ], [ -96.50394, 32.91104 ], [ -96.50403, 32.91127 ], [ -96.5038, 32.91147 ], [ -96.50377, 32.91175 ], [ -96.50385, 32.91198 ], [ -96.50375, 32.9121 ], [ -96.50353, 32.91205 ], [ -96.50337, 32.91218 ], [ -96.50337, 32.91251 ], [ -96.50329, 32.91275 ], [ -96.50247, 32.91319 ], [ -96.501, 32.9142 ], [ -96.50099, 32.91462 ], [ -96.50131, 32.91515 ], [ -96.50176, 32.91545 ], [ -96.50272, 32.91665 ], [ -96.50304, 32.91688 ], [ -96.50322, 32.91715 ], [ -96.50317, 32.9174 ], [ -96.50346, 32.91798 ], [ -96.50351, 32.9182 ], [ -96.50348, 32.91841 ], [ -96.50366, 32.91886 ], [ -96.50364, 32.91914 ], [ -96.50344, 32.9193 ], [ -96.50236, 32.91959 ], [ -96.50241, 32.91966 ], [ -96.50353, 32.91944 ], [ -96.50381, 32.91958 ], [ -96.50424, 32.92057 ], [ -96.50464, 32.92099 ], [ -96.5048, 32.92123 ], [ -96.50461, 32.92138 ], [ -96.50288, 32.92177 ], [ -96.50298, 32.92187 ], [ -96.50459, 32.92156 ], [ -96.50478, 32.92173 ], [ -96.50492, 32.9225 ], [ -96.50528, 32.92294 ], [ -96.50525, 32.92344 ], [ -96.50537, 32.92351 ], [ -96.50586, 32.92344 ], [ -96.50617, 32.92353 ], [ -96.50662, 32.92408 ], [ -96.50747, 32.92449 ], [ -96.50762, 32.92435 ], [ -96.50775, 32.9244 ], [ -96.50778, 32.92454 ], [ -96.50809, 32.92458 ], [ -96.50837, 32.92446 ], [ -96.5083, 32.9246 ], [ -96.5081, 32.9247 ], [ -96.50816, 32.92494 ], [ -96.5083, 32.92498 ], [ -96.50843, 32.92521 ], [ -96.50862, 32.92539 ], [ -96.50885, 32.92546 ], [ -96.50904, 32.92546 ], [ -96.50932, 32.92559 ], [ -96.50934, 32.92576 ], [ -96.50981, 32.92602 ], [ -96.50993, 32.92604 ], [ -96.50995, 32.92615 ], [ -96.51014, 32.92611 ], [ -96.51032, 32.92617 ], [ -96.5104, 32.92637 ], [ -96.51213, 32.92728 ], [ -96.51224, 32.92718 ], [ -96.51244, 32.92728 ], [ -96.51244, 32.92741 ], [ -96.51266, 32.92743 ], [ -96.51274, 32.92759 ], [ -96.51304, 32.92774 ], [ -96.51336, 32.92773 ], [ -96.51357, 32.92796 ], [ -96.51381, 32.9281 ], [ -96.51399, 32.92835 ], [ -96.51417, 32.92841 ], [ -96.51414, 32.92856 ], [ -96.51461, 32.92876 ], [ -96.51495, 32.92922 ], [ -96.51493, 32.92952 ], [ -96.51505, 32.92958 ], [ -96.51502, 32.92985 ], [ -96.51519, 32.92985 ], [ -96.51534, 32.9302 ], [ -96.51531, 32.93076 ], [ -96.51548, 32.93148 ], [ -96.51568, 32.93172 ], [ -96.5159, 32.93302 ], [ -96.51579, 32.9336 ], [ -96.51566, 32.93362 ], [ -96.51565, 32.93373 ], [ -96.51574, 32.93375 ], [ -96.51579, 32.93396 ], [ -96.51568, 32.93414 ], [ -96.51569, 32.9343 ], [ -96.51548, 32.9346 ], [ -96.51548, 32.93492 ], [ -96.51535, 32.93507 ], [ -96.5152, 32.93555 ], [ -96.51519, 32.93615 ], [ -96.5156, 32.93715 ], [ -96.51558, 32.93733 ], [ -96.51568, 32.93749 ], [ -96.5158, 32.93747 ], [ -96.51607, 32.93801 ], [ -96.51599, 32.93809 ], [ -96.51609, 32.93816 ], [ -96.51615, 32.93813 ], [ -96.51649, 32.93839 ], [ -96.51682, 32.9388 ], [ -96.51731, 32.93887 ], [ -96.5176, 32.93906 ], [ -96.51774, 32.93901 ], [ -96.51782, 32.9389 ], [ -96.51797, 32.93915 ], [ -96.51849, 32.93919 ], [ -96.51847, 32.93936 ], [ -96.5187, 32.93965 ], [ -96.51891, 32.93971 ], [ -96.51874, 32.94005 ], [ -96.51821, 32.94009 ], [ -96.51761, 32.94031 ], [ -96.51734, 32.94084 ], [ -96.5173, 32.94104 ], [ -96.51733, 32.94169 ], [ -96.51744, 32.9419 ], [ -96.51735, 32.94246 ], [ -96.51749, 32.94307 ], [ -96.51731, 32.94326 ], [ -96.51736, 32.94353 ], [ -96.51753, 32.94373 ], [ -96.5175, 32.94399 ], [ -96.51722, 32.94413 ], [ -96.51728, 32.94433 ], [ -96.51708, 32.94439 ], [ -96.51697, 32.94454 ], [ -96.51665, 32.94566 ], [ -96.51668, 32.94595 ], [ -96.51651, 32.94601 ], [ -96.51647, 32.94636 ], [ -96.51674, 32.94641 ], [ -96.51675, 32.94671 ], [ -96.51667, 32.94688 ], [ -96.51677, 32.94724 ], [ -96.51711, 32.94795 ], [ -96.51713, 32.94824 ], [ -96.51738, 32.94883 ], [ -96.51769, 32.94939 ], [ -96.51778, 32.94984 ], [ -96.51759, 32.95012 ], [ -96.51767, 32.9506 ], [ -96.51786, 32.95094 ], [ -96.5177, 32.95133 ], [ -96.51765, 32.95188 ], [ -96.51731, 32.95187 ], [ -96.51704, 32.9516 ], [ -96.51679, 32.95163 ], [ -96.51687, 32.95179 ], [ -96.51674, 32.95185 ], [ -96.51614, 32.95153 ], [ -96.51552, 32.95168 ], [ -96.51529, 32.95179 ], [ -96.51503, 32.95183 ], [ -96.51473, 32.952 ], [ -96.51448, 32.95223 ], [ -96.51414, 32.95281 ], [ -96.51421, 32.95339 ], [ -96.51452, 32.95396 ], [ -96.5149, 32.95446 ], [ -96.51507, 32.9545 ], [ -96.51564, 32.9554 ], [ -96.51559, 32.95585 ], [ -96.51577, 32.95619 ], [ -96.51571, 32.95645 ], [ -96.51554, 32.9566 ], [ -96.51556, 32.95674 ], [ -96.51564, 32.95679 ], [ -96.51556, 32.95711 ], [ -96.51558, 32.95779 ], [ -96.51566, 32.95799 ], [ -96.51535, 32.95905 ], [ -96.51515, 32.95921 ], [ -96.51512, 32.95937 ], [ -96.51524, 32.95942 ], [ -96.51522, 32.95963 ], [ -96.51502, 32.9597 ], [ -96.51449, 32.96066 ], [ -96.51396, 32.96115 ], [ -96.51408, 32.96141 ], [ -96.51359, 32.96171 ], [ -96.51311, 32.96182 ], [ -96.51257, 32.9621 ], [ -96.5126, 32.96252 ], [ -96.51245, 32.96261 ], [ -96.51229, 32.96259 ], [ -96.51231, 32.96238 ], [ -96.51215, 32.96244 ], [ -96.51189, 32.96289 ], [ -96.51114, 32.96313 ], [ -96.51101, 32.96299 ], [ -96.51044, 32.96331 ], [ -96.51046, 32.96342 ], [ -96.51038, 32.96353 ], [ -96.50986, 32.96372 ], [ -96.50975, 32.9637 ], [ -96.50957, 32.96378 ], [ -96.50952, 32.96399 ], [ -96.50931, 32.96409 ], [ -96.50916, 32.96398 ], [ -96.50902, 32.964 ], [ -96.50834, 32.96494 ], [ -96.50737, 32.96665 ], [ -96.50718, 32.96809 ], [ -96.5069, 32.96829 ], [ -96.50687, 32.96902 ], [ -96.50657, 32.96976 ], [ -96.50602, 32.97048 ], [ -96.50609, 32.97217 ], [ -96.50554, 32.97614 ], [ -96.50504, 32.97762 ], [ -96.50518, 32.97787 ], [ -96.5051, 32.97814 ], [ -96.50483, 32.97847 ], [ -96.50441, 32.97835 ], [ -96.50366, 32.979 ], [ -96.50326, 32.97927 ], [ -96.50318, 32.97977 ], [ -96.50239, 32.98019 ], [ -96.50248, 32.98063 ], [ -96.50273, 32.98099 ], [ -96.50282, 32.98128 ], [ -96.5027, 32.98158 ], [ -96.50282, 32.98207 ], [ -96.50262, 32.98219 ], [ -96.50274, 32.98226 ], [ -96.50298, 32.98223 ], [ -96.50307, 32.9824 ], [ -96.50296, 32.98296 ], [ -96.5033, 32.98305 ], [ -96.50335, 32.9832 ], [ -96.50319, 32.98338 ], [ -96.50286, 32.98394 ], [ -96.50309, 32.98419 ], [ -96.50355, 32.98434 ], [ -96.50351, 32.98445 ], [ -96.504, 32.98453 ], [ -96.50405, 32.98465 ], [ -96.50393, 32.98473 ], [ -96.50351, 32.98473 ], [ -96.50338, 32.98485 ], [ -96.50288, 32.98475 ], [ -96.50242, 32.98437 ], [ -96.50227, 32.98437 ], [ -96.50232, 32.98449 ], [ -96.50282, 32.9848 ], [ -96.50342, 32.98492 ], [ -96.50367, 32.9851 ], [ -96.50334, 32.98539 ], [ -96.50287, 32.98544 ], [ -96.50277, 32.98579 ], [ -96.50235, 32.98587 ], [ -96.50191, 32.98555 ], [ -96.50103, 32.98578 ], [ -96.49996, 32.98498 ], [ -96.49916, 32.98405 ], [ -96.49881, 32.98379 ], [ -96.49854, 32.98345 ], [ -96.49779, 32.98328 ], [ -96.49748, 32.9839 ], [ -96.49762, 32.98436 ], [ -96.49725, 32.98472 ], [ -96.4974, 32.98598 ], [ -96.49745, 32.98707 ], [ -96.49787, 32.98715 ], [ -96.49785, 32.98803 ], [ -96.49739, 32.98843 ], [ -96.49665, 32.98871 ], [ -96.49605, 32.99038 ], [ -96.49614, 32.99099 ], [ -96.49599, 32.99155 ], [ -96.49614, 32.99222 ], [ -96.49665, 32.99344 ], [ -96.49672, 32.99407 ], [ -96.4967, 32.9956 ], [ -96.4968, 32.99614 ], [ -96.49704, 32.99662 ], [ -96.49713, 32.99713 ], [ -96.49698, 32.9976 ], [ -96.49683, 33.00016 ], [ -96.49647, 33.00114 ], [ -96.49622, 33.00265 ], [ -96.49421, 33.0042 ], [ -96.49348, 33.00452 ], [ -96.49282, 33.00449 ], [ -96.49221, 33.00472 ], [ -96.49163, 33.00504 ], [ -96.49013, 33.00554 ], [ -96.48948, 33.00588 ], [ -96.48835, 33.00605 ], [ -96.48764, 33.00642 ], [ -96.48755, 33.00624 ], [ -96.4877, 33.00604 ], [ -96.48785, 33.00551 ], [ -96.48828, 33.00457 ], [ -96.4873, 33.00435 ], [ -96.48718, 32.99872 ], [ -96.48821, 32.99796 ], [ -96.4884, 32.99514 ], [ -96.48558, 32.99497 ], [ -96.48498, 32.99173 ], [ -96.48526, 32.99056 ], [ -96.48719, 32.9895 ], [ -96.48815, 32.9887 ], [ -96.48829, 32.98807 ], [ -96.48698, 32.98813 ], [ -96.48666, 32.9869 ], [ -96.48711, 32.98616 ], [ -96.4882, 32.98513 ], [ -96.48698, 32.9835 ], [ -96.48469, 32.9826 ], [ -96.48372, 32.98236 ], [ -96.48327, 32.98217 ], [ -96.48334, 32.98163 ], [ -96.48178, 32.98099 ], [ -96.48106, 32.98126 ], [ -96.48076, 32.982 ], [ -96.4803, 32.98228 ], [ -96.4792, 32.98182 ], [ -96.47934, 32.98044 ], [ -96.47911, 32.97951 ], [ -96.4783, 32.97844 ], [ -96.47706, 32.97836 ], [ -96.47622, 32.97745 ], [ -96.47502, 32.977 ], [ -96.47478, 32.97657 ], [ -96.47498, 32.97599 ], [ -96.47552, 32.97597 ], [ -96.47558, 32.97539 ], [ -96.47551, 32.97462 ], [ -96.47565, 32.97398 ], [ -96.47618, 32.97326 ], [ -96.47676, 32.97297 ], [ -96.47881, 32.97062 ], [ -96.47937, 32.96927 ], [ -96.48014, 32.96902 ], [ -96.48135, 32.96746 ], [ -96.48192, 32.96687 ], [ -96.48158, 32.96586 ], [ -96.48153, 32.96496 ], [ -96.48212, 32.96446 ], [ -96.48217, 32.96324 ], [ -96.48173, 32.96151 ], [ -96.48198, 32.96124 ], [ -96.48146, 32.96078 ], [ -96.48126, 32.96077 ], [ -96.48125, 32.96071 ], [ -96.4814, 32.96071 ], [ -96.48134, 32.96065 ], [ -96.48124, 32.96047 ], [ -96.48118, 32.96047 ], [ -96.48076, 32.95975 ], [ -96.48074, 32.95968 ], [ -96.48072, 32.9596 ], [ -96.48088, 32.95888 ], [ -96.48149, 32.95858 ], [ -96.48193, 32.95808 ], [ -96.48265, 32.95764 ], [ -96.48304, 32.95746 ], [ -96.48346, 32.95742 ], [ -96.48353, 32.9574 ], [ -96.48361, 32.95742 ], [ -96.48376, 32.95745 ], [ -96.48388, 32.95737 ], [ -96.48387, 32.95727 ], [ -96.48395, 32.9572 ], [ -96.48415, 32.95718 ], [ -96.4844, 32.9568 ], [ -96.48489, 32.95679 ], [ -96.48521, 32.95671 ], [ -96.48524, 32.95673 ], [ -96.4854, 32.95675 ], [ -96.48557, 32.95668 ], [ -96.48563, 32.95659 ], [ -96.48565, 32.95651 ], [ -96.48566, 32.95632 ], [ -96.48556, 32.95622 ], [ -96.48544, 32.95622 ], [ -96.48537, 32.95608 ], [ -96.48563, 32.9556 ], [ -96.48611, 32.95563 ], [ -96.48617, 32.95557 ], [ -96.48623, 32.95558 ], [ -96.48637, 32.95542 ], [ -96.48636, 32.95537 ], [ -96.48638, 32.95533 ], [ -96.48626, 32.95518 ], [ -96.48626, 32.95503 ], [ -96.48642, 32.95492 ], [ -96.48649, 32.95494 ], [ -96.48659, 32.9549 ], [ -96.48671, 32.95468 ], [ -96.48678, 32.95452 ], [ -96.48679, 32.95439 ], [ -96.48678, 32.95424 ], [ -96.4867, 32.95416 ], [ -96.48666, 32.95408 ], [ -96.48671, 32.95396 ], [ -96.48685, 32.95381 ], [ -96.48691, 32.95372 ], [ -96.48695, 32.95362 ], [ -96.48692, 32.95345 ], [ -96.48684, 32.95341 ], [ -96.48665, 32.95338 ], [ -96.48663, 32.95336 ], [ -96.48618, 32.95328 ], [ -96.48604, 32.95332 ], [ -96.48597, 32.95332 ], [ -96.48588, 32.95334 ], [ -96.48567, 32.95336 ], [ -96.48547, 32.95337 ], [ -96.48535, 32.95336 ], [ -96.48535, 32.95337 ], [ -96.48502, 32.95331 ], [ -96.48497, 32.9533 ], [ -96.48481, 32.95318 ], [ -96.48484, 32.9531 ], [ -96.48498, 32.95306 ], [ -96.4851, 32.95309 ], [ -96.48542, 32.95313 ], [ -96.48543, 32.95313 ], [ -96.48564, 32.95317 ], [ -96.48622, 32.95313 ], [ -96.48703, 32.95325 ], [ -96.48703, 32.95325 ], [ -96.48716, 32.95333 ], [ -96.48714, 32.95346 ], [ -96.48727, 32.95344 ], [ -96.48737, 32.95347 ], [ -96.48747, 32.95343 ], [ -96.48826, 32.95374 ], [ -96.48846, 32.9537 ], [ -96.48856, 32.95369 ], [ -96.48864, 32.95361 ], [ -96.48864, 32.95361 ], [ -96.48866, 32.95359 ], [ -96.48865, 32.95353 ], [ -96.48865, 32.95351 ], [ -96.48865, 32.95339 ], [ -96.48865, 32.95329 ], [ -96.48851, 32.95314 ], [ -96.48838, 32.95303 ], [ -96.48826, 32.95295 ], [ -96.48821, 32.95291 ], [ -96.48813, 32.95282 ], [ -96.4881, 32.9527 ], [ -96.4883, 32.95242 ], [ -96.48847, 32.95228 ], [ -96.48854, 32.95224 ], [ -96.48856, 32.95223 ], [ -96.48881, 32.95213 ], [ -96.48904, 32.9522 ], [ -96.4891, 32.95224 ], [ -96.48917, 32.95229 ], [ -96.48925, 32.95235 ], [ -96.48939, 32.9524 ], [ -96.48948, 32.95243 ], [ -96.48969, 32.95239 ], [ -96.4898, 32.95235 ], [ -96.4899, 32.95232 ], [ -96.4901, 32.95228 ], [ -96.49025, 32.95224 ], [ -96.49044, 32.95217 ], [ -96.49064, 32.95209 ], [ -96.4908, 32.95201 ], [ -96.49094, 32.95196 ], [ -96.49102, 32.95189 ], [ -96.49112, 32.95182 ], [ -96.49116, 32.95177 ], [ -96.49137, 32.95166 ], [ -96.49144, 32.95125 ], [ -96.49092, 32.95044 ], [ -96.49095, 32.95032 ], [ -96.49096, 32.95023 ], [ -96.49093, 32.9502 ], [ -96.49094, 32.95016 ], [ -96.49066, 32.94978 ], [ -96.4906, 32.94949 ], [ -96.49031, 32.94916 ], [ -96.49025, 32.94902 ], [ -96.49026, 32.949 ], [ -96.49041, 32.94895 ], [ -96.4907, 32.94909 ], [ -96.49077, 32.94909 ], [ -96.49082, 32.94912 ], [ -96.49094, 32.94914 ], [ -96.49103, 32.94913 ], [ -96.49121, 32.94915 ], [ -96.4913, 32.9492 ], [ -96.49144, 32.94925 ], [ -96.49144, 32.94925 ], [ -96.49146, 32.94927 ], [ -96.4917, 32.94925 ], [ -96.49178, 32.94927 ], [ -96.49186, 32.94931 ], [ -96.4919, 32.9494 ], [ -96.49193, 32.9495 ], [ -96.49194, 32.94957 ], [ -96.4918, 32.94975 ], [ -96.49144, 32.94986 ], [ -96.49141, 32.95005 ], [ -96.4915, 32.95019 ], [ -96.49189, 32.94994 ], [ -96.49204, 32.9495 ], [ -96.49207, 32.94945 ], [ -96.49208, 32.94938 ], [ -96.49209, 32.94934 ], [ -96.49216, 32.9493 ], [ -96.49255, 32.94931 ], [ -96.49263, 32.94953 ], [ -96.49264, 32.94955 ], [ -96.49265, 32.94957 ], [ -96.4928, 32.95 ], [ -96.49283, 32.94999 ], [ -96.49291, 32.95003 ], [ -96.49309, 32.94995 ], [ -96.49319, 32.94987 ], [ -96.49328, 32.94981 ], [ -96.49334, 32.94976 ], [ -96.49344, 32.94958 ], [ -96.49348, 32.94948 ], [ -96.49342, 32.94943 ], [ -96.49363, 32.94912 ], [ -96.49379, 32.94909 ], [ -96.49382, 32.949 ], [ -96.49377, 32.94894 ], [ -96.49391, 32.94876 ], [ -96.49398, 32.94872 ], [ -96.49406, 32.94864 ], [ -96.49413, 32.94856 ], [ -96.49422, 32.94842 ], [ -96.49426, 32.94836 ], [ -96.49437, 32.94822 ], [ -96.49441, 32.94814 ], [ -96.49452, 32.94801 ], [ -96.49458, 32.94773 ], [ -96.49464, 32.94768 ], [ -96.49468, 32.94752 ], [ -96.4947, 32.94744 ], [ -96.49468, 32.94729 ], [ -96.4952, 32.94632 ], [ -96.49521, 32.94628 ], [ -96.49527, 32.94618 ], [ -96.49527, 32.94609 ], [ -96.49526, 32.94598 ], [ -96.49528, 32.94584 ], [ -96.49518, 32.94581 ], [ -96.49505, 32.94579 ], [ -96.49492, 32.94588 ], [ -96.49479, 32.9458 ], [ -96.49469, 32.94589 ], [ -96.49463, 32.94597 ], [ -96.49456, 32.94604 ], [ -96.4945, 32.94611 ], [ -96.49429, 32.94608 ], [ -96.49421, 32.94598 ], [ -96.49413, 32.94592 ], [ -96.494, 32.9458 ], [ -96.49396, 32.94578 ], [ -96.49394, 32.94575 ], [ -96.49392, 32.94576 ], [ -96.49392, 32.94575 ], [ -96.49381, 32.94574 ], [ -96.49372, 32.94576 ], [ -96.49364, 32.9458 ], [ -96.49357, 32.94586 ], [ -96.49352, 32.94595 ], [ -96.49335, 32.94621 ], [ -96.49328, 32.94631 ], [ -96.49321, 32.94643 ], [ -96.49316, 32.94654 ], [ -96.49296, 32.94675 ], [ -96.49291, 32.94679 ], [ -96.49282, 32.94685 ], [ -96.4923, 32.9469 ], [ -96.49223, 32.94689 ], [ -96.49203, 32.94689 ], [ -96.49185, 32.94692 ], [ -96.49174, 32.94693 ], [ -96.49162, 32.94692 ], [ -96.49157, 32.94683 ], [ -96.4914, 32.94679 ], [ -96.49127, 32.94671 ], [ -96.49106, 32.94672 ], [ -96.49092, 32.94667 ], [ -96.49076, 32.94663 ], [ -96.49058, 32.94663 ], [ -96.49041, 32.9466 ], [ -96.49031, 32.94662 ], [ -96.49022, 32.94671 ], [ -96.49022, 32.94678 ], [ -96.49015, 32.9468 ], [ -96.49026, 32.94708 ], [ -96.49026, 32.94709 ], [ -96.48971, 32.9473 ], [ -96.48964, 32.94723 ], [ -96.48956, 32.94713 ], [ -96.48948, 32.94701 ], [ -96.48943, 32.9469 ], [ -96.4894, 32.9468 ], [ -96.48921, 32.94689 ], [ -96.48907, 32.94696 ], [ -96.48906, 32.94696 ], [ -96.48893, 32.94686 ], [ -96.489, 32.94666 ], [ -96.48884, 32.94664 ], [ -96.48871, 32.94667 ], [ -96.48862, 32.94655 ], [ -96.48854, 32.94651 ], [ -96.48847, 32.94635 ], [ -96.48845, 32.94632 ], [ -96.48844, 32.9463 ], [ -96.48842, 32.94628 ], [ -96.48841, 32.94626 ], [ -96.48829, 32.94611 ], [ -96.48822, 32.946 ], [ -96.48818, 32.94592 ], [ -96.48814, 32.94584 ], [ -96.48808, 32.94576 ], [ -96.48796, 32.94561 ], [ -96.48789, 32.94549 ], [ -96.48785, 32.94536 ], [ -96.48773, 32.94505 ], [ -96.48769, 32.94495 ], [ -96.48764, 32.94488 ], [ -96.48755, 32.94484 ], [ -96.48748, 32.94473 ], [ -96.48739, 32.94461 ], [ -96.48729, 32.94442 ], [ -96.48729, 32.94442 ], [ -96.48727, 32.94432 ], [ -96.48719, 32.94428 ], [ -96.48714, 32.94421 ], [ -96.48707, 32.94408 ], [ -96.48701, 32.944 ], [ -96.48698, 32.94394 ], [ -96.487, 32.94391 ], [ -96.48692, 32.94371 ], [ -96.48677, 32.94355 ], [ -96.48677, 32.9434 ], [ -96.48677, 32.94331 ], [ -96.48672, 32.94322 ], [ -96.48671, 32.94317 ], [ -96.48666, 32.94309 ], [ -96.48665, 32.94306 ], [ -96.4866, 32.94297 ], [ -96.48656, 32.94286 ], [ -96.48653, 32.94274 ], [ -96.48649, 32.94264 ], [ -96.48641, 32.94257 ], [ -96.48633, 32.94249 ], [ -96.48621, 32.94227 ], [ -96.48627, 32.94215 ], [ -96.48639, 32.9421 ], [ -96.48638, 32.94202 ], [ -96.48635, 32.94191 ], [ -96.48628, 32.94179 ], [ -96.48621, 32.94165 ], [ -96.4862, 32.94165 ], [ -96.48619, 32.94161 ], [ -96.48615, 32.94161 ], [ -96.48609, 32.94157 ], [ -96.48604, 32.9415 ], [ -96.48599, 32.94138 ], [ -96.4859, 32.94125 ], [ -96.48581, 32.94114 ], [ -96.48569, 32.94102 ], [ -96.48556, 32.94091 ], [ -96.48549, 32.94082 ], [ -96.48541, 32.94073 ], [ -96.48533, 32.94065 ], [ -96.48522, 32.94055 ], [ -96.48513, 32.94045 ], [ -96.48503, 32.94037 ], [ -96.48496, 32.94033 ], [ -96.48496, 32.94032 ], [ -96.48495, 32.94032 ], [ -96.48491, 32.9403 ], [ -96.48479, 32.94027 ], [ -96.48466, 32.94025 ], [ -96.48452, 32.9402 ], [ -96.4844, 32.94023 ], [ -96.48419, 32.94018 ], [ -96.48414, 32.94017 ], [ -96.4837, 32.94002 ], [ -96.48357, 32.93995 ], [ -96.48334, 32.93987 ], [ -96.48324, 32.9398 ], [ -96.4832, 32.93979 ], [ -96.48272, 32.93927 ], [ -96.48269, 32.9392 ], [ -96.48264, 32.93909 ], [ -96.4826, 32.93898 ], [ -96.48258, 32.93895 ], [ -96.48255, 32.93886 ], [ -96.48244, 32.93876 ], [ -96.48243, 32.93873 ], [ -96.48233, 32.93865 ], [ -96.48222, 32.93852 ], [ -96.48215, 32.93847 ], [ -96.48208, 32.93839 ], [ -96.48205, 32.93837 ], [ -96.48185, 32.93801 ], [ -96.48163, 32.93779 ], [ -96.48161, 32.93762 ], [ -96.48159, 32.93759 ], [ -96.48155, 32.93748 ], [ -96.4815, 32.93744 ], [ -96.48148, 32.9374 ], [ -96.48129, 32.93656 ], [ -96.4812, 32.93643 ], [ -96.48113, 32.93643 ], [ -96.48107, 32.93637 ], [ -96.48103, 32.93628 ], [ -96.48098, 32.93617 ], [ -96.48092, 32.93609 ], [ -96.4809, 32.93598 ], [ -96.48099, 32.93581 ], [ -96.48098, 32.93573 ], [ -96.48092, 32.93567 ], [ -96.48089, 32.93565 ], [ -96.48088, 32.93564 ], [ -96.4808, 32.93558 ], [ -96.48076, 32.93554 ], [ -96.48067, 32.93549 ], [ -96.48065, 32.93548 ], [ -96.48064, 32.93547 ], [ -96.48065, 32.93543 ], [ -96.48046, 32.93536 ], [ -96.48045, 32.93535 ], [ -96.48044, 32.93533 ], [ -96.48044, 32.93525 ], [ -96.48042, 32.93515 ], [ -96.4804, 32.93506 ], [ -96.48036, 32.93498 ], [ -96.48034, 32.93484 ], [ -96.48035, 32.93469 ], [ -96.48035, 32.93469 ], [ -96.48036, 32.93465 ], [ -96.48034, 32.9346 ], [ -96.48032, 32.93451 ], [ -96.48032, 32.93439 ], [ -96.48032, 32.9342 ], [ -96.48027, 32.93407 ], [ -96.48025, 32.934 ], [ -96.48024, 32.93396 ], [ -96.48022, 32.93392 ], [ -96.48017, 32.93381 ], [ -96.48012, 32.93367 ], [ -96.48005, 32.93357 ], [ -96.47999, 32.93346 ], [ -96.47991, 32.93334 ], [ -96.47985, 32.93325 ], [ -96.47976, 32.93313 ], [ -96.47967, 32.93298 ], [ -96.47955, 32.93292 ], [ -96.47945, 32.93287 ], [ -96.47941, 32.93286 ], [ -96.47939, 32.93281 ], [ -96.4795, 32.93277 ], [ -96.47943, 32.93267 ], [ -96.47937, 32.93261 ], [ -96.47921, 32.93245 ], [ -96.47912, 32.93238 ], [ -96.47904, 32.93232 ], [ -96.4789, 32.93219 ], [ -96.47885, 32.93214 ], [ -96.4788, 32.93207 ], [ -96.4787, 32.93201 ], [ -96.47833, 32.93167 ], [ -96.47829, 32.93161 ], [ -96.47826, 32.93155 ], [ -96.47813, 32.93138 ], [ -96.47811, 32.93135 ], [ -96.47809, 32.93131 ], [ -96.47808, 32.93131 ], [ -96.47806, 32.93129 ], [ -96.47791, 32.93121 ], [ -96.47784, 32.93115 ], [ -96.47762, 32.93106 ], [ -96.47756, 32.93104 ], [ -96.47742, 32.93097 ], [ -96.4774, 32.93095 ], [ -96.47727, 32.93081 ], [ -96.4772, 32.93075 ], [ -96.4771, 32.93071 ], [ -96.477, 32.93064 ], [ -96.47689, 32.9306 ], [ -96.47671, 32.9306 ], [ -96.4766, 32.93062 ], [ -96.47638, 32.93053 ], [ -96.47622, 32.93042 ], [ -96.47619, 32.93037 ], [ -96.47622, 32.9303 ], [ -96.47612, 32.93019 ], [ -96.47604, 32.93019 ], [ -96.47598, 32.93018 ], [ -96.47586, 32.93019 ], [ -96.47571, 32.93025 ], [ -96.47569, 32.93026 ], [ -96.47547, 32.93026 ], [ -96.47503, 32.93012 ], [ -96.47482, 32.92991 ], [ -96.47472, 32.92988 ], [ -96.47455, 32.92994 ], [ -96.47453, 32.92984 ], [ -96.47441, 32.92984 ], [ -96.47423, 32.92971 ], [ -96.47412, 32.92974 ], [ -96.47409, 32.9297 ], [ -96.47402, 32.9296 ], [ -96.47398, 32.92953 ], [ -96.47394, 32.92944 ], [ -96.47392, 32.92939 ], [ -96.47391, 32.92927 ], [ -96.47384, 32.92926 ], [ -96.47383, 32.92924 ], [ -96.47412, 32.9292 ], [ -96.47443, 32.92897 ], [ -96.47437, 32.92865 ], [ -96.47432, 32.92864 ], [ -96.47432, 32.92843 ], [ -96.48876, 32.92536 ], [ -96.49186, 32.92476 ], [ -96.49195, 32.92468 ], [ -96.49195, 32.9246 ], [ -96.4919, 32.92448 ], [ -96.49178, 32.92442 ], [ -96.49132, 32.92451 ], [ -96.49109, 32.92442 ], [ -96.49099, 32.92447 ], [ -96.49093, 32.92459 ], [ -96.48901, 32.925 ], [ -96.4886, 32.92497 ], [ -96.48844, 32.92512 ], [ -96.48788, 32.92526 ], [ -96.48706, 32.92539 ], [ -96.47395, 32.92813 ], [ -96.47387, 32.92807 ], [ -96.47379, 32.92807 ], [ -96.47377, 32.92806 ], [ -96.47367, 32.92806 ], [ -96.47365, 32.92809 ], [ -96.47352, 32.92822 ], [ -96.4735, 32.92822 ], [ -96.47335, 32.92813 ], [ -96.47329, 32.92807 ], [ -96.4732, 32.92803 ], [ -96.47308, 32.928 ], [ -96.47303, 32.92792 ], [ -96.47299, 32.92779 ], [ -96.47293, 32.92768 ], [ -96.47287, 32.92759 ], [ -96.47283, 32.92749 ], [ -96.47282, 32.92737 ], [ -96.47284, 32.92724 ], [ -96.47283, 32.92702 ], [ -96.47276, 32.92684 ], [ -96.47273, 32.92683 ], [ -96.47269, 32.92667 ], [ -96.47262, 32.92662 ], [ -96.47261, 32.92648 ], [ -96.47259, 32.92635 ], [ -96.47254, 32.92626 ], [ -96.47248, 32.9262 ], [ -96.47242, 32.92613 ], [ -96.47241, 32.92603 ], [ -96.4723, 32.92595 ], [ -96.4723, 32.92588 ], [ -96.47225, 32.92591 ], [ -96.47222, 32.92585 ], [ -96.4722, 32.92575 ], [ -96.47224, 32.92562 ], [ -96.47226, 32.9255 ], [ -96.47226, 32.92544 ], [ -96.47228, 32.92535 ], [ -96.47222, 32.92529 ], [ -96.47217, 32.92518 ], [ -96.47211, 32.92511 ], [ -96.47198, 32.92513 ], [ -96.47197, 32.92511 ], [ -96.47194, 32.92485 ], [ -96.47194, 32.92485 ], [ -96.47195, 32.92484 ], [ -96.47188, 32.92479 ], [ -96.47179, 32.9247 ], [ -96.47171, 32.92463 ], [ -96.47169, 32.92458 ], [ -96.4716, 32.92451 ], [ -96.47145, 32.92448 ], [ -96.47138, 32.92443 ], [ -96.47129, 32.92441 ], [ -96.47125, 32.92441 ], [ -96.47119, 32.92437 ], [ -96.47118, 32.9243 ], [ -96.47122, 32.92419 ], [ -96.47122, 32.92408 ], [ -96.47114, 32.92387 ], [ -96.47112, 32.92379 ], [ -96.47105, 32.92365 ], [ -96.47104, 32.9235 ], [ -96.47105, 32.92323 ], [ -96.47107, 32.92308 ], [ -96.4711, 32.923 ], [ -96.47117, 32.92289 ], [ -96.47113, 32.92281 ], [ -96.47114, 32.92279 ], [ -96.47092, 32.92266 ], [ -96.47092, 32.92258 ], [ -96.47087, 32.92255 ], [ -96.47086, 32.92251 ], [ -96.47085, 32.9224 ], [ -96.4708, 32.92219 ], [ -96.47075, 32.92201 ], [ -96.47073, 32.9219 ], [ -96.47072, 32.9218 ], [ -96.47068, 32.92169 ], [ -96.47065, 32.92161 ], [ -96.47056, 32.92141 ], [ -96.47044, 32.92121 ], [ -96.47034, 32.92103 ], [ -96.47028, 32.92093 ], [ -96.47025, 32.92085 ], [ -96.47013, 32.92068 ], [ -96.47007, 32.92058 ], [ -96.47001, 32.9205 ], [ -96.46988, 32.92029 ], [ -96.46981, 32.9202 ], [ -96.46976, 32.92012 ], [ -96.46971, 32.92004 ], [ -96.46959, 32.91988 ], [ -96.46953, 32.91982 ], [ -96.46956, 32.91969 ], [ -96.46958, 32.91966 ], [ -96.46961, 32.91966 ], [ -96.46969, 32.91948 ], [ -96.46963, 32.91951 ], [ -96.46963, 32.9195 ], [ -96.46944, 32.91961 ], [ -96.46935, 32.91963 ], [ -96.46934, 32.91955 ], [ -96.46942, 32.91946 ], [ -96.46933, 32.91936 ], [ -96.46931, 32.91934 ], [ -96.46927, 32.9193 ], [ -96.46912, 32.91913 ], [ -96.46908, 32.91904 ], [ -96.46903, 32.91893 ], [ -96.46899, 32.91883 ], [ -96.46886, 32.91873 ], [ -96.4688, 32.91867 ], [ -96.46871, 32.91858 ], [ -96.46866, 32.9185 ], [ -96.46852, 32.9184 ], [ -96.46842, 32.9183 ], [ -96.46842, 32.91821 ], [ -96.46833, 32.91808 ], [ -96.46828, 32.91793 ], [ -96.46824, 32.91782 ], [ -96.46821, 32.91768 ], [ -96.46822, 32.91756 ], [ -96.46817, 32.91748 ], [ -96.46811, 32.9174 ], [ -96.46806, 32.91733 ], [ -96.46801, 32.91719 ], [ -96.46796, 32.9171 ], [ -96.46785, 32.91692 ], [ -96.46779, 32.91685 ], [ -96.46775, 32.91666 ], [ -96.46773, 32.9166 ], [ -96.46773, 32.91659 ], [ -96.46772, 32.91653 ], [ -96.46764, 32.91645 ], [ -96.46761, 32.91636 ], [ -96.46754, 32.91625 ], [ -96.46749, 32.91618 ], [ -96.46743, 32.91605 ], [ -96.46735, 32.9158 ], [ -96.46737, 32.91572 ], [ -96.46733, 32.91564 ], [ -96.46729, 32.91557 ], [ -96.46722, 32.91536 ], [ -96.46719, 32.91529 ], [ -96.46711, 32.91505 ], [ -96.46711, 32.91496 ], [ -96.46711, 32.91495 ], [ -96.46704, 32.91484 ], [ -96.46706, 32.9147 ], [ -96.46704, 32.91468 ], [ -96.46704, 32.91468 ], [ -96.46703, 32.91467 ], [ -96.46699, 32.91463 ], [ -96.46699, 32.9145 ], [ -96.46697, 32.91442 ], [ -96.46697, 32.91439 ], [ -96.46702, 32.91425 ], [ -96.46708, 32.91418 ], [ -96.46708, 32.91405 ], [ -96.46707, 32.91394 ], [ -96.46702, 32.9139 ], [ -96.467, 32.91375 ], [ -96.467, 32.91375 ], [ -96.46699, 32.91361 ], [ -96.46699, 32.9136 ], [ -96.46697, 32.91351 ], [ -96.46703, 32.91304 ], [ -96.46693, 32.91284 ], [ -96.46694, 32.91274 ], [ -96.46695, 32.91257 ], [ -96.46698, 32.91238 ], [ -96.46702, 32.91224 ], [ -96.467, 32.91222 ], [ -96.467, 32.91218 ], [ -96.467, 32.9121 ], [ -96.46705, 32.912 ], [ -96.46696, 32.91191 ], [ -96.46695, 32.91188 ], [ -96.46706, 32.91186 ], [ -96.46708, 32.91185 ], [ -96.4671, 32.91186 ], [ -96.46711, 32.91185 ], [ -96.46716, 32.91184 ], [ -96.46717, 32.91176 ], [ -96.46716, 32.91161 ], [ -96.46716, 32.91154 ], [ -96.46717, 32.91154 ], [ -96.4672, 32.91111 ], [ -96.4672, 32.91111 ], [ -96.46724, 32.91099 ], [ -96.4673, 32.91083 ], [ -96.46736, 32.91074 ], [ -96.46741, 32.91064 ], [ -96.46746, 32.91049 ], [ -96.46755, 32.91035 ], [ -96.46763, 32.91029 ], [ -96.46776, 32.91012 ], [ -96.46786, 32.91006 ], [ -96.46797, 32.90996 ], [ -96.46787, 32.90988 ], [ -96.46779, 32.90977 ], [ -96.46771, 32.90972 ], [ -96.46779, 32.90967 ], [ -96.4679, 32.90975 ], [ -96.46795, 32.90977 ], [ -96.46814, 32.9099 ], [ -96.4682, 32.90989 ], [ -96.46827, 32.9099 ], [ -96.46827, 32.90982 ], [ -96.46827, 32.90972 ], [ -96.46824, 32.90964 ], [ -96.46836, 32.90955 ], [ -96.46838, 32.90944 ], [ -96.46838, 32.9093 ], [ -96.46839, 32.90916 ], [ -96.46847, 32.90906 ], [ -96.46847, 32.90911 ], [ -96.46849, 32.90915 ], [ -96.46849, 32.90918 ], [ -96.4685, 32.90929 ], [ -96.4685, 32.90943 ], [ -96.46856, 32.90954 ], [ -96.46866, 32.90948 ], [ -96.46876, 32.9094 ], [ -96.46888, 32.90931 ], [ -96.46906, 32.90917 ], [ -96.46927, 32.90902 ], [ -96.46937, 32.90896 ], [ -96.46946, 32.90889 ], [ -96.46953, 32.90884 ], [ -96.46963, 32.90879 ], [ -96.46988, 32.90866 ], [ -96.47004, 32.90858 ], [ -96.47022, 32.90851 ], [ -96.47032, 32.90846 ], [ -96.47042, 32.90841 ], [ -96.47059, 32.90833 ], [ -96.47068, 32.90828 ], [ -96.47085, 32.9082 ], [ -96.47103, 32.9081 ], [ -96.47122, 32.90804 ], [ -96.47132, 32.90801 ], [ -96.47147, 32.90795 ], [ -96.4716, 32.90788 ], [ -96.47169, 32.90785 ], [ -96.47178, 32.9078 ], [ -96.4718, 32.90771 ], [ -96.4718, 32.90762 ], [ -96.47177, 32.90747 ], [ -96.47174, 32.90732 ], [ -96.47171, 32.90724 ], [ -96.47166, 32.90716 ], [ -96.47166, 32.90715 ], [ -96.47162, 32.90701 ], [ -96.47169, 32.9067 ], [ -96.47174, 32.90656 ], [ -96.47181, 32.90643 ], [ -96.4718, 32.90629 ], [ -96.47175, 32.90612 ], [ -96.47174, 32.90599 ], [ -96.47175, 32.90589 ], [ -96.47174, 32.90576 ], [ -96.47177, 32.90562 ], [ -96.47183, 32.90555 ], [ -96.47194, 32.90539 ], [ -96.47202, 32.90532 ], [ -96.47207, 32.90525 ], [ -96.47227, 32.90508 ], [ -96.47242, 32.90498 ], [ -96.47256, 32.90486 ], [ -96.47267, 32.90477 ], [ -96.47274, 32.90472 ], [ -96.47284, 32.9046 ], [ -96.47294, 32.90449 ], [ -96.47311, 32.90433 ], [ -96.47317, 32.90421 ], [ -96.47317, 32.9042 ], [ -96.47329, 32.90395 ], [ -96.47335, 32.90397 ], [ -96.47339, 32.90398 ], [ -96.47352, 32.90406 ], [ -96.47364, 32.90407 ], [ -96.47376, 32.90405 ], [ -96.47383, 32.90399 ], [ -96.47384, 32.90398 ], [ -96.47388, 32.90394 ], [ -96.47396, 32.90387 ], [ -96.47404, 32.9038 ], [ -96.47413, 32.90368 ], [ -96.47414, 32.90366 ], [ -96.47417, 32.90364 ], [ -96.47468, 32.90337 ], [ -96.47467, 32.90335 ], [ -96.47472, 32.90332 ], [ -96.47491, 32.90325 ], [ -96.47516, 32.90316 ], [ -96.47528, 32.9031 ], [ -96.47535, 32.903 ], [ -96.47551, 32.90288 ], [ -96.47566, 32.90277 ], [ -96.47573, 32.90269 ], [ -96.47578, 32.90262 ], [ -96.47585, 32.90251 ], [ -96.47587, 32.90243 ], [ -96.47583, 32.90236 ], [ -96.47591, 32.90231 ], [ -96.47596, 32.90217 ], [ -96.47603, 32.90205 ], [ -96.47606, 32.90194 ], [ -96.47607, 32.90181 ], [ -96.4761, 32.9018 ], [ -96.47618, 32.90183 ], [ -96.47633, 32.90167 ], [ -96.47641, 32.90163 ], [ -96.47653, 32.90159 ], [ -96.47655, 32.90158 ], [ -96.47675, 32.90151 ], [ -96.47685, 32.9015 ], [ -96.47697, 32.90156 ], [ -96.47705, 32.90161 ], [ -96.47714, 32.90165 ], [ -96.47729, 32.90166 ], [ -96.47739, 32.90165 ], [ -96.47754, 32.90157 ], [ -96.47768, 32.90153 ], [ -96.47786, 32.90148 ], [ -96.47799, 32.90137 ], [ -96.47807, 32.90133 ], [ -96.47825, 32.9013 ], [ -96.47842, 32.90122 ], [ -96.47863, 32.90116 ], [ -96.47885, 32.9011 ], [ -96.47905, 32.90106 ], [ -96.47922, 32.901 ], [ -96.47935, 32.90097 ], [ -96.47983, 32.901 ], [ -96.48007, 32.90094 ], [ -96.48008, 32.90094 ], [ -96.48029, 32.9009 ], [ -96.4804, 32.90087 ], [ -96.48046, 32.90086 ], [ -96.48047, 32.90085 ], [ -96.4805, 32.90084 ], [ -96.48064, 32.90073 ], [ -96.48085, 32.90066 ], [ -96.48115, 32.90055 ], [ -96.4813, 32.9005 ], [ -96.48134, 32.9005 ], [ -96.4814, 32.90046 ], [ -96.48146, 32.90044 ], [ -96.4817, 32.90035 ], [ -96.48181, 32.90027 ], [ -96.48189, 32.90025 ], [ -96.48198, 32.90012 ], [ -96.48197, 32.9001 ], [ -96.48199, 32.90008 ], [ -96.48201, 32.89995 ], [ -96.48219, 32.8998 ], [ -96.48225, 32.89964 ], [ -96.48228, 32.89949 ], [ -96.48229, 32.8993 ], [ -96.48224, 32.89914 ], [ -96.48224, 32.899 ], [ -96.48223, 32.89896 ], [ -96.48223, 32.89896 ], [ -96.48222, 32.89895 ], [ -96.48221, 32.89892 ], [ -96.4822, 32.89883 ], [ -96.48216, 32.89865 ], [ -96.48214, 32.89861 ], [ -96.48214, 32.89861 ], [ -96.48208, 32.89848 ], [ -96.48204, 32.89839 ], [ -96.48199, 32.89825 ], [ -96.48198, 32.89817 ], [ -96.48195, 32.89808 ], [ -96.48193, 32.89802 ], [ -96.48189, 32.89778 ], [ -96.48189, 32.89777 ], [ -96.48189, 32.89768 ], [ -96.48205, 32.89754 ], [ -96.48208, 32.89753 ], [ -96.48228, 32.89744 ], [ -96.48249, 32.89736 ], [ -96.48275, 32.89724 ], [ -96.48274, 32.89724 ], [ -96.48275, 32.89723 ], [ -96.48272, 32.89719 ], [ -96.48262, 32.89721 ], [ -96.48261, 32.89721 ], [ -96.48249, 32.89724 ], [ -96.48243, 32.89725 ], [ -96.48211, 32.89726 ], [ -96.48205, 32.89726 ], [ -96.48189, 32.89727 ], [ -96.48182, 32.89725 ], [ -96.48178, 32.89725 ], [ -96.48174, 32.8972 ], [ -96.48171, 32.89715 ], [ -96.4817, 32.89706 ], [ -96.48153, 32.89541 ], [ -96.48154, 32.89535 ], [ -96.48154, 32.89526 ], [ -96.48151, 32.89517 ], [ -96.48157, 32.8951 ], [ -96.48171, 32.8945 ], [ -96.48171, 32.89449 ], [ -96.48171, 32.89449 ], [ -96.48173, 32.89441 ], [ -96.48206, 32.89392 ], [ -96.48234, 32.89378 ], [ -96.48243, 32.89372 ], [ -96.48258, 32.89365 ], [ -96.48848, 32.89086 ], [ -96.48861, 32.89078 ], [ -96.48873, 32.89073 ], [ -96.48897, 32.89063 ], [ -96.48906, 32.89058 ], [ -96.48917, 32.89053 ], [ -96.48916, 32.89044 ], [ -96.48919, 32.89043 ], [ -96.48912, 32.89033 ], [ -96.48908, 32.89026 ], [ -96.48903, 32.89018 ], [ -96.48897, 32.89011 ], [ -96.48887, 32.88999 ], [ -96.48877, 32.88997 ], [ -96.4885, 32.89009 ], [ -96.48829, 32.89019 ], [ -96.48298, 32.89253 ], [ -96.48286, 32.89251 ], [ -96.48286, 32.89251 ], [ -96.48277, 32.89254 ], [ -96.48274, 32.89258 ], [ -96.48266, 32.89262 ], [ -96.48261, 32.89263 ], [ -96.48258, 32.89255 ], [ -96.48259, 32.89247 ], [ -96.48259, 32.89236 ], [ -96.48272, 32.89224 ], [ -96.4828, 32.89219 ], [ -96.48279, 32.89207 ], [ -96.48278, 32.89197 ], [ -96.48269, 32.89181 ], [ -96.48263, 32.89171 ], [ -96.4826, 32.8916 ], [ -96.48259, 32.89145 ], [ -96.48256, 32.89131 ], [ -96.48251, 32.89113 ], [ -96.48246, 32.89103 ], [ -96.48235, 32.89097 ], [ -96.48224, 32.89097 ], [ -96.48215, 32.89099 ], [ -96.48183, 32.89109 ], [ -96.48167, 32.89118 ], [ -96.48154, 32.89119 ], [ -96.4815, 32.89102 ], [ -96.48166, 32.89101 ], [ -96.48179, 32.89096 ], [ -96.48205, 32.89084 ], [ -96.48212, 32.89073 ], [ -96.4821, 32.89061 ], [ -96.48221, 32.89035 ], [ -96.48237, 32.89026 ], [ -96.48241, 32.89004 ], [ -96.48225, 32.88986 ], [ -96.48207, 32.88985 ], [ -96.48201, 32.8898 ], [ -96.4822, 32.88931 ], [ -96.48216, 32.88911 ], [ -96.48208, 32.889 ], [ -96.48218, 32.88884 ], [ -96.48217, 32.88869 ], [ -96.48215, 32.88866 ], [ -96.48218, 32.88858 ], [ -96.48217, 32.88851 ], [ -96.48221, 32.88846 ], [ -96.48221, 32.88838 ], [ -96.48215, 32.88831 ], [ -96.48213, 32.88801 ], [ -96.48235, 32.88746 ], [ -96.48234, 32.88739 ], [ -96.48243, 32.88725 ], [ -96.48243, 32.88719 ], [ -96.4825, 32.88708 ], [ -96.48249, 32.88699 ], [ -96.48254, 32.88695 ], [ -96.48257, 32.88688 ], [ -96.48257, 32.88685 ], [ -96.48261, 32.8868 ], [ -96.4827, 32.88668 ], [ -96.48266, 32.88658 ], [ -96.48267, 32.88654 ], [ -96.48274, 32.88653 ], [ -96.48277, 32.88642 ], [ -96.48278, 32.88641 ], [ -96.48286, 32.88631 ], [ -96.48286, 32.88626 ], [ -96.48295, 32.88615 ], [ -96.48296, 32.8861 ], [ -96.48301, 32.88612 ], [ -96.48327, 32.88587 ], [ -96.48342, 32.8858 ], [ -96.48353, 32.88569 ], [ -96.48356, 32.88568 ], [ -96.48368, 32.88562 ], [ -96.48375, 32.88561 ], [ -96.48384, 32.88551 ], [ -96.48432, 32.88522 ], [ -96.48438, 32.88512 ], [ -96.48446, 32.88506 ], [ -96.48459, 32.88497 ], [ -96.48459, 32.88496 ], [ -96.48462, 32.88494 ], [ -96.48464, 32.88489 ], [ -96.48465, 32.88488 ], [ -96.48472, 32.88474 ], [ -96.48472, 32.88473 ], [ -96.48474, 32.88468 ], [ -96.48477, 32.88466 ], [ -96.48477, 32.8846 ], [ -96.48485, 32.88442 ], [ -96.4849, 32.8844 ], [ -96.48495, 32.88437 ], [ -96.48496, 32.88437 ], [ -96.48504, 32.8844 ], [ -96.48504, 32.88437 ], [ -96.48508, 32.88437 ], [ -96.48511, 32.88413 ], [ -96.48512, 32.88409 ], [ -96.48512, 32.88408 ], [ -96.4852, 32.88343 ], [ -96.4852, 32.88342 ], [ -96.48535, 32.88322 ], [ -96.48539, 32.88319 ], [ -96.48538, 32.88317 ], [ -96.48546, 32.88307 ], [ -96.48549, 32.88307 ], [ -96.48554, 32.883 ], [ -96.48556, 32.88287 ], [ -96.48556, 32.88286 ], [ -96.48562, 32.8825 ], [ -96.48567, 32.88234 ], [ -96.48574, 32.88222 ], [ -96.48583, 32.88215 ], [ -96.48602, 32.88208 ], [ -96.48615, 32.88206 ], [ -96.48624, 32.88196 ], [ -96.48625, 32.88194 ], [ -96.48634, 32.88184 ], [ -96.48636, 32.8818 ], [ -96.48641, 32.88173 ], [ -96.48643, 32.88164 ], [ -96.48653, 32.88143 ], [ -96.48669, 32.88123 ], [ -96.48679, 32.88107 ], [ -96.48696, 32.88084 ], [ -96.48701, 32.88074 ], [ -96.48704, 32.8807 ], [ -96.48711, 32.88067 ], [ -96.4872, 32.88049 ], [ -96.48727, 32.87977 ], [ -96.4873, 32.87954 ], [ -96.48727, 32.87935 ], [ -96.48692, 32.87891 ], [ -96.48663, 32.87866 ], [ -96.48655, 32.87848 ], [ -96.48675, 32.87826 ], [ -96.48672, 32.87819 ], [ -96.48649, 32.87833 ], [ -96.48648, 32.87833 ], [ -96.4862, 32.87816 ], [ -96.48594, 32.87814 ], [ -96.48473, 32.87762 ], [ -96.48434, 32.87736 ], [ -96.48271, 32.87616 ], [ -96.48268, 32.87612 ], [ -96.48263, 32.87601 ], [ -96.48259, 32.87599 ], [ -96.48256, 32.87594 ], [ -96.48248, 32.87544 ], [ -96.48176, 32.87544 ], [ -96.48155, 32.87511 ], [ -96.48105, 32.87451 ], [ -96.48089, 32.87412 ], [ -96.48089, 32.87402 ], [ -96.48056, 32.87287 ], [ -96.48042, 32.87274 ], [ -96.48034, 32.87265 ], [ -96.48032, 32.87261 ], [ -96.48026, 32.87249 ], [ -96.48026, 32.87239 ], [ -96.48027, 32.87227 ], [ -96.48027, 32.87227 ], [ -96.48027, 32.87227 ], [ -96.48027, 32.87227 ], [ -96.48023, 32.87221 ], [ -96.48014, 32.87217 ], [ -96.48015, 32.8721 ], [ -96.48021, 32.87207 ], [ -96.4802, 32.87205 ], [ -96.48021, 32.87205 ], [ -96.48019, 32.87197 ], [ -96.48012, 32.87151 ], [ -96.48003, 32.87139 ], [ -96.48003, 32.87139 ], [ -96.48003, 32.87139 ], [ -96.4801, 32.87131 ], [ -96.48012, 32.87125 ], [ -96.48012, 32.87125 ], [ -96.48012, 32.87125 ], [ -96.48012, 32.87125 ], [ -96.4801, 32.87111 ], [ -96.48007, 32.87101 ], [ -96.48005, 32.87095 ], [ -96.48005, 32.87095 ], [ -96.48006, 32.8708 ], [ -96.48006, 32.8708 ], [ -96.48002, 32.87077 ], [ -96.47998, 32.87078 ], [ -96.47997, 32.87078 ], [ -96.47993, 32.87054 ], [ -96.47989, 32.87032 ], [ -96.4799, 32.87029 ], [ -96.47992, 32.87013 ], [ -96.47992, 32.87013 ], [ -96.47992, 32.87013 ], [ -96.47992, 32.87013 ], [ -96.47992, 32.87013 ], [ -96.47983, 32.87 ], [ -96.47997, 32.86989 ], [ -96.4802, 32.86938 ], [ -96.48076, 32.86853 ], [ -96.48149, 32.86775 ], [ -96.48149, 32.86775 ], [ -96.48157, 32.86772 ], [ -96.48169, 32.86768 ], [ -96.48177, 32.86764 ], [ -96.48191, 32.86753 ], [ -96.48191, 32.86753 ], [ -96.48191, 32.86753 ], [ -96.48197, 32.86746 ], [ -96.48198, 32.86741 ], [ -96.48198, 32.8674 ], [ -96.48217, 32.86705 ], [ -96.48217, 32.86705 ], [ -96.48217, 32.86705 ], [ -96.48219, 32.86695 ], [ -96.48218, 32.86688 ], [ -96.48216, 32.86663 ], [ -96.48213, 32.86655 ], [ -96.48206, 32.86647 ], [ -96.48198, 32.86639 ], [ -96.48197, 32.86629 ], [ -96.48198, 32.86625 ], [ -96.48209, 32.86618 ], [ -96.48209, 32.86615 ], [ -96.48209, 32.86615 ], [ -96.4821, 32.8661 ], [ -96.48211, 32.86594 ], [ -96.48194, 32.86561 ], [ -96.48185, 32.86542 ], [ -96.48188, 32.86538 ], [ -96.48193, 32.86535 ], [ -96.48198, 32.86538 ], [ -96.48198, 32.86538 ], [ -96.48201, 32.86544 ], [ -96.48208, 32.86559 ], [ -96.48208, 32.86559 ], [ -96.48208, 32.86559 ], [ -96.48217, 32.86572 ], [ -96.48225, 32.86579 ], [ -96.4823, 32.86583 ], [ -96.4823, 32.86583 ], [ -96.4823, 32.86583 ], [ -96.48238, 32.86586 ], [ -96.48245, 32.86585 ], [ -96.48252, 32.86581 ], [ -96.48256, 32.86581 ], [ -96.48282, 32.86585 ], [ -96.48285, 32.8658 ], [ -96.48292, 32.86573 ], [ -96.48318, 32.86574 ], [ -96.4832, 32.8657 ], [ -96.48321, 32.8657 ], [ -96.48325, 32.86567 ], [ -96.48324, 32.86558 ], [ -96.48327, 32.86552 ], [ -96.48331, 32.86547 ], [ -96.48336, 32.86548 ], [ -96.48338, 32.86549 ], [ -96.48348, 32.86551 ], [ -96.48348, 32.86551 ], [ -96.48348, 32.86551 ], [ -96.48354, 32.86549 ], [ -96.4836, 32.86545 ], [ -96.48367, 32.86539 ], [ -96.48381, 32.8653 ], [ -96.48403, 32.86527 ], [ -96.48408, 32.86528 ], [ -96.48413, 32.86526 ], [ -96.48413, 32.86526 ], [ -96.48413, 32.86526 ], [ -96.48418, 32.86522 ], [ -96.48419, 32.86518 ], [ -96.48426, 32.86506 ], [ -96.48445, 32.86492 ], [ -96.48445, 32.86492 ], [ -96.48463, 32.86481 ], [ -96.48469, 32.86474 ], [ -96.48469, 32.86474 ], [ -96.48492, 32.86457 ], [ -96.48526, 32.86421 ], [ -96.48533, 32.86414 ], [ -96.48545, 32.864 ], [ -96.48546, 32.864 ], [ -96.48546, 32.864 ], [ -96.48563, 32.8639 ], [ -96.48588, 32.86372 ], [ -96.48588, 32.86372 ], [ -96.48588, 32.86372 ], [ -96.48595, 32.86361 ], [ -96.48599, 32.86353 ], [ -96.48599, 32.86353 ], [ -96.48599, 32.86353 ], [ -96.48603, 32.86351 ], [ -96.48624, 32.86335 ], [ -96.48634, 32.86325 ], [ -96.48634, 32.86325 ], [ -96.48634, 32.86325 ], [ -96.48637, 32.86319 ], [ -96.48638, 32.86308 ], [ -96.48645, 32.86306 ], [ -96.48652, 32.86286 ], [ -96.48655, 32.86285 ], [ -96.48675, 32.86281 ], [ -96.48674, 32.86269 ], [ -96.48676, 32.86267 ], [ -96.48679, 32.86259 ], [ -96.48677, 32.86251 ], [ -96.48682, 32.86246 ], [ -96.48685, 32.86245 ], [ -96.48686, 32.86242 ], [ -96.48686, 32.86241 ], [ -96.48686, 32.8624 ], [ -96.48688, 32.86236 ], [ -96.48687, 32.86229 ], [ -96.48686, 32.86222 ], [ -96.48683, 32.86217 ], [ -96.48684, 32.86215 ], [ -96.48686, 32.86214 ], [ -96.48693, 32.86212 ], [ -96.48699, 32.86212 ], [ -96.48706, 32.86215 ], [ -96.48708, 32.86221 ], [ -96.48709, 32.86225 ], [ -96.48709, 32.86225 ], [ -96.48709, 32.86225 ], [ -96.48717, 32.86224 ], [ -96.48738, 32.86188 ], [ -96.48749, 32.86174 ], [ -96.48751, 32.8617 ], [ -96.48754, 32.86162 ], [ -96.48755, 32.8616 ], [ -96.48771, 32.86132 ], [ -96.48775, 32.86127 ], [ -96.48777, 32.86122 ], [ -96.48791, 32.86097 ], [ -96.48791, 32.86097 ], [ -96.48794, 32.86092 ], [ -96.48795, 32.86091 ], [ -96.48799, 32.86087 ], [ -96.488, 32.86085 ], [ -96.488, 32.86085 ], [ -96.48813, 32.86069 ], [ -96.48827, 32.86054 ], [ -96.48855, 32.86019 ], [ -96.48871, 32.86003 ], [ -96.48881, 32.85994 ], [ -96.48889, 32.85985 ], [ -96.48907, 32.85971 ], [ -96.48908, 32.8597 ], [ -96.4891, 32.85969 ], [ -96.48913, 32.85961 ], [ -96.48914, 32.85959 ], [ -96.48921, 32.85947 ], [ -96.48921, 32.85947 ], [ -96.48927, 32.85943 ], [ -96.48927, 32.85938 ], [ -96.48923, 32.85934 ], [ -96.48917, 32.85928 ], [ -96.48906, 32.85919 ], [ -96.489, 32.85915 ], [ -96.48884, 32.859 ], [ -96.48884, 32.859 ], [ -96.48897, 32.85904 ], [ -96.48903, 32.85908 ], [ -96.48912, 32.85911 ], [ -96.48915, 32.85911 ], [ -96.48921, 32.85913 ], [ -96.48941, 32.85906 ], [ -96.48956, 32.85907 ], [ -96.4896, 32.85902 ], [ -96.48966, 32.85902 ], [ -96.48968, 32.85893 ], [ -96.48968, 32.85893 ], [ -96.48991, 32.85865 ], [ -96.48993, 32.85861 ], [ -96.49001, 32.85849 ], [ -96.49001, 32.85841 ], [ -96.49001, 32.85841 ], [ -96.49001, 32.85841 ], [ -96.49001, 32.85838 ], [ -96.48998, 32.85834 ], [ -96.4899, 32.85832 ], [ -96.4899, 32.85829 ], [ -96.48999, 32.8581 ], [ -96.48999, 32.8581 ], [ -96.48999, 32.8581 ], [ -96.48999, 32.8581 ], [ -96.49, 32.85802 ], [ -96.49002, 32.85795 ], [ -96.49006, 32.85791 ], [ -96.49008, 32.85788 ], [ -96.49006, 32.85782 ], [ -96.49002, 32.8578 ], [ -96.49002, 32.85774 ], [ -96.49018, 32.85739 ], [ -96.49023, 32.85737 ], [ -96.49027, 32.85734 ], [ -96.49031, 32.85728 ], [ -96.49041, 32.8571 ], [ -96.49047, 32.85675 ], [ -96.49083, 32.85595 ], [ -96.49114, 32.85549 ], [ -96.49142, 32.85492 ], [ -96.49147, 32.85486 ], [ -96.49147, 32.85479 ], [ -96.49145, 32.85467 ], [ -96.49139, 32.85426 ], [ -96.49139, 32.85418 ], [ -96.49134, 32.85413 ], [ -96.49133, 32.85413 ], [ -96.49124, 32.85397 ], [ -96.49124, 32.85396 ], [ -96.49122, 32.85394 ], [ -96.49118, 32.85389 ], [ -96.49112, 32.85377 ], [ -96.49108, 32.85374 ], [ -96.49104, 32.85368 ], [ -96.49103, 32.85358 ], [ -96.49102, 32.85353 ], [ -96.49103, 32.85349 ], [ -96.49103, 32.85345 ], [ -96.49104, 32.85345 ], [ -96.49111, 32.85332 ], [ -96.49114, 32.85301 ], [ -96.49108, 32.85279 ], [ -96.49107, 32.85274 ], [ -96.49102, 32.85259 ], [ -96.49095, 32.85235 ], [ -96.49091, 32.85227 ], [ -96.4909, 32.85225 ], [ -96.49087, 32.8522 ], [ -96.49066, 32.85183 ], [ -96.49066, 32.85183 ], [ -96.49057, 32.85172 ], [ -96.49051, 32.85166 ], [ -96.4904, 32.85161 ], [ -96.4903, 32.85157 ], [ -96.49023, 32.85157 ], [ -96.49002, 32.85159 ], [ -96.48997, 32.85161 ], [ -96.48992, 32.85166 ], [ -96.48989, 32.8517 ], [ -96.48986, 32.85176 ], [ -96.48981, 32.8518 ], [ -96.48975, 32.85189 ], [ -96.4897, 32.85196 ], [ -96.4897, 32.85197 ], [ -96.48944, 32.85217 ], [ -96.48935, 32.85217 ], [ -96.48932, 32.85213 ], [ -96.48944, 32.85202 ], [ -96.48944, 32.85202 ], [ -96.48946, 32.85195 ], [ -96.48946, 32.85188 ], [ -96.48946, 32.85188 ], [ -96.48958, 32.85171 ], [ -96.48958, 32.85171 ], [ -96.48958, 32.85171 ], [ -96.48959, 32.85166 ], [ -96.48958, 32.85165 ], [ -96.48959, 32.85153 ], [ -96.48932, 32.85118 ], [ -96.4893, 32.85114 ], [ -96.48922, 32.85108 ], [ -96.48914, 32.851 ], [ -96.48909, 32.85097 ], [ -96.48901, 32.85093 ], [ -96.48901, 32.85093 ], [ -96.48895, 32.85088 ], [ -96.48885, 32.85077 ], [ -96.48877, 32.85065 ], [ -96.48869, 32.85057 ], [ -96.48859, 32.85053 ], [ -96.4885, 32.8505 ], [ -96.48823, 32.85042 ], [ -96.48816, 32.8504 ], [ -96.4881, 32.85038 ], [ -96.48799, 32.8503 ], [ -96.48787, 32.85017 ], [ -96.48784, 32.85011 ], [ -96.48776, 32.85006 ], [ -96.48767, 32.84995 ], [ -96.48756, 32.84992 ], [ -96.48749, 32.84986 ], [ -96.48744, 32.84985 ], [ -96.48741, 32.84983 ], [ -96.48733, 32.84981 ], [ -96.48726, 32.8498 ], [ -96.48725, 32.84977 ], [ -96.48726, 32.84976 ], [ -96.48734, 32.84971 ], [ -96.48734, 32.84971 ], [ -96.48747, 32.84966 ], [ -96.48752, 32.84965 ], [ -96.48758, 32.84966 ], [ -96.48777, 32.84978 ], [ -96.48817, 32.8502 ], [ -96.48832, 32.8503 ], [ -96.48833, 32.8503 ], [ -96.4886, 32.85037 ], [ -96.48864, 32.85037 ], [ -96.48869, 32.85038 ], [ -96.48872, 32.85039 ], [ -96.48918, 32.85067 ], [ -96.48957, 32.85089 ], [ -96.48966, 32.85094 ], [ -96.48973, 32.85098 ], [ -96.48992, 32.85099 ], [ -96.49028, 32.8509 ], [ -96.49031, 32.85093 ], [ -96.49031, 32.85093 ], [ -96.49031, 32.85093 ], [ -96.49039, 32.85098 ], [ -96.49071, 32.85095 ], [ -96.49077, 32.85086 ], [ -96.49108, 32.85077 ], [ -96.49111, 32.85082 ], [ -96.49114, 32.85083 ], [ -96.49115, 32.85085 ], [ -96.49128, 32.85083 ], [ -96.49142, 32.85082 ], [ -96.49212, 32.85073 ], [ -96.49232, 32.85072 ], [ -96.49242, 32.85068 ], [ -96.49246, 32.85064 ], [ -96.49248, 32.85053 ], [ -96.49247, 32.85052 ], [ -96.4925, 32.85035 ], [ -96.49259, 32.85027 ], [ -96.49282, 32.85016 ], [ -96.49298, 32.85005 ], [ -96.49309, 32.84998 ], [ -96.4932, 32.84994 ], [ -96.49356, 32.84978 ], [ -96.49366, 32.84969 ], [ -96.49371, 32.84959 ], [ -96.4937, 32.8495 ], [ -96.49369, 32.84948 ], [ -96.49373, 32.84937 ], [ -96.4937, 32.84932 ], [ -96.49371, 32.84932 ], [ -96.49379, 32.84929 ], [ -96.49393, 32.84926 ], [ -96.49399, 32.84926 ], [ -96.49402, 32.8493 ], [ -96.49402, 32.84935 ], [ -96.49408, 32.84935 ], [ -96.49414, 32.84928 ], [ -96.49426, 32.84925 ], [ -96.49434, 32.84925 ], [ -96.49447, 32.84921 ], [ -96.49452, 32.84919 ], [ -96.49491, 32.84909 ], [ -96.49488, 32.84903 ], [ -96.49498, 32.849 ], [ -96.49506, 32.84908 ], [ -96.49547, 32.84897 ], [ -96.49577, 32.84905 ], [ -96.49579, 32.84899 ], [ -96.49582, 32.84899 ], [ -96.4958, 32.84893 ], [ -96.49576, 32.84889 ], [ -96.49553, 32.84867 ], [ -96.49545, 32.84854 ], [ -96.49537, 32.8485 ], [ -96.49532, 32.84848 ], [ -96.4953, 32.84846 ], [ -96.4953, 32.84843 ], [ -96.4953, 32.84843 ], [ -96.49533, 32.84833 ], [ -96.49554, 32.84827 ], [ -96.49557, 32.84833 ], [ -96.49557, 32.84833 ], [ -96.49555, 32.84839 ], [ -96.49555, 32.84844 ], [ -96.49572, 32.84865 ], [ -96.49575, 32.84873 ], [ -96.49592, 32.84892 ], [ -96.49605, 32.84895 ], [ -96.49662, 32.84873 ], [ -96.49677, 32.84863 ], [ -96.49713, 32.84831 ], [ -96.49736, 32.84792 ], [ -96.49737, 32.84785 ], [ -96.49737, 32.84785 ], [ -96.49737, 32.84785 ], [ -96.49737, 32.84785 ], [ -96.49719, 32.8477 ], [ -96.49737, 32.84775 ], [ -96.49737, 32.84776 ], [ -96.49742, 32.84777 ], [ -96.49742, 32.84777 ], [ -96.49742, 32.84777 ], [ -96.49744, 32.84772 ], [ -96.49743, 32.8477 ], [ -96.49744, 32.84761 ], [ -96.49745, 32.84759 ], [ -96.4977, 32.84728 ], [ -96.49779, 32.84702 ], [ -96.49779, 32.84702 ], [ -96.49779, 32.84702 ], [ -96.49782, 32.84687 ], [ -96.49784, 32.84673 ], [ -96.49784, 32.84658 ], [ -96.49784, 32.84658 ], [ -96.49784, 32.84658 ], [ -96.49784, 32.84658 ], [ -96.49779, 32.84617 ], [ -96.49776, 32.8461 ], [ -96.49756, 32.84602 ], [ -96.4976, 32.84598 ], [ -96.49769, 32.84598 ], [ -96.49774, 32.8459 ], [ -96.49775, 32.84582 ], [ -96.49775, 32.84581 ], [ -96.49786, 32.84559 ], [ -96.49786, 32.84559 ], [ -96.49786, 32.84559 ], [ -96.49786, 32.84559 ], [ -96.49788, 32.84539 ], [ -96.49779, 32.84528 ], [ -96.49779, 32.84528 ], [ -96.4978, 32.84527 ], [ -96.49786, 32.84523 ], [ -96.49791, 32.8452 ], [ -96.49792, 32.84519 ], [ -96.49792, 32.84519 ], [ -96.49792, 32.84519 ], [ -96.498, 32.8449 ], [ -96.49802, 32.84473 ], [ -96.49799, 32.84468 ], [ -96.49799, 32.84458 ], [ -96.498, 32.84445 ], [ -96.49794, 32.8443 ], [ -96.4978, 32.84395 ], [ -96.49769, 32.8438 ], [ -96.49718, 32.84355 ], [ -96.49682, 32.84338 ], [ -96.49678, 32.84333 ], [ -96.49676, 32.84322 ], [ -96.49685, 32.84317 ], [ -96.49687, 32.84317 ], [ -96.49691, 32.84318 ], [ -96.49698, 32.84302 ], [ -96.49705, 32.84301 ], [ -96.49721, 32.84304 ], [ -96.49726, 32.84305 ], [ -96.49726, 32.84305 ], [ -96.49727, 32.84305 ], [ -96.49747, 32.84298 ], [ -96.49777, 32.84288 ], [ -96.49794, 32.84283 ], [ -96.49798, 32.84283 ], [ -96.49826, 32.84284 ], [ -96.49833, 32.84284 ], [ -96.49845, 32.8429 ], [ -96.49846, 32.8429 ], [ -96.49869, 32.84289 ], [ -96.49876, 32.84288 ], [ -96.49905, 32.84287 ], [ -96.49906, 32.84286 ], [ -96.49924, 32.84292 ], [ -96.49926, 32.84294 ], [ -96.49928, 32.84297 ], [ -96.49937, 32.84296 ], [ -96.49937, 32.84296 ], [ -96.49937, 32.84296 ], [ -96.49947, 32.84291 ], [ -96.49958, 32.84283 ], [ -96.49971, 32.84273 ], [ -96.49982, 32.84261 ], [ -96.49985, 32.84258 ], [ -96.49985, 32.84258 ], [ -96.49986, 32.84258 ], [ -96.49994, 32.84258 ], [ -96.50001, 32.84258 ], [ -96.50002, 32.84258 ], [ -96.50002, 32.84258 ], [ -96.50007, 32.84253 ], [ -96.50012, 32.8424 ], [ -96.50012, 32.8424 ], [ -96.50025, 32.84237 ], [ -96.50029, 32.84237 ], [ -96.50056, 32.84231 ], [ -96.50058, 32.84231 ], [ -96.50087, 32.84218 ], [ -96.50095, 32.84216 ], [ -96.50103, 32.84211 ], [ -96.50117, 32.84205 ], [ -96.50117, 32.84205 ], [ -96.50127, 32.84196 ], [ -96.50131, 32.84189 ], [ -96.50135, 32.84184 ], [ -96.50135, 32.84181 ], [ -96.50141, 32.84169 ], [ -96.50147, 32.84165 ], [ -96.50159, 32.84162 ], [ -96.5016, 32.84156 ], [ -96.50179, 32.84153 ], [ -96.50184, 32.84157 ], [ -96.5023, 32.84147 ], [ -96.50236, 32.84151 ], [ -96.50249, 32.84153 ], [ -96.50261, 32.84152 ], [ -96.5027, 32.84151 ], [ -96.50285, 32.84146 ], [ -96.50305, 32.8414 ], [ -96.50339, 32.84134 ], [ -96.50384, 32.84125 ], [ -96.50405, 32.84118 ], [ -96.50417, 32.8411 ], [ -96.50434, 32.84093 ], [ -96.50458, 32.84074 ], [ -96.50488, 32.8407 ], [ -96.50501, 32.84076 ], [ -96.50513, 32.84083 ], [ -96.5052, 32.84089 ], [ -96.50528, 32.84095 ], [ -96.50532, 32.84098 ], [ -96.50546, 32.84097 ], [ -96.50553, 32.84092 ], [ -96.50557, 32.84081 ], [ -96.50561, 32.84066 ], [ -96.50564, 32.84064 ], [ -96.50583, 32.83997 ], [ -96.506, 32.8397 ], [ -96.506, 32.8397 ], [ -96.50621, 32.83944 ], [ -96.50659, 32.83886 ], [ -96.50661, 32.83882 ], [ -96.50711, 32.83811 ], [ -96.50714, 32.83809 ], [ -96.50725, 32.83803 ], [ -96.50729, 32.83796 ], [ -96.50729, 32.83788 ], [ -96.50732, 32.83772 ], [ -96.50736, 32.83762 ], [ -96.50736, 32.83762 ], [ -96.50736, 32.83762 ], [ -96.50745, 32.83753 ], [ -96.50753, 32.83746 ], [ -96.50763, 32.8374 ], [ -96.50772, 32.83734 ], [ -96.50783, 32.83728 ], [ -96.50793, 32.83704 ], [ -96.50795, 32.83692 ], [ -96.50793, 32.8368 ], [ -96.50784, 32.83668 ], [ -96.50785, 32.83657 ], [ -96.50779, 32.83631 ], [ -96.50826, 32.83534 ], [ -96.50825, 32.83533 ], [ -96.50826, 32.83533 ], [ -96.50827, 32.83522 ], [ -96.5084, 32.83499 ], [ -96.5084, 32.83492 ], [ -96.50846, 32.83486 ], [ -96.5082, 32.8345 ], [ -96.50812, 32.83447 ], [ -96.50796, 32.83425 ], [ -96.50785, 32.83415 ], [ -96.50767, 32.83389 ], [ -96.50752, 32.83375 ], [ -96.50738, 32.83379 ], [ -96.50736, 32.83393 ], [ -96.50732, 32.834 ], [ -96.50734, 32.8341 ], [ -96.50729, 32.83444 ], [ -96.50723, 32.83461 ], [ -96.50723, 32.8349 ], [ -96.50716, 32.8354 ], [ -96.50716, 32.8354 ], [ -96.50716, 32.8354 ], [ -96.50682, 32.83594 ], [ -96.50682, 32.83594 ], [ -96.50657, 32.83635 ], [ -96.50631, 32.83666 ], [ -96.50625, 32.8367 ], [ -96.50613, 32.83668 ], [ -96.50613, 32.83668 ], [ -96.50605, 32.83651 ], [ -96.50605, 32.83651 ], [ -96.50605, 32.83651 ], [ -96.50585, 32.8363 ], [ -96.50585, 32.8363 ], [ -96.50569, 32.83597 ], [ -96.50546, 32.8357 ], [ -96.50531, 32.83554 ], [ -96.50531, 32.83548 ], [ -96.50532, 32.83548 ], [ -96.50544, 32.83546 ], [ -96.50552, 32.83544 ], [ -96.50552, 32.83544 ], [ -96.50552, 32.83544 ], [ -96.50552, 32.83544 ], [ -96.5055, 32.83535 ], [ -96.50545, 32.83529 ], [ -96.50542, 32.83526 ], [ -96.50535, 32.83514 ], [ -96.50535, 32.83514 ], [ -96.50535, 32.83514 ], [ -96.50552, 32.83502 ], [ -96.50563, 32.83491 ], [ -96.50563, 32.83491 ], [ -96.50563, 32.83491 ], [ -96.50563, 32.83491 ], [ -96.50563, 32.83487 ], [ -96.50564, 32.8348 ], [ -96.50564, 32.8348 ], [ -96.50561, 32.83465 ], [ -96.50556, 32.83453 ], [ -96.50545, 32.83434 ], [ -96.50545, 32.83434 ], [ -96.50526, 32.83405 ], [ -96.50526, 32.83405 ], [ -96.50526, 32.83405 ], [ -96.50511, 32.83392 ], [ -96.50511, 32.83392 ], [ -96.50511, 32.83383 ], [ -96.50518, 32.83379 ], [ -96.50518, 32.83379 ], [ -96.50518, 32.83379 ], [ -96.5052, 32.83371 ], [ -96.5052, 32.83354 ], [ -96.5052, 32.83354 ], [ -96.50533, 32.83332 ], [ -96.50533, 32.83332 ], [ -96.50533, 32.83332 ], [ -96.50533, 32.83332 ], [ -96.50534, 32.83314 ], [ -96.50537, 32.83298 ], [ -96.5054, 32.83259 ], [ -96.50543, 32.83224 ], [ -96.50541, 32.83206 ], [ -96.50538, 32.83196 ], [ -96.50529, 32.83186 ], [ -96.50514, 32.83179 ], [ -96.50502, 32.83174 ], [ -96.50491, 32.83173 ], [ -96.50483, 32.83177 ], [ -96.5047, 32.8319 ], [ -96.50467, 32.83198 ], [ -96.5045, 32.83216 ], [ -96.50445, 32.8322 ], [ -96.50443, 32.83224 ], [ -96.50434, 32.83234 ], [ -96.50434, 32.83234 ], [ -96.50434, 32.83234 ], [ -96.50397, 32.83238 ], [ -96.50378, 32.83239 ], [ -96.50366, 32.83242 ], [ -96.50355, 32.83247 ], [ -96.50343, 32.83259 ], [ -96.50329, 32.83272 ], [ -96.50315, 32.83284 ], [ -96.50315, 32.83284 ], [ -96.50289, 32.83299 ], [ -96.50289, 32.83299 ], [ -96.50289, 32.83299 ], [ -96.50251, 32.83298 ], [ -96.50251, 32.83298 ], [ -96.50243, 32.83293 ], [ -96.50243, 32.83293 ], [ -96.50235, 32.83252 ], [ -96.50235, 32.83252 ], [ -96.50229, 32.83243 ], [ -96.50219, 32.83236 ], [ -96.50203, 32.83224 ], [ -96.50203, 32.83224 ], [ -96.50159, 32.83245 ], [ -96.50158, 32.83245 ], [ -96.50158, 32.83245 ], [ -96.50103, 32.83255 ], [ -96.50102, 32.83255 ], [ -96.50091, 32.8326 ], [ -96.50086, 32.83263 ], [ -96.50059, 32.83278 ], [ -96.50059, 32.83278 ], [ -96.50057, 32.83279 ], [ -96.50044, 32.8329 ], [ -96.50024, 32.83302 ], [ -96.5, 32.83325 ], [ -96.49948, 32.83366 ], [ -96.49948, 32.83366 ], [ -96.49934, 32.83383 ], [ -96.49919, 32.83406 ], [ -96.49903, 32.83428 ], [ -96.4989, 32.83448 ], [ -96.49882, 32.83463 ], [ -96.49867, 32.83477 ], [ -96.49864, 32.8348 ], [ -96.49824, 32.83519 ], [ -96.49824, 32.83519 ], [ -96.49806, 32.83526 ], [ -96.4977, 32.83541 ], [ -96.49745, 32.83552 ], [ -96.49745, 32.83552 ], [ -96.49671, 32.83594 ], [ -96.49671, 32.83595 ], [ -96.49664, 32.83604 ], [ -96.49664, 32.83604 ], [ -96.49664, 32.83604 ], [ -96.49666, 32.83614 ], [ -96.49652, 32.83618 ], [ -96.49639, 32.83626 ], [ -96.49639, 32.83626 ], [ -96.49626, 32.83628 ], [ -96.49618, 32.83628 ], [ -96.49608, 32.8363 ], [ -96.49608, 32.8363 ], [ -96.49591, 32.83647 ], [ -96.49591, 32.83647 ], [ -96.49572, 32.83656 ], [ -96.49572, 32.83656 ], [ -96.4954, 32.83658 ], [ -96.49539, 32.83658 ], [ -96.49537, 32.83662 ], [ -96.49538, 32.83667 ], [ -96.49538, 32.83667 ], [ -96.49538, 32.83667 ], [ -96.49546, 32.83672 ], [ -96.49546, 32.83674 ], [ -96.4955, 32.83687 ], [ -96.4955, 32.83687 ], [ -96.49551, 32.83716 ], [ -96.49551, 32.83716 ], [ -96.49519, 32.83738 ], [ -96.49519, 32.83738 ], [ -96.49519, 32.83739 ], [ -96.49492, 32.83741 ], [ -96.49492, 32.83741 ], [ -96.49492, 32.83741 ], [ -96.49478, 32.83756 ], [ -96.49478, 32.83756 ], [ -96.49478, 32.83756 ], [ -96.49478, 32.83756 ], [ -96.49477, 32.83758 ], [ -96.49475, 32.83766 ], [ -96.49465, 32.83771 ], [ -96.49455, 32.8378 ], [ -96.49448, 32.83786 ], [ -96.4944, 32.83794 ], [ -96.49422, 32.83791 ], [ -96.49422, 32.8379 ], [ -96.4941, 32.83757 ], [ -96.4941, 32.83757 ], [ -96.49392, 32.83761 ], [ -96.49378, 32.83756 ], [ -96.49378, 32.83756 ], [ -96.4937, 32.83742 ], [ -96.49375, 32.83729 ], [ -96.49375, 32.83729 ], [ -96.49375, 32.83729 ], [ -96.49369, 32.83719 ], [ -96.49359, 32.8372 ], [ -96.49359, 32.8372 ], [ -96.49351, 32.83735 ], [ -96.49351, 32.83736 ], [ -96.49338, 32.83739 ], [ -96.49332, 32.83748 ], [ -96.49326, 32.83737 ], [ -96.49328, 32.8373 ], [ -96.49328, 32.8373 ], [ -96.49338, 32.83724 ], [ -96.4934, 32.83722 ], [ -96.49363, 32.83708 ], [ -96.49389, 32.8372 ], [ -96.49384, 32.83738 ], [ -96.49384, 32.83738 ], [ -96.49384, 32.83738 ], [ -96.49384, 32.83738 ], [ -96.49392, 32.8375 ], [ -96.49406, 32.83743 ], [ -96.49415, 32.83744 ], [ -96.49442, 32.83759 ], [ -96.49448, 32.83745 ], [ -96.49448, 32.83745 ], [ -96.49448, 32.83745 ], [ -96.49448, 32.83742 ], [ -96.49448, 32.83723 ], [ -96.49463, 32.83722 ], [ -96.49478, 32.83711 ], [ -96.49485, 32.83697 ], [ -96.49485, 32.83697 ], [ -96.49485, 32.83697 ], [ -96.49484, 32.83691 ], [ -96.49484, 32.83688 ], [ -96.49484, 32.83688 ], [ -96.49484, 32.83688 ], [ -96.49474, 32.83685 ], [ -96.49458, 32.83687 ], [ -96.49479, 32.83662 ], [ -96.49479, 32.83662 ], [ -96.49483, 32.83653 ], [ -96.49483, 32.83646 ], [ -96.49491, 32.83619 ], [ -96.49502, 32.83605 ], [ -96.49533, 32.83603 ], [ -96.49543, 32.83598 ], [ -96.49543, 32.83598 ], [ -96.49553, 32.83589 ], [ -96.4956, 32.83582 ], [ -96.49566, 32.83569 ], [ -96.49566, 32.83569 ], [ -96.49572, 32.83549 ], [ -96.49572, 32.83548 ], [ -96.49569, 32.83534 ], [ -96.49569, 32.83534 ], [ -96.49557, 32.8352 ], [ -96.49557, 32.8352 ], [ -96.49556, 32.8352 ], [ -96.49532, 32.83516 ], [ -96.49531, 32.83516 ], [ -96.4952, 32.83514 ], [ -96.4952, 32.83514 ], [ -96.49492, 32.83496 ], [ -96.49488, 32.83491 ], [ -96.49471, 32.83482 ], [ -96.49471, 32.83482 ], [ -96.49423, 32.8347 ], [ -96.49423, 32.8347 ], [ -96.49421, 32.83458 ], [ -96.49435, 32.83462 ], [ -96.4944, 32.83465 ], [ -96.4946, 32.8347 ], [ -96.4947, 32.8347 ], [ -96.49484, 32.83474 ], [ -96.49484, 32.83474 ], [ -96.495, 32.83484 ], [ -96.49511, 32.83488 ], [ -96.49531, 32.83494 ], [ -96.49531, 32.83494 ], [ -96.49562, 32.83498 ], [ -96.49577, 32.83501 ], [ -96.49596, 32.83503 ], [ -96.49598, 32.83503 ], [ -96.49631, 32.83507 ], [ -96.49643, 32.83505 ], [ -96.49643, 32.83505 ], [ -96.49659, 32.83499 ], [ -96.49673, 32.8349 ], [ -96.49675, 32.8349 ], [ -96.49684, 32.83486 ], [ -96.49685, 32.83484 ], [ -96.49685, 32.83484 ], [ -96.49685, 32.83484 ], [ -96.49686, 32.83483 ], [ -96.49687, 32.83481 ], [ -96.49706, 32.83451 ], [ -96.49725, 32.83434 ], [ -96.4973, 32.83433 ], [ -96.49738, 32.83423 ], [ -96.49738, 32.83423 ], [ -96.49753, 32.83388 ], [ -96.49753, 32.83388 ], [ -96.49753, 32.83388 ], [ -96.49753, 32.83377 ], [ -96.49753, 32.83362 ], [ -96.49751, 32.83356 ], [ -96.49742, 32.83331 ], [ -96.49742, 32.83326 ], [ -96.49743, 32.83321 ], [ -96.49756, 32.83316 ], [ -96.49756, 32.83316 ], [ -96.4976, 32.83307 ], [ -96.4976, 32.83301 ], [ -96.49771, 32.83261 ], [ -96.49786, 32.83236 ], [ -96.49825, 32.83196 ], [ -96.49854, 32.83169 ], [ -96.49897, 32.83122 ], [ -96.49974, 32.83044 ], [ -96.49994, 32.83014 ], [ -96.50014, 32.82999 ], [ -96.50024, 32.82993 ], [ -96.50034, 32.82986 ], [ -96.50043, 32.82977 ], [ -96.50066, 32.82959 ], [ -96.50066, 32.82959 ], [ -96.50074, 32.82961 ], [ -96.50081, 32.82962 ], [ -96.5009, 32.82959 ], [ -96.5009, 32.82959 ], [ -96.5009, 32.82959 ], [ -96.50095, 32.82955 ], [ -96.50096, 32.82948 ], [ -96.50108, 32.82922 ], [ -96.50131, 32.82911 ], [ -96.50136, 32.82913 ], [ -96.50136, 32.82919 ], [ -96.50129, 32.82923 ], [ -96.50125, 32.82928 ], [ -96.50126, 32.8293 ], [ -96.50126, 32.8293 ], [ -96.50126, 32.8293 ], [ -96.50127, 32.82931 ], [ -96.50134, 32.82932 ], [ -96.50134, 32.82932 ], [ -96.50143, 32.8293 ], [ -96.50152, 32.82929 ], [ -96.50187, 32.82918 ], [ -96.50187, 32.82918 ], [ -96.50224, 32.82923 ], [ -96.50224, 32.82923 ], [ -96.50237, 32.8293 ], [ -96.5025, 32.82935 ], [ -96.5025, 32.82935 ], [ -96.50252, 32.82935 ], [ -96.50263, 32.82935 ], [ -96.50267, 32.82935 ], [ -96.50269, 32.82935 ], [ -96.5027, 32.82934 ], [ -96.50278, 32.8293 ], [ -96.50278, 32.82929 ], [ -96.50299, 32.82917 ], [ -96.50303, 32.82915 ], [ -96.50318, 32.82906 ], [ -96.50318, 32.82906 ], [ -96.50332, 32.82891 ], [ -96.50332, 32.82891 ], [ -96.50339, 32.82873 ], [ -96.50343, 32.82856 ], [ -96.50345, 32.82851 ], [ -96.50345, 32.82845 ], [ -96.50343, 32.82845 ], [ -96.50343, 32.82844 ], [ -96.50338, 32.82844 ], [ -96.5033, 32.82844 ], [ -96.50325, 32.82842 ], [ -96.50328, 32.82837 ], [ -96.5034, 32.82835 ], [ -96.50343, 32.82836 ], [ -96.50345, 32.82833 ], [ -96.50342, 32.82827 ], [ -96.50329, 32.82822 ], [ -96.5031, 32.82809 ], [ -96.50297, 32.82804 ], [ -96.50285, 32.82804 ], [ -96.50276, 32.82802 ], [ -96.50256, 32.82802 ], [ -96.50243, 32.82804 ], [ -96.5024, 32.82805 ], [ -96.5023, 32.82807 ], [ -96.50227, 32.82806 ], [ -96.50217, 32.82802 ], [ -96.50208, 32.82798 ], [ -96.502, 32.82788 ], [ -96.50192, 32.82771 ], [ -96.50179, 32.8274 ], [ -96.50177, 32.82723 ], [ -96.50175, 32.82714 ], [ -96.50175, 32.82703 ], [ -96.50172, 32.82694 ], [ -96.5017, 32.82684 ], [ -96.50166, 32.82676 ], [ -96.50161, 32.82669 ], [ -96.50142, 32.82661 ], [ -96.50124, 32.82645 ], [ -96.50122, 32.82641 ], [ -96.5011, 32.82623 ], [ -96.50114, 32.82616 ], [ -96.50114, 32.82611 ], [ -96.50111, 32.82605 ], [ -96.50103, 32.82601 ], [ -96.50095, 32.82593 ], [ -96.5009, 32.82583 ], [ -96.50083, 32.82577 ], [ -96.50079, 32.82565 ], [ -96.50077, 32.82554 ], [ -96.50071, 32.82543 ], [ -96.5006, 32.82529 ], [ -96.50056, 32.82517 ], [ -96.5005, 32.82507 ], [ -96.50042, 32.82504 ], [ -96.50037, 32.82498 ], [ -96.50027, 32.82493 ], [ -96.50022, 32.82485 ], [ -96.50021, 32.82474 ], [ -96.50005, 32.82435 ], [ -96.49988, 32.82401 ], [ -96.49987, 32.82364 ], [ -96.49982, 32.82343 ], [ -96.49976, 32.8232 ], [ -96.49958, 32.82314 ], [ -96.49949, 32.8231 ], [ -96.49939, 32.82296 ], [ -96.49935, 32.82283 ], [ -96.49918, 32.82261 ], [ -96.49904, 32.82245 ], [ -96.49889, 32.82237 ], [ -96.49872, 32.82229 ], [ -96.4985, 32.82226 ], [ -96.49814, 32.82224 ], [ -96.49811, 32.82227 ], [ -96.49813, 32.82242 ], [ -96.49814, 32.82273 ], [ -96.49816, 32.82289 ], [ -96.49812, 32.82318 ], [ -96.4981, 32.82325 ], [ -96.49804, 32.82332 ], [ -96.4977, 32.82359 ], [ -96.49769, 32.82363 ], [ -96.49739, 32.82384 ], [ -96.49714, 32.82417 ], [ -96.49691, 32.82436 ], [ -96.49647, 32.82492 ], [ -96.49616, 32.82504 ], [ -96.49605, 32.82502 ], [ -96.49542, 32.82496 ], [ -96.49539, 32.82498 ], [ -96.49524, 32.82495 ], [ -96.49512, 32.8249 ], [ -96.49501, 32.82487 ], [ -96.49483, 32.82487 ], [ -96.49462, 32.8249 ], [ -96.49441, 32.82495 ], [ -96.49426, 32.82495 ], [ -96.49362, 32.82512 ], [ -96.49337, 32.82517 ], [ -96.49309, 32.82523 ], [ -96.49286, 32.8253 ], [ -96.49264, 32.82535 ], [ -96.49249, 32.82535 ], [ -96.49237, 32.82531 ], [ -96.49224, 32.82526 ], [ -96.49206, 32.8252 ], [ -96.49189, 32.8251 ], [ -96.49179, 32.825 ], [ -96.49179, 32.82499 ], [ -96.49175, 32.82496 ], [ -96.49128, 32.82448 ], [ -96.49112, 32.82438 ], [ -96.49109, 32.82427 ], [ -96.49053, 32.82402 ], [ -96.49033, 32.82418 ], [ -96.49029, 32.82415 ], [ -96.49035, 32.82401 ], [ -96.49044, 32.8239 ], [ -96.49058, 32.82376 ], [ -96.49077, 32.82352 ], [ -96.49085, 32.82343 ], [ -96.491, 32.82322 ], [ -96.49106, 32.82306 ], [ -96.49106, 32.82306 ], [ -96.49106, 32.82306 ], [ -96.4911, 32.82296 ], [ -96.49115, 32.82291 ], [ -96.49121, 32.82289 ], [ -96.49128, 32.8229 ], [ -96.49139, 32.82295 ], [ -96.49145, 32.82299 ], [ -96.49156, 32.82311 ], [ -96.49171, 32.82316 ], [ -96.49171, 32.82317 ], [ -96.49171, 32.82317 ], [ -96.49198, 32.82326 ], [ -96.49207, 32.8234 ], [ -96.49308, 32.8237 ], [ -96.49321, 32.82364 ], [ -96.49322, 32.82364 ], [ -96.49323, 32.82364 ], [ -96.49339, 32.82357 ], [ -96.49342, 32.82353 ], [ -96.49357, 32.82338 ], [ -96.49367, 32.82324 ], [ -96.49372, 32.82285 ], [ -96.49368, 32.82258 ], [ -96.49366, 32.82248 ], [ -96.49364, 32.82241 ], [ -96.49368, 32.82234 ], [ -96.49372, 32.8223 ], [ -96.49378, 32.82228 ], [ -96.49382, 32.82224 ], [ -96.49386, 32.82222 ], [ -96.49388, 32.82216 ], [ -96.49398, 32.82214 ], [ -96.49402, 32.82208 ], [ -96.49411, 32.82209 ], [ -96.49418, 32.82209 ], [ -96.49428, 32.82212 ], [ -96.49504, 32.82206 ], [ -96.49508, 32.82206 ], [ -96.49519, 32.82207 ], [ -96.49529, 32.82207 ], [ -96.49539, 32.82207 ], [ -96.49556, 32.82208 ], [ -96.49571, 32.82208 ], [ -96.49575, 32.82207 ], [ -96.49575, 32.82207 ], [ -96.49575, 32.82207 ], [ -96.49614, 32.82198 ], [ -96.49627, 32.82192 ], [ -96.49635, 32.82181 ], [ -96.49638, 32.82162 ], [ -96.49639, 32.82147 ], [ -96.49638, 32.82131 ], [ -96.49632, 32.82119 ], [ -96.49629, 32.82111 ], [ -96.49632, 32.82099 ], [ -96.49634, 32.82089 ], [ -96.49645, 32.82076 ], [ -96.49651, 32.82071 ], [ -96.49672, 32.8206 ], [ -96.49694, 32.82054 ], [ -96.49711, 32.82048 ], [ -96.49718, 32.82045 ], [ -96.49729, 32.82048 ], [ -96.49782, 32.82078 ], [ -96.49785, 32.82075 ], [ -96.49727, 32.82042 ], [ -96.49732, 32.82039 ], [ -96.49723, 32.82025 ], [ -96.49713, 32.82013 ], [ -96.49706, 32.82008 ], [ -96.49692, 32.82001 ], [ -96.49677, 32.81994 ], [ -96.49663, 32.81986 ], [ -96.49649, 32.81981 ], [ -96.496, 32.81957 ], [ -96.49599, 32.81959 ], [ -96.49574, 32.81948 ], [ -96.49557, 32.81947 ], [ -96.49543, 32.81939 ], [ -96.49531, 32.81932 ], [ -96.49513, 32.81901 ], [ -96.49504, 32.81891 ], [ -96.49493, 32.81883 ], [ -96.49482, 32.81877 ], [ -96.49473, 32.81873 ], [ -96.49462, 32.8187 ], [ -96.49454, 32.81866 ], [ -96.49449, 32.81852 ], [ -96.49423, 32.81822 ], [ -96.49401, 32.81808 ], [ -96.49381, 32.81796 ], [ -96.4936, 32.81794 ], [ -96.49345, 32.818 ], [ -96.49338, 32.81789 ], [ -96.49331, 32.81771 ], [ -96.4931, 32.81745 ], [ -96.49288, 32.81736 ], [ -96.49264, 32.81736 ], [ -96.49255, 32.81738 ], [ -96.49241, 32.81741 ], [ -96.4923, 32.81743 ], [ -96.49214, 32.81746 ], [ -96.49207, 32.81746 ], [ -96.49202, 32.8174 ], [ -96.49192, 32.81733 ], [ -96.49184, 32.81724 ], [ -96.49171, 32.81716 ], [ -96.49166, 32.81708 ], [ -96.49171, 32.81695 ], [ -96.49184, 32.81686 ], [ -96.49197, 32.81674 ], [ -96.49207, 32.81665 ], [ -96.49216, 32.81652 ], [ -96.49228, 32.81641 ], [ -96.49243, 32.81614 ], [ -96.49241, 32.81599 ], [ -96.49234, 32.81585 ], [ -96.4923, 32.81568 ], [ -96.49218, 32.81543 ], [ -96.4919, 32.8152 ], [ -96.49176, 32.81494 ], [ -96.49146, 32.8147 ], [ -96.49124, 32.81454 ], [ -96.49113, 32.8145 ], [ -96.491, 32.81446 ], [ -96.49088, 32.81442 ], [ -96.49084, 32.8144 ], [ -96.49074, 32.81431 ], [ -96.49087, 32.81394 ], [ -96.49086, 32.8139 ], [ -96.49087, 32.81389 ], [ -96.49084, 32.81377 ], [ -96.49079, 32.81367 ], [ -96.49077, 32.81361 ], [ -96.49075, 32.81349 ], [ -96.49049, 32.81329 ], [ -96.49014, 32.81319 ], [ -96.48976, 32.81316 ], [ -96.48954, 32.81296 ], [ -96.48941, 32.81266 ], [ -96.48941, 32.81155 ], [ -96.48908, 32.81152 ], [ -96.48898, 32.81157 ], [ -96.48905, 32.81265 ], [ -96.48876, 32.81281 ], [ -96.48807, 32.81349 ], [ -96.48807, 32.8136 ], [ -96.48764, 32.81372 ], [ -96.48713, 32.81409 ], [ -96.48693, 32.81417 ], [ -96.48681, 32.81411 ], [ -96.48702, 32.81385 ], [ -96.48736, 32.81296 ], [ -96.48741, 32.81238 ], [ -96.48749, 32.81228 ], [ -96.48782, 32.8121 ], [ -96.488, 32.81183 ], [ -96.48799, 32.81158 ], [ -96.48781, 32.81137 ], [ -96.48747, 32.81115 ], [ -96.48718, 32.81114 ], [ -96.48691, 32.81119 ], [ -96.48664, 32.81135 ], [ -96.48604, 32.81141 ], [ -96.48574, 32.81169 ], [ -96.48563, 32.81174 ], [ -96.4855, 32.81172 ], [ -96.48591, 32.81107 ], [ -96.48619, 32.81089 ], [ -96.48631, 32.81065 ], [ -96.48619, 32.81048 ], [ -96.48588, 32.81035 ], [ -96.4855, 32.81006 ], [ -96.48527, 32.81013 ], [ -96.48492, 32.81016 ], [ -96.48471, 32.81051 ], [ -96.48457, 32.8105 ], [ -96.48465, 32.81008 ], [ -96.48459, 32.80994 ], [ -96.48436, 32.80984 ], [ -96.48447, 32.80958 ], [ -96.48514, 32.80952 ], [ -96.48628, 32.80966 ], [ -96.48653, 32.80963 ], [ -96.48706, 32.80984 ], [ -96.48786, 32.80992 ], [ -96.48822, 32.81003 ], [ -96.4885, 32.80999 ], [ -96.48893, 32.81029 ], [ -96.48899, 32.81075 ], [ -96.48896, 32.81107 ], [ -96.48905, 32.81115 ], [ -96.48928, 32.81114 ], [ -96.48936, 32.81108 ], [ -96.4894, 32.8109 ], [ -96.4893, 32.8102 ], [ -96.48949, 32.81001 ], [ -96.48985, 32.80983 ], [ -96.49018, 32.80946 ], [ -96.49069, 32.8085 ], [ -96.49108, 32.8085 ], [ -96.49146, 32.80839 ], [ -96.49169, 32.80814 ], [ -96.49173, 32.80785 ], [ -96.4921, 32.80743 ], [ -96.49216, 32.807 ], [ -96.49309, 32.80529 ], [ -96.49307, 32.80523 ], [ -96.49272, 32.80502 ], [ -96.49243, 32.80491 ], [ -96.4926, 32.80474 ], [ -96.49269, 32.80473 ], [ -96.49299, 32.80489 ], [ -96.4931, 32.80485 ], [ -96.4932, 32.80472 ], [ -96.49345, 32.80471 ], [ -96.49353, 32.80444 ], [ -96.49357, 32.80394 ], [ -96.49327, 32.80248 ], [ -96.4932, 32.80127 ], [ -96.49312, 32.8011 ], [ -96.49304, 32.801 ], [ -96.49288, 32.80095 ], [ -96.4925, 32.80097 ], [ -96.49274, 32.80145 ], [ -96.49281, 32.80177 ], [ -96.4928, 32.80206 ], [ -96.49267, 32.80254 ], [ -96.49234, 32.80288 ], [ -96.49267, 32.80327 ], [ -96.49218, 32.80293 ], [ -96.49218, 32.80282 ], [ -96.49244, 32.80263 ], [ -96.49253, 32.8025 ], [ -96.49248, 32.80241 ], [ -96.49228, 32.8024 ], [ -96.49224, 32.80236 ], [ -96.49196, 32.80249 ], [ -96.4921, 32.80236 ], [ -96.4921, 32.8022 ], [ -96.49193, 32.802 ], [ -96.49167, 32.80136 ], [ -96.49125, 32.80097 ], [ -96.49128, 32.80078 ], [ -96.49184, 32.80044 ], [ -96.49205, 32.80043 ], [ -96.49245, 32.80077 ], [ -96.49283, 32.80086 ], [ -96.49341, 32.80086 ], [ -96.49351, 32.80064 ], [ -96.49351, 32.80046 ], [ -96.49361, 32.80041 ], [ -96.49379, 32.7999 ], [ -96.49395, 32.79969 ], [ -96.49651, 32.80005 ], [ -96.4965, 32.80032 ], [ -96.49885, 32.80067 ], [ -96.49901, 32.80054 ], [ -96.52662, 32.80652 ], [ -96.52771, 32.80678 ], [ -96.5278, 32.8069 ], [ -96.5281, 32.80691 ], [ -96.52838, 32.80712 ], [ -96.52857, 32.80744 ], [ -96.52862, 32.80743 ], [ -96.52882, 32.80795 ], [ -96.52882, 32.80825 ], [ -96.52861, 32.80848 ], [ -96.52821, 32.80867 ], [ -96.52815, 32.80887 ], [ -96.52844, 32.80906 ], [ -96.52863, 32.80933 ], [ -96.52881, 32.80945 ], [ -96.52931, 32.80999 ], [ -96.5295, 32.81027 ], [ -96.53047, 32.81118 ], [ -96.53068, 32.81168 ], [ -96.53075, 32.81161 ], [ -96.53115, 32.81182 ], [ -96.53138, 32.81199 ], [ -96.53145, 32.81228 ], [ -96.53133, 32.81236 ], [ -96.53138, 32.8124 ], [ -96.53143, 32.81235 ], [ -96.53152, 32.81236 ], [ -96.53175, 32.81255 ], [ -96.53191, 32.81295 ], [ -96.53177, 32.81307 ], [ -96.53199, 32.81324 ], [ -96.53206, 32.81339 ], [ -96.53212, 32.81336 ], [ -96.53232, 32.81356 ], [ -96.53303, 32.81498 ], [ -96.53338, 32.8152 ], [ -96.5337, 32.8158 ], [ -96.5347, 32.81607 ], [ -96.5351, 32.81608 ], [ -96.53683, 32.81685 ], [ -96.53844, 32.81741 ], [ -96.54038, 32.8184 ], [ -96.54094, 32.8189 ], [ -96.54095, 32.81933 ], [ -96.54151, 32.82015 ], [ -96.54187, 32.8209 ], [ -96.54175, 32.82237 ], [ -96.54224, 32.82284 ], [ -96.54204, 32.82314 ], [ -96.54137, 32.82291 ], [ -96.54066, 32.82365 ], [ -96.54048, 32.82467 ], [ -96.53912, 32.82629 ], [ -96.53884, 32.82695 ], [ -96.53841, 32.82727 ], [ -96.53841, 32.82772 ], [ -96.53816, 32.82811 ], [ -96.53781, 32.82848 ], [ -96.53873, 32.82867 ], [ -96.53967, 32.82856 ], [ -96.5411, 32.82929 ], [ -96.54209, 32.82998 ], [ -96.5422, 32.83045 ], [ -96.54266, 32.83104 ], [ -96.54297, 32.83171 ], [ -96.54272, 32.8324 ], [ -96.54224, 32.8329 ], [ -96.54179, 32.83391 ], [ -96.54185, 32.83456 ], [ -96.54217, 32.83504 ], [ -96.54254, 32.83503 ], [ -96.54278, 32.83512 ], [ -96.54291, 32.83497 ], [ -96.54328, 32.83484 ], [ -96.54338, 32.83525 ], [ -96.54432, 32.83526 ], [ -96.54457, 32.83509 ], [ -96.54484, 32.83507 ], [ -96.54484, 32.8361 ], [ -96.54465, 32.83611 ], [ -96.54429, 32.83592 ], [ -96.5434, 32.83593 ], [ -96.54329, 32.83799 ], [ -96.54285, 32.83843 ], [ -96.54257, 32.83885 ], [ -96.54245, 32.8393 ], [ -96.54257, 32.83991 ], [ -96.53655, 32.85187 ], [ -96.53637, 32.85202 ], [ -96.53637, 32.85211 ], [ -96.53646, 32.8522 ], [ -96.5366, 32.85223 ], [ -96.53672, 32.85217 ], [ -96.53677, 32.85195 ], [ -96.54267, 32.84024 ], [ -96.54292, 32.84022 ], [ -96.54352, 32.83906 ], [ -96.54391, 32.83866 ], [ -96.54445, 32.83836 ], [ -96.545, 32.83817 ], [ -96.54552, 32.83815 ], [ -96.54554, 32.83814 ], [ -96.54554, 32.83863 ], [ -96.54534, 32.83859 ], [ -96.54481, 32.83871 ], [ -96.54443, 32.83887 ], [ -96.54407, 32.83919 ], [ -96.5438, 32.83965 ], [ -96.54532, 32.84076 ], [ -96.54338, 32.84074 ], [ -96.54337, 32.84558 ], [ -96.54626, 32.84584 ], [ -96.5466, 32.8459 ], [ -96.54675, 32.84648 ], [ -96.54607, 32.84634 ], [ -96.54547, 32.84641 ], [ -96.54509, 32.84675 ], [ -96.54491, 32.84707 ], [ -96.5449, 32.84764 ], [ -96.5449, 32.84765 ], [ -96.5449, 32.84772 ], [ -96.54494, 32.84791 ], [ -96.54502, 32.84805 ], [ -96.54516, 32.84827 ], [ -96.54526, 32.84836 ], [ -96.54537, 32.84844 ], [ -96.54545, 32.84849 ], [ -96.54551, 32.84853 ], [ -96.54583, 32.84881 ], [ -96.54621, 32.84925 ], [ -96.54638, 32.84955 ], [ -96.54642, 32.84967 ], [ -96.54643, 32.84976 ], [ -96.54645, 32.84989 ], [ -96.5465, 32.85006 ], [ -96.54655, 32.85019 ], [ -96.54657, 32.85028 ], [ -96.54659, 32.85042 ], [ -96.54665, 32.85057 ], [ -96.54672, 32.85072 ], [ -96.54683, 32.85088 ], [ -96.54696, 32.85104 ], [ -96.54704, 32.85112 ], [ -96.54713, 32.85117 ], [ -96.54723, 32.85122 ], [ -96.54739, 32.85132 ], [ -96.54746, 32.85139 ], [ -96.5475, 32.85145 ], [ -96.54771, 32.85194 ], [ -96.54773, 32.85201 ], [ -96.54775, 32.85209 ], [ -96.54775, 32.85212 ], [ -96.54773, 32.85219 ], [ -96.5477, 32.85235 ], [ -96.54776, 32.85252 ], [ -96.54781, 32.8526 ], [ -96.54779, 32.85272 ], [ -96.54768, 32.85286 ], [ -96.54765, 32.85294 ], [ -96.5477, 32.85308 ], [ -96.5476, 32.85323 ], [ -96.54751, 32.8533 ], [ -96.54751, 32.85331 ], [ -96.54746, 32.85334 ], [ -96.54745, 32.85338 ], [ -96.54741, 32.85343 ], [ -96.54733, 32.85355 ], [ -96.54726, 32.85365 ], [ -96.54717, 32.85375 ], [ -96.54708, 32.85385 ], [ -96.54701, 32.85398 ], [ -96.54696, 32.85405 ], [ -96.54686, 32.85413 ], [ -96.54683, 32.85416 ], [ -96.54668, 32.85425 ], [ -96.5466, 32.85425 ], [ -96.54647, 32.85429 ], [ -96.54654, 32.85436 ], [ -96.54654, 32.85439 ], [ -96.54648, 32.85449 ], [ -96.54646, 32.85451 ], [ -96.54622, 32.85458 ], [ -96.5462, 32.85464 ], [ -96.54616, 32.85469 ], [ -96.54611, 32.85483 ], [ -96.54609, 32.85492 ], [ -96.54606, 32.85514 ], [ -96.54605, 32.85522 ], [ -96.54624, 32.85534 ], [ -96.5463, 32.85545 ], [ -96.54635, 32.85553 ], [ -96.54653, 32.85579 ], [ -96.54667, 32.85599 ], [ -96.54681, 32.85613 ], [ -96.54695, 32.8562 ], [ -96.54706, 32.85628 ], [ -96.54707, 32.85628 ], [ -96.54728, 32.85636 ], [ -96.54726, 32.85692 ], [ -96.54729, 32.8571 ], [ -96.54729, 32.85717 ], [ -96.54732, 32.85728 ], [ -96.54734, 32.85743 ], [ -96.54738, 32.85748 ], [ -96.54741, 32.85749 ], [ -96.5475, 32.85754 ], [ -96.5475, 32.85757 ], [ -96.54743, 32.85763 ], [ -96.54755, 32.85779 ], [ -96.54762, 32.85781 ], [ -96.54764, 32.8579 ], [ -96.5475, 32.85789 ], [ -96.5475, 32.85789 ], [ -96.54742, 32.85789 ], [ -96.54742, 32.85789 ], [ -96.54742, 32.85789 ], [ -96.5474, 32.85789 ], [ -96.54726, 32.85797 ], [ -96.54722, 32.85805 ], [ -96.5471, 32.85809 ], [ -96.54697, 32.85801 ], [ -96.54695, 32.858 ], [ -96.5469, 32.85797 ], [ -96.54665, 32.85782 ], [ -96.54664, 32.85782 ], [ -96.54653, 32.85773 ], [ -96.5464, 32.85765 ], [ -96.54619, 32.85754 ], [ -96.54615, 32.85753 ], [ -96.54614, 32.85752 ], [ -96.54612, 32.85752 ], [ -96.54606, 32.85749 ], [ -96.54592, 32.85748 ], [ -96.54587, 32.85747 ], [ -96.54549, 32.85755 ], [ -96.5452, 32.85753 ], [ -96.54515, 32.8575 ], [ -96.54511, 32.85734 ], [ -96.54509, 32.85721 ], [ -96.545, 32.8573 ], [ -96.54486, 32.85748 ], [ -96.54463, 32.85761 ], [ -96.5446, 32.85762 ], [ -96.54423, 32.85768 ], [ -96.54419, 32.85768 ], [ -96.54403, 32.85767 ], [ -96.54384, 32.85761 ], [ -96.54374, 32.85754 ], [ -96.5436, 32.85759 ], [ -96.54355, 32.85761 ], [ -96.54312, 32.85771 ], [ -96.54301, 32.85772 ], [ -96.5427, 32.85773 ], [ -96.54249, 32.85773 ], [ -96.54234, 32.85773 ], [ -96.54213, 32.85771 ], [ -96.54194, 32.85765 ], [ -96.54174, 32.85759 ], [ -96.54159, 32.85763 ], [ -96.5415, 32.85766 ], [ -96.54136, 32.85769 ], [ -96.54118, 32.85765 ], [ -96.54106, 32.85765 ], [ -96.54091, 32.85765 ], [ -96.54077, 32.85767 ], [ -96.54063, 32.85767 ], [ -96.54051, 32.85767 ], [ -96.54038, 32.85768 ], [ -96.54025, 32.85769 ], [ -96.54014, 32.85772 ], [ -96.53998, 32.85778 ], [ -96.53985, 32.85784 ], [ -96.53975, 32.85791 ], [ -96.53963, 32.85799 ], [ -96.53951, 32.85809 ], [ -96.53942, 32.85817 ], [ -96.53938, 32.85826 ], [ -96.53937, 32.85834 ], [ -96.53928, 32.85837 ], [ -96.53915, 32.85846 ], [ -96.53903, 32.8585 ], [ -96.53906, 32.85871 ], [ -96.53894, 32.85885 ], [ -96.53892, 32.85902 ], [ -96.53885, 32.85913 ], [ -96.53874, 32.85924 ], [ -96.53866, 32.85929 ], [ -96.53866, 32.85932 ], [ -96.53865, 32.85933 ], [ -96.53852, 32.85953 ], [ -96.53852, 32.85954 ], [ -96.53846, 32.85955 ], [ -96.53838, 32.85951 ], [ -96.53831, 32.85945 ], [ -96.53823, 32.8594 ], [ -96.53818, 32.85931 ], [ -96.53809, 32.85931 ], [ -96.53805, 32.85939 ], [ -96.53806, 32.85949 ], [ -96.53811, 32.85959 ], [ -96.53819, 32.85972 ], [ -96.53823, 32.85979 ], [ -96.5383, 32.85987 ], [ -96.53838, 32.85994 ], [ -96.53841, 32.86009 ], [ -96.5384, 32.86023 ], [ -96.53837, 32.86031 ], [ -96.53836, 32.86058 ], [ -96.53835, 32.86094 ], [ -96.53836, 32.86122 ], [ -96.53836, 32.86136 ], [ -96.53837, 32.86154 ], [ -96.53837, 32.86155 ], [ -96.53837, 32.86155 ], [ -96.53837, 32.86155 ], [ -96.53838, 32.86157 ], [ -96.53843, 32.86182 ], [ -96.53845, 32.86191 ], [ -96.53847, 32.86205 ], [ -96.5385, 32.86221 ], [ -96.53853, 32.86231 ], [ -96.53854, 32.86232 ], [ -96.53858, 32.86248 ], [ -96.53871, 32.86265 ], [ -96.53873, 32.86271 ], [ -96.53883, 32.86283 ], [ -96.53904, 32.86301 ], [ -96.53931, 32.86325 ], [ -96.53953, 32.86343 ], [ -96.53965, 32.86354 ], [ -96.53976, 32.86364 ], [ -96.53986, 32.86374 ], [ -96.53989, 32.86376 ], [ -96.53994, 32.86383 ], [ -96.53989, 32.86396 ], [ -96.53979, 32.86405 ], [ -96.53958, 32.86411 ], [ -96.53947, 32.8641 ], [ -96.5394, 32.86407 ], [ -96.53925, 32.86399 ], [ -96.53915, 32.86396 ], [ -96.53903, 32.86395 ], [ -96.53891, 32.86394 ], [ -96.53881, 32.86394 ], [ -96.53871, 32.86394 ], [ -96.53859, 32.86394 ], [ -96.53844, 32.86397 ], [ -96.53834, 32.86398 ], [ -96.53818, 32.86399 ], [ -96.53802, 32.86405 ], [ -96.53792, 32.86411 ], [ -96.53789, 32.86414 ], [ -96.53787, 32.86414 ], [ -96.53781, 32.86419 ], [ -96.53777, 32.86422 ], [ -96.5377, 32.86428 ], [ -96.53759, 32.86435 ], [ -96.53745, 32.86449 ], [ -96.53738, 32.86457 ], [ -96.53739, 32.86458 ], [ -96.53725, 32.86471 ], [ -96.53716, 32.86499 ], [ -96.53713, 32.86572 ], [ -96.53707, 32.86574 ], [ -96.53711, 32.86584 ], [ -96.53713, 32.86586 ], [ -96.53711, 32.86651 ], [ -96.53718, 32.86673 ], [ -96.53718, 32.86681 ], [ -96.53725, 32.8669 ], [ -96.53734, 32.86698 ], [ -96.53741, 32.86703 ], [ -96.53769, 32.86731 ], [ -96.53774, 32.86743 ], [ -96.53749, 32.86765 ], [ -96.5375, 32.86768 ], [ -96.53749, 32.8677 ], [ -96.53751, 32.86779 ], [ -96.53766, 32.86805 ], [ -96.5377, 32.86812 ], [ -96.5378, 32.86816 ], [ -96.53785, 32.8682 ], [ -96.53856, 32.86788 ], [ -96.53873, 32.86798 ], [ -96.53879, 32.86803 ], [ -96.53887, 32.86808 ], [ -96.5389, 32.86809 ], [ -96.53892, 32.8681 ], [ -96.53893, 32.8681 ], [ -96.53896, 32.86811 ], [ -96.53907, 32.86809 ], [ -96.53907, 32.86809 ], [ -96.53918, 32.86809 ], [ -96.53929, 32.86807 ], [ -96.53939, 32.86806 ], [ -96.53952, 32.86802 ], [ -96.53957, 32.86798 ], [ -96.53964, 32.86796 ], [ -96.53974, 32.86796 ], [ -96.53985, 32.86796 ], [ -96.53996, 32.86797 ], [ -96.54008, 32.86795 ], [ -96.54024, 32.86791 ], [ -96.54036, 32.86785 ], [ -96.54039, 32.86785 ], [ -96.54058, 32.86783 ], [ -96.54132, 32.86781 ], [ -96.54181, 32.86771 ], [ -96.54219, 32.86771 ], [ -96.54288, 32.86792 ], [ -96.54289, 32.86792 ], [ -96.54309, 32.86799 ], [ -96.54326, 32.86804 ], [ -96.54341, 32.86807 ], [ -96.54382, 32.8682 ], [ -96.54416, 32.86821 ], [ -96.54434, 32.86815 ], [ -96.54438, 32.86816 ], [ -96.54452, 32.86812 ], [ -96.54466, 32.86803 ], [ -96.5448, 32.86795 ], [ -96.54482, 32.8679 ], [ -96.5449, 32.86785 ], [ -96.54504, 32.86783 ], [ -96.54513, 32.86784 ], [ -96.54522, 32.86781 ], [ -96.54548, 32.86781 ], [ -96.54566, 32.8678 ], [ -96.54582, 32.86778 ], [ -96.54582, 32.86778 ], [ -96.54675, 32.86774 ], [ -96.54676, 32.86774 ], [ -96.54677, 32.86774 ], [ -96.54689, 32.86773 ], [ -96.54692, 32.8677 ], [ -96.54692, 32.8677 ], [ -96.54701, 32.86761 ], [ -96.54702, 32.8676 ], [ -96.54706, 32.86756 ], [ -96.54706, 32.86751 ], [ -96.54707, 32.86746 ], [ -96.54706, 32.86732 ], [ -96.54705, 32.8673 ], [ -96.54705, 32.86718 ], [ -96.54685, 32.867 ], [ -96.54683, 32.86686 ], [ -96.54699, 32.86667 ], [ -96.547, 32.86666 ], [ -96.547, 32.86665 ], [ -96.54704, 32.86661 ], [ -96.54761, 32.86518 ], [ -96.54821, 32.86466 ], [ -96.54854, 32.8644 ], [ -96.54857, 32.86438 ], [ -96.54858, 32.86437 ], [ -96.54871, 32.86427 ], [ -96.5499, 32.8637 ], [ -96.54997, 32.86368 ], [ -96.55008, 32.86363 ], [ -96.55019, 32.86357 ], [ -96.55021, 32.86355 ], [ -96.55058, 32.86337 ], [ -96.55065, 32.86335 ], [ -96.55074, 32.8633 ], [ -96.55083, 32.86329 ], [ -96.55096, 32.8632 ], [ -96.55098, 32.86318 ], [ -96.55137, 32.86299 ], [ -96.55143, 32.86297 ], [ -96.55152, 32.86295 ], [ -96.55162, 32.86291 ], [ -96.5517, 32.86286 ], [ -96.55176, 32.86279 ], [ -96.55185, 32.8627 ], [ -96.55189, 32.86266 ], [ -96.5523, 32.86232 ], [ -96.55299, 32.86205 ], [ -96.55361, 32.86202 ], [ -96.55508, 32.86216 ], [ -96.55512, 32.86216 ], [ -96.55515, 32.86218 ], [ -96.55528, 32.86224 ], [ -96.55531, 32.86226 ], [ -96.55532, 32.86227 ], [ -96.55529, 32.86241 ], [ -96.55532, 32.86244 ], [ -96.55532, 32.86246 ], [ -96.55536, 32.86248 ], [ -96.55537, 32.86248 ], [ -96.55537, 32.86248 ], [ -96.55539, 32.86249 ], [ -96.55546, 32.86245 ], [ -96.55546, 32.86239 ], [ -96.55548, 32.86232 ], [ -96.55558, 32.8623 ], [ -96.55568, 32.86229 ], [ -96.55576, 32.86228 ], [ -96.55592, 32.86229 ], [ -96.55598, 32.8623 ], [ -96.55609, 32.86233 ], [ -96.55623, 32.86236 ], [ -96.55638, 32.8624 ], [ -96.5565, 32.86243 ], [ -96.55657, 32.86243 ], [ -96.55664, 32.86241 ], [ -96.55668, 32.8624 ], [ -96.55672, 32.86239 ], [ -96.5568, 32.8624 ], [ -96.55685, 32.86244 ], [ -96.55687, 32.86245 ], [ -96.55688, 32.86245 ], [ -96.55715, 32.86251 ], [ -96.55717, 32.86251 ], [ -96.5573, 32.8626 ], [ -96.5574, 32.86267 ], [ -96.55748, 32.86272 ], [ -96.55755, 32.86276 ], [ -96.55759, 32.86277 ], [ -96.5576, 32.86278 ], [ -96.55762, 32.86278 ], [ -96.55764, 32.86279 ], [ -96.55771, 32.86279 ], [ -96.55785, 32.86281 ], [ -96.55788, 32.86282 ], [ -96.55797, 32.86287 ], [ -96.55804, 32.86292 ], [ -96.55813, 32.86299 ], [ -96.55822, 32.86304 ], [ -96.55831, 32.86307 ], [ -96.55842, 32.86311 ], [ -96.55845, 32.86312 ], [ -96.55872, 32.86326 ], [ -96.55875, 32.86328 ], [ -96.55882, 32.86331 ], [ -96.55902, 32.86337 ], [ -96.55923, 32.86343 ], [ -96.55938, 32.86348 ], [ -96.55963, 32.86356 ], [ -96.55973, 32.86359 ], [ -96.55982, 32.86359 ], [ -96.55993, 32.86357 ], [ -96.5601, 32.86362 ], [ -96.56033, 32.86363 ], [ -96.56058, 32.86361 ], [ -96.56089, 32.86359 ], [ -96.56107, 32.86357 ], [ -96.56121, 32.86353 ], [ -96.56132, 32.86349 ], [ -96.56139, 32.86345 ], [ -96.56151, 32.86339 ], [ -96.56162, 32.86334 ], [ -96.56174, 32.86329 ], [ -96.56229, 32.86314 ], [ -96.56251, 32.86309 ], [ -96.56356, 32.8629 ], [ -96.56371, 32.86288 ], [ -96.56382, 32.86287 ], [ -96.56433, 32.86287 ], [ -96.56445, 32.86288 ], [ -96.56451, 32.86289 ], [ -96.56536, 32.86306 ], [ -96.56542, 32.86307 ], [ -96.56545, 32.86308 ], [ -96.56597, 32.86335 ], [ -96.56599, 32.86336 ], [ -96.56631, 32.86363 ], [ -96.56642, 32.86373 ], [ -96.56654, 32.86382 ], [ -96.56663, 32.8639 ], [ -96.56663, 32.8639 ], [ -96.56663, 32.8639 ], [ -96.56664, 32.8639 ], [ -96.56676, 32.86398 ], [ -96.56692, 32.86404 ], [ -96.56706, 32.86408 ], [ -96.5671, 32.86412 ], [ -96.56731, 32.8644 ], [ -96.56744, 32.86463 ], [ -96.56774, 32.86503 ], [ -96.56792, 32.86524 ], [ -96.56793, 32.86526 ], [ -96.56794, 32.86526 ], [ -96.56794, 32.86526 ], [ -96.56796, 32.86528 ], [ -96.56832, 32.86558 ], [ -96.56832, 32.86558 ], [ -96.56833, 32.86558 ], [ -96.56836, 32.86561 ], [ -96.5696, 32.86643 ], [ -96.5696, 32.86643 ], [ -96.56961, 32.86644 ], [ -96.56987, 32.86658 ], [ -96.56995, 32.8666 ], [ -96.57009, 32.86662 ], [ -96.57026, 32.86662 ], [ -96.57043, 32.86661 ], [ -96.57062, 32.86659 ], [ -96.57071, 32.86658 ], [ -96.57078, 32.8666 ], [ -96.57085, 32.86662 ], [ -96.57099, 32.86666 ], [ -96.57112, 32.86668 ], [ -96.57117, 32.86668 ], [ -96.5713, 32.8668 ], [ -96.57138, 32.86697 ], [ -96.57149, 32.86745 ], [ -96.57126, 32.86827 ], [ -96.57133, 32.86836 ], [ -96.57135, 32.86837 ], [ -96.57139, 32.86838 ], [ -96.57147, 32.8684 ], [ -96.57155, 32.86842 ], [ -96.57167, 32.86843 ], [ -96.57178, 32.86842 ], [ -96.57187, 32.86836 ], [ -96.57193, 32.86826 ], [ -96.57199, 32.8681 ], [ -96.57203, 32.86788 ], [ -96.57205, 32.8678 ], [ -96.57281, 32.86731 ], [ -96.57298, 32.86726 ], [ -96.5731, 32.8672 ], [ -96.5733, 32.86716 ], [ -96.5734, 32.86712 ], [ -96.57347, 32.86711 ], [ -96.57357, 32.86709 ], [ -96.57364, 32.86707 ], [ -96.57381, 32.86702 ], [ -96.57399, 32.86701 ], [ -96.57409, 32.86699 ], [ -96.5742, 32.86699 ], [ -96.57429, 32.86699 ], [ -96.57437, 32.86698 ], [ -96.57446, 32.86698 ], [ -96.57463, 32.86697 ], [ -96.57516, 32.86689 ], [ -96.57588, 32.86672 ], [ -96.57618, 32.86662 ], [ -96.57633, 32.86653 ], [ -96.57654, 32.86629 ], [ -96.57667, 32.86616 ], [ -96.5768, 32.86614 ], [ -96.57714, 32.86623 ], [ -96.57718, 32.86624 ], [ -96.57761, 32.86644 ], [ -96.57765, 32.86646 ], [ -96.57768, 32.86648 ], [ -96.57814, 32.86681 ], [ -96.57819, 32.86685 ], [ -96.57828, 32.86694 ], [ -96.57839, 32.86698 ], [ -96.57847, 32.867 ], [ -96.57865, 32.867 ], [ -96.57924, 32.86704 ], [ -96.57955, 32.86702 ], [ -96.57984, 32.86703 ], [ -96.58012, 32.86709 ], [ -96.58018, 32.86712 ], [ -96.58056, 32.86732 ], [ -96.5806, 32.86734 ], [ -96.5806, 32.86734 ], [ -96.58102, 32.86765 ], [ -96.58148, 32.86809 ], [ -96.58154, 32.86827 ], [ -96.58158, 32.86826 ], [ -96.58159, 32.86827 ], [ -96.5816, 32.86826 ], [ -96.58161, 32.86826 ], [ -96.58168, 32.86818 ], [ -96.58176, 32.86813 ], [ -96.58178, 32.86812 ], [ -96.58187, 32.86812 ], [ -96.58192, 32.86815 ], [ -96.58187, 32.8682 ], [ -96.58184, 32.86822 ], [ -96.58178, 32.86827 ], [ -96.58173, 32.86835 ], [ -96.58171, 32.86839 ], [ -96.58168, 32.86842 ], [ -96.58168, 32.86845 ], [ -96.58165, 32.86851 ], [ -96.58165, 32.86859 ], [ -96.58167, 32.86866 ], [ -96.58167, 32.86868 ], [ -96.58171, 32.86874 ], [ -96.58177, 32.86887 ], [ -96.5819, 32.86909 ], [ -96.58196, 32.8692 ], [ -96.58202, 32.86926 ], [ -96.58214, 32.86942 ], [ -96.58227, 32.86959 ], [ -96.58241, 32.86975 ], [ -96.58242, 32.86976 ], [ -96.58243, 32.86976 ], [ -96.58243, 32.86977 ], [ -96.58258, 32.86985 ], [ -96.58274, 32.8699 ], [ -96.58284, 32.8699 ], [ -96.58349, 32.86992 ], [ -96.58354, 32.86992 ], [ -96.58356, 32.86993 ], [ -96.58424, 32.8702 ], [ -96.58432, 32.87023 ], [ -96.58438, 32.87026 ], [ -96.58475, 32.87045 ], [ -96.58481, 32.87049 ], [ -96.58481, 32.87049 ], [ -96.58505, 32.87066 ], [ -96.58524, 32.8708 ], [ -96.58557, 32.8712 ], [ -96.5858, 32.87185 ], [ -96.58574, 32.87224 ], [ -96.58572, 32.87226 ], [ -96.58572, 32.87234 ], [ -96.58572, 32.87234 ], [ -96.58572, 32.87235 ], [ -96.58574, 32.87238 ], [ -96.58576, 32.87241 ], [ -96.58582, 32.87246 ], [ -96.58588, 32.87251 ], [ -96.58597, 32.87252 ], [ -96.5861, 32.87252 ], [ -96.58618, 32.87251 ], [ -96.58619, 32.87252 ], [ -96.58627, 32.87275 ], [ -96.58626, 32.87279 ], [ -96.58623, 32.87281 ], [ -96.58615, 32.87284 ], [ -96.58574, 32.87279 ], [ -96.58568, 32.87281 ], [ -96.58566, 32.87281 ], [ -96.58563, 32.87282 ], [ -96.58557, 32.87284 ], [ -96.58554, 32.87288 ], [ -96.5855, 32.8729 ], [ -96.58541, 32.87298 ], [ -96.58539, 32.87303 ], [ -96.58535, 32.87306 ], [ -96.58536, 32.87308 ], [ -96.58534, 32.87314 ], [ -96.58535, 32.87324 ], [ -96.58536, 32.87331 ], [ -96.58542, 32.8734 ], [ -96.58551, 32.87347 ], [ -96.58571, 32.87357 ], [ -96.58578, 32.87363 ], [ -96.5859, 32.87366 ], [ -96.586, 32.87368 ], [ -96.58602, 32.87369 ], [ -96.58623, 32.87382 ], [ -96.58624, 32.87383 ], [ -96.58634, 32.87394 ], [ -96.58638, 32.874 ], [ -96.58639, 32.87404 ], [ -96.58639, 32.87411 ], [ -96.58637, 32.87425 ], [ -96.58649, 32.87437 ], [ -96.5865, 32.87438 ], [ -96.58653, 32.87448 ], [ -96.58657, 32.87448 ], [ -96.5866, 32.87452 ], [ -96.58675, 32.87454 ], [ -96.58684, 32.87455 ], [ -96.58694, 32.87457 ], [ -96.58715, 32.87465 ], [ -96.58739, 32.87477 ], [ -96.58742, 32.87479 ], [ -96.58762, 32.87497 ], [ -96.58765, 32.8751 ], [ -96.58778, 32.87523 ], [ -96.58799, 32.87538 ], [ -96.58819, 32.87554 ], [ -96.58832, 32.8756 ], [ -96.58847, 32.87562 ], [ -96.5886, 32.87565 ], [ -96.58885, 32.87572 ], [ -96.58895, 32.87576 ], [ -96.58911, 32.87582 ], [ -96.58937, 32.87589 ], [ -96.58962, 32.87597 ], [ -96.58973, 32.87602 ], [ -96.5898, 32.87607 ], [ -96.58995, 32.8762 ], [ -96.59006, 32.8763 ], [ -96.59014, 32.87638 ], [ -96.59024, 32.87646 ], [ -96.59037, 32.87656 ], [ -96.59048, 32.87673 ], [ -96.5905, 32.87677 ], [ -96.59055, 32.87693 ], [ -96.59058, 32.87703 ], [ -96.59057, 32.87725 ], [ -96.59054, 32.87737 ], [ -96.59053, 32.87745 ], [ -96.59059, 32.87754 ], [ -96.59061, 32.8776 ], [ -96.59068, 32.87763 ], [ -96.59075, 32.8777 ], [ -96.59075, 32.87777 ], [ -96.59074, 32.8779 ], [ -96.59075, 32.87802 ], [ -96.59075, 32.87808 ], [ -96.59077, 32.87816 ], [ -96.59078, 32.87824 ], [ -96.59081, 32.8783 ], [ -96.59085, 32.87843 ], [ -96.59086, 32.8785 ], [ -96.59089, 32.8786 ], [ -96.59088, 32.87868 ], [ -96.59087, 32.87875 ], [ -96.59082, 32.87886 ], [ -96.59076, 32.87893 ], [ -96.59069, 32.879 ], [ -96.59046, 32.87913 ], [ -96.5903, 32.87916 ], [ -96.59014, 32.87916 ], [ -96.59007, 32.87916 ], [ -96.58996, 32.87916 ], [ -96.5898, 32.87917 ], [ -96.58965, 32.87917 ], [ -96.58948, 32.8792 ], [ -96.58929, 32.87923 ], [ -96.5891, 32.87929 ], [ -96.589, 32.87943 ], [ -96.58894, 32.87957 ], [ -96.58893, 32.87973 ], [ -96.58892, 32.87985 ], [ -96.58893, 32.88001 ], [ -96.58896, 32.88015 ], [ -96.58902, 32.88029 ], [ -96.58911, 32.88032 ], [ -96.5892, 32.88032 ], [ -96.58929, 32.88033 ], [ -96.58992, 32.88034 ], [ -96.59002, 32.88034 ], [ -96.5901, 32.88032 ], [ -96.59046, 32.88028 ], [ -96.59071, 32.88035 ], [ -96.59087, 32.88037 ], [ -96.591, 32.8804 ], [ -96.59125, 32.88048 ], [ -96.5914, 32.88058 ], [ -96.59153, 32.88073 ], [ -96.59125, 32.88077 ], [ -96.59109, 32.88077 ], [ -96.59099, 32.88076 ], [ -96.59075, 32.8807 ], [ -96.59058, 32.88069 ], [ -96.59027, 32.88067 ], [ -96.59019, 32.88067 ], [ -96.59004, 32.88068 ], [ -96.58988, 32.8807 ], [ -96.58967, 32.88073 ], [ -96.58952, 32.88079 ], [ -96.58929, 32.88091 ], [ -96.58922, 32.88098 ], [ -96.58921, 32.88106 ], [ -96.58921, 32.88115 ], [ -96.5892, 32.88128 ], [ -96.5892, 32.88154 ], [ -96.58922, 32.88184 ], [ -96.58929, 32.88206 ], [ -96.58935, 32.8823 ], [ -96.58941, 32.88246 ], [ -96.58943, 32.88252 ], [ -96.58958, 32.88274 ], [ -96.58968, 32.88296 ], [ -96.58973, 32.88311 ], [ -96.58975, 32.88322 ], [ -96.5898, 32.8833 ], [ -96.58985, 32.88337 ], [ -96.58989, 32.88345 ], [ -96.58993, 32.8835 ], [ -96.59, 32.88361 ], [ -96.59032, 32.88378 ], [ -96.59048, 32.8839 ], [ -96.59056, 32.8841 ], [ -96.59076, 32.8844 ], [ -96.59083, 32.88449 ], [ -96.59088, 32.88456 ], [ -96.59132, 32.88465 ], [ -96.59139, 32.88467 ], [ -96.59149, 32.8847 ], [ -96.5916, 32.88472 ], [ -96.59184, 32.88482 ], [ -96.59221, 32.8848 ], [ -96.59268, 32.88479 ], [ -96.5926, 32.88485 ], [ -96.59259, 32.88499 ], [ -96.59291, 32.88533 ], [ -96.59319, 32.88534 ], [ -96.59345, 32.88527 ], [ -96.59346, 32.88536 ], [ -96.59356, 32.88548 ], [ -96.59349, 32.88555 ], [ -96.59341, 32.88569 ], [ -96.59329, 32.88583 ], [ -96.59328, 32.8859 ], [ -96.59333, 32.88595 ], [ -96.59348, 32.88596 ], [ -96.59364, 32.88598 ], [ -96.59382, 32.8859 ], [ -96.59393, 32.88586 ], [ -96.59399, 32.88591 ], [ -96.59431, 32.88652 ], [ -96.59482, 32.88701 ], [ -96.59492, 32.88708 ], [ -96.59512, 32.88723 ], [ -96.59519, 32.88728 ], [ -96.59548, 32.8875 ], [ -96.59548, 32.8875 ], [ -96.59548, 32.8875 ], [ -96.59573, 32.88763 ], [ -96.59586, 32.88768 ], [ -96.59627, 32.88787 ], [ -96.59627, 32.88788 ], [ -96.5964, 32.88801 ], [ -96.59644, 32.88872 ], [ -96.59644, 32.88873 ], [ -96.59644, 32.88874 ], [ -96.59645, 32.88891 ], [ -96.59659, 32.88935 ], [ -96.59659, 32.88936 ], [ -96.59659, 32.88936 ], [ -96.59668, 32.88966 ], [ -96.59669, 32.88977 ], [ -96.59668, 32.88981 ], [ -96.59667, 32.88991 ], [ -96.59667, 32.88999 ], [ -96.5967, 32.89005 ], [ -96.5967, 32.89006 ], [ -96.59663, 32.89021 ], [ -96.59663, 32.89022 ], [ -96.59662, 32.89022 ], [ -96.59657, 32.89033 ], [ -96.5966, 32.89043 ], [ -96.5966, 32.89044 ], [ -96.59661, 32.89044 ], [ -96.59666, 32.89049 ], [ -96.59674, 32.89052 ], [ -96.59684, 32.89054 ], [ -96.59696, 32.89057 ], [ -96.59697, 32.89057 ], [ -96.59722, 32.89067 ], [ -96.59724, 32.8908 ], [ -96.59711, 32.89129 ], [ -96.59701, 32.89148 ], [ -96.597, 32.89149 ], [ -96.59691, 32.89165 ], [ -96.59688, 32.89171 ], [ -96.5968, 32.89185 ], [ -96.59679, 32.89198 ], [ -96.59678, 32.89205 ], [ -96.59678, 32.89208 ], [ -96.59678, 32.89215 ], [ -96.59654, 32.89236 ], [ -96.59648, 32.8924 ], [ -96.59646, 32.89243 ], [ -96.59631, 32.89256 ], [ -96.59611, 32.89265 ], [ -96.59607, 32.89263 ], [ -96.59606, 32.8926 ], [ -96.59605, 32.89256 ], [ -96.59605, 32.89252 ], [ -96.59613, 32.8924 ], [ -96.59621, 32.89221 ], [ -96.59629, 32.89204 ], [ -96.59634, 32.89187 ], [ -96.5964, 32.89168 ], [ -96.59646, 32.8915 ], [ -96.59652, 32.89129 ], [ -96.5966, 32.89112 ], [ -96.59669, 32.89097 ], [ -96.59677, 32.89084 ], [ -96.59684, 32.89067 ], [ -96.59678, 32.8906 ], [ -96.59677, 32.8906 ], [ -96.59677, 32.8906 ], [ -96.59669, 32.89059 ], [ -96.59665, 32.89062 ], [ -96.59662, 32.89065 ], [ -96.59659, 32.89068 ], [ -96.59629, 32.89096 ], [ -96.5961, 32.89183 ], [ -96.59593, 32.8922 ], [ -96.59561, 32.89253 ], [ -96.59558, 32.8926 ], [ -96.59555, 32.89266 ], [ -96.59554, 32.89272 ], [ -96.59547, 32.89294 ], [ -96.59522, 32.89335 ], [ -96.59509, 32.89346 ], [ -96.59499, 32.89341 ], [ -96.595, 32.89333 ], [ -96.59505, 32.89327 ], [ -96.59513, 32.89315 ], [ -96.59517, 32.89302 ], [ -96.59521, 32.89288 ], [ -96.59524, 32.89275 ], [ -96.59524, 32.89258 ], [ -96.59541, 32.89219 ], [ -96.59544, 32.89205 ], [ -96.59544, 32.89189 ], [ -96.59536, 32.89173 ], [ -96.59528, 32.89162 ], [ -96.59516, 32.89152 ], [ -96.59506, 32.8913 ], [ -96.59498, 32.89113 ], [ -96.59497, 32.89088 ], [ -96.59492, 32.89063 ], [ -96.59473, 32.88995 ], [ -96.59469, 32.88963 ], [ -96.59468, 32.8895 ], [ -96.59465, 32.889 ], [ -96.59459, 32.88865 ], [ -96.59445, 32.88841 ], [ -96.59429, 32.88825 ], [ -96.59429, 32.88825 ], [ -96.59428, 32.88824 ], [ -96.59408, 32.88816 ], [ -96.59384, 32.88819 ], [ -96.59376, 32.88833 ], [ -96.59379, 32.88876 ], [ -96.5937, 32.88888 ], [ -96.59358, 32.88891 ], [ -96.59348, 32.88885 ], [ -96.59342, 32.88881 ], [ -96.59323, 32.8885 ], [ -96.59314, 32.88819 ], [ -96.59303, 32.88792 ], [ -96.59296, 32.88767 ], [ -96.59285, 32.88744 ], [ -96.59284, 32.88742 ], [ -96.59248, 32.887 ], [ -96.59248, 32.887 ], [ -96.59248, 32.88699 ], [ -96.59247, 32.88699 ], [ -96.59214, 32.88668 ], [ -96.59207, 32.88661 ], [ -96.59195, 32.88651 ], [ -96.59194, 32.88649 ], [ -96.59159, 32.88632 ], [ -96.59154, 32.88628 ], [ -96.59149, 32.88627 ], [ -96.59118, 32.88611 ], [ -96.59113, 32.88603 ], [ -96.59103, 32.88584 ], [ -96.59098, 32.88572 ], [ -96.59095, 32.88553 ], [ -96.59091, 32.88531 ], [ -96.5908, 32.88519 ], [ -96.5908, 32.88519 ], [ -96.5908, 32.88519 ], [ -96.59072, 32.88516 ], [ -96.59067, 32.88515 ], [ -96.59028, 32.88501 ], [ -96.59008, 32.88496 ], [ -96.59001, 32.88494 ], [ -96.5896, 32.88472 ], [ -96.58935, 32.88438 ], [ -96.58935, 32.88438 ], [ -96.58935, 32.88438 ], [ -96.58913, 32.88439 ], [ -96.58899, 32.88452 ], [ -96.58796, 32.88358 ], [ -96.58763, 32.88341 ] ], [ [ -96.48275, 32.88901 ], [ -96.48266, 32.88887 ], [ -96.4825, 32.88878 ], [ -96.48229, 32.88878 ], [ -96.48231, 32.88889 ], [ -96.48247, 32.88889 ], [ -96.48259, 32.88896 ], [ -96.48262, 32.88915 ], [ -96.48274, 32.88914 ], [ -96.48275, 32.88901 ] ] ] } },
{ "type": "Feature", "properties": { "element": "way", "id": 1230373210 }, "geometry": { "type": "Polygon", "coordinates": [ [ [ -96.48179, 32.95761 ], [ -96.48169, 32.95761 ], [ -96.4816, 32.95754 ], [ -96.48164, 32.95743 ], [ -96.4819, 32.95729 ], [ -96.48218, 32.95702 ], [ -96.48232, 32.95725 ], [ -96.48222, 32.9574 ], [ -96.48179, 32.95761 ] ] ] } },
{ "type": "Feature", "properties": { "element": "way", "id": 1328040088 }, "geometry": { "type": "Polygon", "coordinates": [ [ [ -96.47605, 32.97164 ], [ -96.47586, 32.97168 ], [ -96.47571, 32.97164 ], [ -96.47564, 32.97156 ], [ -96.47577, 32.97126 ], [ -96.47571, 32.97092 ], [ -96.47575, 32.9709 ], [ -96.4759, 32.97108 ], [ -96.47618, 32.97129 ], [ -96.47627, 32.97144 ], [ -96.47605, 32.97164 ] ] ] } },
{ "type": "Feature", "properties": { "element": "way", "id": 970127653 }, "geometry": { "type": "Polygon", "coordinates": [ [ [ -96.70374, 32.90334 ], [ -96.70375, 32.90886 ], [ -96.7037, 32.90889 ], [ -96.70367, 32.903 ], [ -96.70369, 32.90298 ], [ -96.70374, 32.90334 ] ] ] } },
{ "type": "Feature", "properties": { "element": "way", "id": 460924570 }, "geometry": { "type": "Polygon", "coordinates": [ [ [ -96.70619, 32.91165 ], [ -96.70639, 32.91161 ], [ -96.70669, 32.91162 ], [ -96.70679, 32.91178 ], [ -96.70693, 32.91175 ], [ -96.70698, 32.91166 ], [ -96.70709, 32.91166 ], [ -96.70723, 32.91185 ], [ -96.70726, 32.91219 ], [ -96.70714, 32.91221 ], [ -96.70704, 32.91218 ], [ -96.70695, 32.91211 ], [ -96.7069, 32.91199 ], [ -96.70667, 32.91182 ], [ -96.70649, 32.91183 ], [ -96.70627, 32.91173 ], [ -96.70619, 32.91165 ] ] ] } },
{ "type": "Feature", "properties": { "element": "way", "id": 515383073 }, "geometry": { "type": "Polygon", "coordinates": [ [ [ -96.71825, 32.90716 ], [ -96.71879, 32.90784 ], [ -96.71908, 32.90809 ], [ -96.71958, 32.90798 ], [ -96.71988, 32.90784 ], [ -96.72009, 32.90703 ], [ -96.72034, 32.90651 ], [ -96.72063, 32.90623 ], [ -96.72093, 32.90611 ], [ -96.72101, 32.90597 ], [ -96.72096, 32.90578 ], [ -96.72064, 32.90558 ], [ -96.7206, 32.90545 ], [ -96.72108, 32.90479 ], [ -96.72152, 32.90407 ], [ -96.72193, 32.90367 ], [ -96.72204, 32.90374 ], [ -96.72159, 32.90411 ], [ -96.72117, 32.90482 ], [ -96.72069, 32.90544 ], [ -96.72074, 32.90555 ], [ -96.72103, 32.90573 ], [ -96.7211, 32.90585 ], [ -96.72107, 32.90611 ], [ -96.72068, 32.90631 ], [ -96.72044, 32.90652 ], [ -96.72016, 32.90704 ], [ -96.71995, 32.90787 ], [ -96.7198, 32.90798 ], [ -96.71792, 32.90863 ], [ -96.71792, 32.90851 ], [ -96.719, 32.90811 ], [ -96.71875, 32.90788 ], [ -96.71822, 32.9072 ], [ -96.71791, 32.90716 ], [ -96.71791, 32.90699 ], [ -96.71825, 32.90716 ] ] ] } },
{ "type": "Feature", "properties": { "element": "way", "id": 515383077 }, "geometry": { "type": "Polygon", "coordinates": [ [ [ -96.72705, 32.90673 ], [ -96.72731, 32.90696 ], [ -96.7285, 32.90767 ], [ -96.72872, 32.90824 ], [ -96.7288, 32.90831 ], [ -96.72884, 32.9084 ], [ -96.7288, 32.90852 ], [ -96.72847, 32.90898 ], [ -96.7284, 32.90931 ], [ -96.72841, 32.90998 ], [ -96.72833, 32.90998 ], [ -96.72831, 32.90921 ], [ -96.72837, 32.90892 ], [ -96.72873, 32.90841 ], [ -96.7284, 32.90774 ], [ -96.7273, 32.90708 ], [ -96.72697, 32.90679 ], [ -96.72673, 32.90646 ], [ -96.72627, 32.90651 ], [ -96.72602, 32.90665 ], [ -96.72592, 32.90661 ], [ -96.72625, 32.90644 ], [ -96.7267, 32.90637 ], [ -96.72666, 32.90623 ], [ -96.72683, 32.90634 ], [ -96.72705, 32.90673 ] ] ] } },
{ "type": "Feature", "properties": { "element": "way", "id": 950259917 }, "geometry": { "type": "Polygon", "coordinates": [ [ [ -96.72578, 32.91083 ], [ -96.72593, 32.91048 ], [ -96.72636, 32.91018 ], [ -96.72636, 32.91007 ], [ -96.7262, 32.90984 ], [ -96.72619, 32.90974 ], [ -96.72629, 32.90972 ], [ -96.72633, 32.90988 ], [ -96.72647, 32.91012 ], [ -96.72633, 32.91031 ], [ -96.72599, 32.91053 ], [ -96.72586, 32.91084 ], [ -96.72583, 32.91137 ], [ -96.72576, 32.91132 ], [ -96.72578, 32.91083 ] ] ] } },
{ "type": "Feature", "properties": { "element": "way", "id": 515376948 }, "geometry": { "type": "Polygon", "coordinates": [ [ [ -96.72846, 32.90996 ], [ -96.72843, 32.91079 ], [ -96.72851, 32.91139 ], [ -96.72861, 32.91152 ], [ -96.72904, 32.91163 ], [ -96.72913, 32.91174 ], [ -96.72907, 32.9118 ], [ -96.72873, 32.91178 ], [ -96.72852, 32.91164 ], [ -96.72832, 32.9116 ], [ -96.72804, 32.91172 ], [ -96.72802, 32.91167 ], [ -96.72824, 32.91134 ], [ -96.72828, 32.91117 ], [ -96.72828, 32.91097 ], [ -96.72815, 32.91053 ], [ -96.72829, 32.90997 ], [ -96.72846, 32.90996 ] ] ] } },
{ "type": "Feature", "properties": { "element": "way", "id": 515376945 }, "geometry": { "type": "Polygon", "coordinates": [ [ [ -96.71693, 32.91135 ], [ -96.71668, 32.91161 ], [ -96.7163, 32.9117 ], [ -96.71593, 32.91194 ], [ -96.71574, 32.912 ], [ -96.71529, 32.91189 ], [ -96.71528, 32.91179 ], [ -96.71574, 32.91179 ], [ -96.71622, 32.91156 ], [ -96.71682, 32.91104 ], [ -96.71702, 32.91097 ], [ -96.71722, 32.91098 ], [ -96.7172, 32.91105 ], [ -96.71703, 32.91114 ], [ -96.71693, 32.91135 ] ] ] } },
{ "type": "Feature", "properties": { "element": "way", "id": 515376944 }, "geometry": { "type": "Polygon", "coordinates": [ [ [ -96.7139, 32.9119 ], [ -96.713, 32.91209 ], [ -96.71267, 32.91209 ], [ -96.71245, 32.91218 ], [ -96.71227, 32.91216 ], [ -96.71238, 32.912 ], [ -96.71258, 32.91185 ], [ -96.71317, 32.91182 ], [ -96.71408, 32.91158 ], [ -96.71421, 32.91164 ], [ -96.7142, 32.9117 ], [ -96.7139, 32.9119 ] ] ] } },
{ "type": "Feature", "properties": { "element": "way", "id": 515383076 }, "geometry": { "type": "Polygon", "coordinates": [ [ [ -96.73101, 32.91244 ], [ -96.73098, 32.91227 ], [ -96.73079, 32.91206 ], [ -96.72933, 32.91188 ], [ -96.72904, 32.91182 ], [ -96.72907, 32.91173 ], [ -96.72938, 32.91182 ], [ -96.73084, 32.912 ], [ -96.73114, 32.91227 ], [ -96.73129, 32.9125 ], [ -96.73123, 32.91259 ], [ -96.73101, 32.91244 ] ] ] } },
{ "type": "Feature", "properties": { "element": "way", "id": 61737878 }, "geometry": { "type": "Polygon", "coordinates": [ [ [ -96.86735, 32.83462 ], [ -96.8674, 32.83429 ], [ -96.8673, 32.83422 ], [ -96.86701, 32.8341 ], [ -96.86683, 32.83411 ], [ -96.86664, 32.83421 ], [ -96.86657, 32.83414 ], [ -96.8669, 32.83399 ], [ -96.86716, 32.83392 ], [ -96.86727, 32.83395 ], [ -96.8674, 32.83408 ], [ -96.86739, 32.83419 ], [ -96.86746, 32.83426 ], [ -96.86755, 32.83418 ], [ -96.86801, 32.83457 ], [ -96.86767, 32.83477 ], [ -96.86735, 32.83462 ] ] ] } },
{ "type": "Feature", "properties": { "element": "way", "id": 27098497 }, "geometry": { "type": "Polygon", "coordinates": [ [ [ -96.88243, 32.84433 ], [ -96.88174, 32.84451 ], [ -96.88124, 32.84457 ], [ -96.8809, 32.8447 ], [ -96.88068, 32.84469 ], [ -96.88061, 32.84449 ], [ -96.88106, 32.84427 ], [ -96.88187, 32.84411 ], [ -96.88228, 32.84388 ], [ -96.88251, 32.84367 ], [ -96.88278, 32.84379 ], [ -96.88243, 32.84433 ] ] ] } },
{ "type": "Feature", "properties": { "element": "way", "id": 27098499 }, "geometry": { "type": "Polygon", "coordinates": [ [ [ -96.88184, 32.84488 ], [ -96.88087, 32.84518 ], [ -96.8805, 32.84538 ], [ -96.88014, 32.84539 ], [ -96.87982, 32.84534 ], [ -96.88009, 32.845 ], [ -96.88035, 32.84481 ], [ -96.881, 32.84499 ], [ -96.88124, 32.84486 ], [ -96.88207, 32.84459 ], [ -96.8822, 32.84463 ], [ -96.88184, 32.84488 ] ] ] } },
{ "type": "Feature", "properties": { "element": "way", "id": 25662752 }, "geometry": { "type": "Polygon", "coordinates": [ [ [ -96.88959, 32.84991 ], [ -96.88939, 32.85009 ], [ -96.88879, 32.85042 ], [ -96.88873, 32.85055 ], [ -96.88846, 32.85065 ], [ -96.88768, 32.85042 ], [ -96.88738, 32.8503 ], [ -96.88735, 32.85022 ], [ -96.88721, 32.85015 ], [ -96.88684, 32.85004 ], [ -96.88675, 32.84986 ], [ -96.88677, 32.84969 ], [ -96.8869, 32.84965 ], [ -96.88726, 32.84928 ], [ -96.88726, 32.84917 ], [ -96.88715, 32.84912 ], [ -96.88698, 32.84914 ], [ -96.88673, 32.84938 ], [ -96.88662, 32.84968 ], [ -96.88646, 32.84978 ], [ -96.88616, 32.84979 ], [ -96.88584, 32.84973 ], [ -96.88467, 32.84909 ], [ -96.88377, 32.84877 ], [ -96.88305, 32.84826 ], [ -96.88279, 32.84761 ], [ -96.88322, 32.84673 ], [ -96.88395, 32.84591 ], [ -96.88504, 32.84518 ], [ -96.88575, 32.84499 ], [ -96.88602, 32.84463 ], [ -96.88636, 32.84436 ], [ -96.88681, 32.84426 ], [ -96.88701, 32.84433 ], [ -96.88723, 32.84452 ], [ -96.88733, 32.84485 ], [ -96.88746, 32.84492 ], [ -96.88835, 32.8449 ], [ -96.88909, 32.84494 ], [ -96.88924, 32.84504 ], [ -96.88903, 32.84552 ], [ -96.889, 32.84572 ], [ -96.88867, 32.84643 ], [ -96.88853, 32.84749 ], [ -96.88802, 32.84801 ], [ -96.88832, 32.84821 ], [ -96.88852, 32.84809 ], [ -96.89002, 32.84906 ], [ -96.8903, 32.84939 ], [ -96.8903, 32.84951 ], [ -96.89013, 32.84969 ], [ -96.88959, 32.84991 ] ] ] } },
{ "type": "Feature", "properties": { "element": "way", "id": 482963256 }, "geometry": { "type": "Polygon", "coordinates": [ [ [ -96.87763, 32.8487 ], [ -96.8773, 32.84791 ], [ -96.8774, 32.84788 ], [ -96.87793, 32.84846 ], [ -96.87805, 32.84869 ], [ -96.87856, 32.84838 ], [ -96.87886, 32.84837 ], [ -96.87901, 32.84844 ], [ -96.87899, 32.84856 ], [ -96.87889, 32.84862 ], [ -96.87863, 32.84864 ], [ -96.87814, 32.84885 ], [ -96.87837, 32.84894 ], [ -96.87848, 32.84911 ], [ -96.87843, 32.84924 ], [ -96.87833, 32.84929 ], [ -96.87811, 32.84929 ], [ -96.87783, 32.84905 ], [ -96.87763, 32.8487 ] ] ] } },
{ "type": "Feature", "properties": { "element": "way", "id": 1172311620 }, "geometry": { "type": "Polygon", "coordinates": [ [ [ -96.89013, 32.85096 ], [ -96.89022, 32.85103 ], [ -96.89023, 32.85117 ], [ -96.89033, 32.85122 ], [ -96.89041, 32.85121 ], [ -96.89059, 32.85105 ], [ -96.89052, 32.85122 ], [ -96.89062, 32.85146 ], [ -96.89046, 32.852 ], [ -96.89034, 32.85202 ], [ -96.88991, 32.85174 ], [ -96.88988, 32.85164 ], [ -96.88936, 32.85139 ], [ -96.88929, 32.85125 ], [ -96.88981, 32.85087 ], [ -96.89013, 32.85096 ] ] ] } },
{ "type": "Feature", "properties": { "element": "way", "id": 25662751 }, "geometry": { "type": "Polygon", "coordinates": [ [ [ -96.89973, 32.85639 ], [ -96.89936, 32.85642 ], [ -96.89911, 32.85637 ], [ -96.89856, 32.85601 ], [ -96.89858, 32.85593 ], [ -96.89845, 32.85581 ], [ -96.89772, 32.85552 ], [ -96.89729, 32.85547 ], [ -96.89637, 32.85497 ], [ -96.89632, 32.85507 ], [ -96.89644, 32.85525 ], [ -96.89644, 32.85552 ], [ -96.89623, 32.8557 ], [ -96.89602, 32.85573 ], [ -96.89575, 32.85569 ], [ -96.89536, 32.85543 ], [ -96.89525, 32.85528 ], [ -96.89536, 32.85489 ], [ -96.89525, 32.85472 ], [ -96.89443, 32.85429 ], [ -96.89414, 32.85404 ], [ -96.89342, 32.85371 ], [ -96.89329, 32.85351 ], [ -96.89322, 32.85301 ], [ -96.89433, 32.85214 ], [ -96.89631, 32.85105 ], [ -96.89759, 32.85075 ], [ -96.89793, 32.85099 ], [ -96.89732, 32.85166 ], [ -96.89718, 32.85226 ], [ -96.89737, 32.85317 ], [ -96.89784, 32.85361 ], [ -96.89874, 32.85399 ], [ -96.89949, 32.85409 ], [ -96.90055, 32.85401 ], [ -96.90134, 32.85409 ], [ -96.90136, 32.8543 ], [ -96.90163, 32.85475 ], [ -96.90158, 32.85505 ], [ -96.9017, 32.85697 ], [ -96.90144, 32.85702 ], [ -96.89973, 32.85639 ] ] ] } },
{ "type": "Feature", "properties": { "element": "way", "id": 25662645 }, "geometry": { "type": "Polygon", "coordinates": [ [ [ -96.85582, 32.85983 ], [ -96.85466, 32.85996 ], [ -96.85398, 32.8601 ], [ -96.85382, 32.86018 ], [ -96.85345, 32.86024 ], [ -96.85312, 32.86024 ], [ -96.85211, 32.86006 ], [ -96.85115, 32.85997 ], [ -96.85114, 32.85973 ], [ -96.85161, 32.85976 ], [ -96.85252, 32.85968 ], [ -96.85324, 32.85979 ], [ -96.85401, 32.85963 ], [ -96.8543, 32.85948 ], [ -96.855, 32.85946 ], [ -96.85552, 32.85938 ], [ -96.8563, 32.85914 ], [ -96.85695, 32.85887 ], [ -96.85778, 32.85845 ], [ -96.85818, 32.85837 ], [ -96.85825, 32.85805 ], [ -96.85892, 32.85751 ], [ -96.85981, 32.85631 ], [ -96.86008, 32.85586 ], [ -96.86023, 32.85539 ], [ -96.86044, 32.85503 ], [ -96.86107, 32.8545 ], [ -96.86148, 32.85426 ], [ -96.86298, 32.85358 ], [ -96.86352, 32.85308 ], [ -96.86386, 32.85253 ], [ -96.86463, 32.85195 ], [ -96.86501, 32.8514 ], [ -96.86512, 32.85097 ], [ -96.86517, 32.85024 ], [ -96.86545, 32.85012 ], [ -96.86553, 32.84987 ], [ -96.86575, 32.84975 ], [ -96.86613, 32.84931 ], [ -96.86628, 32.84932 ], [ -96.86664, 32.84963 ], [ -96.86719, 32.84989 ], [ -96.86811, 32.85008 ], [ -96.86893, 32.85006 ], [ -96.86959, 32.84989 ], [ -96.87042, 32.84976 ], [ -96.87046, 32.84944 ], [ -96.87156, 32.8487 ], [ -96.87226, 32.84876 ], [ -96.87246, 32.84883 ], [ -96.87259, 32.84896 ], [ -96.87394, 32.85161 ], [ -96.87395, 32.85185 ], [ -96.87387, 32.85202 ], [ -96.87324, 32.85258 ], [ -96.87211, 32.85285 ], [ -96.87114, 32.85297 ], [ -96.86986, 32.85323 ], [ -96.86952, 32.85321 ], [ -96.86899, 32.85335 ], [ -96.86743, 32.85345 ], [ -96.86714, 32.85331 ], [ -96.86667, 32.85318 ], [ -96.86626, 32.85318 ], [ -96.86489, 32.85452 ], [ -96.8645, 32.85474 ], [ -96.86315, 32.85527 ], [ -96.86283, 32.85552 ], [ -96.86219, 32.85588 ], [ -96.86201, 32.85677 ], [ -96.86178, 32.85714 ], [ -96.86118, 32.85777 ], [ -96.86103, 32.858 ], [ -96.86055, 32.85835 ], [ -96.85941, 32.85859 ], [ -96.85895, 32.85892 ], [ -96.85815, 32.85927 ], [ -96.858, 32.85942 ], [ -96.85657, 32.85955 ], [ -96.85582, 32.85983 ] ] ] } },
{ "type": "Feature", "properties": { "element": "way", "id": 740848537 }, "geometry": { "type": "Polygon", "coordinates": [ [ [ -96.90905, 32.86242 ], [ -96.90912, 32.86246 ], [ -96.90911, 32.86253 ], [ -96.90899, 32.86262 ], [ -96.90887, 32.86262 ], [ -96.90888, 32.8628 ], [ -96.90879, 32.86298 ], [ -96.90863, 32.86302 ], [ -96.90861, 32.86308 ], [ -96.9085, 32.86309 ], [ -96.90846, 32.8632 ], [ -96.90842, 32.86309 ], [ -96.90828, 32.86308 ], [ -96.90821, 32.86295 ], [ -96.90808, 32.86288 ], [ -96.90811, 32.86281 ], [ -96.90805, 32.86272 ], [ -96.90782, 32.86267 ], [ -96.90789, 32.8624 ], [ -96.90849, 32.86246 ], [ -96.90905, 32.86242 ] ] ] } },
{ "type": "Feature", "properties": { "element": "way", "id": 497815603 }, "geometry": { "type": "Polygon", "coordinates": [ [ [ -96.9219, 32.8636 ], [ -96.92224, 32.86369 ], [ -96.9224, 32.86378 ], [ -96.92246, 32.86417 ], [ -96.92239, 32.86484 ], [ -96.92196, 32.86474 ], [ -96.92182, 32.86477 ], [ -96.92187, 32.86493 ], [ -96.92235, 32.8654 ], [ -96.92227, 32.86583 ], [ -96.92234, 32.86591 ], [ -96.92233, 32.86618 ], [ -96.92218, 32.8665 ], [ -96.92178, 32.86652 ], [ -96.92146, 32.86662 ], [ -96.92082, 32.86663 ], [ -96.9204, 32.86658 ], [ -96.92035, 32.86643 ], [ -96.9199, 32.86634 ], [ -96.91983, 32.86628 ], [ -96.91983, 32.8661 ], [ -96.91947, 32.86607 ], [ -96.91947, 32.86592 ], [ -96.9192, 32.86591 ], [ -96.91893, 32.86562 ], [ -96.91843, 32.86539 ], [ -96.91799, 32.86512 ], [ -96.91801, 32.86471 ], [ -96.91812, 32.86449 ], [ -96.91804, 32.86435 ], [ -96.9182, 32.86385 ], [ -96.91816, 32.86376 ], [ -96.91841, 32.86324 ], [ -96.92026, 32.86332 ], [ -96.92049, 32.86322 ], [ -96.92062, 32.86323 ], [ -96.92088, 32.86342 ], [ -96.9219, 32.8636 ] ] ] } },
{ "type": "Feature", "properties": { "element": "way", "id": 399562874 }, "geometry": { "type": "Polygon", "coordinates": [ [ [ -96.9229, 32.87043 ], [ -96.92223, 32.87039 ], [ -96.922, 32.87032 ], [ -96.92197, 32.8702 ], [ -96.92176, 32.87018 ], [ -96.92154, 32.87004 ], [ -96.92142, 32.86968 ], [ -96.92148, 32.8693 ], [ -96.92214, 32.86927 ], [ -96.92287, 32.86934 ], [ -96.923, 32.8703 ], [ -96.92292, 32.87032 ], [ -96.92296, 32.87039 ], [ -96.9229, 32.87043 ] ] ] } },
{ "type": "Feature", "properties": { "element": "way", "id": 1211365754 }, "geometry": { "type": "Polygon", "coordinates": [ [ [ -96.92548, 32.8731 ], [ -96.92556, 32.87321 ], [ -96.92559, 32.87348 ], [ -96.92554, 32.87368 ], [ -96.92542, 32.87367 ], [ -96.9253, 32.8735 ], [ -96.92525, 32.87322 ], [ -96.92533, 32.87308 ], [ -96.92548, 32.8731 ] ] ] } },
{ "type": "Feature", "properties": { "element": "way", "id": 1144571123 }, "geometry": { "type": "Polygon", "coordinates": [ [ [ -96.92147, 32.87435 ], [ -96.92179, 32.87462 ], [ -96.92192, 32.87485 ], [ -96.92169, 32.87556 ], [ -96.92147, 32.87581 ], [ -96.92116, 32.87645 ], [ -96.92099, 32.87651 ], [ -96.92066, 32.87654 ], [ -96.92041, 32.87635 ], [ -96.92029, 32.87605 ], [ -96.92039, 32.87604 ], [ -96.92047, 32.8762 ], [ -96.92054, 32.87624 ], [ -96.92061, 32.87623 ], [ -96.92068, 32.87588 ], [ -96.92056, 32.87584 ], [ -96.92005, 32.87588 ], [ -96.91991, 32.87584 ], [ -96.91995, 32.87536 ], [ -96.92018, 32.8752 ], [ -96.91995, 32.87504 ], [ -96.91994, 32.87452 ], [ -96.91997, 32.87442 ], [ -96.92012, 32.87436 ], [ -96.92147, 32.87435 ] ] ] } },
{ "type": "Feature", "properties": { "element": "way", "id": 681746726 }, "geometry": { "type": "Polygon", "coordinates": [ [ [ -96.92722, 32.87765 ], [ -96.92646, 32.87761 ], [ -96.92635, 32.87733 ], [ -96.92643, 32.87612 ], [ -96.92638, 32.87591 ], [ -96.92599, 32.8758 ], [ -96.92526, 32.87578 ], [ -96.9252, 32.8757 ], [ -96.92516, 32.87578 ], [ -96.92425, 32.87578 ], [ -96.92383, 32.87568 ], [ -96.92365, 32.8754 ], [ -96.92313, 32.87533 ], [ -96.92286, 32.87521 ], [ -96.92273, 32.87498 ], [ -96.92276, 32.8743 ], [ -96.92298, 32.87428 ], [ -96.92298, 32.87502 ], [ -96.9233, 32.87511 ], [ -96.92394, 32.87512 ], [ -96.92397, 32.8755 ], [ -96.92402, 32.87555 ], [ -96.92667, 32.87558 ], [ -96.92672, 32.87566 ], [ -96.92673, 32.87683 ], [ -96.9267, 32.87708 ], [ -96.92658, 32.87732 ], [ -96.92691, 32.87747 ], [ -96.92717, 32.87749 ], [ -96.92831, 32.87745 ], [ -96.92833, 32.87762 ], [ -96.92722, 32.87765 ] ] ] } },
{ "type": "Feature", "properties": { "element": "way", "id": 681746727 }, "geometry": { "type": "Polygon", "coordinates": [ [ [ -96.92841, 32.87741 ], [ -96.9284, 32.87719 ], [ -96.92827, 32.87699 ], [ -96.92829, 32.87443 ], [ -96.92837, 32.87427 ], [ -96.92845, 32.87435 ], [ -96.92848, 32.87449 ], [ -96.92845, 32.87665 ], [ -96.92857, 32.87714 ], [ -96.92865, 32.87782 ], [ -96.92861, 32.87799 ], [ -96.92841, 32.87741 ] ] ] } },
{ "type": "Feature", "properties": { "element": "way", "id": 28383526 }, "geometry": { "type": "Polygon", "coordinates": [ [ [ -96.92466, 32.88127 ], [ -96.92411, 32.88121 ], [ -96.92251, 32.88129 ], [ -96.92125, 32.88129 ], [ -96.9205, 32.88122 ], [ -96.92023, 32.88117 ], [ -96.92014, 32.88106 ], [ -96.92012, 32.88062 ], [ -96.9199, 32.88041 ], [ -96.92002, 32.8802 ], [ -96.92039, 32.88009 ], [ -96.92463, 32.8802 ], [ -96.92497, 32.88031 ], [ -96.92497, 32.88112 ], [ -96.92491, 32.88124 ], [ -96.92466, 32.88127 ] ] ] } },
{ "type": "Feature", "properties": { "element": "way", "id": 28383509 }, "geometry": { "type": "Polygon", "coordinates": [ [ [ -96.92752, 32.88346 ], [ -96.92746, 32.88368 ], [ -96.92731, 32.88373 ], [ -96.92546, 32.88299 ], [ -96.92545, 32.88156 ], [ -96.92566, 32.88131 ], [ -96.92554, 32.8812 ], [ -96.92549, 32.88038 ], [ -96.92558, 32.88033 ], [ -96.92629, 32.88033 ], [ -96.9264, 32.88042 ], [ -96.92627, 32.88131 ], [ -96.92636, 32.88154 ], [ -96.92687, 32.8823 ], [ -96.92695, 32.88286 ], [ -96.92752, 32.88346 ] ] ] } },
{ "type": "Feature", "properties": { "element": "way", "id": 839497271 }, "geometry": { "type": "Polygon", "coordinates": [ [ [ -96.92378, 32.88247 ], [ -96.92362, 32.8824 ], [ -96.9236, 32.88229 ], [ -96.92368, 32.88212 ], [ -96.92383, 32.88207 ], [ -96.92398, 32.88214 ], [ -96.92416, 32.88235 ], [ -96.92413, 32.88243 ], [ -96.92378, 32.88247 ] ] ] } },
{ "type": "Feature", "properties": { "element": "way", "id": 25915591 }, "geometry": { "type": "Polygon", "coordinates": [ [ [ -96.90407, 32.8602 ], [ -96.90361, 32.86 ], [ -96.90353, 32.85976 ], [ -96.90357, 32.85912 ], [ -96.90367, 32.85886 ], [ -96.90385, 32.85868 ], [ -96.90409, 32.85864 ], [ -96.90437, 32.8587 ], [ -96.90463, 32.85892 ], [ -96.90477, 32.85919 ], [ -96.90476, 32.85955 ], [ -96.90456, 32.85981 ], [ -96.90454, 32.86012 ], [ -96.90407, 32.8602 ] ] ] } },
{ "type": "Feature", "properties": { "element": "way", "id": 497817002 }, "geometry": { "type": "Polygon", "coordinates": [ [ [ -96.87062, 32.87049 ], [ -96.87075, 32.87042 ], [ -96.87084, 32.87042 ], [ -96.87093, 32.87049 ], [ -96.87109, 32.87044 ], [ -96.87125, 32.87051 ], [ -96.87129, 32.87059 ], [ -96.87118, 32.87079 ], [ -96.87103, 32.87086 ], [ -96.8706, 32.87057 ], [ -96.87062, 32.87049 ] ] ] } },
{ "type": "Feature", "properties": { "element": "way", "id": 717610010 }, "geometry": { "type": "Polygon", "coordinates": [ [ [ -96.86654, 32.87289 ], [ -96.86627, 32.87376 ], [ -96.86627, 32.87439 ], [ -96.86633, 32.87439 ], [ -96.8662, 32.87518 ], [ -96.86577, 32.87574 ], [ -96.86523, 32.87612 ], [ -96.86509, 32.87645 ], [ -96.86504, 32.87684 ], [ -96.86483, 32.87706 ], [ -96.86488, 32.87624 ], [ -96.86509, 32.87592 ], [ -96.86546, 32.87564 ], [ -96.86579, 32.87528 ], [ -96.86598, 32.87474 ], [ -96.86603, 32.87352 ], [ -96.8663, 32.87297 ], [ -96.86636, 32.87269 ], [ -96.86627, 32.87188 ], [ -96.86631, 32.87147 ], [ -96.86639, 32.8712 ], [ -96.86646, 32.87105 ], [ -96.86694, 32.87046 ], [ -96.86707, 32.86998 ], [ -96.86867, 32.86743 ], [ -96.86955, 32.86655 ], [ -96.87055, 32.86591 ], [ -96.87195, 32.86556 ], [ -96.87499, 32.86549 ], [ -96.87511, 32.86566 ], [ -96.87171, 32.86569 ], [ -96.87115, 32.86586 ], [ -96.87021, 32.86624 ], [ -96.86933, 32.86699 ], [ -96.8687, 32.86766 ], [ -96.8672, 32.87001 ], [ -96.86698, 32.87063 ], [ -96.86651, 32.87124 ], [ -96.86644, 32.87159 ], [ -96.86654, 32.87289 ] ] ] } },
{ "type": "Feature", "properties": { "element": "way", "id": 134652034 }, "geometry": { "type": "Polygon", "coordinates": [ [ [ -96.84255, 32.88667 ], [ -96.84246, 32.88668 ], [ -96.84206, 32.8866 ], [ -96.8421, 32.88647 ], [ -96.84202, 32.88597 ], [ -96.84248, 32.88584 ], [ -96.84257, 32.88587 ], [ -96.84265, 32.88616 ], [ -96.84262, 32.88635 ], [ -96.84256, 32.88639 ], [ -96.84259, 32.88659 ], [ -96.84255, 32.88667 ] ] ] } },
{ "type": "Feature", "properties": { "element": "way", "id": 25662923 }, "geometry": { "type": "Polygon", "coordinates": [ [ [ -96.93181, 32.88347 ], [ -96.93155, 32.88365 ], [ -96.93103, 32.88332 ], [ -96.93001, 32.88319 ], [ -96.92954, 32.88329 ], [ -96.92878, 32.88358 ], [ -96.92845, 32.88348 ], [ -96.92805, 32.88321 ], [ -96.92785, 32.88298 ], [ -96.92787, 32.88263 ], [ -96.92797, 32.88229 ], [ -96.9282, 32.88188 ], [ -96.92845, 32.88154 ], [ -96.92879, 32.88124 ], [ -96.92898, 32.88117 ], [ -96.92927, 32.88126 ], [ -96.92899, 32.88146 ], [ -96.9288, 32.88158 ], [ -96.9283, 32.88218 ], [ -96.9282, 32.88228 ], [ -96.92821, 32.88268 ], [ -96.92822, 32.8828 ], [ -96.92832, 32.883 ], [ -96.92862, 32.88323 ], [ -96.92872, 32.88328 ], [ -96.92884, 32.88326 ], [ -96.92951, 32.88303 ], [ -96.93004, 32.88289 ], [ -96.93054, 32.8829 ], [ -96.93103, 32.88298 ], [ -96.93145, 32.88314 ], [ -96.9317, 32.88331 ], [ -96.93181, 32.88344 ], [ -96.93181, 32.88347 ] ] ] } },
{ "type": "Feature", "properties": { "element": "way", "id": 839492622 }, "geometry": { "type": "Polygon", "coordinates": [ [ [ -96.92436, 32.88411 ], [ -96.92452, 32.88424 ], [ -96.92447, 32.88429 ], [ -96.92432, 32.88427 ], [ -96.92431, 32.88432 ], [ -96.92452, 32.88434 ], [ -96.92463, 32.88447 ], [ -96.92459, 32.88462 ], [ -96.92443, 32.88462 ], [ -96.92432, 32.88451 ], [ -96.92422, 32.88422 ], [ -96.92424, 32.88385 ], [ -96.92435, 32.88397 ], [ -96.92436, 32.88411 ] ] ] } },
{ "type": "Feature", "properties": { "element": "way", "id": 839492619 }, "geometry": { "type": "Polygon", "coordinates": [ [ [ -96.92217, 32.88364 ], [ -96.92207, 32.88453 ], [ -96.9222, 32.88477 ], [ -96.9222, 32.88567 ], [ -96.92237, 32.88612 ], [ -96.92217, 32.88619 ], [ -96.92172, 32.88598 ], [ -96.92188, 32.8859 ], [ -96.92196, 32.88551 ], [ -96.92162, 32.88513 ], [ -96.9214, 32.88454 ], [ -96.92152, 32.88428 ], [ -96.9215, 32.88411 ], [ -96.92166, 32.884 ], [ -96.92174, 32.88357 ], [ -96.92201, 32.88352 ], [ -96.92217, 32.88364 ] ] ] } },
{ "type": "Feature", "properties": { "element": "way", "id": 839492620 }, "geometry": { "type": "Polygon", "coordinates": [ [ [ -96.92543, 32.88655 ], [ -96.92542, 32.88643 ], [ -96.9255, 32.886 ], [ -96.92617, 32.88584 ], [ -96.92629, 32.88573 ], [ -96.92642, 32.88549 ], [ -96.92619, 32.88529 ], [ -96.92615, 32.88512 ], [ -96.9262, 32.88487 ], [ -96.92649, 32.8848 ], [ -96.92677, 32.88482 ], [ -96.92681, 32.88487 ], [ -96.92671, 32.88549 ], [ -96.92648, 32.88592 ], [ -96.92598, 32.88622 ], [ -96.92577, 32.8865 ], [ -96.92559, 32.88662 ], [ -96.9255, 32.88663 ], [ -96.92543, 32.88655 ] ] ] } },
{ "type": "Feature", "properties": { "element": "way", "id": 839492618 }, "geometry": { "type": "Polygon", "coordinates": [ [ [ -96.92016, 32.88627 ], [ -96.91995, 32.88628 ], [ -96.91974, 32.88621 ], [ -96.91963, 32.88603 ], [ -96.91981, 32.88557 ], [ -96.92004, 32.88526 ], [ -96.92014, 32.8853 ], [ -96.92039, 32.8859 ], [ -96.9204, 32.88612 ], [ -96.92016, 32.88627 ] ] ] } },
{ "type": "Feature", "properties": { "element": "way", "id": 839492621 }, "geometry": { "type": "Polygon", "coordinates": [ [ [ -96.92435, 32.88563 ], [ -96.92446, 32.88557 ], [ -96.92446, 32.88525 ], [ -96.92452, 32.88508 ], [ -96.92435, 32.88509 ], [ -96.92417, 32.88486 ], [ -96.92432, 32.88513 ], [ -96.92426, 32.88516 ], [ -96.92417, 32.8851 ], [ -96.92413, 32.88502 ], [ -96.92416, 32.88494 ], [ -96.92404, 32.88486 ], [ -96.92403, 32.88454 ], [ -96.92412, 32.88451 ], [ -96.92416, 32.8848 ], [ -96.92415, 32.88457 ], [ -96.9242, 32.88455 ], [ -96.92439, 32.88477 ], [ -96.92464, 32.88472 ], [ -96.92473, 32.88477 ], [ -96.92475, 32.88494 ], [ -96.92458, 32.88506 ], [ -96.92484, 32.88514 ], [ -96.92493, 32.88542 ], [ -96.92494, 32.88559 ], [ -96.92488, 32.88566 ], [ -96.925, 32.88596 ], [ -96.92467, 32.8861 ], [ -96.92455, 32.88621 ], [ -96.92446, 32.88661 ], [ -96.92453, 32.88692 ], [ -96.92461, 32.88695 ], [ -96.92466, 32.88708 ], [ -96.9248, 32.88794 ], [ -96.92482, 32.88881 ], [ -96.92473, 32.88884 ], [ -96.92443, 32.88882 ], [ -96.9241, 32.88791 ], [ -96.92393, 32.88772 ], [ -96.92344, 32.88735 ], [ -96.92342, 32.88731 ], [ -96.92356, 32.88719 ], [ -96.92409, 32.88678 ], [ -96.9242, 32.88641 ], [ -96.92407, 32.88586 ], [ -96.92396, 32.88589 ], [ -96.92336, 32.88574 ], [ -96.92331, 32.88562 ], [ -96.92335, 32.88543 ], [ -96.92347, 32.88534 ], [ -96.92435, 32.88563 ] ] ] } },
{ "type": "Feature", "properties": { "element": "way", "id": 167234617 }, "geometry": { "type": "Polygon", "coordinates": [ [ [ -96.93181, 32.88347 ], [ -96.93204, 32.8838 ], [ -96.93206, 32.88384 ], [ -96.93217, 32.88403 ], [ -96.93226, 32.88439 ], [ -96.93225, 32.8847 ], [ -96.93215, 32.88512 ], [ -96.93176, 32.88578 ], [ -96.93173, 32.88582 ], [ -96.93168, 32.88587 ], [ -96.93162, 32.88591 ], [ -96.93157, 32.88597 ], [ -96.93154, 32.88599 ], [ -96.93151, 32.88601 ], [ -96.93145, 32.88606 ], [ -96.93135, 32.88612 ], [ -96.9313, 32.88615 ], [ -96.9312, 32.88623 ], [ -96.93113, 32.88626 ], [ -96.93101, 32.88636 ], [ -96.93096, 32.88639 ], [ -96.93085, 32.88647 ], [ -96.93078, 32.88653 ], [ -96.93068, 32.88661 ], [ -96.93063, 32.88666 ], [ -96.93062, 32.88668 ], [ -96.93032, 32.88691 ], [ -96.93018, 32.88723 ], [ -96.93015, 32.88726 ], [ -96.93014, 32.88731 ], [ -96.93008, 32.88744 ], [ -96.93011, 32.88786 ], [ -96.9303, 32.88824 ], [ -96.93058, 32.88864 ], [ -96.93064, 32.88876 ], [ -96.93064, 32.88882 ], [ -96.93068, 32.88888 ], [ -96.93071, 32.88894 ], [ -96.93094, 32.88944 ], [ -96.93105, 32.88996 ], [ -96.93103, 32.89055 ], [ -96.93095, 32.89072 ], [ -96.93086, 32.8908 ], [ -96.93083, 32.8908 ], [ -96.93075, 32.89085 ], [ -96.93066, 32.89093 ], [ -96.93053, 32.89101 ], [ -96.93042, 32.89103 ], [ -96.93035, 32.89106 ], [ -96.93024, 32.89108 ], [ -96.93015, 32.8911 ], [ -96.93009, 32.89111 ], [ -96.9296, 32.89116 ], [ -96.92951, 32.89115 ], [ -96.92942, 32.89115 ], [ -96.92936, 32.89115 ], [ -96.92928, 32.89116 ], [ -96.92928, 32.89116 ], [ -96.92925, 32.89115 ], [ -96.92919, 32.89115 ], [ -96.92913, 32.89114 ], [ -96.92905, 32.89113 ], [ -96.92892, 32.89114 ], [ -96.92875, 32.89115 ], [ -96.92863, 32.89113 ], [ -96.92856, 32.89113 ], [ -96.92835, 32.89115 ], [ -96.92828, 32.89116 ], [ -96.92824, 32.89118 ], [ -96.92807, 32.89119 ], [ -96.92762, 32.89146 ], [ -96.92746, 32.89164 ], [ -96.92743, 32.89169 ], [ -96.92742, 32.8917 ], [ -96.92733, 32.89179 ], [ -96.92726, 32.89192 ], [ -96.92724, 32.89204 ], [ -96.92723, 32.89208 ], [ -96.92716, 32.8922 ], [ -96.92711, 32.8929 ], [ -96.92719, 32.89309 ], [ -96.92721, 32.8932 ], [ -96.92728, 32.89335 ], [ -96.92729, 32.89335 ], [ -96.92729, 32.89335 ], [ -96.92732, 32.89342 ], [ -96.92746, 32.89362 ], [ -96.92767, 32.89388 ], [ -96.92771, 32.89394 ], [ -96.92786, 32.89419 ], [ -96.9279, 32.89423 ], [ -96.92806, 32.89432 ], [ -96.92816, 32.89443 ], [ -96.9282, 32.89446 ], [ -96.92822, 32.89447 ], [ -96.92822, 32.89447 ], [ -96.92829, 32.89457 ], [ -96.92828, 32.89463 ], [ -96.92829, 32.89472 ], [ -96.92835, 32.89481 ], [ -96.92835, 32.89481 ], [ -96.92837, 32.89481 ], [ -96.9284, 32.89483 ], [ -96.9284, 32.89483 ], [ -96.92841, 32.89491 ], [ -96.92845, 32.89496 ], [ -96.92853, 32.89547 ], [ -96.9285, 32.8958 ], [ -96.92846, 32.89589 ], [ -96.92821, 32.89588 ], [ -96.92823, 32.89581 ], [ -96.92825, 32.89567 ], [ -96.92826, 32.89544 ], [ -96.9282, 32.89544 ], [ -96.92813, 32.89498 ], [ -96.92777, 32.89441 ], [ -96.92745, 32.89412 ], [ -96.92721, 32.89381 ], [ -96.92686, 32.8931 ], [ -96.92679, 32.89246 ], [ -96.92686, 32.89202 ], [ -96.92707, 32.89151 ], [ -96.92731, 32.89125 ], [ -96.92759, 32.89108 ], [ -96.92815, 32.89092 ], [ -96.92879, 32.89088 ], [ -96.92904, 32.89093 ], [ -96.92953, 32.89092 ], [ -96.93028, 32.89084 ], [ -96.93045, 32.89078 ], [ -96.93075, 32.89048 ], [ -96.93081, 32.88988 ], [ -96.93044, 32.88908 ], [ -96.9299, 32.88816 ], [ -96.92973, 32.88764 ], [ -96.92972, 32.88738 ], [ -96.92989, 32.88697 ], [ -96.9303, 32.88651 ], [ -96.93133, 32.88572 ], [ -96.93185, 32.88506 ], [ -96.93193, 32.88478 ], [ -96.93193, 32.88441 ], [ -96.93178, 32.88402 ], [ -96.93155, 32.88365 ], [ -96.93181, 32.88347 ] ] ] } },
{ "type": "Feature", "properties": { "element": "way", "id": 839492614 }, "geometry": { "type": "Polygon", "coordinates": [ [ [ -96.92207, 32.89118 ], [ -96.92162, 32.89116 ], [ -96.92128, 32.89123 ], [ -96.92119, 32.89139 ], [ -96.9211, 32.89143 ], [ -96.92091, 32.89141 ], [ -96.92082, 32.89131 ], [ -96.92094, 32.89103 ], [ -96.92115, 32.89089 ], [ -96.92129, 32.89084 ], [ -96.92139, 32.89088 ], [ -96.92155, 32.89078 ], [ -96.92187, 32.8908 ], [ -96.92216, 32.89058 ], [ -96.92226, 32.89034 ], [ -96.92234, 32.89032 ], [ -96.92248, 32.89049 ], [ -96.92255, 32.89102 ], [ -96.92247, 32.89123 ], [ -96.92218, 32.89131 ], [ -96.92207, 32.89118 ] ] ] } },
{ "type": "Feature", "properties": { "element": "way", "id": 278713731 }, "geometry": { "type": "Polygon", "coordinates": [ [ [ -96.79534, 32.90099 ], [ -96.79522, 32.90092 ], [ -96.79523, 32.90067 ], [ -96.79566, 32.90069 ], [ -96.79578, 32.90079 ], [ -96.79561, 32.90098 ], [ -96.79534, 32.90099 ] ] ] } },
{ "type": "Feature", "properties": { "element": "way", "id": 1235278791 }, "geometry": { "type": "Polygon", "coordinates": [ [ [ -96.79598, 32.90891 ], [ -96.79611, 32.90864 ], [ -96.79635, 32.9084 ], [ -96.79646, 32.90841 ], [ -96.79658, 32.90836 ], [ -96.7966, 32.9085 ], [ -96.79655, 32.90861 ], [ -96.79628, 32.90901 ], [ -96.79614, 32.90901 ], [ -96.79598, 32.90891 ] ] ] } },
{ "type": "Feature", "properties": { "element": "way", "id": 469556817 }, "geometry": { "type": "Polygon", "coordinates": [ [ [ -96.79765, 32.91048 ], [ -96.79755, 32.91038 ], [ -96.79721, 32.91049 ], [ -96.79701, 32.91049 ], [ -96.79694, 32.91044 ], [ -96.79696, 32.9103 ], [ -96.79667, 32.91034 ], [ -96.7965, 32.91031 ], [ -96.79637, 32.91021 ], [ -96.79617, 32.90985 ], [ -96.79652, 32.90987 ], [ -96.79663, 32.90993 ], [ -96.79661, 32.91006 ], [ -96.79668, 32.91009 ], [ -96.79737, 32.91018 ], [ -96.79751, 32.91025 ], [ -96.79785, 32.91023 ], [ -96.79801, 32.91032 ], [ -96.79795, 32.9105 ], [ -96.79765, 32.91048 ] ] ] } },
{ "type": "Feature", "properties": { "element": "way", "id": 469556815 }, "geometry": { "type": "Polygon", "coordinates": [ [ [ -96.79842, 32.91132 ], [ -96.79838, 32.91114 ], [ -96.79807, 32.91095 ], [ -96.79798, 32.91052 ], [ -96.79806, 32.91031 ], [ -96.79844, 32.91036 ], [ -96.79841, 32.91049 ], [ -96.79847, 32.91073 ], [ -96.79871, 32.91097 ], [ -96.79871, 32.91118 ], [ -96.79863, 32.91137 ], [ -96.79842, 32.91132 ] ] ] } },
{ "type": "Feature", "properties": { "element": "way", "id": 469556812 }, "geometry": { "type": "Polygon", "coordinates": [ [ [ -96.80016, 32.91184 ], [ -96.79999, 32.91162 ], [ -96.79984, 32.91157 ], [ -96.79977, 32.91165 ], [ -96.79976, 32.91185 ], [ -96.7996, 32.91181 ], [ -96.7995, 32.91159 ], [ -96.79965, 32.91152 ], [ -96.79933, 32.9113 ], [ -96.79922, 32.91135 ], [ -96.79921, 32.91145 ], [ -96.79928, 32.91154 ], [ -96.79912, 32.91191 ], [ -96.79877, 32.9119 ], [ -96.79879, 32.91146 ], [ -96.79889, 32.91116 ], [ -96.79905, 32.91108 ], [ -96.79929, 32.91107 ], [ -96.79953, 32.91111 ], [ -96.79973, 32.91122 ], [ -96.79999, 32.91126 ], [ -96.8001, 32.91131 ], [ -96.80037, 32.91161 ], [ -96.80037, 32.91188 ], [ -96.80016, 32.91184 ] ] ] } },
{ "type": "Feature", "properties": { "element": "way", "id": 469556811 }, "geometry": { "type": "Polygon", "coordinates": [ [ [ -96.80073, 32.9121 ], [ -96.80074, 32.91198 ], [ -96.80061, 32.91195 ], [ -96.80053, 32.91187 ], [ -96.80056, 32.91158 ], [ -96.8009, 32.91171 ], [ -96.80102, 32.9117 ], [ -96.80113, 32.91181 ], [ -96.80125, 32.91183 ], [ -96.80123, 32.91203 ], [ -96.80135, 32.91223 ], [ -96.80073, 32.9121 ] ] ] } },
{ "type": "Feature", "properties": { "element": "way", "id": 1305604364 }, "geometry": { "type": "Polygon", "coordinates": [ [ [ -96.79897, 32.91201 ], [ -96.79912, 32.91203 ], [ -96.79914, 32.91208 ], [ -96.7991, 32.91237 ], [ -96.79912, 32.91281 ], [ -96.7988, 32.91295 ], [ -96.79884, 32.91307 ], [ -96.7988, 32.91331 ], [ -96.79875, 32.91331 ], [ -96.79877, 32.91315 ], [ -96.79862, 32.91308 ], [ -96.79862, 32.9129 ], [ -96.79873, 32.91255 ], [ -96.7986, 32.91232 ], [ -96.79859, 32.91216 ], [ -96.79897, 32.91201 ] ] ] } },
{ "type": "Feature", "properties": { "element": "way", "id": 1198435456 }, "geometry": { "type": "Polygon", "coordinates": [ [ [ -96.80249, 32.91392 ], [ -96.80239, 32.91401 ], [ -96.8022, 32.91406 ], [ -96.80218, 32.91396 ], [ -96.80182, 32.9135 ], [ -96.80183, 32.91346 ], [ -96.80222, 32.91345 ], [ -96.80249, 32.91392 ] ] ] } },
{ "type": "Feature", "properties": { "element": "way", "id": 1305604365 }, "geometry": { "type": "Polygon", "coordinates": [ [ [ -96.79922, 32.91365 ], [ -96.79949, 32.91393 ], [ -96.79952, 32.91413 ], [ -96.79943, 32.91432 ], [ -96.79951, 32.91447 ], [ -96.79947, 32.91453 ], [ -96.7989, 32.91385 ], [ -96.79885, 32.91373 ], [ -96.79902, 32.9136 ], [ -96.79922, 32.91365 ] ] ] } },
{ "type": "Feature", "properties": { "element": "way", "id": 839492615 }, "geometry": { "type": "Polygon", "coordinates": [ [ [ -96.92114, 32.89289 ], [ -96.92069, 32.89232 ], [ -96.92048, 32.89192 ], [ -96.92056, 32.89178 ], [ -96.92121, 32.89176 ], [ -96.92135, 32.89178 ], [ -96.92146, 32.8919 ], [ -96.92165, 32.89188 ], [ -96.92181, 32.89193 ], [ -96.92184, 32.89244 ], [ -96.92131, 32.89291 ], [ -96.92114, 32.89289 ] ] ] } },
{ "type": "Feature", "properties": { "element": "way", "id": 839492613 }, "geometry": { "type": "Polygon", "coordinates": [ [ [ -96.92234, 32.89451 ], [ -96.92226, 32.8944 ], [ -96.92246, 32.89432 ], [ -96.92294, 32.89427 ], [ -96.92307, 32.89433 ], [ -96.92307, 32.89441 ], [ -96.923, 32.89446 ], [ -96.92234, 32.89451 ] ] ] } },
{ "type": "Feature", "properties": { "element": "way", "id": 839492617 }, "geometry": { "type": "Polygon", "coordinates": [ [ [ -96.92602, 32.89437 ], [ -96.92631, 32.89451 ], [ -96.92636, 32.8947 ], [ -96.92648, 32.8948 ], [ -96.92644, 32.89486 ], [ -96.92614, 32.89477 ], [ -96.92598, 32.89467 ], [ -96.92577, 32.89464 ], [ -96.92552, 32.8944 ], [ -96.92545, 32.89429 ], [ -96.92548, 32.89408 ], [ -96.9257, 32.89404 ], [ -96.92595, 32.8942 ], [ -96.92602, 32.89437 ] ] ] } },
{ "type": "Feature", "properties": { "element": "way", "id": 839492612 }, "geometry": { "type": "Polygon", "coordinates": [ [ [ -96.9248, 32.89484 ], [ -96.92466, 32.89485 ], [ -96.92395, 32.89479 ], [ -96.92383, 32.89473 ], [ -96.92375, 32.89457 ], [ -96.92358, 32.89453 ], [ -96.92343, 32.89436 ], [ -96.92369, 32.89424 ], [ -96.92388, 32.89425 ], [ -96.92422, 32.89465 ], [ -96.92478, 32.8947 ], [ -96.92482, 32.89475 ], [ -96.9248, 32.89484 ] ] ] } },
{ "type": "Feature", "properties": { "element": "way", "id": 28778858 }, "geometry": { "type": "Polygon", "coordinates": [ [ [ -96.92708, 32.89743 ], [ -96.92721, 32.89737 ], [ -96.92723, 32.89737 ], [ -96.92751, 32.89726 ], [ -96.9276, 32.89721 ], [ -96.92761, 32.8972 ], [ -96.9277, 32.89716 ], [ -96.92777, 32.89707 ], [ -96.92779, 32.89706 ], [ -96.92781, 32.89702 ], [ -96.92811, 32.89662 ], [ -96.92818, 32.89622 ], [ -96.92822, 32.89608 ], [ -96.92822, 32.89604 ], [ -96.92823, 32.89601 ], [ -96.92822, 32.89599 ], [ -96.92822, 32.89596 ], [ -96.92821, 32.89588 ], [ -96.92821, 32.89588 ], [ -96.92846, 32.89589 ], [ -96.92852, 32.89598 ], [ -96.9283, 32.89622 ], [ -96.92829, 32.89628 ], [ -96.92827, 32.89632 ], [ -96.92826, 32.89637 ], [ -96.92823, 32.89645 ], [ -96.92821, 32.8965 ], [ -96.92819, 32.89654 ], [ -96.92818, 32.89658 ], [ -96.92817, 32.89662 ], [ -96.92815, 32.89667 ], [ -96.92814, 32.89671 ], [ -96.92812, 32.89677 ], [ -96.92809, 32.89683 ], [ -96.92807, 32.89688 ], [ -96.92805, 32.89692 ], [ -96.92802, 32.89697 ], [ -96.92799, 32.89701 ], [ -96.92797, 32.89705 ], [ -96.92793, 32.8971 ], [ -96.92789, 32.89714 ], [ -96.92786, 32.89717 ], [ -96.92782, 32.89721 ], [ -96.92778, 32.89724 ], [ -96.92773, 32.89729 ], [ -96.92767, 32.89733 ], [ -96.92762, 32.89738 ], [ -96.92758, 32.89741 ], [ -96.92755, 32.89744 ], [ -96.92751, 32.89747 ], [ -96.92747, 32.89751 ], [ -96.92741, 32.89753 ], [ -96.92735, 32.89755 ], [ -96.92728, 32.89758 ], [ -96.92722, 32.89759 ], [ -96.927, 32.89764 ], [ -96.9269, 32.89766 ], [ -96.92675, 32.89767 ], [ -96.92656, 32.89768 ], [ -96.92629, 32.8977 ], [ -96.92614, 32.8977 ], [ -96.92602, 32.8977 ], [ -96.92583, 32.89769 ], [ -96.9255, 32.89766 ], [ -96.92514, 32.89762 ], [ -96.9249, 32.89761 ], [ -96.9247, 32.89762 ], [ -96.92445, 32.89763 ], [ -96.92434, 32.89763 ], [ -96.92422, 32.89761 ], [ -96.92405, 32.8976 ], [ -96.92386, 32.89757 ], [ -96.92364, 32.89757 ], [ -96.92339, 32.89757 ], [ -96.92322, 32.8976 ], [ -96.92308, 32.89765 ], [ -96.92296, 32.8977 ], [ -96.92287, 32.89775 ], [ -96.9228, 32.8978 ], [ -96.92268, 32.89791 ], [ -96.92258, 32.89803 ], [ -96.92245, 32.89823 ], [ -96.92241, 32.89832 ], [ -96.92236, 32.89847 ], [ -96.92231, 32.89863 ], [ -96.92229, 32.8988 ], [ -96.92229, 32.89898 ], [ -96.92232, 32.89912 ], [ -96.92235, 32.89928 ], [ -96.9224, 32.89942 ], [ -96.92248, 32.89952 ], [ -96.92258, 32.8996 ], [ -96.9227, 32.89965 ], [ -96.92284, 32.8997 ], [ -96.923, 32.89974 ], [ -96.92309, 32.89976 ], [ -96.9232, 32.89976 ], [ -96.92337, 32.8997 ], [ -96.92353, 32.89963 ], [ -96.92367, 32.89954 ], [ -96.9238, 32.89944 ], [ -96.92394, 32.89935 ], [ -96.92406, 32.89925 ], [ -96.92422, 32.89914 ], [ -96.92463, 32.89894 ], [ -96.92551, 32.89889 ], [ -96.92665, 32.89932 ], [ -96.9272, 32.90009 ], [ -96.92746, 32.90052 ], [ -96.92756, 32.90119 ], [ -96.92731, 32.90185 ], [ -96.92729, 32.90188 ], [ -96.92683, 32.90241 ], [ -96.9268, 32.90261 ], [ -96.92679, 32.90263 ], [ -96.92674, 32.90278 ], [ -96.92669, 32.90294 ], [ -96.92667, 32.9031 ], [ -96.92667, 32.90323 ], [ -96.92668, 32.90338 ], [ -96.92672, 32.90354 ], [ -96.92676, 32.90378 ], [ -96.92691, 32.90412 ], [ -96.92697, 32.90421 ], [ -96.92702, 32.90431 ], [ -96.92708, 32.90441 ], [ -96.92713, 32.9045 ], [ -96.92718, 32.90459 ], [ -96.92723, 32.90468 ], [ -96.92728, 32.90476 ], [ -96.92733, 32.90482 ], [ -96.9274, 32.9049 ], [ -96.92746, 32.90496 ], [ -96.92754, 32.90505 ], [ -96.92763, 32.90512 ], [ -96.92772, 32.90519 ], [ -96.9278, 32.90525 ], [ -96.9279, 32.90531 ], [ -96.92799, 32.90537 ], [ -96.9281, 32.90543 ], [ -96.9282, 32.90549 ], [ -96.9283, 32.90554 ], [ -96.92839, 32.9056 ], [ -96.92851, 32.90567 ], [ -96.92862, 32.90572 ], [ -96.92872, 32.90576 ], [ -96.92881, 32.90578 ], [ -96.92895, 32.90581 ], [ -96.92908, 32.90584 ], [ -96.92924, 32.90588 ], [ -96.92938, 32.90591 ], [ -96.9295, 32.90594 ], [ -96.92963, 32.90597 ], [ -96.92979, 32.90601 ], [ -96.92988, 32.90603 ], [ -96.93001, 32.90606 ], [ -96.93012, 32.90609 ], [ -96.93021, 32.90612 ], [ -96.93032, 32.90617 ], [ -96.93042, 32.90623 ], [ -96.93053, 32.90628 ], [ -96.93061, 32.90633 ], [ -96.93055, 32.90638 ], [ -96.93025, 32.90642 ], [ -96.92857, 32.90583 ], [ -96.92772, 32.90533 ], [ -96.9272, 32.90478 ], [ -96.92653, 32.90365 ], [ -96.92644, 32.90345 ], [ -96.92636, 32.903 ], [ -96.92636, 32.90237 ], [ -96.92665, 32.90178 ], [ -96.92694, 32.90122 ], [ -96.92711, 32.90057 ], [ -96.92712, 32.90009 ], [ -96.9267, 32.8995 ], [ -96.92617, 32.89929 ], [ -96.92561, 32.89927 ], [ -96.92493, 32.89929 ], [ -96.92477, 32.89929 ], [ -96.92406, 32.89967 ], [ -96.92342, 32.89991 ], [ -96.92273, 32.89989 ], [ -96.92237, 32.89971 ], [ -96.92216, 32.89939 ], [ -96.92214, 32.89888 ], [ -96.92218, 32.89835 ], [ -96.92268, 32.89764 ], [ -96.92343, 32.89737 ], [ -96.92348, 32.89736 ], [ -96.92355, 32.89735 ], [ -96.92364, 32.89735 ], [ -96.92415, 32.89737 ], [ -96.92484, 32.89739 ], [ -96.92494, 32.89739 ], [ -96.92528, 32.89738 ], [ -96.92552, 32.89737 ], [ -96.92581, 32.89738 ], [ -96.92659, 32.89747 ], [ -96.92694, 32.89746 ], [ -96.92703, 32.89743 ], [ -96.92708, 32.89743 ] ] ] } },
{ "type": "Feature", "properties": { "element": "way", "id": 1144085379 }, "geometry": { "type": "Polygon", "coordinates": [ [ [ -96.90778, 32.90955 ], [ -96.90778, 32.91178 ], [ -96.90741, 32.91178 ], [ -96.9075, 32.90956 ], [ -96.90778, 32.90955 ] ] ] } },
{ "type": "Feature", "properties": { "element": "way", "id": 1198435454 }, "geometry": { "type": "Polygon", "coordinates": [ [ [ -96.80264, 32.91404 ], [ -96.80281, 32.91403 ], [ -96.80322, 32.91426 ], [ -96.8033, 32.91438 ], [ -96.80313, 32.91445 ], [ -96.80298, 32.91433 ], [ -96.80258, 32.91429 ], [ -96.80264, 32.91404 ] ] ] } },
{ "type": "Feature", "properties": { "element": "way", "id": 709683339 }, "geometry": { "type": "Polygon", "coordinates": [ [ [ -96.81845, 32.92399 ], [ -96.81821, 32.92438 ], [ -96.81794, 32.9246 ], [ -96.81744, 32.92483 ], [ -96.81724, 32.92446 ], [ -96.81754, 32.92442 ], [ -96.81769, 32.92431 ], [ -96.81797, 32.92367 ], [ -96.81847, 32.92367 ], [ -96.81845, 32.92399 ] ] ] } },
{ "type": "Feature", "properties": { "element": "way", "id": 1315728345 }, "geometry": { "type": "Polygon", "coordinates": [ [ [ -96.80019, 32.93563 ], [ -96.80025, 32.93562 ], [ -96.80033, 32.93581 ], [ -96.80011, 32.93589 ], [ -96.79993, 32.93566 ], [ -96.79999, 32.93562 ], [ -96.80011, 32.93569 ], [ -96.80016, 32.9355 ], [ -96.80041, 32.93539 ], [ -96.80061, 32.93566 ], [ -96.80079, 32.9356 ], [ -96.80084, 32.93561 ], [ -96.80085, 32.93568 ], [ -96.80057, 32.93572 ], [ -96.80036, 32.93554 ], [ -96.80019, 32.93563 ] ] ] } },
{ "type": "Feature", "properties": { "element": "way", "id": 1315728344 }, "geometry": { "type": "Polygon", "coordinates": [ [ [ -96.79973, 32.93617 ], [ -96.79952, 32.93613 ], [ -96.79941, 32.93604 ], [ -96.79936, 32.93591 ], [ -96.79961, 32.93575 ], [ -96.79985, 32.93579 ], [ -96.79995, 32.93596 ], [ -96.79973, 32.93617 ] ] ] } },
{ "type": "Feature", "properties": { "element": "way", "id": 606479072 }, "geometry": { "type": "Polygon", "coordinates": [ [ [ -96.80516, 32.94379 ], [ -96.80513, 32.94358 ], [ -96.80542, 32.94335 ], [ -96.80573, 32.94329 ], [ -96.80591, 32.94305 ], [ -96.80615, 32.94297 ], [ -96.8061, 32.94304 ], [ -96.80599, 32.94307 ], [ -96.80582, 32.94336 ], [ -96.80579, 32.94355 ], [ -96.80526, 32.94399 ], [ -96.80516, 32.94379 ] ] ] } },
{ "type": "Feature", "properties": { "element": "way", "id": 1160920660 }, "geometry": { "type": "Polygon", "coordinates": [ [ [ -96.80427, 32.94717 ], [ -96.80426, 32.94731 ], [ -96.80439, 32.9476 ], [ -96.8043, 32.94775 ], [ -96.80411, 32.94765 ], [ -96.80385, 32.94766 ], [ -96.8039, 32.94751 ], [ -96.80385, 32.94726 ], [ -96.80389, 32.94718 ], [ -96.80406, 32.94709 ], [ -96.80427, 32.94717 ] ] ] } },
{ "type": "Feature", "properties": { "element": "way", "id": 1119454786 }, "geometry": { "type": "Polygon", "coordinates": [ [ [ -96.81028, 32.96034 ], [ -96.81023, 32.96026 ], [ -96.81014, 32.96032 ], [ -96.81001, 32.96031 ], [ -96.81009, 32.96019 ], [ -96.81049, 32.95994 ], [ -96.81072, 32.95967 ], [ -96.81106, 32.95952 ], [ -96.81124, 32.95928 ], [ -96.81144, 32.95882 ], [ -96.81164, 32.9586 ], [ -96.81162, 32.9578 ], [ -96.81181, 32.95747 ], [ -96.81182, 32.95709 ], [ -96.81161, 32.95642 ], [ -96.81152, 32.95623 ], [ -96.81101, 32.9557 ], [ -96.81032, 32.9552 ], [ -96.81018, 32.95518 ], [ -96.80999, 32.95503 ], [ -96.8094, 32.95478 ], [ -96.80886, 32.95486 ], [ -96.80863, 32.95482 ], [ -96.80851, 32.95476 ], [ -96.80824, 32.95434 ], [ -96.8084, 32.95433 ], [ -96.8085, 32.9545 ], [ -96.80878, 32.95471 ], [ -96.80905, 32.95471 ], [ -96.80943, 32.95463 ], [ -96.81034, 32.95497 ], [ -96.81067, 32.95517 ], [ -96.81171, 32.95606 ], [ -96.81187, 32.95644 ], [ -96.81207, 32.9573 ], [ -96.81204, 32.95755 ], [ -96.81191, 32.95774 ], [ -96.81198, 32.95826 ], [ -96.81188, 32.95866 ], [ -96.8115, 32.95917 ], [ -96.81136, 32.95959 ], [ -96.81071, 32.95991 ], [ -96.8105, 32.96037 ], [ -96.81028, 32.96034 ] ] ] } },
{ "type": "Feature", "properties": { "element": "way", "id": 875303317 }, "geometry": { "type": "Polygon", "coordinates": [ [ [ -96.82392, 32.89239 ], [ -96.82402, 32.89248 ], [ -96.8242, 32.89241 ], [ -96.82438, 32.89243 ], [ -96.82454, 32.89255 ], [ -96.82456, 32.89274 ], [ -96.82434, 32.89279 ], [ -96.82416, 32.89273 ], [ -96.82403, 32.89263 ], [ -96.82385, 32.89265 ], [ -96.8237, 32.89246 ], [ -96.82392, 32.89239 ] ] ] } },
{ "type": "Feature", "properties": { "element": "way", "id": 497535775 }, "geometry": { "type": "Polygon", "coordinates": [ [ [ -96.89854, 32.90929 ], [ -96.89847, 32.90909 ], [ -96.89883, 32.90865 ], [ -96.89866, 32.90856 ], [ -96.89851, 32.90871 ], [ -96.89839, 32.9087 ], [ -96.89839, 32.90781 ], [ -96.89843, 32.90776 ], [ -96.89874, 32.9077 ], [ -96.89888, 32.90751 ], [ -96.89883, 32.90745 ], [ -96.89851, 32.90749 ], [ -96.89839, 32.90737 ], [ -96.89844, 32.90618 ], [ -96.89871, 32.90621 ], [ -96.89885, 32.9063 ], [ -96.89915, 32.90664 ], [ -96.89926, 32.90653 ], [ -96.89896, 32.90616 ], [ -96.89895, 32.90603 ], [ -96.89942, 32.90606 ], [ -96.89952, 32.90659 ], [ -96.89933, 32.90676 ], [ -96.8995, 32.9069 ], [ -96.89956, 32.90704 ], [ -96.89954, 32.90873 ], [ -96.89921, 32.90887 ], [ -96.89894, 32.90886 ], [ -96.8989, 32.90899 ], [ -96.89901, 32.90918 ], [ -96.89871, 32.90935 ], [ -96.89854, 32.90929 ] ] ] } },
{ "type": "Feature", "properties": { "element": "way", "id": 288965644 }, "geometry": { "type": "Polygon", "coordinates": [ [ [ -96.81853, 32.97499 ], [ -96.81835, 32.97527 ], [ -96.818, 32.97463 ], [ -96.81767, 32.97432 ], [ -96.81755, 32.97405 ], [ -96.81764, 32.97374 ], [ -96.81762, 32.9735 ], [ -96.8178, 32.97344 ], [ -96.81809, 32.97351 ], [ -96.81818, 32.97359 ], [ -96.81822, 32.97367 ], [ -96.81817, 32.97412 ], [ -96.81848, 32.97455 ], [ -96.81853, 32.97499 ] ] ] } },
{ "type": "Feature", "properties": { "element": "way", "id": 288965653 }, "geometry": { "type": "Polygon", "coordinates": [ [ [ -96.81942, 32.97432 ], [ -96.81958, 32.97465 ], [ -96.82005, 32.97508 ], [ -96.8203, 32.97564 ], [ -96.82088, 32.97647 ], [ -96.82088, 32.97676 ], [ -96.82068, 32.97671 ], [ -96.82039, 32.97618 ], [ -96.81983, 32.97591 ], [ -96.81952, 32.97522 ], [ -96.81921, 32.9749 ], [ -96.81921, 32.97452 ], [ -96.81907, 32.9743 ], [ -96.8192, 32.97418 ], [ -96.81942, 32.97432 ] ] ] } },
{ "type": "Feature", "properties": { "element": "way", "id": 1501612445 }, "geometry": { "type": "Polygon", "coordinates": [ [ [ -96.81974, 32.98023 ], [ -96.81956, 32.98028 ], [ -96.81923, 32.98065 ], [ -96.81885, 32.98085 ], [ -96.81848, 32.9808 ], [ -96.81849, 32.98069 ], [ -96.81873, 32.9804 ], [ -96.81911, 32.98023 ], [ -96.81936, 32.98019 ], [ -96.81956, 32.98006 ], [ -96.81962, 32.98005 ], [ -96.81978, 32.98017 ], [ -96.81974, 32.98023 ] ] ] } },
{ "type": "Feature", "properties": { "element": "way", "id": 1457592000 }, "geometry": { "type": "Polygon", "coordinates": [ [ [ -96.82188, 32.98148 ], [ -96.82211, 32.9813 ], [ -96.82206, 32.98122 ], [ -96.82208, 32.98098 ], [ -96.82226, 32.98119 ], [ -96.8224, 32.98127 ], [ -96.82262, 32.98127 ], [ -96.82286, 32.98104 ], [ -96.82301, 32.98109 ], [ -96.82303, 32.98121 ], [ -96.82279, 32.98131 ], [ -96.82275, 32.98139 ], [ -96.8228, 32.98158 ], [ -96.82275, 32.98162 ], [ -96.82266, 32.98162 ], [ -96.82249, 32.98142 ], [ -96.82238, 32.98137 ], [ -96.82224, 32.98139 ], [ -96.82196, 32.98162 ], [ -96.82188, 32.98148 ] ] ] } },
{ "type": "Feature", "properties": { "element": "way", "id": 1457597227 }, "geometry": { "type": "Polygon", "coordinates": [ [ [ -96.82051, 32.98339 ], [ -96.82053, 32.98316 ], [ -96.82101, 32.98304 ], [ -96.82112, 32.98308 ], [ -96.82113, 32.98314 ], [ -96.82103, 32.98317 ], [ -96.82089, 32.98337 ], [ -96.82068, 32.98349 ], [ -96.82056, 32.98349 ], [ -96.82051, 32.98339 ] ] ] } },
{ "type": "Feature", "properties": { "element": "way", "id": 300534482 }, "geometry": { "type": "Polygon", "coordinates": [ [ [ -96.81149, 32.96006 ], [ -96.81135, 32.95993 ], [ -96.81161, 32.95949 ], [ -96.81167, 32.95928 ], [ -96.81211, 32.95894 ], [ -96.81243, 32.959 ], [ -96.81245, 32.95948 ], [ -96.81237, 32.95947 ], [ -96.81223, 32.95934 ], [ -96.81211, 32.95937 ], [ -96.81206, 32.95945 ], [ -96.81216, 32.95957 ], [ -96.81233, 32.9595 ], [ -96.81244, 32.95954 ], [ -96.81233, 32.95976 ], [ -96.81205, 32.96 ], [ -96.81193, 32.96002 ], [ -96.81184, 32.95991 ], [ -96.81176, 32.95989 ], [ -96.81158, 32.96007 ], [ -96.81149, 32.96006 ] ] ] } },
{ "type": "Feature", "properties": { "element": "way", "id": 1119457653 }, "geometry": { "type": "Polygon", "coordinates": [ [ [ -96.81057, 32.96077 ], [ -96.81074, 32.96082 ], [ -96.81096, 32.96101 ], [ -96.8118, 32.96135 ], [ -96.81178, 32.96155 ], [ -96.81219, 32.96169 ], [ -96.81233, 32.96181 ], [ -96.81255, 32.96174 ], [ -96.81255, 32.96184 ], [ -96.81231, 32.96187 ], [ -96.81159, 32.96155 ], [ -96.81137, 32.9615 ], [ -96.81072, 32.96089 ], [ -96.81059, 32.96085 ], [ -96.81057, 32.96077 ] ] ] } },
{ "type": "Feature", "properties": { "element": "way", "id": 1119454787 }, "geometry": { "type": "Polygon", "coordinates": [ [ [ -96.80996, 32.96064 ], [ -96.80975, 32.96075 ], [ -96.80977, 32.96117 ], [ -96.80961, 32.96135 ], [ -96.80905, 32.96155 ], [ -96.80907, 32.96203 ], [ -96.80857, 32.96268 ], [ -96.80854, 32.9628 ], [ -96.80801, 32.96323 ], [ -96.80728, 32.96341 ], [ -96.80718, 32.96332 ], [ -96.80794, 32.96314 ], [ -96.80835, 32.96279 ], [ -96.80881, 32.96217 ], [ -96.80891, 32.96189 ], [ -96.80898, 32.96147 ], [ -96.80948, 32.9613 ], [ -96.80968, 32.96115 ], [ -96.80962, 32.96076 ], [ -96.80976, 32.96057 ], [ -96.80996, 32.96064 ] ] ] } },
{ "type": "Feature", "properties": { "element": "way", "id": 1119457652 }, "geometry": { "type": "Polygon", "coordinates": [ [ [ -96.81057, 32.96072 ], [ -96.81058, 32.96162 ], [ -96.81101, 32.96232 ], [ -96.81086, 32.96338 ], [ -96.81157, 32.96476 ], [ -96.81155, 32.96488 ], [ -96.81139, 32.96511 ], [ -96.81108, 32.96526 ], [ -96.81093, 32.96554 ], [ -96.81046, 32.96581 ], [ -96.81048, 32.96571 ], [ -96.81088, 32.96521 ], [ -96.81125, 32.965 ], [ -96.81139, 32.9648 ], [ -96.8107, 32.96348 ], [ -96.8107, 32.96287 ], [ -96.81081, 32.96247 ], [ -96.81079, 32.96232 ], [ -96.81035, 32.96159 ], [ -96.81031, 32.96069 ], [ -96.81057, 32.96072 ] ] ] } },
{ "type": "Feature", "properties": { "element": "way", "id": 507702065 }, "geometry": { "type": "Polygon", "coordinates": [ [ [ -96.80209, 32.96438 ], [ -96.80211, 32.96425 ], [ -96.80285, 32.96394 ], [ -96.80302, 32.96396 ], [ -96.80306, 32.96409 ], [ -96.80302, 32.96415 ], [ -96.80265, 32.96428 ], [ -96.80255, 32.9644 ], [ -96.80231, 32.96449 ], [ -96.80209, 32.96438 ] ] ] } },
{ "type": "Feature", "properties": { "element": "way", "id": 288965652 }, "geometry": { "type": "Polygon", "coordinates": [ [ [ -96.81603, 32.97072 ], [ -96.81596, 32.97079 ], [ -96.81574, 32.97081 ], [ -96.81574, 32.97089 ], [ -96.81588, 32.97095 ], [ -96.81592, 32.97106 ], [ -96.81602, 32.97111 ], [ -96.81662, 32.97115 ], [ -96.81688, 32.97143 ], [ -96.81694, 32.97154 ], [ -96.81689, 32.97163 ], [ -96.81679, 32.97166 ], [ -96.81675, 32.97162 ], [ -96.81666, 32.97135 ], [ -96.81646, 32.97137 ], [ -96.81602, 32.97152 ], [ -96.81575, 32.97152 ], [ -96.81537, 32.97141 ], [ -96.81521, 32.97129 ], [ -96.81505, 32.97104 ], [ -96.81503, 32.97097 ], [ -96.81511, 32.9709 ], [ -96.81541, 32.9709 ], [ -96.81549, 32.97064 ], [ -96.81564, 32.97059 ], [ -96.81596, 32.97061 ], [ -96.81603, 32.97072 ] ] ] } },
{ "type": "Feature", "properties": { "element": "way", "id": 1457592013 }, "geometry": { "type": "Polygon", "coordinates": [ [ [ -96.81699, 32.97189 ], [ -96.81694, 32.97192 ], [ -96.81694, 32.97184 ], [ -96.81689, 32.97186 ], [ -96.81684, 32.97209 ], [ -96.81758, 32.97245 ], [ -96.81764, 32.97199 ], [ -96.81773, 32.97193 ], [ -96.8178, 32.97198 ], [ -96.8178, 32.97213 ], [ -96.81769, 32.97217 ], [ -96.81767, 32.97231 ], [ -96.81791, 32.9725 ], [ -96.81793, 32.97261 ], [ -96.81788, 32.97265 ], [ -96.81734, 32.97262 ], [ -96.81716, 32.97253 ], [ -96.81705, 32.97236 ], [ -96.81675, 32.97218 ], [ -96.81678, 32.97182 ], [ -96.81699, 32.97175 ], [ -96.81699, 32.97189 ] ] ] } },
{ "type": "Feature", "properties": { "element": "way", "id": 1457594953 }, "geometry": { "type": "Polygon", "coordinates": [ [ [ -96.81557, 32.97621 ], [ -96.81557, 32.975 ], [ -96.81536, 32.97467 ], [ -96.81537, 32.97435 ], [ -96.81529, 32.974 ], [ -96.8154, 32.97359 ], [ -96.81531, 32.97339 ], [ -96.81527, 32.97309 ], [ -96.81499, 32.97297 ], [ -96.8149, 32.97282 ], [ -96.81491, 32.97259 ], [ -96.81478, 32.9724 ], [ -96.8148, 32.97216 ], [ -96.81467, 32.97197 ], [ -96.81472, 32.97192 ], [ -96.81507, 32.97218 ], [ -96.81511, 32.97247 ], [ -96.81533, 32.97303 ], [ -96.81536, 32.97338 ], [ -96.81545, 32.97364 ], [ -96.81534, 32.97398 ], [ -96.81542, 32.97432 ], [ -96.81541, 32.97465 ], [ -96.81563, 32.975 ], [ -96.8156, 32.97527 ], [ -96.81566, 32.97625 ], [ -96.81557, 32.97621 ] ] ] } },
{ "type": "Feature", "properties": { "element": "way", "id": 1501603940 }, "geometry": { "type": "Polygon", "coordinates": [ [ [ -96.812, 32.98215 ], [ -96.81193, 32.98191 ], [ -96.81176, 32.98172 ], [ -96.81165, 32.98144 ], [ -96.81119, 32.98095 ], [ -96.81117, 32.98032 ], [ -96.81112, 32.98017 ], [ -96.81083, 32.97991 ], [ -96.8101, 32.97953 ], [ -96.80982, 32.97917 ], [ -96.80989, 32.97872 ], [ -96.80956, 32.97829 ], [ -96.8095, 32.97789 ], [ -96.80978, 32.97792 ], [ -96.81019, 32.97838 ], [ -96.81025, 32.97847 ], [ -96.81025, 32.97863 ], [ -96.8101, 32.97906 ], [ -96.8102, 32.97922 ], [ -96.81018, 32.97927 ], [ -96.81104, 32.97975 ], [ -96.81123, 32.97997 ], [ -96.81134, 32.9801 ], [ -96.81143, 32.98048 ], [ -96.81167, 32.98102 ], [ -96.81211, 32.98172 ], [ -96.81241, 32.98198 ], [ -96.81283, 32.98186 ], [ -96.81298, 32.98192 ], [ -96.81306, 32.98208 ], [ -96.81319, 32.98193 ], [ -96.81332, 32.98193 ], [ -96.81336, 32.98213 ], [ -96.81353, 32.98219 ], [ -96.8129, 32.98216 ], [ -96.81282, 32.98207 ], [ -96.81261, 32.98206 ], [ -96.8124, 32.98214 ], [ -96.81219, 32.98238 ], [ -96.812, 32.98215 ] ] ] } },
{ "type": "Feature", "properties": { "element": "way", "id": 1501612446 }, "geometry": { "type": "Polygon", "coordinates": [ [ [ -96.81801, 32.98075 ], [ -96.81778, 32.98085 ], [ -96.81753, 32.98113 ], [ -96.81715, 32.98107 ], [ -96.8168, 32.98114 ], [ -96.81669, 32.98102 ], [ -96.81703, 32.98059 ], [ -96.81745, 32.9806 ], [ -96.81791, 32.98047 ], [ -96.81802, 32.98048 ], [ -96.81809, 32.98055 ], [ -96.81801, 32.98075 ] ] ] } },
{ "type": "Feature", "properties": { "element": "way", "id": 1501603939 }, "geometry": { "type": "Polygon", "coordinates": [ [ [ -96.8146, 32.98222 ], [ -96.81423, 32.9822 ], [ -96.81413, 32.98212 ], [ -96.814, 32.98216 ], [ -96.814, 32.9821 ], [ -96.81409, 32.9821 ], [ -96.81414, 32.98201 ], [ -96.8141, 32.98186 ], [ -96.81432, 32.98162 ], [ -96.81444, 32.98159 ], [ -96.81452, 32.98164 ], [ -96.81457, 32.98196 ], [ -96.81471, 32.98212 ], [ -96.8146, 32.98222 ] ] ] } },
{ "type": "Feature", "properties": { "element": "way", "id": 1501490930 }, "geometry": { "type": "Polygon", "coordinates": [ [ [ -96.81476, 32.9875 ], [ -96.81418, 32.98753 ], [ -96.81394, 32.98746 ], [ -96.81388, 32.98739 ], [ -96.81391, 32.98727 ], [ -96.81415, 32.98726 ], [ -96.81447, 32.98733 ], [ -96.81459, 32.98718 ], [ -96.81458, 32.98702 ], [ -96.81408, 32.98685 ], [ -96.81373, 32.98693 ], [ -96.81365, 32.98675 ], [ -96.81379, 32.98655 ], [ -96.81394, 32.98647 ], [ -96.81491, 32.98653 ], [ -96.81509, 32.98659 ], [ -96.81522, 32.98682 ], [ -96.81564, 32.98693 ], [ -96.81569, 32.987 ], [ -96.81533, 32.98716 ], [ -96.81476, 32.9875 ] ] ] } },
{ "type": "Feature", "properties": { "element": "way", "id": 288965658 }, "geometry": { "type": "Polygon", "coordinates": [ [ [ -96.81577, 32.98814 ], [ -96.81552, 32.98802 ], [ -96.81521, 32.98802 ], [ -96.81526, 32.98778 ], [ -96.81574, 32.98778 ], [ -96.81654, 32.988 ], [ -96.81613, 32.98814 ], [ -96.81577, 32.98814 ] ] ] } },
{ "type": "Feature", "properties": { "element": "way", "id": 1501639261 }, "geometry": { "type": "Polygon", "coordinates": [ [ [ -96.81243, 32.99027 ], [ -96.81221, 32.99039 ], [ -96.81153, 32.99035 ], [ -96.81127, 32.99015 ], [ -96.81137, 32.98993 ], [ -96.81153, 32.98986 ], [ -96.81178, 32.98995 ], [ -96.81198, 32.9899 ], [ -96.81213, 32.98994 ], [ -96.81243, 32.98985 ], [ -96.81265, 32.99005 ], [ -96.81243, 32.99027 ] ] ] } },
{ "type": "Feature", "properties": { "element": "way", "id": 288965679 }, "geometry": { "type": "Polygon", "coordinates": [ [ [ -96.81023, 32.99322 ], [ -96.80986, 32.99378 ], [ -96.80938, 32.9935 ], [ -96.80903, 32.99348 ], [ -96.80859, 32.99361 ], [ -96.80853, 32.99354 ], [ -96.80877, 32.99333 ], [ -96.80889, 32.99287 ], [ -96.80919, 32.99292 ], [ -96.81007, 32.99286 ], [ -96.81028, 32.99276 ], [ -96.81033, 32.99285 ], [ -96.81023, 32.99322 ] ] ] } },
{ "type": "Feature", "properties": { "element": "way", "id": 326639354 }, "geometry": { "type": "Polygon", "coordinates": [ [ [ -96.8171, 32.99596 ], [ -96.81702, 32.99594 ], [ -96.81701, 32.99526 ], [ -96.81706, 32.99512 ], [ -96.81695, 32.99484 ], [ -96.81659, 32.99457 ], [ -96.81547, 32.99408 ], [ -96.81542, 32.99394 ], [ -96.81546, 32.99381 ], [ -96.81585, 32.99333 ], [ -96.81596, 32.99327 ], [ -96.8165, 32.99381 ], [ -96.81695, 32.99406 ], [ -96.81706, 32.9941 ], [ -96.81725, 32.99408 ], [ -96.81734, 32.99417 ], [ -96.81724, 32.99456 ], [ -96.81727, 32.99514 ], [ -96.81714, 32.99546 ], [ -96.81719, 32.99557 ], [ -96.81713, 32.99578 ], [ -96.81715, 32.9959 ], [ -96.8171, 32.99596 ] ] ] } },
{ "type": "Feature", "properties": { "element": "way", "id": 61602242 }, "geometry": { "type": "Polygon", "coordinates": [ [ [ -96.77664, 32.91606 ], [ -96.77681, 32.91562 ], [ -96.7771, 32.91524 ], [ -96.77739, 32.91459 ], [ -96.77749, 32.91461 ], [ -96.77775, 32.91581 ], [ -96.77777, 32.91619 ], [ -96.77735, 32.91629 ], [ -96.77688, 32.91625 ], [ -96.77669, 32.91618 ], [ -96.77664, 32.91606 ] ] ] } },
{ "type": "Feature", "properties": { "element": "way", "id": 525701579 }, "geometry": { "type": "Polygon", "coordinates": [ [ [ -96.77399, 32.91758 ], [ -96.77382, 32.91761 ], [ -96.77373, 32.91758 ], [ -96.77373, 32.91731 ], [ -96.77359, 32.91711 ], [ -96.77358, 32.91684 ], [ -96.77366, 32.91663 ], [ -96.77393, 32.9165 ], [ -96.77419, 32.91664 ], [ -96.7744, 32.91689 ], [ -96.77471, 32.9175 ], [ -96.77468, 32.91758 ], [ -96.77456, 32.91767 ], [ -96.77418, 32.91764 ], [ -96.77399, 32.91758 ] ] ] } },
{ "type": "Feature", "properties": { "element": "way", "id": 61602243 }, "geometry": { "type": "Polygon", "coordinates": [ [ [ -96.78079, 32.91817 ], [ -96.78046, 32.91745 ], [ -96.78025, 32.91723 ], [ -96.78037, 32.91675 ], [ -96.78083, 32.91655 ], [ -96.78086, 32.91649 ], [ -96.78103, 32.91647 ], [ -96.78129, 32.91654 ], [ -96.78133, 32.91659 ], [ -96.7813, 32.91674 ], [ -96.78123, 32.91679 ], [ -96.78133, 32.91696 ], [ -96.7814, 32.91697 ], [ -96.78143, 32.91728 ], [ -96.78126, 32.91788 ], [ -96.78127, 32.91813 ], [ -96.78094, 32.91822 ], [ -96.78079, 32.91817 ] ] ] } },
{ "type": "Feature", "properties": { "element": "way", "id": 61602239 }, "geometry": { "type": "Polygon", "coordinates": [ [ [ -96.7789, 32.91973 ], [ -96.77906, 32.91934 ], [ -96.77896, 32.9192 ], [ -96.77905, 32.919 ], [ -96.77918, 32.91879 ], [ -96.77948, 32.91868 ], [ -96.77965, 32.9188 ], [ -96.77962, 32.9192 ], [ -96.77968, 32.91988 ], [ -96.77962, 32.91995 ], [ -96.77923, 32.92001 ], [ -96.77893, 32.91982 ], [ -96.7789, 32.91973 ] ] ] } },
{ "type": "Feature", "properties": { "element": "way", "id": 61602241 }, "geometry": { "type": "Polygon", "coordinates": [ [ [ -96.77924, 32.92007 ], [ -96.7795, 32.92002 ], [ -96.77971, 32.92004 ], [ -96.7798, 32.92015 ], [ -96.7799, 32.92044 ], [ -96.77978, 32.92052 ], [ -96.77957, 32.92049 ], [ -96.77951, 32.92032 ], [ -96.77922, 32.92022 ], [ -96.77917, 32.92016 ], [ -96.77924, 32.92007 ] ] ] } },
{ "type": "Feature", "properties": { "element": "way", "id": 221155945 }, "geometry": { "type": "Polygon", "coordinates": [ [ [ -96.7813, 32.92629 ], [ -96.78128, 32.92617 ], [ -96.78135, 32.92604 ], [ -96.78108, 32.92588 ], [ -96.78087, 32.92562 ], [ -96.78116, 32.92547 ], [ -96.78126, 32.92549 ], [ -96.78144, 32.92565 ], [ -96.78152, 32.92581 ], [ -96.78152, 32.92623 ], [ -96.78145, 32.92638 ], [ -96.7813, 32.92629 ] ] ] } },
{ "type": "Feature", "properties": { "element": "way", "id": 707382501 }, "geometry": { "type": "Polygon", "coordinates": [ [ [ -96.78955, 32.9322 ], [ -96.78935, 32.93222 ], [ -96.78929, 32.93218 ], [ -96.78943, 32.9321 ], [ -96.78977, 32.93209 ], [ -96.78982, 32.93191 ], [ -96.79018, 32.9319 ], [ -96.79011, 32.93199 ], [ -96.79035, 32.93185 ], [ -96.7901, 32.93205 ], [ -96.79001, 32.93221 ], [ -96.78975, 32.93231 ], [ -96.78955, 32.9322 ] ] ] } },
{ "type": "Feature", "properties": { "element": "way", "id": 706509953 }, "geometry": { "type": "Polygon", "coordinates": [ [ [ -96.79548, 32.93436 ], [ -96.79532, 32.93415 ], [ -96.79527, 32.93389 ], [ -96.79533, 32.93383 ], [ -96.79547, 32.93383 ], [ -96.79561, 32.9339 ], [ -96.79568, 32.93407 ], [ -96.79567, 32.93426 ], [ -96.7956, 32.93436 ], [ -96.79548, 32.93436 ] ] ] } },
{ "type": "Feature", "properties": { "element": "way", "id": 707360620 }, "geometry": { "type": "Polygon", "coordinates": [ [ [ -96.7899, 32.93635 ], [ -96.78989, 32.93611 ], [ -96.78998, 32.93553 ], [ -96.79007, 32.93548 ], [ -96.79022, 32.9357 ], [ -96.79015, 32.93591 ], [ -96.79022, 32.93606 ], [ -96.79016, 32.93616 ], [ -96.79005, 32.9362 ], [ -96.78998, 32.93636 ], [ -96.7899, 32.93635 ] ] ] } },
{ "type": "Feature", "properties": { "element": "way", "id": 704904301 }, "geometry": { "type": "Polygon", "coordinates": [ [ [ -96.79142, 32.93668 ], [ -96.79076, 32.93655 ], [ -96.79048, 32.93657 ], [ -96.79035, 32.93645 ], [ -96.79052, 32.93621 ], [ -96.7905, 32.93612 ], [ -96.79061, 32.93591 ], [ -96.79072, 32.93584 ], [ -96.79089, 32.93584 ], [ -96.79101, 32.93607 ], [ -96.79117, 32.93608 ], [ -96.79116, 32.93627 ], [ -96.79121, 32.93635 ], [ -96.79148, 32.9363 ], [ -96.79158, 32.93615 ], [ -96.79178, 32.93623 ], [ -96.79183, 32.93644 ], [ -96.79164, 32.93662 ], [ -96.79142, 32.93668 ] ] ] } },
{ "type": "Feature", "properties": { "element": "way", "id": 950280240 }, "geometry": { "type": "Polygon", "coordinates": [ [ [ -96.74795, 32.92253 ], [ -96.74765, 32.9218 ], [ -96.74762, 32.9215 ], [ -96.74765, 32.92121 ], [ -96.74782, 32.92096 ], [ -96.74747, 32.92077 ], [ -96.74715, 32.92047 ], [ -96.74682, 32.92035 ], [ -96.74661, 32.9202 ], [ -96.74639, 32.91983 ], [ -96.74603, 32.91956 ], [ -96.74572, 32.91921 ], [ -96.74525, 32.9189 ], [ -96.74515, 32.91874 ], [ -96.74575, 32.91918 ], [ -96.74608, 32.91953 ], [ -96.7464, 32.91975 ], [ -96.74669, 32.92018 ], [ -96.74684, 32.9203 ], [ -96.74718, 32.92042 ], [ -96.74753, 32.92073 ], [ -96.7479, 32.92092 ], [ -96.74807, 32.92074 ], [ -96.74822, 32.92072 ], [ -96.74885, 32.921 ], [ -96.74858, 32.92137 ], [ -96.74858, 32.92145 ], [ -96.74871, 32.92166 ], [ -96.74904, 32.92188 ], [ -96.7491, 32.922 ], [ -96.74909, 32.9222 ], [ -96.74905, 32.9222 ], [ -96.74899, 32.92189 ], [ -96.74866, 32.92168 ], [ -96.74855, 32.92155 ], [ -96.74852, 32.92136 ], [ -96.74874, 32.92104 ], [ -96.74825, 32.92081 ], [ -96.7481, 32.92082 ], [ -96.74771, 32.9213 ], [ -96.74776, 32.92181 ], [ -96.74803, 32.92253 ], [ -96.748, 32.92335 ], [ -96.7479, 32.92335 ], [ -96.74795, 32.92253 ] ] ] } },
{ "type": "Feature", "properties": { "element": "way", "id": 288844716 }, "geometry": { "type": "Polygon", "coordinates": [ [ [ -96.77992, 32.95558 ], [ -96.78029, 32.95516 ], [ -96.78048, 32.95511 ], [ -96.7808, 32.95519 ], [ -96.78068, 32.95537 ], [ -96.78009, 32.95572 ], [ -96.77992, 32.95558 ] ] ] } },
{ "type": "Feature", "properties": { "element": "way", "id": 130518997 }, "geometry": { "type": "Polygon", "coordinates": [ [ [ -96.79539, 32.99924 ], [ -96.79543, 32.99918 ], [ -96.79533, 32.99913 ], [ -96.79514, 32.99879 ], [ -96.79517, 32.99865 ], [ -96.79533, 32.99855 ], [ -96.79574, 32.99862 ], [ -96.79561, 32.99893 ], [ -96.79565, 32.99929 ], [ -96.79539, 32.99924 ] ] ] } },
{ "type": "Feature", "properties": { "element": "way", "id": 1121495577 }, "geometry": { "type": "Polygon", "coordinates": [ [ [ -96.76753, 32.99131 ], [ -96.76758, 32.99148 ], [ -96.76749, 32.99225 ], [ -96.76733, 32.99236 ], [ -96.76722, 32.99227 ], [ -96.76729, 32.99173 ], [ -96.76723, 32.99146 ], [ -96.76732, 32.99131 ], [ -96.76753, 32.99131 ] ] ] } },
{ "type": "Feature", "properties": { "element": "way", "id": 507702059 }, "geometry": { "type": "Polygon", "coordinates": [ [ [ -96.76658, 32.99708 ], [ -96.76666, 32.99672 ], [ -96.76664, 32.99652 ], [ -96.7665, 32.99621 ], [ -96.76638, 32.99611 ], [ -96.76644, 32.99601 ], [ -96.76642, 32.9959 ], [ -96.76628, 32.9958 ], [ -96.76625, 32.99571 ], [ -96.76632, 32.99564 ], [ -96.76654, 32.9957 ], [ -96.76675, 32.99568 ], [ -96.76699, 32.99485 ], [ -96.76706, 32.99475 ], [ -96.76723, 32.99467 ], [ -96.76731, 32.99469 ], [ -96.7674, 32.99482 ], [ -96.76736, 32.99577 ], [ -96.76722, 32.99602 ], [ -96.76725, 32.99628 ], [ -96.76743, 32.99677 ], [ -96.76734, 32.99709 ], [ -96.76727, 32.99716 ], [ -96.76695, 32.99723 ], [ -96.76681, 32.99721 ], [ -96.76658, 32.99708 ] ] ] } },
{ "type": "Feature", "properties": { "element": "way", "id": 507702060 }, "geometry": { "type": "Polygon", "coordinates": [ [ [ -96.76207, 32.99628 ], [ -96.76217, 32.99615 ], [ -96.76218, 32.99598 ], [ -96.76199, 32.99574 ], [ -96.76197, 32.99565 ], [ -96.76206, 32.99557 ], [ -96.7622, 32.99557 ], [ -96.76247, 32.99579 ], [ -96.76254, 32.99591 ], [ -96.7625, 32.9962 ], [ -96.76233, 32.99631 ], [ -96.76211, 32.99635 ], [ -96.76207, 32.99628 ] ] ] } },
{ "type": "Feature", "properties": { "element": "way", "id": 515383071 }, "geometry": { "type": "Polygon", "coordinates": [ [ [ -96.7096, 32.9127 ], [ -96.71126, 32.91272 ], [ -96.7119, 32.91244 ], [ -96.71231, 32.91214 ], [ -96.71245, 32.91216 ], [ -96.71193, 32.91252 ], [ -96.71128, 32.91278 ], [ -96.70961, 32.91278 ], [ -96.7096, 32.9127 ] ] ] } },
{ "type": "Feature", "properties": { "element": "way", "id": 460924571 }, "geometry": { "type": "Polygon", "coordinates": [ [ [ -96.70759, 32.91228 ], [ -96.70774, 32.91222 ], [ -96.70807, 32.9123 ], [ -96.70818, 32.91241 ], [ -96.70852, 32.9125 ], [ -96.70857, 32.91261 ], [ -96.70853, 32.91269 ], [ -96.70841, 32.91275 ], [ -96.70815, 32.9127 ], [ -96.70781, 32.91244 ], [ -96.70761, 32.91236 ], [ -96.70759, 32.91228 ] ] ] } },
{ "type": "Feature", "properties": { "element": "way", "id": 460924569 }, "geometry": { "type": "Polygon", "coordinates": [ [ [ -96.71318, 32.91395 ], [ -96.71326, 32.91404 ], [ -96.71323, 32.91422 ], [ -96.71314, 32.91427 ], [ -96.71247, 32.91437 ], [ -96.71213, 32.91459 ], [ -96.71201, 32.91459 ], [ -96.71192, 32.91451 ], [ -96.71197, 32.91435 ], [ -96.71217, 32.9142 ], [ -96.71262, 32.91411 ], [ -96.7129, 32.91394 ], [ -96.71318, 32.91395 ] ] ] } },
{ "type": "Feature", "properties": { "element": "way", "id": 515383067 }, "geometry": { "type": "Polygon", "coordinates": [ [ [ -96.71734, 32.92148 ], [ -96.71729, 32.92086 ], [ -96.71733, 32.92035 ], [ -96.71721, 32.91976 ], [ -96.71726, 32.91901 ], [ -96.71708, 32.91819 ], [ -96.71682, 32.91782 ], [ -96.71644, 32.91753 ], [ -96.71628, 32.91761 ], [ -96.71563, 32.91771 ], [ -96.71552, 32.91778 ], [ -96.71548, 32.91794 ], [ -96.71545, 32.91791 ], [ -96.7155, 32.91776 ], [ -96.71563, 32.91768 ], [ -96.71622, 32.91759 ], [ -96.71641, 32.91752 ], [ -96.71643, 32.91725 ], [ -96.71665, 32.91701 ], [ -96.71671, 32.91687 ], [ -96.71665, 32.91669 ], [ -96.71638, 32.91643 ], [ -96.71622, 32.916 ], [ -96.71626, 32.91574 ], [ -96.71633, 32.91562 ], [ -96.71648, 32.91551 ], [ -96.7164, 32.91535 ], [ -96.71639, 32.91386 ], [ -96.71617, 32.91325 ], [ -96.71617, 32.91315 ], [ -96.71528, 32.91331 ], [ -96.71457, 32.91319 ], [ -96.71392, 32.91331 ], [ -96.71356, 32.91356 ], [ -96.71321, 32.91404 ], [ -96.71316, 32.91397 ], [ -96.71326, 32.91391 ], [ -96.71366, 32.9134 ], [ -96.7139, 32.91326 ], [ -96.7142, 32.91317 ], [ -96.71455, 32.91313 ], [ -96.71517, 32.91325 ], [ -96.7155, 32.91325 ], [ -96.71616, 32.91308 ], [ -96.71696, 32.91253 ], [ -96.71725, 32.91203 ], [ -96.71729, 32.91131 ], [ -96.71758, 32.91091 ], [ -96.71724, 32.91104 ], [ -96.71717, 32.91105 ], [ -96.71716, 32.91099 ], [ -96.71747, 32.91089 ], [ -96.71764, 32.91077 ], [ -96.71712, 32.91001 ], [ -96.71667, 32.90974 ], [ -96.71621, 32.90982 ], [ -96.71592, 32.9098 ], [ -96.7149, 32.90953 ], [ -96.71493, 32.90969 ], [ -96.71523, 32.90989 ], [ -96.71527, 32.90998 ], [ -96.71521, 32.91017 ], [ -96.715, 32.91037 ], [ -96.71519, 32.91007 ], [ -96.71519, 32.90997 ], [ -96.71486, 32.90972 ], [ -96.71457, 32.90933 ], [ -96.71465, 32.90934 ], [ -96.71475, 32.90946 ], [ -96.71584, 32.90973 ], [ -96.71662, 32.90971 ], [ -96.71666, 32.90967 ], [ -96.71665, 32.90935 ], [ -96.71676, 32.90918 ], [ -96.71737, 32.90868 ], [ -96.71792, 32.90851 ], [ -96.71792, 32.90865 ], [ -96.71739, 32.90881 ], [ -96.71687, 32.90923 ], [ -96.71682, 32.90933 ], [ -96.7168, 32.90959 ], [ -96.71708, 32.9098 ], [ -96.71735, 32.91025 ], [ -96.71768, 32.91059 ], [ -96.71773, 32.91087 ], [ -96.71734, 32.91142 ], [ -96.71737, 32.91183 ], [ -96.71719, 32.91233 ], [ -96.717, 32.9126 ], [ -96.71634, 32.91303 ], [ -96.71627, 32.91327 ], [ -96.71648, 32.91383 ], [ -96.71647, 32.91527 ], [ -96.7166, 32.91549 ], [ -96.7166, 32.91555 ], [ -96.71642, 32.91564 ], [ -96.7163, 32.91601 ], [ -96.71637, 32.91625 ], [ -96.71679, 32.9167 ], [ -96.71675, 32.91702 ], [ -96.71655, 32.91721 ], [ -96.71647, 32.91742 ], [ -96.71651, 32.91752 ], [ -96.71687, 32.91776 ], [ -96.71715, 32.9182 ], [ -96.71728, 32.91853 ], [ -96.71732, 32.9191 ], [ -96.71729, 32.91976 ], [ -96.71741, 32.92046 ], [ -96.71736, 32.92087 ], [ -96.71742, 32.92146 ], [ -96.71754, 32.92194 ], [ -96.71744, 32.92192 ], [ -96.71734, 32.92148 ] ] ] } },
{ "type": "Feature", "properties": { "element": "way", "id": 515383075 }, "geometry": { "type": "Polygon", "coordinates": [ [ [ -96.73009, 32.91913 ], [ -96.73045, 32.9187 ], [ -96.7305, 32.91845 ], [ -96.7302, 32.91696 ], [ -96.73055, 32.91646 ], [ -96.73061, 32.91625 ], [ -96.73056, 32.91602 ], [ -96.73033, 32.91581 ], [ -96.72981, 32.91555 ], [ -96.72909, 32.91463 ], [ -96.72871, 32.91456 ], [ -96.72862, 32.91448 ], [ -96.7286, 32.91437 ], [ -96.72881, 32.91378 ], [ -96.7288, 32.91299 ], [ -96.72875, 32.91283 ], [ -96.7279, 32.91212 ], [ -96.72785, 32.91196 ], [ -96.72803, 32.91167 ], [ -96.72806, 32.9117 ], [ -96.72788, 32.91196 ], [ -96.72794, 32.9121 ], [ -96.72879, 32.91278 ], [ -96.72887, 32.91299 ], [ -96.72887, 32.91377 ], [ -96.72868, 32.91439 ], [ -96.72873, 32.91449 ], [ -96.72899, 32.9145 ], [ -96.72915, 32.91458 ], [ -96.72986, 32.9155 ], [ -96.73036, 32.91577 ], [ -96.73063, 32.91599 ], [ -96.73066, 32.91625 ], [ -96.73061, 32.91651 ], [ -96.73026, 32.91699 ], [ -96.73057, 32.91846 ], [ -96.73053, 32.91872 ], [ -96.73015, 32.91918 ], [ -96.73009, 32.91913 ] ] ] } },
{ "type": "Feature", "properties": { "element": "way", "id": 1158277639 }, "geometry": { "type": "Polygon", "coordinates": [ [ [ -96.71128, 32.91687 ], [ -96.71153, 32.91673 ], [ -96.71165, 32.91656 ], [ -96.71167, 32.91505 ], [ -96.71196, 32.91452 ], [ -96.71205, 32.91457 ], [ -96.71177, 32.91494 ], [ -96.7117, 32.91522 ], [ -96.71168, 32.91664 ], [ -96.71142, 32.91686 ], [ -96.71129, 32.91691 ], [ -96.71098, 32.91698 ], [ -96.71089, 32.91697 ], [ -96.7109, 32.9169 ], [ -96.71128, 32.91687 ] ] ] } },
{ "type": "Feature", "properties": { "element": "way", "id": 515383068 }, "geometry": { "type": "Polygon", "coordinates": [ [ [ -96.71022, 32.91689 ], [ -96.70975, 32.91698 ], [ -96.70956, 32.91707 ], [ -96.7094, 32.9173 ], [ -96.70919, 32.91744 ], [ -96.70878, 32.91755 ], [ -96.70867, 32.91753 ], [ -96.70927, 32.91735 ], [ -96.70941, 32.91721 ], [ -96.70955, 32.91696 ], [ -96.70989, 32.91682 ], [ -96.71075, 32.91688 ], [ -96.71076, 32.91696 ], [ -96.71022, 32.91689 ] ] ] } },
{ "type": "Feature", "properties": { "element": "way", "id": 515376951 }, "geometry": { "type": "Polygon", "coordinates": [ [ [ -96.71145, 32.92008 ], [ -96.71188, 32.92333 ], [ -96.71184, 32.92338 ], [ -96.71136, 32.92005 ], [ -96.71145, 32.92008 ] ] ] } },
{ "type": "Feature", "properties": { "element": "way", "id": 27936439 }, "geometry": { "type": "Polygon", "coordinates": [ [ [ -96.7295, 32.92526 ], [ -96.72937, 32.92526 ], [ -96.72925, 32.92506 ], [ -96.72923, 32.92485 ], [ -96.72941, 32.92395 ], [ -96.72965, 32.92348 ], [ -96.73019, 32.92319 ], [ -96.73014, 32.92276 ], [ -96.72978, 32.92238 ], [ -96.72978, 32.92217 ], [ -96.72948, 32.92171 ], [ -96.72933, 32.92129 ], [ -96.7294, 32.92117 ], [ -96.72956, 32.92107 ], [ -96.72973, 32.92079 ], [ -96.73012, 32.91983 ], [ -96.72978, 32.9193 ], [ -96.72976, 32.91911 ], [ -96.72998, 32.91903 ], [ -96.73051, 32.91942 ], [ -96.73039, 32.91954 ], [ -96.73034, 32.9202 ], [ -96.72963, 32.92141 ], [ -96.72965, 32.92153 ], [ -96.72991, 32.92172 ], [ -96.73011, 32.92201 ], [ -96.73015, 32.92234 ], [ -96.73032, 32.92234 ], [ -96.73033, 32.92245 ], [ -96.7305, 32.92266 ], [ -96.73053, 32.92299 ], [ -96.73041, 32.92351 ], [ -96.73007, 32.92363 ], [ -96.72983, 32.92379 ], [ -96.72967, 32.92423 ], [ -96.72967, 32.92487 ], [ -96.7295, 32.92526 ] ] ] } },
{ "type": "Feature", "properties": { "element": "way", "id": 515383066 }, "geometry": { "type": "Polygon", "coordinates": [ [ [ -96.71779, 32.92295 ], [ -96.71764, 32.92321 ], [ -96.71718, 32.9235 ], [ -96.71687, 32.92403 ], [ -96.71642, 32.92451 ], [ -96.71644, 32.92484 ], [ -96.71664, 32.92517 ], [ -96.71654, 32.92517 ], [ -96.71636, 32.92484 ], [ -96.71635, 32.92454 ], [ -96.71645, 32.92435 ], [ -96.71684, 32.92396 ], [ -96.71714, 32.92346 ], [ -96.71527, 32.92347 ], [ -96.71508, 32.92358 ], [ -96.71467, 32.92418 ], [ -96.71457, 32.92418 ], [ -96.71498, 32.92355 ], [ -96.71517, 32.9234 ], [ -96.71712, 32.92339 ], [ -96.71746, 32.92327 ], [ -96.7176, 32.92315 ], [ -96.71772, 32.92291 ], [ -96.71779, 32.92295 ] ] ] } },
{ "type": "Feature", "properties": { "element": "way", "id": 515376953 }, "geometry": { "type": "Polygon", "coordinates": [ [ [ -96.71271, 32.92606 ], [ -96.71266, 32.92604 ], [ -96.71344, 32.92519 ], [ -96.71359, 32.92473 ], [ -96.71371, 32.92465 ], [ -96.71432, 32.92445 ], [ -96.71457, 32.92418 ], [ -96.71467, 32.92418 ], [ -96.71439, 32.9245 ], [ -96.71366, 32.92478 ], [ -96.71355, 32.92517 ], [ -96.71271, 32.92606 ] ] ] } },
{ "type": "Feature", "properties": { "element": "way", "id": 1299694606 }, "geometry": { "type": "Polygon", "coordinates": [ [ [ -96.71239, 32.92523 ], [ -96.7125, 32.92519 ], [ -96.71287, 32.92522 ], [ -96.71311, 32.92545 ], [ -96.71266, 32.92596 ], [ -96.71256, 32.92602 ], [ -96.7125, 32.92599 ], [ -96.71239, 32.92523 ] ] ] } },
{ "type": "Feature", "properties": { "element": "way", "id": 460924555 }, "geometry": { "type": "Polygon", "coordinates": [ [ [ -96.71218, 32.92685 ], [ -96.71214, 32.92685 ], [ -96.71211, 32.92628 ], [ -96.71195, 32.92525 ], [ -96.71199, 32.92519 ], [ -96.71204, 32.92526 ], [ -96.71218, 32.92616 ], [ -96.71249, 32.92612 ], [ -96.71275, 32.926 ], [ -96.71257, 32.92622 ], [ -96.71235, 32.92622 ], [ -96.71223, 32.92628 ], [ -96.71217, 32.9264 ], [ -96.71218, 32.92685 ] ] ] } },
{ "type": "Feature", "properties": { "element": "way", "id": 515383065 }, "geometry": { "type": "Polygon", "coordinates": [ [ [ -96.71663, 32.93057 ], [ -96.71663, 32.93043 ], [ -96.71708, 32.92979 ], [ -96.71712, 32.92962 ], [ -96.7167, 32.92868 ], [ -96.71672, 32.92556 ], [ -96.71654, 32.92517 ], [ -96.71664, 32.92517 ], [ -96.71679, 32.92552 ], [ -96.71677, 32.92864 ], [ -96.71718, 32.92959 ], [ -96.71715, 32.92979 ], [ -96.71675, 32.93038 ], [ -96.7167, 32.93058 ], [ -96.71663, 32.93057 ] ] ] } },
{ "type": "Feature", "properties": { "element": "way", "id": 167009443 }, "geometry": { "type": "Polygon", "coordinates": [ [ [ -96.47131, 33.01152 ], [ -96.47155, 33.01136 ], [ -96.47174, 33.01112 ], [ -96.47179, 33.01088 ], [ -96.47176, 33.01063 ], [ -96.47155, 33.01013 ], [ -96.47153, 33.00995 ], [ -96.47157, 33.00976 ], [ -96.47174, 33.00941 ], [ -96.47196, 33.0093 ], [ -96.47247, 33.00927 ], [ -96.47275, 33.00916 ], [ -96.47283, 33.00908 ], [ -96.4729, 33.00862 ], [ -96.47286, 33.00816 ], [ -96.47323, 33.00778 ], [ -96.47342, 33.00768 ], [ -96.47382, 33.00767 ], [ -96.47387, 33.00762 ], [ -96.47402, 33.00696 ], [ -96.47409, 33.00687 ], [ -96.47425, 33.00684 ], [ -96.47426, 33.0067 ], [ -96.47479, 33.00614 ], [ -96.47488, 33.00593 ], [ -96.475, 33.00504 ], [ -96.47516, 33.00493 ], [ -96.47549, 33.0049 ], [ -96.47573, 33.00465 ], [ -96.47607, 33.004 ], [ -96.47673, 33.00346 ], [ -96.47705, 33.00311 ], [ -96.47733, 33.00325 ], [ -96.47694, 33.0036 ], [ -96.4763, 33.00401 ], [ -96.47608, 33.00424 ], [ -96.47588, 33.00462 ], [ -96.47561, 33.00494 ], [ -96.47544, 33.00503 ], [ -96.4753, 33.00504 ], [ -96.47523, 33.00511 ], [ -96.47501, 33.00562 ], [ -96.47489, 33.00627 ], [ -96.4745, 33.0067 ], [ -96.47448, 33.00694 ], [ -96.47426, 33.00716 ], [ -96.47396, 33.0078 ], [ -96.47365, 33.00782 ], [ -96.47314, 33.00816 ], [ -96.47308, 33.00835 ], [ -96.47307, 33.00902 ], [ -96.47295, 33.00922 ], [ -96.47265, 33.0094 ], [ -96.47212, 33.00954 ], [ -96.47195, 33.00963 ], [ -96.4717, 33.0099 ], [ -96.47169, 33.01003 ], [ -96.47192, 33.01079 ], [ -96.4719, 33.01103 ], [ -96.47172, 33.01136 ], [ -96.47143, 33.01164 ], [ -96.47125, 33.01161 ], [ -96.47131, 33.01152 ] ] ] } },
{ "type": "Feature", "properties": { "element": "way", "id": 167009442 }, "geometry": { "type": "Polygon", "coordinates": [ [ [ -96.47655, 33.02155 ], [ -96.47692, 33.02123 ], [ -96.47744, 33.02097 ], [ -96.47767, 33.02071 ], [ -96.47766, 33.0204 ], [ -96.47747, 33.02031 ], [ -96.47683, 33.01951 ], [ -96.47666, 33.01888 ], [ -96.47684, 33.01836 ], [ -96.47688, 33.01787 ], [ -96.47648, 33.0167 ], [ -96.47641, 33.01623 ], [ -96.47692, 33.01569 ], [ -96.47728, 33.01537 ], [ -96.47741, 33.01533 ], [ -96.47761, 33.01534 ], [ -96.4787, 33.01564 ], [ -96.47882, 33.01571 ], [ -96.47909, 33.01641 ], [ -96.47911, 33.0166 ], [ -96.47901, 33.01675 ], [ -96.47885, 33.01682 ], [ -96.4783, 33.01695 ], [ -96.47829, 33.01707 ], [ -96.47863, 33.01721 ], [ -96.47909, 33.01726 ], [ -96.47963, 33.01695 ], [ -96.47979, 33.01681 ], [ -96.47984, 33.01643 ], [ -96.47999, 33.01629 ], [ -96.48203, 33.01594 ], [ -96.48294, 33.01531 ], [ -96.48305, 33.01516 ], [ -96.48277, 33.01478 ], [ -96.4826, 33.01465 ], [ -96.48245, 33.01461 ], [ -96.48225, 33.01464 ], [ -96.48176, 33.01492 ], [ -96.48164, 33.01494 ], [ -96.48143, 33.01491 ], [ -96.48123, 33.01475 ], [ -96.48065, 33.01403 ], [ -96.48059, 33.01382 ], [ -96.4806, 33.01363 ], [ -96.48065, 33.01343 ], [ -96.48079, 33.01329 ], [ -96.48097, 33.01323 ], [ -96.48108, 33.0131 ], [ -96.48117, 33.01238 ], [ -96.48133, 33.01198 ], [ -96.48151, 33.0119 ], [ -96.48153, 33.01202 ], [ -96.48158, 33.01204 ], [ -96.48184, 33.01188 ], [ -96.48195, 33.01129 ], [ -96.48216, 33.01078 ], [ -96.4826, 33.01055 ], [ -96.48316, 33.01041 ], [ -96.4834, 33.01054 ], [ -96.48353, 33.01075 ], [ -96.48355, 33.01118 ], [ -96.4836, 33.01128 ], [ -96.4837, 33.01134 ], [ -96.48449, 33.0113 ], [ -96.48487, 33.01121 ], [ -96.48498, 33.01112 ], [ -96.48502, 33.0107 ], [ -96.48552, 33.01027 ], [ -96.48557, 33.00993 ], [ -96.48513, 33.00976 ], [ -96.48447, 33.00955 ], [ -96.48407, 33.00956 ], [ -96.48343, 33.00969 ], [ -96.48311, 33.00966 ], [ -96.48269, 33.00939 ], [ -96.48264, 33.00921 ], [ -96.48289, 33.00842 ], [ -96.48327, 33.00749 ], [ -96.48336, 33.00746 ], [ -96.48358, 33.00743 ], [ -96.48369, 33.00749 ], [ -96.48424, 33.00803 ], [ -96.48475, 33.00811 ], [ -96.48493, 33.00838 ], [ -96.48492, 33.00854 ], [ -96.48498, 33.00864 ], [ -96.48519, 33.00865 ], [ -96.4855, 33.00833 ], [ -96.48494, 33.00758 ], [ -96.48429, 33.00629 ], [ -96.48431, 33.00582 ], [ -96.4844, 33.00567 ], [ -96.48466, 33.00555 ], [ -96.48478, 33.00555 ], [ -96.48564, 33.00588 ], [ -96.48596, 33.00594 ], [ -96.48626, 33.00611 ], [ -96.48635, 33.00608 ], [ -96.4862, 33.00517 ], [ -96.48586, 33.00445 ], [ -96.48575, 33.00386 ], [ -96.48555, 33.0035 ], [ -96.48573, 33.00352 ], [ -96.48586, 33.00372 ], [ -96.48607, 33.00461 ], [ -96.48631, 33.00488 ], [ -96.48643, 33.0057 ], [ -96.48658, 33.0061 ], [ -96.48653, 33.00622 ], [ -96.48642, 33.00627 ], [ -96.48623, 33.00626 ], [ -96.4861, 33.00616 ], [ -96.48592, 33.00612 ], [ -96.48574, 33.00621 ], [ -96.48555, 33.00657 ], [ -96.48545, 33.00659 ], [ -96.48521, 33.00648 ], [ -96.48521, 33.00633 ], [ -96.48534, 33.00606 ], [ -96.48525, 33.00592 ], [ -96.48472, 33.00577 ], [ -96.4845, 33.00587 ], [ -96.48454, 33.00646 ], [ -96.48505, 33.00747 ], [ -96.48557, 33.00817 ], [ -96.48563, 33.00839 ], [ -96.48529, 33.00877 ], [ -96.48508, 33.00879 ], [ -96.48487, 33.00872 ], [ -96.48479, 33.0086 ], [ -96.48471, 33.00827 ], [ -96.48411, 33.00811 ], [ -96.48366, 33.00777 ], [ -96.4836, 33.00762 ], [ -96.48348, 33.0076 ], [ -96.48328, 33.00782 ], [ -96.48324, 33.00807 ], [ -96.48306, 33.00851 ], [ -96.48297, 33.00911 ], [ -96.48288, 33.00922 ], [ -96.48326, 33.00951 ], [ -96.48344, 33.00954 ], [ -96.48425, 33.00935 ], [ -96.48456, 33.00938 ], [ -96.48573, 33.00967 ], [ -96.48585, 33.00984 ], [ -96.48576, 33.01026 ], [ -96.48531, 33.01065 ], [ -96.48518, 33.01082 ], [ -96.4852, 33.01114 ], [ -96.48482, 33.01139 ], [ -96.48439, 33.01145 ], [ -96.48379, 33.01147 ], [ -96.48358, 33.01142 ], [ -96.48337, 33.01122 ], [ -96.4834, 33.0108 ], [ -96.48327, 33.01065 ], [ -96.48315, 33.01059 ], [ -96.48295, 33.01062 ], [ -96.48245, 33.01081 ], [ -96.48226, 33.01097 ], [ -96.48214, 33.01117 ], [ -96.48205, 33.01179 ], [ -96.48196, 33.01195 ], [ -96.48175, 33.01211 ], [ -96.48158, 33.01218 ], [ -96.48147, 33.01216 ], [ -96.48138, 33.01222 ], [ -96.48121, 33.01316 ], [ -96.48106, 33.01334 ], [ -96.48086, 33.0134 ], [ -96.48079, 33.01362 ], [ -96.48078, 33.01388 ], [ -96.48089, 33.0141 ], [ -96.48108, 33.01437 ], [ -96.48157, 33.01485 ], [ -96.4817, 33.01483 ], [ -96.48205, 33.01458 ], [ -96.48247, 33.01446 ], [ -96.48267, 33.01452 ], [ -96.48294, 33.01472 ], [ -96.48324, 33.01504 ], [ -96.48313, 33.01537 ], [ -96.48275, 33.0156 ], [ -96.48228, 33.016 ], [ -96.48018, 33.0164 ], [ -96.48006, 33.01646 ], [ -96.47998, 33.01664 ], [ -96.48003, 33.01681 ], [ -96.47958, 33.01715 ], [ -96.47917, 33.01736 ], [ -96.47895, 33.0174 ], [ -96.47818, 33.01724 ], [ -96.47807, 33.01703 ], [ -96.47825, 33.01685 ], [ -96.47847, 33.01676 ], [ -96.47887, 33.01671 ], [ -96.47894, 33.01663 ], [ -96.47878, 33.01582 ], [ -96.47741, 33.01546 ], [ -96.47702, 33.01573 ], [ -96.47674, 33.01603 ], [ -96.4766, 33.01623 ], [ -96.4766, 33.01639 ], [ -96.47712, 33.01822 ], [ -96.47691, 33.01862 ], [ -96.47688, 33.01881 ], [ -96.47701, 33.01947 ], [ -96.47715, 33.01975 ], [ -96.47732, 33.01978 ], [ -96.47756, 33.01973 ], [ -96.47804, 33.01991 ], [ -96.47816, 33.02007 ], [ -96.47817, 33.02031 ], [ -96.478, 33.02049 ], [ -96.47802, 33.02065 ], [ -96.47773, 33.02104 ], [ -96.47749, 33.02119 ], [ -96.47734, 33.02122 ], [ -96.47694, 33.0215 ], [ -96.47686, 33.02147 ], [ -96.47679, 33.02155 ], [ -96.4768, 33.02169 ], [ -96.47673, 33.02173 ], [ -96.47653, 33.02168 ], [ -96.47655, 33.02155 ] ] ] } },
{ "type": "Feature", "properties": { "element": "relation", "id": 16917061 }, "geometry": { "type": "Polygon", "coordinates": [ [ [ -96.97886, 32.94792 ], [ -96.97858, 32.94768 ], [ -96.9784, 32.94726 ], [ -96.97827, 32.94714 ], [ -96.978, 32.94697 ], [ -96.97761, 32.94689 ], [ -96.97727, 32.94672 ], [ -96.97685, 32.94639 ], [ -96.97667, 32.94618 ], [ -96.97658, 32.94584 ], [ -96.97639, 32.94561 ], [ -96.97612, 32.94571 ], [ -96.97599, 32.94584 ], [ -96.97593, 32.94601 ], [ -96.97604, 32.9462 ], [ -96.97582, 32.94636 ], [ -96.97562, 32.9464 ], [ -96.97507, 32.94622 ], [ -96.97486, 32.94592 ], [ -96.97472, 32.94589 ], [ -96.97457, 32.94597 ], [ -96.97449, 32.94622 ], [ -96.97456, 32.9464 ], [ -96.97443, 32.94676 ], [ -96.9744, 32.94709 ], [ -96.97383, 32.94739 ], [ -96.97349, 32.94752 ], [ -96.97309, 32.94754 ], [ -96.97284, 32.94762 ], [ -96.97252, 32.94777 ], [ -96.97244, 32.94791 ], [ -96.97227, 32.948 ], [ -96.97038, 32.94471 ], [ -96.97047, 32.94438 ], [ -96.97067, 32.9442 ], [ -96.97027, 32.944 ], [ -96.97008, 32.94402 ], [ -96.96999, 32.94398 ], [ -96.97018, 32.94368 ], [ -96.97028, 32.94372 ], [ -96.97032, 32.94385 ], [ -96.97061, 32.94398 ], [ -96.97066, 32.94393 ], [ -96.9707, 32.94374 ], [ -96.97084, 32.94364 ], [ -96.97088, 32.94348 ], [ -96.97075, 32.94331 ], [ -96.97076, 32.94309 ], [ -96.9708, 32.943 ], [ -96.97098, 32.94294 ], [ -96.97095, 32.94274 ], [ -96.9711, 32.94234 ], [ -96.97105, 32.94198 ], [ -96.97079, 32.94167 ], [ -96.97074, 32.94142 ], [ -96.97059, 32.94122 ], [ -96.96994, 32.94103 ], [ -96.96989, 32.94096 ], [ -96.96988, 32.9406 ], [ -96.9697, 32.94046 ], [ -96.9702, 32.93989 ], [ -96.97024, 32.93955 ], [ -96.97017, 32.93909 ], [ -96.96999, 32.9385 ], [ -96.9701, 32.93827 ], [ -96.97037, 32.93814 ], [ -96.97062, 32.93809 ], [ -96.97145, 32.93873 ], [ -96.9717, 32.93885 ], [ -96.97184, 32.93885 ], [ -96.97192, 32.93873 ], [ -96.97182, 32.9385 ], [ -96.97193, 32.93818 ], [ -96.9719, 32.9377 ], [ -96.97213, 32.93762 ], [ -96.97238, 32.93765 ], [ -96.97275, 32.9376 ], [ -96.97299, 32.93747 ], [ -96.97317, 32.93711 ], [ -96.97378, 32.93709 ], [ -96.97405, 32.93714 ], [ -96.97432, 32.93759 ], [ -96.97443, 32.93843 ], [ -96.97503, 32.93942 ], [ -96.97529, 32.93959 ], [ -96.97627, 32.93995 ], [ -96.97673, 32.94005 ], [ -96.97693, 32.94001 ], [ -96.97748, 32.94025 ], [ -96.97786, 32.94029 ], [ -96.97779, 32.93992 ], [ -96.9776, 32.93959 ], [ -96.97727, 32.93858 ], [ -96.9771, 32.93841 ], [ -96.97707, 32.93827 ], [ -96.97708, 32.9382 ], [ -96.97738, 32.93786 ], [ -96.97742, 32.93763 ], [ -96.97716, 32.93692 ], [ -96.97712, 32.93648 ], [ -96.9768, 32.9359 ], [ -96.97679, 32.93573 ], [ -96.97684, 32.93559 ], [ -96.97694, 32.93552 ], [ -96.97696, 32.93538 ], [ -96.97707, 32.93532 ], [ -96.97749, 32.93554 ], [ -96.97759, 32.93573 ], [ -96.97775, 32.93581 ], [ -96.97885, 32.93692 ], [ -96.97958, 32.93785 ], [ -96.97986, 32.93794 ], [ -96.9809, 32.93766 ], [ -96.9809, 32.93753 ], [ -96.98075, 32.93727 ], [ -96.9813, 32.93645 ], [ -96.98141, 32.93636 ], [ -96.98164, 32.93632 ], [ -96.98188, 32.93644 ], [ -96.98196, 32.93638 ], [ -96.98182, 32.93605 ], [ -96.98188, 32.93587 ], [ -96.98204, 32.93579 ], [ -96.98231, 32.93577 ], [ -96.98273, 32.93596 ], [ -96.98286, 32.93613 ], [ -96.98278, 32.93626 ], [ -96.98287, 32.93636 ], [ -96.98284, 32.93643 ], [ -96.98263, 32.93657 ], [ -96.98236, 32.93655 ], [ -96.98227, 32.9366 ], [ -96.9823, 32.93668 ], [ -96.9826, 32.93687 ], [ -96.98271, 32.93707 ], [ -96.98252, 32.93704 ], [ -96.98243, 32.9375 ], [ -96.98269, 32.93754 ], [ -96.98255, 32.93787 ], [ -96.98243, 32.93843 ], [ -96.98226, 32.93881 ], [ -96.98191, 32.9392 ], [ -96.98163, 32.93963 ], [ -96.98157, 32.94007 ], [ -96.98132, 32.94082 ], [ -96.9814, 32.94098 ], [ -96.9818, 32.9411 ], [ -96.98202, 32.94147 ], [ -96.98238, 32.9417 ], [ -96.98251, 32.94173 ], [ -96.98281, 32.9417 ], [ -96.9833, 32.94185 ], [ -96.98343, 32.94179 ], [ -96.98349, 32.94168 ], [ -96.98348, 32.94064 ], [ -96.98367, 32.9404 ], [ -96.98381, 32.94033 ], [ -96.98403, 32.94037 ], [ -96.98414, 32.94051 ], [ -96.98419, 32.94103 ], [ -96.98453, 32.94169 ], [ -96.98477, 32.94191 ], [ -96.98506, 32.94195 ], [ -96.98521, 32.94192 ], [ -96.98594, 32.94159 ], [ -96.98649, 32.94156 ], [ -96.98676, 32.94132 ], [ -96.98719, 32.94119 ], [ -96.98741, 32.94101 ], [ -96.98773, 32.94088 ], [ -96.98841, 32.94075 ], [ -96.98957, 32.94016 ], [ -96.99014, 32.9398 ], [ -96.99033, 32.93975 ], [ -96.9905, 32.93985 ], [ -96.99036, 32.94004 ], [ -96.98993, 32.9402 ], [ -96.98976, 32.94041 ], [ -96.98887, 32.94096 ], [ -96.98783, 32.94153 ], [ -96.98758, 32.94179 ], [ -96.98683, 32.9423 ], [ -96.98659, 32.94257 ], [ -96.98657, 32.94278 ], [ -96.98665, 32.94294 ], [ -96.98654, 32.94314 ], [ -96.98644, 32.94321 ], [ -96.98592, 32.94313 ], [ -96.98546, 32.9432 ], [ -96.98517, 32.94313 ], [ -96.98441, 32.94311 ], [ -96.9841, 32.94324 ], [ -96.98316, 32.94347 ], [ -96.98299, 32.94355 ], [ -96.98287, 32.94362 ], [ -96.98281, 32.94377 ], [ -96.98281, 32.944 ], [ -96.9827, 32.94405 ], [ -96.9826, 32.94403 ], [ -96.98242, 32.94388 ], [ -96.982, 32.94333 ], [ -96.98171, 32.9432 ], [ -96.98136, 32.94315 ], [ -96.98075, 32.94341 ], [ -96.98066, 32.9435 ], [ -96.98066, 32.94371 ], [ -96.98073, 32.9438 ], [ -96.98108, 32.94394 ], [ -96.98121, 32.9442 ], [ -96.98115, 32.9443 ], [ -96.98102, 32.94441 ], [ -96.98019, 32.94458 ], [ -96.9794, 32.94486 ], [ -96.9792, 32.94501 ], [ -96.97884, 32.94553 ], [ -96.97885, 32.94586 ], [ -96.97901, 32.94615 ], [ -96.97925, 32.94637 ], [ -96.97962, 32.94655 ], [ -96.9801, 32.94677 ], [ -96.98026, 32.94676 ], [ -96.9804, 32.94708 ], [ -96.98053, 32.94719 ], [ -96.98049, 32.94732 ], [ -96.98021, 32.94747 ], [ -96.98025, 32.94754 ], [ -96.98019, 32.94764 ], [ -96.97927, 32.9479 ], [ -96.97886, 32.94792 ] ] ] } },
{ "type": "Feature", "properties": { "element": "way", "id": 1496608997 }, "geometry": { "type": "Polygon", "coordinates": [ [ [ -96.98242, 32.95147 ], [ -96.98275, 32.95123 ], [ -96.98292, 32.95152 ], [ -96.9832, 32.95179 ], [ -96.98302, 32.95199 ], [ -96.98242, 32.95147 ] ] ] } },
{ "type": "Feature", "properties": { "element": "relation", "id": 2230432 }, "geometry": { "type": "Polygon", "coordinates": [ [ [ -96.94263, 32.9675 ], [ -96.94311, 32.96712 ], [ -96.94336, 32.96699 ], [ -96.94376, 32.9667 ], [ -96.94413, 32.96631 ], [ -96.94426, 32.96595 ], [ -96.94422, 32.96576 ], [ -96.94406, 32.96549 ], [ -96.94391, 32.96545 ], [ -96.94386, 32.96527 ], [ -96.94399, 32.96504 ], [ -96.94401, 32.96473 ], [ -96.94367, 32.96411 ], [ -96.94329, 32.96311 ], [ -96.94327, 32.96282 ], [ -96.94338, 32.96212 ], [ -96.94345, 32.96099 ], [ -96.94342, 32.95991 ], [ -96.94342, 32.95984 ], [ -96.94343, 32.95953 ], [ -96.9434, 32.95924 ], [ -96.9434, 32.95916 ], [ -96.94339, 32.95909 ], [ -96.94337, 32.95878 ], [ -96.94333, 32.95858 ], [ -96.94331, 32.95828 ], [ -96.94318, 32.95803 ], [ -96.94315, 32.95792 ], [ -96.94315, 32.95785 ], [ -96.94312, 32.95778 ], [ -96.94311, 32.95777 ], [ -96.94311, 32.95775 ], [ -96.943, 32.95749 ], [ -96.94287, 32.95726 ], [ -96.94282, 32.95714 ], [ -96.94267, 32.9569 ], [ -96.94258, 32.95674 ], [ -96.94238, 32.95649 ], [ -96.94142, 32.95546 ], [ -96.94056, 32.95443 ], [ -96.93876, 32.95257 ], [ -96.93859, 32.95222 ], [ -96.93862, 32.95156 ], [ -96.93876, 32.95105 ], [ -96.93912, 32.95055 ], [ -96.93948, 32.9502 ], [ -96.93959, 32.95005 ], [ -96.93964, 32.94985 ], [ -96.93961, 32.94969 ], [ -96.93953, 32.94946 ], [ -96.9394, 32.94919 ], [ -96.93923, 32.94887 ], [ -96.93902, 32.94859 ], [ -96.93872, 32.94831 ], [ -96.93841, 32.94804 ], [ -96.93819, 32.94787 ], [ -96.93792, 32.94773 ], [ -96.93762, 32.9476 ], [ -96.93743, 32.94751 ], [ -96.93721, 32.94745 ], [ -96.93696, 32.94738 ], [ -96.93679, 32.94738 ], [ -96.93654, 32.9474 ], [ -96.93635, 32.94743 ], [ -96.9362, 32.94746 ], [ -96.93599, 32.94746 ], [ -96.93571, 32.94743 ], [ -96.93548, 32.94735 ], [ -96.93527, 32.94727 ], [ -96.93505, 32.9471 ], [ -96.93483, 32.94692 ], [ -96.93475, 32.94671 ], [ -96.93471, 32.94657 ], [ -96.93468, 32.94645 ], [ -96.93458, 32.94624 ], [ -96.93446, 32.9459 ], [ -96.9343, 32.94559 ], [ -96.93412, 32.94531 ], [ -96.93397, 32.94506 ], [ -96.93385, 32.94472 ], [ -96.93372, 32.94455 ], [ -96.93367, 32.94454 ], [ -96.93369, 32.94397 ], [ -96.93371, 32.94379 ], [ -96.93373, 32.94352 ], [ -96.93367, 32.94333 ], [ -96.93358, 32.94308 ], [ -96.93349, 32.94281 ], [ -96.93333, 32.94258 ], [ -96.93321, 32.94238 ], [ -96.93312, 32.94219 ], [ -96.93305, 32.94208 ], [ -96.93293, 32.94191 ], [ -96.93286, 32.9417 ], [ -96.9328, 32.94155 ], [ -96.93278, 32.94136 ], [ -96.93278, 32.94118 ], [ -96.93284, 32.94097 ], [ -96.93293, 32.94083 ], [ -96.93303, 32.94073 ], [ -96.93315, 32.94056 ], [ -96.93327, 32.94043 ], [ -96.9334, 32.94034 ], [ -96.93351, 32.94027 ], [ -96.9336, 32.94015 ], [ -96.93366, 32.94003 ], [ -96.9337, 32.93989 ], [ -96.93378, 32.93966 ], [ -96.93385, 32.93953 ], [ -96.9339, 32.93947 ], [ -96.93393, 32.9394 ], [ -96.93394, 32.93937 ], [ -96.93403, 32.93928 ], [ -96.93415, 32.93918 ], [ -96.93433, 32.93906 ], [ -96.93445, 32.93892 ], [ -96.93454, 32.93884 ], [ -96.93465, 32.93873 ], [ -96.935, 32.93823 ], [ -96.93509, 32.93796 ], [ -96.93523, 32.9373 ], [ -96.93523, 32.93714 ], [ -96.93524, 32.93711 ], [ -96.93525, 32.93701 ], [ -96.93525, 32.93683 ], [ -96.93523, 32.93669 ], [ -96.93523, 32.93654 ], [ -96.93522, 32.93638 ], [ -96.93522, 32.93625 ], [ -96.93522, 32.9361 ], [ -96.9352, 32.93587 ], [ -96.9352, 32.93573 ], [ -96.93518, 32.93556 ], [ -96.93518, 32.93545 ], [ -96.93519, 32.93532 ], [ -96.93523, 32.93516 ], [ -96.93529, 32.93501 ], [ -96.93539, 32.93487 ], [ -96.93554, 32.93479 ], [ -96.93572, 32.93481 ], [ -96.93591, 32.93484 ], [ -96.93599, 32.93485 ], [ -96.93618, 32.93494 ], [ -96.93638, 32.93503 ], [ -96.93641, 32.93505 ], [ -96.93656, 32.93512 ], [ -96.93676, 32.93518 ], [ -96.93697, 32.93525 ], [ -96.93716, 32.93533 ], [ -96.93736, 32.93539 ], [ -96.93755, 32.93546 ], [ -96.9377, 32.93549 ], [ -96.93791, 32.93551 ], [ -96.93815, 32.93549 ], [ -96.93839, 32.93544 ], [ -96.93859, 32.93538 ], [ -96.93881, 32.93525 ], [ -96.93898, 32.93516 ], [ -96.93913, 32.93503 ], [ -96.93927, 32.93491 ], [ -96.93946, 32.93472 ], [ -96.93961, 32.9345 ], [ -96.93974, 32.93437 ], [ -96.93984, 32.93413 ], [ -96.93993, 32.93398 ], [ -96.94001, 32.93378 ], [ -96.94008, 32.93363 ], [ -96.94019, 32.93342 ], [ -96.94026, 32.93317 ], [ -96.94026, 32.93289 ], [ -96.94027, 32.93278 ], [ -96.94024, 32.93268 ], [ -96.94021, 32.93258 ], [ -96.94019, 32.93235 ], [ -96.94014, 32.93222 ], [ -96.94011, 32.93218 ], [ -96.94005, 32.93209 ], [ -96.94, 32.93206 ], [ -96.93993, 32.93198 ], [ -96.93949, 32.93165 ], [ -96.93906, 32.93149 ], [ -96.93839, 32.93109 ], [ -96.93668, 32.93031 ], [ -96.93655, 32.93021 ], [ -96.93633, 32.9301 ], [ -96.93618, 32.93007 ], [ -96.93592, 32.93006 ], [ -96.93572, 32.93006 ], [ -96.93549, 32.93005 ], [ -96.93526, 32.93004 ], [ -96.93506, 32.93004 ], [ -96.93472, 32.93002 ], [ -96.93449, 32.93 ], [ -96.93421, 32.92994 ], [ -96.93397, 32.92988 ], [ -96.93393, 32.92987 ], [ -96.93377, 32.9298 ], [ -96.93359, 32.92972 ], [ -96.93346, 32.92965 ], [ -96.93337, 32.92954 ], [ -96.93321, 32.9294 ], [ -96.93312, 32.92929 ], [ -96.93307, 32.92918 ], [ -96.93305, 32.92908 ], [ -96.93302, 32.92891 ], [ -96.93301, 32.92882 ], [ -96.93301, 32.92874 ], [ -96.93303, 32.92858 ], [ -96.93311, 32.92844 ], [ -96.93322, 32.92827 ], [ -96.93336, 32.92809 ], [ -96.93354, 32.92794 ], [ -96.93369, 32.92784 ], [ -96.93386, 32.92774 ], [ -96.93426, 32.92759 ], [ -96.93447, 32.92752 ], [ -96.93469, 32.92747 ], [ -96.9349, 32.92742 ], [ -96.9351, 32.92738 ], [ -96.93534, 32.92737 ], [ -96.93553, 32.92737 ], [ -96.93573, 32.92743 ], [ -96.93591, 32.92749 ], [ -96.93609, 32.92756 ], [ -96.93626, 32.92768 ], [ -96.93642, 32.92783 ], [ -96.93663, 32.92796 ], [ -96.93679, 32.92809 ], [ -96.93702, 32.92815 ], [ -96.93725, 32.92803 ], [ -96.93739, 32.92776 ], [ -96.9374, 32.92754 ], [ -96.93736, 32.9273 ], [ -96.93723, 32.92687 ], [ -96.93717, 32.92676 ], [ -96.93711, 32.92668 ], [ -96.937, 32.92654 ], [ -96.93685, 32.92635 ], [ -96.93655, 32.92606 ], [ -96.93633, 32.92588 ], [ -96.9362, 32.92569 ], [ -96.93602, 32.92546 ], [ -96.93592, 32.92516 ], [ -96.93591, 32.925 ], [ -96.93591, 32.92488 ], [ -96.93597, 32.92476 ], [ -96.93602, 32.92463 ], [ -96.93614, 32.92446 ], [ -96.9362, 32.92437 ], [ -96.93647, 32.9241 ], [ -96.93674, 32.92394 ], [ -96.93709, 32.92374 ], [ -96.93732, 32.92365 ], [ -96.93743, 32.9236 ], [ -96.93777, 32.92345 ], [ -96.93805, 32.92316 ], [ -96.93825, 32.92279 ], [ -96.9383, 32.92239 ], [ -96.93828, 32.92223 ], [ -96.93828, 32.92221 ], [ -96.93827, 32.92217 ], [ -96.93825, 32.92206 ], [ -96.93816, 32.92172 ], [ -96.93812, 32.92164 ], [ -96.93811, 32.9216 ], [ -96.93803, 32.92133 ], [ -96.93797, 32.92093 ], [ -96.9381, 32.92058 ], [ -96.93819, 32.92039 ], [ -96.93835, 32.92007 ], [ -96.93849, 32.9196 ], [ -96.93865, 32.91917 ], [ -96.93869, 32.91897 ], [ -96.93866, 32.91865 ], [ -96.93861, 32.91824 ], [ -96.93844, 32.91781 ], [ -96.93817, 32.91746 ], [ -96.93802, 32.91725 ], [ -96.93776, 32.91678 ], [ -96.93765, 32.91633 ], [ -96.93763, 32.91582 ], [ -96.93774, 32.91554 ], [ -96.93805, 32.91502 ], [ -96.9383, 32.91461 ], [ -96.93842, 32.91436 ], [ -96.93842, 32.91409 ], [ -96.93831, 32.91386 ], [ -96.93827, 32.91368 ], [ -96.93803, 32.91336 ], [ -96.93792, 32.91326 ], [ -96.93788, 32.91321 ], [ -96.93784, 32.91319 ], [ -96.93781, 32.91316 ], [ -96.93767, 32.91308 ], [ -96.93758, 32.91304 ], [ -96.93756, 32.91304 ], [ -96.93719, 32.91283 ], [ -96.93714, 32.91279 ], [ -96.937, 32.91277 ], [ -96.93695, 32.91275 ], [ -96.93684, 32.91271 ], [ -96.93666, 32.91266 ], [ -96.93645, 32.91259 ], [ -96.93585, 32.9125 ], [ -96.93535, 32.91248 ], [ -96.93521, 32.91246 ], [ -96.93449, 32.91245 ], [ -96.93423, 32.91243 ], [ -96.93377, 32.91234 ], [ -96.93375, 32.91233 ], [ -96.93354, 32.91228 ], [ -96.93321, 32.91215 ], [ -96.93307, 32.91206 ], [ -96.93293, 32.91204 ], [ -96.93285, 32.91199 ], [ -96.93271, 32.91191 ], [ -96.93259, 32.91184 ], [ -96.93251, 32.91179 ], [ -96.9324, 32.91173 ], [ -96.93232, 32.91168 ], [ -96.93223, 32.91162 ], [ -96.93215, 32.91155 ], [ -96.93206, 32.91146 ], [ -96.93178, 32.91118 ], [ -96.93171, 32.91108 ], [ -96.93161, 32.91093 ], [ -96.9315, 32.91075 ], [ -96.93143, 32.91067 ], [ -96.93137, 32.91057 ], [ -96.93128, 32.91039 ], [ -96.93118, 32.91017 ], [ -96.93099, 32.90972 ], [ -96.93096, 32.90957 ], [ -96.93092, 32.90936 ], [ -96.93091, 32.90872 ], [ -96.93092, 32.90867 ], [ -96.93095, 32.90853 ], [ -96.93096, 32.90847 ], [ -96.93099, 32.90835 ], [ -96.93104, 32.90825 ], [ -96.93122, 32.90797 ], [ -96.93133, 32.90779 ], [ -96.93134, 32.90774 ], [ -96.93138, 32.90769 ], [ -96.93129, 32.90734 ], [ -96.93113, 32.90705 ], [ -96.93025, 32.90642 ], [ -96.93055, 32.90638 ], [ -96.93061, 32.90633 ], [ -96.93069, 32.90637 ], [ -96.93088, 32.90648 ], [ -96.93105, 32.90656 ], [ -96.93121, 32.90664 ], [ -96.93162, 32.90704 ], [ -96.9318, 32.90735 ], [ -96.93178, 32.90766 ], [ -96.93128, 32.90841 ], [ -96.93122, 32.9087 ], [ -96.93122, 32.90871 ], [ -96.93121, 32.90878 ], [ -96.9312, 32.90883 ], [ -96.9312, 32.90885 ], [ -96.93119, 32.90899 ], [ -96.93118, 32.90912 ], [ -96.93118, 32.90919 ], [ -96.93118, 32.90928 ], [ -96.9312, 32.90934 ], [ -96.93131, 32.90972 ], [ -96.93137, 32.90986 ], [ -96.93144, 32.90999 ], [ -96.93149, 32.91013 ], [ -96.93153, 32.91025 ], [ -96.93167, 32.91046 ], [ -96.93175, 32.91064 ], [ -96.93184, 32.91076 ], [ -96.93189, 32.91084 ], [ -96.93194, 32.91092 ], [ -96.93202, 32.91104 ], [ -96.93212, 32.91116 ], [ -96.93233, 32.91133 ], [ -96.93241, 32.91139 ], [ -96.93257, 32.91152 ], [ -96.93283, 32.91171 ], [ -96.93302, 32.91181 ], [ -96.93327, 32.91195 ], [ -96.93349, 32.91203 ], [ -96.93363, 32.91207 ], [ -96.93376, 32.9121 ], [ -96.93393, 32.91216 ], [ -96.93416, 32.9122 ], [ -96.93432, 32.91221 ], [ -96.93466, 32.91224 ], [ -96.93477, 32.91226 ], [ -96.93484, 32.91228 ], [ -96.93521, 32.91225 ], [ -96.93532, 32.9123 ], [ -96.93547, 32.91233 ], [ -96.93557, 32.91233 ], [ -96.93567, 32.91236 ], [ -96.93572, 32.91235 ], [ -96.93574, 32.91237 ], [ -96.93579, 32.91238 ], [ -96.93584, 32.91236 ], [ -96.93587, 32.91231 ], [ -96.93611, 32.91238 ], [ -96.93616, 32.91237 ], [ -96.93618, 32.91235 ], [ -96.93621, 32.91235 ], [ -96.93627, 32.91235 ], [ -96.93638, 32.91238 ], [ -96.93644, 32.91239 ], [ -96.93658, 32.91243 ], [ -96.93664, 32.91244 ], [ -96.93677, 32.91246 ], [ -96.93694, 32.91252 ], [ -96.93703, 32.91253 ], [ -96.93706, 32.91257 ], [ -96.93711, 32.91256 ], [ -96.93722, 32.9126 ], [ -96.93754, 32.91274 ], [ -96.9377, 32.91282 ], [ -96.93776, 32.91287 ], [ -96.93788, 32.91291 ], [ -96.93795, 32.91297 ], [ -96.93803, 32.91301 ], [ -96.93817, 32.91312 ], [ -96.9382, 32.91316 ], [ -96.93823, 32.91326 ], [ -96.93843, 32.91348 ], [ -96.93844, 32.9135 ], [ -96.93851, 32.91365 ], [ -96.93852, 32.91368 ], [ -96.93854, 32.91376 ], [ -96.93853, 32.91385 ], [ -96.93856, 32.91394 ], [ -96.93862, 32.91411 ], [ -96.93864, 32.91419 ], [ -96.93864, 32.91422 ], [ -96.93854, 32.91464 ], [ -96.93851, 32.91468 ], [ -96.93838, 32.91494 ], [ -96.93794, 32.91563 ], [ -96.93791, 32.91581 ], [ -96.9379, 32.91582 ], [ -96.93789, 32.91586 ], [ -96.93785, 32.91609 ], [ -96.93786, 32.91629 ], [ -96.93789, 32.91638 ], [ -96.93789, 32.91638 ], [ -96.93795, 32.91654 ], [ -96.93801, 32.91668 ], [ -96.93801, 32.91668 ], [ -96.93808, 32.91686 ], [ -96.93821, 32.9171 ], [ -96.93825, 32.91717 ], [ -96.93828, 32.91721 ], [ -96.93873, 32.91801 ], [ -96.93874, 32.91809 ], [ -96.93879, 32.91829 ], [ -96.93882, 32.91851 ], [ -96.93881, 32.91882 ], [ -96.93883, 32.919 ], [ -96.93882, 32.91917 ], [ -96.9388, 32.91928 ], [ -96.93878, 32.91944 ], [ -96.93874, 32.91959 ], [ -96.93874, 32.91961 ], [ -96.93833, 32.92065 ], [ -96.93833, 32.9207 ], [ -96.9383, 32.92078 ], [ -96.93826, 32.92099 ], [ -96.93826, 32.92118 ], [ -96.93832, 32.92137 ], [ -96.9384, 32.92159 ], [ -96.93844, 32.92177 ], [ -96.93845, 32.92189 ], [ -96.93847, 32.92199 ], [ -96.93853, 32.92221 ], [ -96.93852, 32.92237 ], [ -96.93849, 32.92251 ], [ -96.93848, 32.92273 ], [ -96.93844, 32.92287 ], [ -96.93835, 32.92302 ], [ -96.93831, 32.92309 ], [ -96.93831, 32.92309 ], [ -96.93797, 32.92346 ], [ -96.9373, 32.92375 ], [ -96.93645, 32.92431 ], [ -96.93621, 32.92458 ], [ -96.93605, 32.92484 ], [ -96.93603, 32.925 ], [ -96.93605, 32.92504 ], [ -96.93605, 32.92505 ], [ -96.93607, 32.92515 ], [ -96.93616, 32.92537 ], [ -96.93624, 32.92551 ], [ -96.93633, 32.92564 ], [ -96.93639, 32.92574 ], [ -96.93647, 32.92582 ], [ -96.93655, 32.92591 ], [ -96.93672, 32.92606 ], [ -96.93678, 32.92613 ], [ -96.93688, 32.92622 ], [ -96.93706, 32.92636 ], [ -96.93712, 32.92644 ], [ -96.9372, 32.9265 ], [ -96.93723, 32.92657 ], [ -96.93726, 32.92666 ], [ -96.93731, 32.92678 ], [ -96.93735, 32.92686 ], [ -96.9374, 32.92698 ], [ -96.93746, 32.92712 ], [ -96.93751, 32.92726 ], [ -96.93757, 32.92745 ], [ -96.93758, 32.92749 ], [ -96.93755, 32.92758 ], [ -96.93753, 32.92776 ], [ -96.93752, 32.92784 ], [ -96.93752, 32.92785 ], [ -96.93725, 32.92813 ], [ -96.93698, 32.92821 ], [ -96.93672, 32.92813 ], [ -96.93592, 32.92751 ], [ -96.93572, 32.92745 ], [ -96.93535, 32.92743 ], [ -96.93504, 32.92748 ], [ -96.93406, 32.92774 ], [ -96.93362, 32.92796 ], [ -96.93343, 32.92813 ], [ -96.93317, 32.92853 ], [ -96.9331, 32.92868 ], [ -96.93315, 32.92894 ], [ -96.93315, 32.92901 ], [ -96.9332, 32.92918 ], [ -96.9332, 32.92919 ], [ -96.93321, 32.92922 ], [ -96.93326, 32.92927 ], [ -96.93331, 32.92934 ], [ -96.93344, 32.92945 ], [ -96.93349, 32.9295 ], [ -96.93352, 32.92953 ], [ -96.93355, 32.92954 ], [ -96.93365, 32.92961 ], [ -96.93392, 32.92974 ], [ -96.93413, 32.92982 ], [ -96.93423, 32.92984 ], [ -96.93435, 32.92987 ], [ -96.93449, 32.92989 ], [ -96.93468, 32.92989 ], [ -96.93484, 32.92989 ], [ -96.9349, 32.92988 ], [ -96.93495, 32.92989 ], [ -96.93631, 32.92998 ], [ -96.93654, 32.93005 ], [ -96.93657, 32.93007 ], [ -96.93672, 32.93014 ], [ -96.93685, 32.93021 ], [ -96.93698, 32.93027 ], [ -96.93706, 32.93032 ], [ -96.93718, 32.93038 ], [ -96.93732, 32.93044 ], [ -96.93748, 32.93049 ], [ -96.93761, 32.93057 ], [ -96.93804, 32.93076 ], [ -96.93818, 32.93081 ], [ -96.93834, 32.9309 ], [ -96.93843, 32.93093 ], [ -96.93851, 32.93097 ], [ -96.93861, 32.93102 ], [ -96.93868, 32.93108 ], [ -96.93877, 32.93111 ], [ -96.93889, 32.93117 ], [ -96.93898, 32.93123 ], [ -96.9391, 32.93129 ], [ -96.93924, 32.93139 ], [ -96.93935, 32.93142 ], [ -96.93943, 32.93146 ], [ -96.93965, 32.93159 ], [ -96.93985, 32.93172 ], [ -96.93994, 32.93179 ], [ -96.94006, 32.93188 ], [ -96.94019, 32.932 ], [ -96.94035, 32.93223 ], [ -96.94041, 32.93236 ], [ -96.94044, 32.93247 ], [ -96.94045, 32.93258 ], [ -96.94045, 32.9326 ], [ -96.94044, 32.93295 ], [ -96.94039, 32.93313 ], [ -96.94038, 32.93315 ], [ -96.94025, 32.9334 ], [ -96.94015, 32.93378 ], [ -96.94011, 32.93385 ], [ -96.94006, 32.93393 ], [ -96.93997, 32.9341 ], [ -96.93993, 32.93418 ], [ -96.93982, 32.93435 ], [ -96.93962, 32.93464 ], [ -96.93949, 32.9348 ], [ -96.93941, 32.93489 ], [ -96.93906, 32.9352 ], [ -96.93867, 32.93541 ], [ -96.93817, 32.93555 ], [ -96.93762, 32.93551 ], [ -96.93706, 32.93534 ], [ -96.93601, 32.93491 ], [ -96.93572, 32.93485 ], [ -96.93555, 32.93486 ], [ -96.93544, 32.93493 ], [ -96.93541, 32.935 ], [ -96.93541, 32.935 ], [ -96.93534, 32.93511 ], [ -96.93531, 32.9352 ], [ -96.9353, 32.93528 ], [ -96.93525, 32.93542 ], [ -96.93527, 32.93557 ], [ -96.93528, 32.93567 ], [ -96.9353, 32.9358 ], [ -96.93529, 32.9362 ], [ -96.93529, 32.93635 ], [ -96.9353, 32.93647 ], [ -96.93529, 32.93658 ], [ -96.9353, 32.93683 ], [ -96.93532, 32.93695 ], [ -96.93535, 32.93704 ], [ -96.93533, 32.93724 ], [ -96.93531, 32.93725 ], [ -96.93529, 32.93734 ], [ -96.93524, 32.93757 ], [ -96.9352, 32.93778 ], [ -96.93517, 32.93789 ], [ -96.93507, 32.9382 ], [ -96.93505, 32.93824 ], [ -96.93493, 32.93844 ], [ -96.9349, 32.93847 ], [ -96.93477, 32.93867 ], [ -96.93463, 32.93886 ], [ -96.93427, 32.93917 ], [ -96.93419, 32.93922 ], [ -96.93413, 32.93929 ], [ -96.93409, 32.93932 ], [ -96.93406, 32.93938 ], [ -96.93405, 32.9394 ], [ -96.934, 32.93947 ], [ -96.93385, 32.93975 ], [ -96.93377, 32.93997 ], [ -96.93373, 32.94006 ], [ -96.93365, 32.94019 ], [ -96.93325, 32.94055 ], [ -96.93302, 32.94084 ], [ -96.93291, 32.94096 ], [ -96.93285, 32.9411 ], [ -96.93284, 32.94123 ], [ -96.93284, 32.94142 ], [ -96.93286, 32.94152 ], [ -96.93291, 32.94165 ], [ -96.93298, 32.9418 ], [ -96.93313, 32.94201 ], [ -96.93341, 32.9424 ], [ -96.93367, 32.94288 ], [ -96.93375, 32.94307 ], [ -96.93381, 32.94322 ], [ -96.93387, 32.94345 ], [ -96.93387, 32.94359 ], [ -96.93386, 32.94373 ], [ -96.93382, 32.94391 ], [ -96.93381, 32.94406 ], [ -96.93381, 32.94417 ], [ -96.93383, 32.9443 ], [ -96.93389, 32.94454 ], [ -96.93397, 32.94477 ], [ -96.93404, 32.94495 ], [ -96.93411, 32.94506 ], [ -96.93419, 32.94517 ], [ -96.9342, 32.94524 ], [ -96.93428, 32.94533 ], [ -96.93433, 32.94544 ], [ -96.93436, 32.94549 ], [ -96.93442, 32.94559 ], [ -96.93447, 32.94567 ], [ -96.9345, 32.94572 ], [ -96.93457, 32.94583 ], [ -96.9346, 32.94589 ], [ -96.93464, 32.94599 ], [ -96.93466, 32.94608 ], [ -96.93467, 32.94618 ], [ -96.93473, 32.94628 ], [ -96.93476, 32.94638 ], [ -96.93481, 32.9465 ], [ -96.93484, 32.94658 ], [ -96.93488, 32.94667 ], [ -96.93493, 32.94673 ], [ -96.93496, 32.94679 ], [ -96.93505, 32.94693 ], [ -96.93513, 32.94701 ], [ -96.93518, 32.94706 ], [ -96.93525, 32.94712 ], [ -96.93531, 32.94717 ], [ -96.93544, 32.94727 ], [ -96.93557, 32.94734 ], [ -96.93565, 32.94737 ], [ -96.93578, 32.94741 ], [ -96.93588, 32.94742 ], [ -96.936, 32.9474 ], [ -96.9361, 32.94738 ], [ -96.93627, 32.94735 ], [ -96.93649, 32.94733 ], [ -96.93678, 32.94733 ], [ -96.93687, 32.94733 ], [ -96.93702, 32.94734 ], [ -96.93707, 32.94735 ], [ -96.93727, 32.94739 ], [ -96.93732, 32.9474 ], [ -96.93743, 32.94744 ], [ -96.93765, 32.94754 ], [ -96.93774, 32.94759 ], [ -96.93844, 32.94799 ], [ -96.93853, 32.94806 ], [ -96.93863, 32.94814 ], [ -96.93873, 32.9482 ], [ -96.93889, 32.94829 ], [ -96.939, 32.94837 ], [ -96.93913, 32.94849 ], [ -96.93925, 32.94868 ], [ -96.93934, 32.94882 ], [ -96.93937, 32.94888 ], [ -96.93971, 32.94971 ], [ -96.93971, 32.94988 ], [ -96.9395, 32.95028 ], [ -96.93904, 32.95087 ], [ -96.93895, 32.95113 ], [ -96.93896, 32.95156 ], [ -96.93886, 32.95215 ], [ -96.93906, 32.95258 ], [ -96.93914, 32.95263 ], [ -96.93918, 32.95267 ], [ -96.93944, 32.9529 ], [ -96.93975, 32.95317 ], [ -96.93999, 32.95344 ], [ -96.94035, 32.9538 ], [ -96.94052, 32.954 ], [ -96.94065, 32.95418 ], [ -96.94094, 32.95447 ], [ -96.94134, 32.95494 ], [ -96.94182, 32.95544 ], [ -96.94225, 32.95584 ], [ -96.94311, 32.95692 ], [ -96.94359, 32.95776 ], [ -96.94368, 32.95869 ], [ -96.9438, 32.95891 ], [ -96.94376, 32.9594 ], [ -96.94391, 32.96022 ], [ -96.94383, 32.96036 ], [ -96.9438, 32.96128 ], [ -96.94373, 32.96145 ], [ -96.94379, 32.96176 ], [ -96.94365, 32.96287 ], [ -96.94397, 32.96396 ], [ -96.94464, 32.96459 ], [ -96.94477, 32.96494 ], [ -96.94485, 32.96547 ], [ -96.94471, 32.96566 ], [ -96.94475, 32.96584 ], [ -96.94468, 32.96622 ], [ -96.94428, 32.96685 ], [ -96.94243, 32.96797 ], [ -96.94223, 32.96816 ], [ -96.94222, 32.96832 ], [ -96.94219, 32.96836 ], [ -96.94211, 32.96847 ], [ -96.94205, 32.96857 ], [ -96.94199, 32.96868 ], [ -96.94202, 32.96787 ], [ -96.94263, 32.9675 ] ] ] } },
{ "type": "Feature", "properties": { "element": "way", "id": 1457591996 }, "geometry": { "type": "Polygon", "coordinates": [ [ [ -96.82146, 32.98457 ], [ -96.82117, 32.98438 ], [ -96.82106, 32.98411 ], [ -96.82118, 32.98375 ], [ -96.82133, 32.98364 ], [ -96.82141, 32.98346 ], [ -96.82154, 32.98338 ], [ -96.82176, 32.98349 ], [ -96.82178, 32.98356 ], [ -96.82165, 32.98371 ], [ -96.82164, 32.98384 ], [ -96.82171, 32.98396 ], [ -96.8216, 32.98428 ], [ -96.82163, 32.98469 ], [ -96.82154, 32.98471 ], [ -96.82146, 32.98457 ] ] ] } },
{ "type": "Feature", "properties": { "element": "way", "id": 665858357 }, "geometry": { "type": "Polygon", "coordinates": [ [ [ -96.82525, 32.98596 ], [ -96.82491, 32.98578 ], [ -96.82435, 32.9858 ], [ -96.82359, 32.98569 ], [ -96.82287, 32.98585 ], [ -96.82277, 32.98571 ], [ -96.82293, 32.98553 ], [ -96.82315, 32.98538 ], [ -96.82345, 32.9853 ], [ -96.82362, 32.98525 ], [ -96.8242, 32.98531 ], [ -96.82457, 32.98524 ], [ -96.82509, 32.98543 ], [ -96.82534, 32.98548 ], [ -96.82552, 32.98582 ], [ -96.82543, 32.98594 ], [ -96.82525, 32.98596 ] ] ] } },
{ "type": "Feature", "properties": { "element": "way", "id": 1457591993 }, "geometry": { "type": "Polygon", "coordinates": [ [ [ -96.82156, 32.98646 ], [ -96.82144, 32.98564 ], [ -96.82155, 32.98478 ], [ -96.82161, 32.98477 ], [ -96.82167, 32.98503 ], [ -96.82159, 32.98566 ], [ -96.82175, 32.98631 ], [ -96.82167, 32.98652 ], [ -96.82156, 32.98646 ] ] ] } },
{ "type": "Feature", "properties": { "element": "way", "id": 665858358 }, "geometry": { "type": "Polygon", "coordinates": [ [ [ -96.82565, 32.98588 ], [ -96.82557, 32.9856 ], [ -96.82568, 32.98551 ], [ -96.82593, 32.98555 ], [ -96.82612, 32.98567 ], [ -96.82618, 32.98577 ], [ -96.8264, 32.98588 ], [ -96.82649, 32.98601 ], [ -96.82673, 32.98605 ], [ -96.82689, 32.98632 ], [ -96.82686, 32.98635 ], [ -96.82661, 32.9863 ], [ -96.8266, 32.98623 ], [ -96.82638, 32.98615 ], [ -96.82601, 32.9859 ], [ -96.82584, 32.98585 ], [ -96.82565, 32.98588 ] ] ] } },
{ "type": "Feature", "properties": { "element": "way", "id": 288965674 }, "geometry": { "type": "Polygon", "coordinates": [ [ [ -96.82561, 32.98708 ], [ -96.82552, 32.9871 ], [ -96.82473, 32.98681 ], [ -96.82406, 32.98699 ], [ -96.82342, 32.98677 ], [ -96.82305, 32.98685 ], [ -96.82276, 32.9868 ], [ -96.82261, 32.98651 ], [ -96.82264, 32.98647 ], [ -96.82289, 32.98648 ], [ -96.82322, 32.98639 ], [ -96.82348, 32.98646 ], [ -96.82395, 32.98629 ], [ -96.8241, 32.98628 ], [ -96.82452, 32.98647 ], [ -96.82491, 32.98654 ], [ -96.82524, 32.98654 ], [ -96.82529, 32.98658 ], [ -96.82579, 32.98648 ], [ -96.82586, 32.98652 ], [ -96.82584, 32.98685 ], [ -96.82561, 32.98708 ] ] ] } },
{ "type": "Feature", "properties": { "element": "way", "id": 288965664 }, "geometry": { "type": "Polygon", "coordinates": [ [ [ -96.82704, 32.98689 ], [ -96.82696, 32.98699 ], [ -96.8268, 32.98706 ], [ -96.82609, 32.98688 ], [ -96.82595, 32.98677 ], [ -96.82598, 32.9865 ], [ -96.82604, 32.98646 ], [ -96.82632, 32.98654 ], [ -96.82665, 32.98675 ], [ -96.82677, 32.98675 ], [ -96.82687, 32.98664 ], [ -96.82706, 32.98658 ], [ -96.82705, 32.98649 ], [ -96.82687, 32.98644 ], [ -96.82692, 32.98636 ], [ -96.82709, 32.98645 ], [ -96.82711, 32.98668 ], [ -96.82704, 32.98689 ] ] ] } },
{ "type": "Feature", "properties": { "element": "way", "id": 424187314 }, "geometry": { "type": "Polygon", "coordinates": [ [ [ -96.8527, 32.98916 ], [ -96.85355, 32.98917 ], [ -96.85363, 32.98925 ], [ -96.85362, 32.98952 ], [ -96.85333, 32.9895 ], [ -96.85269, 32.98922 ], [ -96.8527, 32.98916 ] ] ] } },
{ "type": "Feature", "properties": { "element": "way", "id": 468419126 }, "geometry": { "type": "Polygon", "coordinates": [ [ [ -96.83282, 32.99773 ], [ -96.83197, 32.9969 ], [ -96.83188, 32.99673 ], [ -96.83154, 32.99647 ], [ -96.83107, 32.99621 ], [ -96.83086, 32.9959 ], [ -96.83014, 32.99532 ], [ -96.83011, 32.99521 ], [ -96.83103, 32.99586 ], [ -96.83124, 32.99614 ], [ -96.83191, 32.99652 ], [ -96.8325, 32.99708 ], [ -96.83282, 32.99773 ] ] ] } },
{ "type": "Feature", "properties": { "element": "way", "id": 130518995 }, "geometry": { "type": "Polygon", "coordinates": [ [ [ -96.7953, 33.00046 ], [ -96.79541, 33.00028 ], [ -96.79546, 32.99995 ], [ -96.79546, 32.99969 ], [ -96.79539, 32.99955 ], [ -96.79572, 32.99957 ], [ -96.7955, 33.00052 ], [ -96.7953, 33.00046 ] ] ] } },
{ "type": "Feature", "properties": { "element": "way", "id": 544787963 }, "geometry": { "type": "Polygon", "coordinates": [ [ [ -96.80308, 33.0042 ], [ -96.8031, 33.00409 ], [ -96.80338, 33.0039 ], [ -96.80364, 33.00393 ], [ -96.80371, 33.00406 ], [ -96.80365, 33.00427 ], [ -96.80332, 33.00439 ], [ -96.80308, 33.0042 ] ] ] } },
{ "type": "Feature", "properties": { "element": "way", "id": 313036763 }, "geometry": { "type": "Polygon", "coordinates": [ [ [ -96.83644, 33.00109 ], [ -96.8359, 33.00084 ], [ -96.83555, 33.00061 ], [ -96.83482, 32.99967 ], [ -96.83439, 32.99943 ], [ -96.8343, 32.99929 ], [ -96.83414, 32.99926 ], [ -96.83411, 32.99915 ], [ -96.83372, 32.99893 ], [ -96.83366, 32.99873 ], [ -96.83378, 32.99841 ], [ -96.83408, 32.99849 ], [ -96.83435, 32.99879 ], [ -96.83565, 32.99987 ], [ -96.8358, 33.00003 ], [ -96.83596, 33.00045 ], [ -96.83609, 33.00062 ], [ -96.83758, 33.00127 ], [ -96.83748, 33.00139 ], [ -96.83644, 33.00109 ] ] ] } },
{ "type": "Feature", "properties": { "element": "way", "id": 355136779 }, "geometry": { "type": "Polygon", "coordinates": [ [ [ -96.82002, 33.01202 ], [ -96.81987, 33.012 ], [ -96.81975, 33.01191 ], [ -96.81979, 33.01146 ], [ -96.82004, 33.01142 ], [ -96.82027, 33.01146 ], [ -96.82031, 33.01153 ], [ -96.82026, 33.0116 ], [ -96.82026, 33.0119 ], [ -96.82002, 33.01202 ] ] ] } },
{ "type": "Feature", "properties": { "element": "way", "id": 855646370 }, "geometry": { "type": "Polygon", "coordinates": [ [ [ -96.84131, 33.01448 ], [ -96.84121, 33.01448 ], [ -96.84107, 33.01453 ], [ -96.84082, 33.01432 ], [ -96.84067, 33.014 ], [ -96.84082, 33.01361 ], [ -96.84141, 33.01353 ], [ -96.84156, 33.01364 ], [ -96.84148, 33.01438 ], [ -96.84139, 33.01456 ], [ -96.84131, 33.01448 ] ] ] } }
]
}
