{"type": "FeatureCollection", "name": "zillow_zip", "features": [{"type": "Feature", "properties": {"zip": "76065", "city": "Midlothian", "county": "Ellis County", "zhvi_2010": 273884, "zhvi_2011": 262141, "zhvi_2012": 261415, "zhvi_2013": 272685, "zhvi_2014": 289959, "zhvi_2015": 314035, "zhvi_2016": 340263, "zhvi_2017": 365486, "zhvi_2018": 380746, "zhvi_2019": 388699, "zhvi_2020": 404797, "zhvi_2021": 451677, "zhvi_2022": 498175, "zhvi_2023": 480780, "zhvi_2024": 466542, "zhvi_2025": 451176, "zori_2015": null, "zori_2016": null, "zori_2017": null, "zori_2018": 1799, "zori_2019": 1828, "zori_2020": 1848, "zori_2021": 1946, "zori_2022": 1941, "zori_2023": 1958, "zori_2024": 1953, "zori_2025": 1928, "has_zhvi": true, "has_zori": true}, "geometry": {"type": "Polygon", "coordinates": [[[-97.083413, 32.527441], [-97.082728, 32.529726], [-97.082088, 32.539454], [-97.083863, 32.545294], [-97.077586, 32.54809], [-97.065179, 32.548994], [-97.057156, 32.546889], [-97.056975, 32.547441], [-97.054292, 32.547736], [-97.052717, 32.54884], [-97.013679, 32.548475], [-97.013813, 32.540627], [-97.01827, 32.540175], [-97.020024, 32.539154], [-97.021297, 32.53596], [-97.02009, 32.535955], [-97.01967, 32.536782], [-96.985528, 32.53605], [-96.985459, 32.53848], [-96.977778, 32.539225], [-96.976801, 32.540264], [-96.976777, 32.536284], [-96.976309, 32.536282], [-96.976487, 32.548014], [-96.956008, 32.547778], [-96.95588, 32.546993], [-96.952642, 32.546962], [-96.952807, 32.541217], [-96.950537, 32.54249], [-96.945991, 32.542415], [-96.945816, 32.538835], [-96.94237, 32.538767], [-96.937782, 32.545767], [-96.935883, 32.54497], [-96.933356, 32.545516], [-96.930347, 32.54402], [-96.927676, 32.545084], [-96.925522, 32.544898], [-96.92552, 32.547666], [-96.921129, 32.547651], [-96.921207, 32.55352], [-96.916784, 32.55356], [-96.916817, 32.550813], [-96.908159, 32.550444], [-96.908171, 32.547607], [-96.918575, 32.547644], [-96.916824, 32.54744], [-96.91683, 32.546347], [-96.920694, 32.54616], [-96.919573, 32.546124], [-96.919676, 32.543248], [-96.918181, 32.54336], [-96.918187, 32.540235], [-96.913684, 32.537927], [-96.912503, 32.536159], [-96.910641, 32.535484], [-96.909244, 32.535663], [-96.907583, 32.534572], [-96.906201, 32.535376], [-96.90289, 32.535252], [-96.901611, 32.533902], [-96.89673, 32.531498], [-96.894703, 32.529989], [-96.893505, 32.527518], [-96.894308, 32.525458], [-96.903025, 32.523452], [-96.905148, 32.52461], [-96.908097, 32.521782], [-96.907705, 32.517327], [-96.897254, 32.517369], [-96.895864, 32.517867], [-96.890625, 32.517536], [-96.8937, 32.517363], [-96.893443, 32.516545], [-96.897696, 32.514173], [-96.896787, 32.51184], [-96.899039, 32.502856], [-96.899434, 32.502859], [-96.899468, 32.4986], [-96.900261, 32.495964], [-96.899585, 32.495879], [-96.902139, 32.495603], [-96.902112, 32.488354], [-96.906787, 32.48837], [-96.904532, 32.484749], [-96.900892, 32.482625], [-96.900954, 32.475146], [-96.901565, 32.47437], [-96.902144, 32.47137], [-96.90101, 32.470329], [-96.908051, 32.47025], [-96.908064, 32.46774], [-96.905991, 32.467722], [-96.905969, 32.463989], [-96.908051, 32.463979], [-96.908094, 32.459718], [-96.898714, 32.459708], [-96.899599, 32.459342], [-96.900948, 32.455253], [-96.899293, 32.451379], [-96.897186, 32.451371], [-96.896899, 32.449829], [-96.8981, 32.445622], [-96.898627, 32.440168], [-96.899179, 32.439489], [-96.898449, 32.43735], [-96.899267, 32.436132], [-96.897929, 32.435578], [-96.900121, 32.434061], [-96.900622, 32.433132], [-96.899981, 32.430689], [-96.901578, 32.431243], [-96.900307, 32.430151], [-96.903985, 32.431798], [-96.898738, 32.427985], [-96.90003, 32.428497], [-96.902196, 32.427307], [-96.901461, 32.424957], [-96.899685, 32.424304], [-96.899734, 32.423181], [-96.896175, 32.421872], [-96.894732, 32.422385], [-96.893712, 32.41957], [-96.892211, 32.418461], [-96.896031, 32.418368], [-96.900317, 32.416511], [-96.902183, 32.416677], [-96.903508, 32.418599], [-96.906552, 32.418472], [-96.9107, 32.419561], [-96.912678, 32.416728], [-96.912562, 32.415593], [-96.913627, 32.413364], [-96.915073, 32.412657], [-96.91306, 32.416607], [-96.915977, 32.416045], [-96.921687, 32.423553], [-96.928059, 32.419941], [-96.92503, 32.415633], [-96.929091, 32.413681], [-96.928396, 32.410547], [-96.925331, 32.410417], [-96.926773, 32.40535], [-96.939091, 32.399115], [-96.933155, 32.390168], [-96.936921, 32.388402], [-96.937443, 32.386769], [-96.937359, 32.388161], [-96.937803, 32.387985], [-96.938185, 32.389398], [-96.944185, 32.391906], [-96.945468, 32.393602], [-96.946217, 32.396462], [-96.950644, 32.399707], [-96.953616, 32.401003], [-96.955968, 32.402991], [-96.958443, 32.404266], [-96.960269, 32.404197], [-96.962182, 32.407269], [-96.967225, 32.406785], [-96.96896, 32.405978], [-96.964405, 32.399552], [-96.974423, 32.394536], [-96.971579, 32.39007], [-96.983873, 32.383966], [-96.983977, 32.37823], [-96.986153, 32.378196], [-96.986153, 32.375273], [-96.985306, 32.37132], [-96.987548, 32.371453], [-96.987116, 32.369958], [-96.988815, 32.370642], [-96.991839, 32.370049], [-96.997004, 32.369988], [-96.996984, 32.365647], [-97.012677, 32.365346], [-97.012479, 32.35652], [-97.023756, 32.351027], [-97.023062, 32.352874], [-97.020569, 32.354262], [-97.020113, 32.355086], [-97.022036, 32.355642], [-97.022191, 32.357616], [-97.021357, 32.357176], [-97.021438, 32.359949], [-97.019971, 32.359737], [-97.02129, 32.36104], [-97.021458, 32.362904], [-97.019817, 32.365592], [-97.017239, 32.367384], [-97.017034, 32.369155], [-97.01572, 32.370536], [-97.014276, 32.370946], [-97.013931, 32.380217], [-97.038274, 32.380602], [-97.029956, 32.380681], [-97.030685, 32.381665], [-97.029458, 32.382474], [-97.029826, 32.383818], [-97.032998, 32.38366], [-97.032919, 32.392739], [-97.037041, 32.392765], [-97.03796, 32.394332], [-97.037041, 32.395272], [-97.03702, 32.397801], [-97.038122, 32.397812], [-97.038085, 32.401232], [-97.030528, 32.401426], [-97.029696, 32.402099], [-97.028792, 32.405517], [-97.026209, 32.409436], [-97.02295, 32.4125], [-97.042397, 32.412801], [-97.042416, 32.416134], [-97.043785, 32.416129], [-97.043767, 32.414581], [-97.054407, 32.414638], [-97.054401, 32.419998], [-97.063605, 32.420105], [-97.063556, 32.42705], [-97.068356, 32.43479], [-97.065049, 32.436799], [-97.072025, 32.447125], [-97.068868, 32.448329], [-97.071106, 32.452216], [-97.071144, 32.455968], [-97.07263, 32.460715], [-97.07427, 32.462896], [-97.075177, 32.463268], [-97.074044, 32.464618], [-97.075053, 32.465677], [-97.074063, 32.466155], [-97.07637, 32.468859], [-97.079064, 32.470813], [-97.078187, 32.472493], [-97.079598, 32.474536], [-97.078515, 32.475551], [-97.079158, 32.476622], [-97.078022, 32.477434], [-97.077822, 32.479776], [-97.078473, 32.480666], [-97.076761, 32.482881], [-97.078932, 32.484758], [-97.077615, 32.485427], [-97.07497, 32.485506], [-97.075591, 32.490795], [-97.073254, 32.492573], [-97.074191, 32.493358], [-97.072294, 32.49378], [-97.071019, 32.494791], [-97.069311, 32.494453], [-97.068016, 32.497287], [-97.069273, 32.497994], [-97.068336, 32.499696], [-97.069882, 32.502529], [-97.068606, 32.504256], [-97.07681, 32.509804], [-97.079877, 32.512759], [-97.077754, 32.512722], [-97.075666, 32.513512], [-97.07429, 32.51471], [-97.074314, 32.511485], [-97.066802, 32.511373], [-97.067768, 32.513087], [-97.069662, 32.514352], [-97.072862, 32.515776], [-97.086195, 32.523727], [-97.083413, 32.527441]]]}}, {"type": "Feature", "properties": {"zip": "76104", "city": "Fort Worth", "county": "Tarrant County", "zhvi_2010": 98290, "zhvi_2011": 72584, "zhvi_2012": 73569, "zhvi_2013": 74935, "zhvi_2014": 76807, "zhvi_2015": 83809, "zhvi_2016": 98936, "zhvi_2017": 112510, "zhvi_2018": 131497, "zhvi_2019": 147920, "zhvi_2020": 164472, "zhvi_2021": 190793, "zhvi_2022": 210369, "zhvi_2023": 205407, "zhvi_2024": 202046, "zhvi_2025": 190328, "zori_2015": null, "zori_2016": null, "zori_2017": 1488, "zori_2018": 1478, "zori_2019": 1492, "zori_2020": 1509, "zori_2021": 1534, "zori_2022": 1571, "zori_2023": 1530, "zori_2024": 1426, "zori_2025": 1448, "has_zhvi": true, "has_zori": true}, "geometry": {"type": "Polygon", "coordinates": [[[-97.358787, 32.732802], [-97.337586, 32.743617], [-97.332971, 32.745284], [-97.321397, 32.744992], [-97.311713, 32.742956], [-97.308411, 32.742716], [-97.300119, 32.744293], [-97.296161, 32.743811], [-97.297421, 32.741787], [-97.293503, 32.737062], [-97.293297, 32.735978], [-97.294274, 32.733901], [-97.295982, 32.733992], [-97.297322, 32.73118], [-97.29668, 32.727916], [-97.293844, 32.726694], [-97.294541, 32.724336], [-97.293018, 32.719977], [-97.296201, 32.717785], [-97.298118, 32.712854], [-97.297943, 32.711767], [-97.299788, 32.711359], [-97.299647, 32.709642], [-97.300702, 32.710448], [-97.309194, 32.710079], [-97.311065, 32.705944], [-97.320552, 32.705934], [-97.32053, 32.6986], [-97.320893, 32.698605], [-97.321, 32.707659], [-97.322207, 32.706272], [-97.324052, 32.706221], [-97.323772, 32.705928], [-97.325255, 32.706319], [-97.325247, 32.707706], [-97.326901, 32.711335], [-97.324743, 32.717323], [-97.322537, 32.726027], [-97.33747, 32.726042], [-97.338949, 32.726571], [-97.345271, 32.726633], [-97.346639, 32.725755], [-97.348249, 32.728085], [-97.348824, 32.731516], [-97.35017, 32.731532], [-97.350318, 32.733978], [-97.355216, 32.733958], [-97.358688, 32.732368], [-97.358787, 32.732802]]]}}, {"type": "Feature", "properties": {"zip": "75042", "city": "Garland", "county": "Dallas County", "zhvi_2010": 137087, "zhvi_2011": 125441, "zhvi_2012": 123483, "zhvi_2013": 133926, "zhvi_2014": 145513, "zhvi_2015": 163222, "zhvi_2016": 189828, "zhvi_2017": 213801, "zhvi_2018": 230005, "zhvi_2019": 240638, "zhvi_2020": 251513, "zhvi_2021": 273902, "zhvi_2022": 304652, "zhvi_2023": 301629, "zhvi_2024": 301599, "zhvi_2025": 279541, "zori_2015": null, "zori_2016": null, "zori_2017": null, "zori_2018": null, "zori_2019": null, "zori_2020": null, "zori_2021": null, "zori_2022": null, "zori_2023": null, "zori_2024": 1502, "zori_2025": 1491, "has_zhvi": true, "has_zori": true}, "geometry": {"type": "Polygon", "coordinates": [[[-96.705904, 32.931232], [-96.667385, 32.931209], [-96.663373, 32.930708], [-96.663346, 32.932085], [-96.660957, 32.932461], [-96.660915, 32.934523], [-96.657248, 32.934447], [-96.657204, 32.930573], [-96.649566, 32.930639], [-96.648319, 32.931024], [-96.648297, 32.91624], [-96.651379, 32.915917], [-96.651379, 32.914602], [-96.648655, 32.915072], [-96.6491, 32.91235], [-96.648156, 32.909039], [-96.650001, 32.908988], [-96.648418, 32.907646], [-96.649143, 32.89438], [-96.691671, 32.89443], [-96.691972, 32.904055], [-96.697977, 32.902268], [-96.69784, 32.908886], [-96.700544, 32.909025], [-96.70039, 32.916562], [-96.70588, 32.916604], [-96.705904, 32.931232]]]}}, {"type": "Feature", "properties": {"zip": "75167", "city": "Waxahachie", "county": "Ellis County", "zhvi_2010": 265827, "zhvi_2011": 256253, "zhvi_2012": 257125, "zhvi_2013": 270726, "zhvi_2014": 286802, "zhvi_2015": 311788, "zhvi_2016": 336180, "zhvi_2017": 364189, "zhvi_2018": 385364, "zhvi_2019": 395295, "zhvi_2020": 415945, "zhvi_2021": 468783, "zhvi_2022": 517668, "zhvi_2023": 504833, "zhvi_2024": 505650, "zhvi_2025": 494335, "zori_2015": null, "zori_2016": null, "zori_2017": null, "zori_2018": null, "zori_2019": null, "zori_2020": null, "zori_2021": null, "zori_2022": null, "zori_2023": null, "zori_2024": null, "zori_2025": 1853, "has_zhvi": true, "has_zori": true}, "geometry": {"type": "Polygon", "coordinates": [[[-97.022635, 32.347126], [-97.012567, 32.352523], [-97.012677, 32.365346], [-96.996984, 32.365647], [-96.997004, 32.369988], [-96.991839, 32.370049], [-96.988815, 32.370642], [-96.987116, 32.369958], [-96.987548, 32.371453], [-96.985306, 32.37132], [-96.986153, 32.375273], [-96.986153, 32.378196], [-96.983977, 32.37823], [-96.983873, 32.383966], [-96.971579, 32.39007], [-96.974423, 32.394536], [-96.964405, 32.399552], [-96.96896, 32.405978], [-96.967225, 32.406785], [-96.962182, 32.407269], [-96.960269, 32.404197], [-96.958443, 32.404266], [-96.955968, 32.402991], [-96.953616, 32.401003], [-96.950644, 32.399707], [-96.946217, 32.396462], [-96.945468, 32.393602], [-96.944185, 32.391906], [-96.938185, 32.389398], [-96.937803, 32.387985], [-96.937359, 32.388161], [-96.937679, 32.387369], [-96.937443, 32.386769], [-96.936921, 32.388402], [-96.933155, 32.390168], [-96.939091, 32.399115], [-96.926773, 32.40535], [-96.925331, 32.410417], [-96.928396, 32.410547], [-96.929091, 32.413681], [-96.92503, 32.415633], [-96.928059, 32.419941], [-96.921687, 32.423553], [-96.915977, 32.416045], [-96.91306, 32.416607], [-96.915073, 32.412657], [-96.913627, 32.413364], [-96.912562, 32.415593], [-96.912678, 32.416728], [-96.9107, 32.419561], [-96.906552, 32.418472], [-96.903508, 32.418599], [-96.902183, 32.416677], [-96.900317, 32.416511], [-96.896031, 32.418368], [-96.892211, 32.418461], [-96.893712, 32.41957], [-96.894732, 32.422385], [-96.896175, 32.421872], [-96.899734, 32.423181], [-96.899685, 32.424304], [-96.901461, 32.424957], [-96.902196, 32.427307], [-96.90003, 32.428497], [-96.898738, 32.427985], [-96.903985, 32.431798], [-96.900307, 32.430151], [-96.901578, 32.431243], [-96.899981, 32.430689], [-96.900622, 32.433132], [-96.900121, 32.434061], [-96.897929, 32.435578], [-96.899267, 32.436132], [-96.898449, 32.43735], [-96.899179, 32.439489], [-96.898627, 32.440168], [-96.8981, 32.445622], [-96.896899, 32.449829], [-96.897186, 32.451371], [-96.899293, 32.451379], [-96.900948, 32.455253], [-96.899599, 32.459342], [-96.898714, 32.459708], [-96.908094, 32.459718], [-96.908051, 32.463979], [-96.905969, 32.463989], [-96.905991, 32.467722], [-96.908064, 32.46774], [-96.908051, 32.47025], [-96.90101, 32.470329], [-96.902144, 32.47137], [-96.901565, 32.47437], [-96.900954, 32.475146], [-96.900892, 32.482625], [-96.904532, 32.484749], [-96.906787, 32.48837], [-96.902112, 32.488354], [-96.902139, 32.495603], [-96.899585, 32.495879], [-96.900261, 32.495964], [-96.899468, 32.4986], [-96.899434, 32.502859], [-96.895382, 32.502834], [-96.895268, 32.499749], [-96.893176, 32.49977], [-96.893094, 32.502845], [-96.890875, 32.502844], [-96.890906, 32.499899], [-96.886842, 32.499848], [-96.886835, 32.495561], [-96.882907, 32.49562], [-96.882988, 32.500194], [-96.880348, 32.500584], [-96.880333, 32.502821], [-96.8796, 32.502822], [-96.879127, 32.495834], [-96.878167, 32.494358], [-96.874503, 32.494115], [-96.873696, 32.493122], [-96.873757, 32.498426], [-96.853758, 32.498273], [-96.853751, 32.504012], [-96.8484, 32.503977], [-96.847656, 32.504474], [-96.842236, 32.505096], [-96.840748, 32.50696], [-96.830921, 32.50885], [-96.822541, 32.506242], [-96.822674, 32.499902], [-96.823594, 32.497651], [-96.82299, 32.497488], [-96.823432, 32.496327], [-96.841354, 32.465798], [-96.850387, 32.442196], [-96.869885, 32.417875], [-96.871369, 32.415402], [-96.872469, 32.412129], [-96.873141, 32.40247], [-96.872656, 32.399864], [-96.865509, 32.378771], [-96.869816, 32.379159], [-96.870822, 32.374405], [-96.87188, 32.374496], [-96.872151, 32.37278], [-96.870476, 32.37215], [-96.881053, 32.367693], [-96.880837, 32.367428], [-96.874946, 32.370244], [-96.869174, 32.372315], [-96.869594, 32.370851], [-96.868321, 32.369032], [-96.871938, 32.367226], [-96.872299, 32.36659], [-96.870943, 32.364352], [-96.864072, 32.36748], [-96.863434, 32.366611], [-96.859679, 32.365086], [-96.85753, 32.358068], [-96.857224, 32.350013], [-96.856085, 32.347372], [-96.854998, 32.346221], [-96.875784, 32.246502], [-96.880559, 32.248333], [-96.881121, 32.249405], [-96.883448, 32.250946], [-96.886223, 32.250055], [-96.892942, 32.259248], [-96.913687, 32.248877], [-96.918273, 32.247439], [-96.919322, 32.245291], [-96.923093, 32.246758], [-96.923634, 32.249125], [-96.923001, 32.25], [-96.923444, 32.251342], [-96.924852, 32.252771], [-96.926656, 32.252632], [-96.927031, 32.253755], [-96.92871, 32.254268], [-96.929223, 32.252049], [-96.930465, 32.252985], [-96.931724, 32.252902], [-96.933521, 32.254122], [-96.935155, 32.253679], [-96.9365, 32.255051], [-96.94008, 32.256967], [-96.941437, 32.255862], [-96.943334, 32.259802], [-96.942323, 32.260317], [-96.944009, 32.261229], [-96.945373, 32.263174], [-96.947387, 32.262925], [-96.950165, 32.265144], [-96.952157, 32.264335], [-96.955077, 32.26543], [-96.956112, 32.267074], [-96.956265, 32.268608], [-96.955071, 32.269606], [-96.956889, 32.271782], [-96.963015, 32.272252], [-96.960593, 32.273186], [-96.960995, 32.27462], [-96.959659, 32.275976], [-96.961322, 32.276539], [-96.960674, 32.277974], [-96.96276, 32.278533], [-96.963357, 32.277603], [-96.964843, 32.277537], [-96.964541, 32.278841], [-96.968018, 32.281408], [-96.969534, 32.281444], [-96.970301, 32.282333], [-96.972597, 32.283391], [-96.972686, 32.285241], [-96.97409, 32.284844], [-96.975113, 32.285369], [-96.976466, 32.284914], [-96.978025, 32.285438], [-96.979368, 32.28815], [-96.984206, 32.292233], [-96.985446, 32.291848], [-96.987909, 32.293204], [-96.987066, 32.294542], [-96.988294, 32.296073], [-96.989595, 32.29652], [-96.992597, 32.29582], [-96.996462, 32.301235], [-96.997571, 32.30565], [-96.991783, 32.306057], [-96.978202, 32.312317], [-96.978327, 32.313837], [-96.982278, 32.320041], [-97.000655, 32.316364], [-97.00973, 32.329819], [-97.02029, 32.32468], [-97.021099, 32.325914], [-97.019751, 32.326914], [-97.021365, 32.329303], [-97.021456, 32.339916], [-97.022635, 32.347126]]]}}, {"type": "Feature", "properties": {"zip": "76182", "city": "North Richland Hills", "county": "Tarrant County", "zhvi_2010": 242261, "zhvi_2011": 230335, "zhvi_2012": 227974, "zhvi_2013": 237653, "zhvi_2014": 250681, "zhvi_2015": 273170, "zhvi_2016": 301368, "zhvi_2017": 321952, "zhvi_2018": 337650, "zhvi_2019": 340980, "zhvi_2020": 354525, "zhvi_2021": 389517, "zhvi_2022": 433786, "zhvi_2023": 427962, "zhvi_2024": 421817, "zhvi_2025": 405673, "zori_2015": null, "zori_2016": null, "zori_2017": null, "zori_2018": 1755, "zori_2019": 1803, "zori_2020": 1862, "zori_2021": 1889, "zori_2022": 1984, "zori_2023": 2019, "zori_2024": 2037, "zori_2025": 2040, "has_zhvi": true, "has_zori": true}, "geometry": {"type": "Polygon", "coordinates": [[[-97.238531, 32.892414], [-97.225817, 32.892363], [-97.225834, 32.896496], [-97.223544, 32.897278], [-97.223359, 32.898268], [-97.220522, 32.896963], [-97.219597, 32.897908], [-97.216199, 32.897964], [-97.213937, 32.898728], [-97.214458, 32.900882], [-97.214445, 32.907564], [-97.197745, 32.907553], [-97.197682, 32.911762], [-97.186596, 32.911442], [-97.18676, 32.906073], [-97.18601, 32.902329], [-97.186095, 32.861959], [-97.203176, 32.86164], [-97.209766, 32.862012], [-97.213274, 32.861492], [-97.217, 32.860038], [-97.237996, 32.860414], [-97.237741, 32.888638], [-97.238531, 32.892414]]]}}, {"type": "Feature", "properties": {"zip": "75202", "city": "Dallas", "county": "Dallas County", "zhvi_2010": 236901, "zhvi_2011": 191653, "zhvi_2012": 191908, "zhvi_2013": 226707, "zhvi_2014": 240367, "zhvi_2015": 261673, "zhvi_2016": 296275, "zhvi_2017": 311448, "zhvi_2018": 319908, "zhvi_2019": 321190, "zhvi_2020": 320323, "zhvi_2021": 319740, "zhvi_2022": 331895, "zhvi_2023": 319248, "zhvi_2024": 304749, "zhvi_2025": 282391, "zori_2015": null, "zori_2016": null, "zori_2017": null, "zori_2018": null, "zori_2019": 2354, "zori_2020": 2400, "zori_2021": 2507, "zori_2022": 2502, "zori_2023": 2389, "zori_2024": 2307, "zori_2025": 2250, "has_zhvi": true, "has_zori": true}, "geometry": {"type": "Polygon", "coordinates": [[[-96.811424, 32.782411], [-96.81024, 32.782648], [-96.810746, 32.784185], [-96.808966, 32.784391], [-96.80888, 32.785299], [-96.807829, 32.784396], [-96.805313, 32.786817], [-96.806317, 32.788328], [-96.805012, 32.789357], [-96.80421, 32.788701], [-96.804601, 32.787415], [-96.803639, 32.788201], [-96.803008, 32.786313], [-96.801515, 32.785023], [-96.802567, 32.784143], [-96.801635, 32.782264], [-96.799924, 32.782063], [-96.799316, 32.779832], [-96.798567, 32.779992], [-96.796239, 32.777972], [-96.795307, 32.774499], [-96.795785, 32.77351], [-96.800402, 32.771189], [-96.800761, 32.769381], [-96.802029, 32.768042], [-96.802037, 32.770094], [-96.805419, 32.772002], [-96.807643, 32.771469], [-96.806288, 32.773193], [-96.80785, 32.774676], [-96.809382, 32.778506], [-96.811315, 32.777649], [-96.811424, 32.782411]], [[-96.802424, 32.780776], [-96.801192, 32.781013], [-96.801487, 32.781746], [-96.802646, 32.781506], [-96.802424, 32.780776]]]}}, {"type": "Feature", "properties": {"zip": "75119", "city": "Ennis", "county": "Ellis County", "zhvi_2010": 153921, "zhvi_2011": 147957, "zhvi_2012": 145277, "zhvi_2013": 145614, "zhvi_2014": 157286, "zhvi_2015": 171302, "zhvi_2016": 187724, "zhvi_2017": 205899, "zhvi_2018": 223571, "zhvi_2019": 235529, "zhvi_2020": 251434, "zhvi_2021": 277807, "zhvi_2022": 295069, "zhvi_2023": 278728, "zhvi_2024": 271163, "zhvi_2025": 262543, "zori_2015": null, "zori_2016": null, "zori_2017": null, "zori_2018": null, "zori_2019": null, "zori_2020": null, "zori_2021": null, "zori_2022": null, "zori_2023": 1632, "zori_2024": 1619, "zori_2025": 1630, "has_zhvi": true, "has_zori": true}, "geometry": {"type": "Polygon", "coordinates": [[[-96.795302, 32.227347], [-96.780904, 32.23597], [-96.788741, 32.242909], [-96.786631, 32.243488], [-96.768754, 32.253754], [-96.772969, 32.259901], [-96.762605, 32.265663], [-96.767648, 32.275945], [-96.768363, 32.279128], [-96.770179, 32.279144], [-96.772168, 32.282369], [-96.774678, 32.284376], [-96.774916, 32.285617], [-96.775411, 32.285637], [-96.775666, 32.288811], [-96.755669, 32.298488], [-96.754036, 32.298817], [-96.750877, 32.298491], [-96.748717, 32.297376], [-96.747127, 32.295526], [-96.738138, 32.301286], [-96.719884, 32.321371], [-96.71968, 32.330459], [-96.718019, 32.332529], [-96.725468, 32.343606], [-96.725972, 32.343359], [-96.72896, 32.347728], [-96.727435, 32.350148], [-96.726861, 32.355941], [-96.723833, 32.363458], [-96.72709, 32.363389], [-96.728141, 32.360863], [-96.732135, 32.361435], [-96.7383, 32.371225], [-96.738495, 32.375472], [-96.736128, 32.375363], [-96.73586, 32.376739], [-96.728917, 32.375767], [-96.703288, 32.376038], [-96.703265, 32.372109], [-96.691181, 32.370441], [-96.692149, 32.375994], [-96.680512, 32.375985], [-96.679522, 32.37283], [-96.679047, 32.368738], [-96.655112, 32.365297], [-96.657179, 32.368291], [-96.660802, 32.375788], [-96.664247, 32.375936], [-96.66694, 32.378289], [-96.669361, 32.37921], [-96.671023, 32.381873], [-96.673138, 32.382762], [-96.675426, 32.384911], [-96.675959, 32.386668], [-96.678983, 32.390251], [-96.678837, 32.395349], [-96.676619, 32.395336], [-96.676895, 32.401176], [-96.67023, 32.401342], [-96.669958, 32.40511], [-96.664004, 32.405746], [-96.664171, 32.408589], [-96.660016, 32.407559], [-96.658687, 32.407773], [-96.657851, 32.408119], [-96.656084, 32.410289], [-96.651596, 32.411485], [-96.650363, 32.409883], [-96.646734, 32.410502], [-96.645332, 32.408568], [-96.641206, 32.409874], [-96.639418, 32.407005], [-96.64787, 32.398157], [-96.642158, 32.392514], [-96.633918, 32.399168], [-96.632325, 32.396675], [-96.631618, 32.397704], [-96.630405, 32.397011], [-96.619821, 32.40561], [-96.619335, 32.405202], [-96.618396, 32.40614], [-96.614551, 32.403615], [-96.609244, 32.409249], [-96.616063, 32.41395], [-96.614282, 32.415731], [-96.61177, 32.414015], [-96.610842, 32.41496], [-96.606736, 32.412122], [-96.598186, 32.421068], [-96.597201, 32.421557], [-96.594689, 32.424647], [-96.592423, 32.422378], [-96.5905, 32.422037], [-96.59148, 32.427712], [-96.590258, 32.429271], [-96.596995, 32.433932], [-96.591383, 32.439757], [-96.594259, 32.441663], [-96.598443, 32.442917], [-96.599511, 32.44296], [-96.603234, 32.43911], [-96.604134, 32.438975], [-96.606484, 32.440479], [-96.607403, 32.440558], [-96.619447, 32.437689], [-96.622823, 32.436148], [-96.626543, 32.431562], [-96.630083, 32.431552], [-96.628859, 32.434789], [-96.629029, 32.436549], [-96.626983, 32.441017], [-96.627554, 32.4437], [-96.627316, 32.444647], [-96.624494, 32.446832], [-96.624334, 32.448405], [-96.622971, 32.449672], [-96.622659, 32.450842], [-96.620234, 32.452077], [-96.618895, 32.454124], [-96.619367, 32.455137], [-96.613604, 32.458449], [-96.613477, 32.459117], [-96.611318, 32.460084], [-96.610454, 32.459314], [-96.609976, 32.460301], [-96.610267, 32.462218], [-96.608975, 32.464345], [-96.606408, 32.464588], [-96.606355, 32.465598], [-96.604605, 32.467101], [-96.603608, 32.471496], [-96.602335, 32.471975], [-96.602552, 32.473658], [-96.6044, 32.47432], [-96.604117, 32.476636], [-96.604903, 32.478834], [-96.604652, 32.480716], [-96.603545, 32.482024], [-96.60449, 32.483167], [-96.603864, 32.484018], [-96.598678, 32.48639], [-96.592881, 32.485169], [-96.585997, 32.48104], [-96.584522, 32.481496], [-96.581261, 32.480894], [-96.577841, 32.481356], [-96.574815, 32.482976], [-96.573012, 32.485333], [-96.56845, 32.486916], [-96.567095, 32.488237], [-96.565251, 32.48911], [-96.562968, 32.489183], [-96.560822, 32.490095], [-96.557927, 32.489898], [-96.552738, 32.491698], [-96.551427, 32.490795], [-96.550363, 32.491322], [-96.547562, 32.489399], [-96.544755, 32.489201], [-96.541358, 32.48774], [-96.537834, 32.485576], [-96.536294, 32.485162], [-96.533703, 32.48248], [-96.531502, 32.481516], [-96.529424, 32.481849], [-96.528159, 32.480149], [-96.524666, 32.4807], [-96.523692, 32.481767], [-96.521283, 32.48218], [-96.519425, 32.48086], [-96.517462, 32.480586], [-96.516243, 32.479348], [-96.51432, 32.479631], [-96.511739, 32.479096], [-96.510371, 32.477957], [-96.509907, 32.47639], [-96.507263, 32.474999], [-96.503765, 32.47468], [-96.501725, 32.470619], [-96.500377, 32.46947], [-96.497348, 32.468942], [-96.493509, 32.467041], [-96.492827, 32.465132], [-96.494412, 32.463195], [-96.494879, 32.459939], [-96.493528, 32.45836], [-96.493731, 32.456272], [-96.497289, 32.45493], [-96.498216, 32.453729], [-96.497356, 32.453077], [-96.493127, 32.453091], [-96.487854, 32.451085], [-96.486726, 32.451732], [-96.484335, 32.451482], [-96.483579, 32.45049], [-96.483171, 32.446434], [-96.484237, 32.444123], [-96.483877, 32.443124], [-96.480955, 32.439907], [-96.479481, 32.436399], [-96.477445, 32.434406], [-96.470978, 32.431817], [-96.462937, 32.426704], [-96.457097, 32.424397], [-96.453662, 32.423847], [-96.450743, 32.424643], [-96.449315, 32.422102], [-96.441325, 32.416524], [-96.4383, 32.412219], [-96.435017, 32.411606], [-96.434278, 32.410853], [-96.435233, 32.408986], [-96.437721, 32.407487], [-96.43781, 32.406731], [-96.43646, 32.405459], [-96.436758, 32.40367], [-96.439826, 32.400133], [-96.438121, 32.397345], [-96.437307, 32.393355], [-96.435435, 32.391858], [-96.434477, 32.389204], [-96.435586, 32.388078], [-96.438003, 32.389617], [-96.438891, 32.389135], [-96.438296, 32.388104], [-96.436571, 32.387649], [-96.435631, 32.386699], [-96.436283, 32.385502], [-96.438029, 32.384448], [-96.438883, 32.382545], [-96.437566, 32.380383], [-96.437548, 32.378394], [-96.439131, 32.378089], [-96.441318, 32.378853], [-96.444381, 32.378351], [-96.445058, 32.37777], [-96.444692, 32.376145], [-96.446087, 32.375019], [-96.448007, 32.376151], [-96.448857, 32.375556], [-96.447056, 32.372269], [-96.443858, 32.370736], [-96.443845, 32.369534], [-96.446387, 32.369047], [-96.448432, 32.370574], [-96.446919, 32.368022], [-96.447715, 32.36669], [-96.449529, 32.366652], [-96.451437, 32.368488], [-96.450393, 32.369963], [-96.451691, 32.371162], [-96.453672, 32.368243], [-96.453246, 32.366644], [-96.451465, 32.366309], [-96.450018, 32.364509], [-96.451276, 32.363086], [-96.453054, 32.362775], [-96.4545, 32.36105], [-96.452344, 32.359412], [-96.452372, 32.358659], [-96.453664, 32.357182], [-96.450469, 32.354783], [-96.448437, 32.354495], [-96.449264, 32.353009], [-96.449312, 32.350957], [-96.450527, 32.350937], [-96.453082, 32.352849], [-96.454555, 32.35232], [-96.453882, 32.348844], [-96.45202, 32.347639], [-96.452229, 32.345895], [-96.451453, 32.344679], [-96.450039, 32.344233], [-96.447128, 32.345753], [-96.443784, 32.346336], [-96.440946, 32.34596], [-96.44177, 32.344349], [-96.440752, 32.343777], [-96.439307, 32.345478], [-96.43733, 32.345886], [-96.436229, 32.345149], [-96.437108, 32.342399], [-96.436919, 32.34136], [-96.433833, 32.340739], [-96.432871, 32.339259], [-96.430525, 32.339365], [-96.431399, 32.337229], [-96.431045, 32.333383], [-96.430226, 32.332211], [-96.429131, 32.332237], [-96.427772, 32.333742], [-96.426226, 32.334423], [-96.425889, 32.336195], [-96.423764, 32.335319], [-96.423259, 32.333239], [-96.42164, 32.332322], [-96.420013, 32.33261], [-96.420389, 32.33484], [-96.417533, 32.335536], [-96.416442, 32.335017], [-96.415677, 32.33305], [-96.412136, 32.332735], [-96.410886, 32.331911], [-96.408118, 32.328502], [-96.404928, 32.327786], [-96.403368, 32.328668], [-96.400411, 32.328803], [-96.396563, 32.33083], [-96.394234, 32.332684], [-96.390805, 32.33386], [-96.385201, 32.331959], [-96.381298, 32.327513], [-96.374721, 32.324884], [-96.367452, 32.317871], [-96.364369, 32.316417], [-96.360067, 32.316926], [-96.359331, 32.316654], [-96.366211, 32.309936], [-96.374891, 32.305313], [-96.376167, 32.302536], [-96.385699, 32.301506], [-96.400229, 32.304701], [-96.396791, 32.299554], [-96.401782, 32.297111], [-96.417276, 32.293965], [-96.419121, 32.287935], [-96.431433, 32.282029], [-96.454766, 32.286948], [-96.464906, 32.286862], [-96.464777, 32.287219], [-96.530214, 32.254696], [-96.525853, 32.248478], [-96.527858, 32.246906], [-96.528095, 32.245589], [-96.529417, 32.245263], [-96.528978, 32.243141], [-96.529981, 32.241798], [-96.529184, 32.240212], [-96.530142, 32.239382], [-96.530384, 32.235269], [-96.542166, 32.230069], [-96.530782, 32.222355], [-96.523059, 32.216462], [-96.512013, 32.209847], [-96.509073, 32.206035], [-96.515985, 32.202011], [-96.521383, 32.19751], [-96.537258, 32.205318], [-96.540321, 32.205681], [-96.547807, 32.208216], [-96.559628, 32.211385], [-96.565747, 32.212615], [-96.569971, 32.212778], [-96.579683, 32.217247], [-96.584428, 32.217959], [-96.588852, 32.216634], [-96.596444, 32.219794], [-96.598107, 32.220013], [-96.600043, 32.219478], [-96.625266, 32.206583], [-96.702902, 32.169147], [-96.704573, 32.169623], [-96.707692, 32.168891], [-96.708845, 32.167658], [-96.713349, 32.167135], [-96.714075, 32.165562], [-96.716645, 32.163365], [-96.722034, 32.162415], [-96.723721, 32.164619], [-96.726087, 32.166331], [-96.72721, 32.166618], [-96.730019, 32.166243], [-96.733291, 32.167673], [-96.735802, 32.167411], [-96.752869, 32.192675], [-96.749223, 32.195166], [-96.751751, 32.198957], [-96.743267, 32.198516], [-96.732381, 32.203789], [-96.731802, 32.20596], [-96.72502, 32.209339], [-96.73115, 32.218458], [-96.732376, 32.223325], [-96.733408, 32.223346], [-96.738341, 32.226062], [-96.743611, 32.226614], [-96.745872, 32.22586], [-96.750003, 32.228227], [-96.763709, 32.221222], [-96.766808, 32.22573], [-96.7754, 32.225354], [-96.781791, 32.222158], [-96.780257, 32.220305], [-96.786009, 32.217365], [-96.789332, 32.218771], [-96.795302, 32.227347]], [[-96.715339, 32.278984], [-96.703646, 32.262105], [-96.698741, 32.264525], [-96.696895, 32.261999], [-96.694757, 32.262811], [-96.693562, 32.261404], [-96.690352, 32.263187], [-96.690685, 32.265101], [-96.692142, 32.267709], [-96.69153, 32.268003], [-96.693947, 32.272674], [-96.694845, 32.272897], [-96.699761, 32.270547], [-96.710967, 32.281137], [-96.715339, 32.278984]]]}}, {"type": "Feature", "properties": {"zip": "75233", "city": "Dallas", "county": "Dallas County", "zhvi_2010": 130776, "zhvi_2011": 120987, "zhvi_2012": 119577, "zhvi_2013": 130810, "zhvi_2014": 144161, "zhvi_2015": 162438, "zhvi_2016": 185601, "zhvi_2017": 207005, "zhvi_2018": 229535, "zhvi_2019": 244412, "zhvi_2020": 258589, "zhvi_2021": 287141, "zhvi_2022": 320242, "zhvi_2023": 312180, "zhvi_2024": 306892, "zhvi_2025": 291073, "zori_2015": null, "zori_2016": null, "zori_2017": null, "zori_2018": null, "zori_2019": null, "zori_2020": null, "zori_2021": null, "zori_2022": null, "zori_2023": null, "zori_2024": null, "zori_2025": null, "has_zhvi": true, "has_zori": false}, "geometry": {"type": "Polygon", "coordinates": [[[-96.89154, 32.689552], [-96.891314, 32.706784], [-96.89023, 32.706806], [-96.885614, 32.710898], [-96.881936, 32.710045], [-96.880928, 32.707828], [-96.882026, 32.712622], [-96.881095, 32.716669], [-96.872947, 32.71913], [-96.859281, 32.724145], [-96.857079, 32.72533], [-96.857138, 32.691234], [-96.880843, 32.691263], [-96.881759, 32.689563], [-96.882691, 32.689777], [-96.883736, 32.689285], [-96.89154, 32.689552]], [[-96.865824, 32.71026], [-96.860316, 32.710212], [-96.860509, 32.713833], [-96.865783, 32.714323], [-96.865824, 32.71026]]]}}, {"type": "Feature", "properties": {"zip": "75060", "city": "Irving", "county": "Dallas County", "zhvi_2010": 143899, "zhvi_2011": 133001, "zhvi_2012": 131935, "zhvi_2013": 141492, "zhvi_2014": 152170, "zhvi_2015": 166502, "zhvi_2016": 187013, "zhvi_2017": 207721, "zhvi_2018": 225449, "zhvi_2019": 237951, "zhvi_2020": 255068, "zhvi_2021": 276425, "zhvi_2022": 305678, "zhvi_2023": 305097, "zhvi_2024": 308248, "zhvi_2025": 290733, "zori_2015": null, "zori_2016": null, "zori_2017": null, "zori_2018": null, "zori_2019": null, "zori_2020": null, "zori_2021": null, "zori_2022": 1909, "zori_2023": 1908, "zori_2024": 1916, "zori_2025": 1891, "has_zhvi": true, "has_zori": true}, "geometry": {"type": "Polygon", "coordinates": [[[-97.002427, 32.812548], [-96.998837, 32.812626], [-96.997467, 32.811436], [-96.995161, 32.81155], [-96.995452, 32.81481], [-96.994948, 32.814804], [-96.994569, 32.815855], [-96.959782, 32.81521], [-96.957705, 32.81369], [-96.952499, 32.812816], [-96.95234, 32.814701], [-96.949934, 32.814524], [-96.949933, 32.814931], [-96.906129, 32.814286], [-96.906141, 32.80913], [-96.905721, 32.807403], [-96.901537, 32.800668], [-96.898522, 32.798192], [-96.904861, 32.798071], [-96.907156, 32.797262], [-96.910391, 32.792268], [-96.910553, 32.790655], [-96.9125, 32.785705], [-96.914032, 32.784433], [-96.918661, 32.784675], [-96.918902, 32.785719], [-96.926077, 32.782076], [-96.941211, 32.777895], [-96.943076, 32.776746], [-96.947204, 32.776539], [-96.948142, 32.775418], [-96.953082, 32.774644], [-96.95355, 32.776288], [-96.950484, 32.778281], [-96.951513, 32.779241], [-96.955036, 32.778264], [-96.956087, 32.776948], [-96.956867, 32.77447], [-96.956322, 32.772971], [-96.958632, 32.772012], [-96.96002, 32.773416], [-96.959993, 32.783062], [-96.974068, 32.783068], [-96.976156, 32.782432], [-96.979063, 32.77925], [-96.981474, 32.777972], [-96.995501, 32.777805], [-96.995322, 32.806843], [-96.999159, 32.806956], [-96.999144, 32.807728], [-97.00074, 32.807617], [-97.001322, 32.810547], [-97.002536, 32.810797], [-97.002427, 32.812548]]]}}, {"type": "Feature", "properties": {"zip": "75244", "city": "Dallas", "county": "Dallas County", "zhvi_2010": 361351, "zhvi_2011": 339389, "zhvi_2012": 343405, "zhvi_2013": 374546, "zhvi_2014": 412660, "zhvi_2015": 463240, "zhvi_2016": 509962, "zhvi_2017": 525759, "zhvi_2018": 538354, "zhvi_2019": 544511, "zhvi_2020": 564659, "zhvi_2021": 612107, "zhvi_2022": 671895, "zhvi_2023": 679101, "zhvi_2024": 700977, "zhvi_2025": 697717, "zori_2015": null, "zori_2016": null, "zori_2017": null, "zori_2018": null, "zori_2019": 1906, "zori_2020": 1921, "zori_2021": 1914, "zori_2022": 1946, "zori_2023": 1902, "zori_2024": 1870, "zori_2025": 1807, "has_zhvi": true, "has_zori": true}, "geometry": {"type": "Polygon", "coordinates": [[[-96.85616, 32.909652], [-96.855929, 32.933543], [-96.847569, 32.933377], [-96.847518, 32.939885], [-96.839023, 32.939859], [-96.8388, 32.951238], [-96.831309, 32.951177], [-96.831324, 32.94684], [-96.828147, 32.946859], [-96.823126, 32.932963], [-96.822509, 32.932923], [-96.820633, 32.925694], [-96.814644, 32.909585], [-96.815049, 32.909591], [-96.81487, 32.908313], [-96.818365, 32.908324], [-96.818365, 32.909615], [-96.85616, 32.909652]]]}}, {"type": "Feature", "properties": {"zip": "75071", "city": "McKinney", "county": "Collin County", "zhvi_2010": 299491, "zhvi_2011": 280059, "zhvi_2012": 283362, "zhvi_2013": 306106, "zhvi_2014": 334853, "zhvi_2015": 374759, "zhvi_2016": 405741, "zhvi_2017": 420640, "zhvi_2018": 420159, "zhvi_2019": 412610, "zhvi_2020": 418871, "zhvi_2021": 482150, "zhvi_2022": 576744, "zhvi_2023": 549167, "zhvi_2024": 538716, "zhvi_2025": 505607, "zori_2015": 1804, "zori_2016": 1821, "zori_2017": 1841, "zori_2018": 1834, "zori_2019": 1845, "zori_2020": 1884, "zori_2021": 2038, "zori_2022": 2171, "zori_2023": 2093, "zori_2024": 2010, "zori_2025": 1949, "has_zhvi": true, "has_zori": true}, "geometry": {"type": "Polygon", "coordinates": [[[-96.767702, 33.203697], [-96.767615, 33.218746], [-96.732823, 33.21857], [-96.732534, 33.25461], [-96.732985, 33.2565], [-96.73297, 33.262454], [-96.735394, 33.262425], [-96.735312, 33.266223], [-96.736468, 33.264265], [-96.740136, 33.264679], [-96.740508, 33.262352], [-96.744798, 33.262349], [-96.743686, 33.263772], [-96.743915, 33.267819], [-96.743457, 33.268538], [-96.738629, 33.26838], [-96.736687, 33.271883], [-96.732745, 33.272329], [-96.730214, 33.270578], [-96.730369, 33.281779], [-96.731351, 33.291445], [-96.68006, 33.290899], [-96.679783, 33.293261], [-96.66924, 33.293453], [-96.662173, 33.292791], [-96.661964, 33.305052], [-96.660239, 33.305078], [-96.660187, 33.319615], [-96.658885, 33.319607], [-96.659521, 33.317442], [-96.65947, 33.315288], [-96.653558, 33.315201], [-96.654213, 33.317494], [-96.653645, 33.318146], [-96.644487, 33.318111], [-96.644944, 33.316603], [-96.649629, 33.316538], [-96.6497, 33.315392], [-96.644476, 33.315368], [-96.644452, 33.316337], [-96.636025, 33.316349], [-96.635975, 33.307056], [-96.629208, 33.30945], [-96.626453, 33.311149], [-96.620157, 33.312534], [-96.619656, 33.311785], [-96.614991, 33.308863], [-96.61423, 33.307499], [-96.612528, 33.307763], [-96.610403, 33.30599], [-96.607543, 33.306531], [-96.607833, 33.3056], [-96.606275, 33.304912], [-96.606234, 33.302852], [-96.60505, 33.302591], [-96.604533, 33.29945], [-96.606398, 33.298985], [-96.606547, 33.297562], [-96.60814, 33.296891], [-96.606561, 33.296481], [-96.607745, 33.295549], [-96.606139, 33.294069], [-96.607187, 33.293115], [-96.604873, 33.292102], [-96.60554, 33.291021], [-96.604506, 33.29067], [-96.603678, 33.28869], [-96.605138, 33.287743], [-96.604614, 33.285183], [-96.606285, 33.28404], [-96.604573, 33.282769], [-96.606047, 33.281013], [-96.604635, 33.28042], [-96.606277, 33.279396], [-96.605606, 33.278488], [-96.605892, 33.277739], [-96.60511, 33.277184], [-96.606886, 33.274777], [-96.605457, 33.273756], [-96.605644, 33.272444], [-96.607714, 33.27156], [-96.607898, 33.270641], [-96.611457, 33.268596], [-96.609902, 33.267965], [-96.609384, 33.267224], [-96.612192, 33.2648], [-96.610862, 33.264129], [-96.612489, 33.261547], [-96.611259, 33.260729], [-96.611649, 33.260168], [-96.609577, 33.257688], [-96.617358, 33.251717], [-96.618295, 33.250859], [-96.618199, 33.250386], [-96.623521, 33.24628], [-96.622422, 33.244463], [-96.619232, 33.244149], [-96.618272, 33.243311], [-96.614875, 33.244107], [-96.611612, 33.243561], [-96.609202, 33.243887], [-96.608712, 33.241207], [-96.606188, 33.241186], [-96.604096, 33.238185], [-96.602082, 33.237539], [-96.603512, 33.235908], [-96.599314, 33.235441], [-96.596537, 33.242596], [-96.587133, 33.251118], [-96.586656, 33.250833], [-96.586685, 33.24917], [-96.581459, 33.25102], [-96.579954, 33.25049], [-96.576927, 33.252217], [-96.578789, 33.256273], [-96.577492, 33.258566], [-96.578087, 33.261629], [-96.577058, 33.263489], [-96.568634, 33.263404], [-96.568821, 33.270213], [-96.559165, 33.269966], [-96.559314, 33.266469], [-96.553778, 33.265458], [-96.549337, 33.265479], [-96.549316, 33.264743], [-96.547911, 33.264733], [-96.548096, 33.260218], [-96.546039, 33.260156], [-96.545881, 33.263736], [-96.544069, 33.264672], [-96.533046, 33.26437], [-96.533167, 33.26277], [-96.524349, 33.262196], [-96.524327, 33.264476], [-96.52277, 33.263936], [-96.521868, 33.260948], [-96.519156, 33.259749], [-96.512885, 33.26663], [-96.512892, 33.268769], [-96.50212, 33.268483], [-96.501878, 33.273463], [-96.500956, 33.276205], [-96.500854, 33.279102], [-96.496743, 33.278568], [-96.494754, 33.27658], [-96.493576, 33.274493], [-96.491084, 33.272658], [-96.487652, 33.273364], [-96.483521, 33.273364], [-96.479834, 33.274406], [-96.478371, 33.273183], [-96.476521, 33.272841], [-96.476417, 33.269893], [-96.475245, 33.267398], [-96.477517, 33.265422], [-96.476536, 33.264767], [-96.477133, 33.262976], [-96.479199, 33.262504], [-96.478979, 33.260548], [-96.479755, 33.2605], [-96.478113, 33.25797], [-96.479406, 33.257755], [-96.481225, 33.259478], [-96.484488, 33.259269], [-96.486585, 33.261633], [-96.490998, 33.262779], [-96.490549, 33.256605], [-96.48942, 33.253234], [-96.489599, 33.249681], [-96.48369, 33.248357], [-96.476369, 33.248029], [-96.474734, 33.247135], [-96.476182, 33.243969], [-96.480001, 33.24053], [-96.479486, 33.239655], [-96.480728, 33.238498], [-96.48052, 33.235743], [-96.478602, 33.234447], [-96.478485, 33.23305], [-96.484544, 33.234329], [-96.492384, 33.234142], [-96.495929, 33.235273], [-96.49851, 33.2355], [-96.501846, 33.23455], [-96.507738, 33.234809], [-96.509749, 33.233006], [-96.510284, 33.222522], [-96.518319, 33.222617], [-96.518371, 33.221089], [-96.520352, 33.221114], [-96.520597, 33.21147], [-96.531664, 33.2118], [-96.532218, 33.206839], [-96.534494, 33.206839], [-96.534576, 33.203247], [-96.531354, 33.203233], [-96.531332, 33.199096], [-96.538112, 33.199124], [-96.53825, 33.196308], [-96.541396, 33.196452], [-96.541499, 33.190925], [-96.545603, 33.191101], [-96.548005, 33.192017], [-96.548095, 33.189961], [-96.564926, 33.195284], [-96.56579, 33.196432], [-96.566063, 33.196126], [-96.569476, 33.197201], [-96.569353, 33.197758], [-96.569957, 33.198017], [-96.574346, 33.198065], [-96.595925, 33.20368], [-96.602119, 33.205647], [-96.608794, 33.209198], [-96.610788, 33.203263], [-96.611848, 33.203271], [-96.611843, 33.205275], [-96.613754, 33.215888], [-96.613441, 33.222349], [-96.613929, 33.221586], [-96.614878, 33.223038], [-96.614361, 33.223543], [-96.613186, 33.223473], [-96.612484, 33.227251], [-96.612685, 33.22979], [-96.610902, 33.234986], [-96.610422, 33.238481], [-96.612802, 33.239827], [-96.629636, 33.239837], [-96.628138, 33.239659], [-96.628077, 33.229332], [-96.632849, 33.229266], [-96.636237, 33.216672], [-96.6411, 33.216761], [-96.640651, 33.213113], [-96.641428, 33.210788], [-96.638902, 33.209764], [-96.640875, 33.208983], [-96.640234, 33.204148], [-96.640717, 33.204148], [-96.639881, 33.202011], [-96.641161, 33.198551], [-96.656413, 33.198929], [-96.66229, 33.196353], [-96.676507, 33.196827], [-96.687712, 33.198602], [-96.688179, 33.196909], [-96.690469, 33.197621], [-96.691619, 33.196022], [-96.695087, 33.196013], [-96.695031, 33.197453], [-96.69818, 33.198466], [-96.703112, 33.199216], [-96.705913, 33.198925], [-96.705928, 33.196253], [-96.708801, 33.195791], [-96.70967, 33.198203], [-96.713083, 33.197519], [-96.713657, 33.198417], [-96.712358, 33.200126], [-96.714486, 33.202531], [-96.716369, 33.203412], [-96.767702, 33.203697]]]}}, {"type": "Feature", "properties": {"zip": "76132", "city": "Fort Worth", "county": "Tarrant County", "zhvi_2010": 330103, "zhvi_2011": 311849, "zhvi_2012": 305200, "zhvi_2013": 313794, "zhvi_2014": 322144, "zhvi_2015": 342009, "zhvi_2016": 360246, "zhvi_2017": 371494, "zhvi_2018": 384543, "zhvi_2019": 388884, "zhvi_2020": 395735, "zhvi_2021": 428043, "zhvi_2022": 471983, "zhvi_2023": 457594, "zhvi_2024": 448782, "zhvi_2025": 438027, "zori_2015": null, "zori_2016": null, "zori_2017": null, "zori_2018": null, "zori_2019": null, "zori_2020": null, "zori_2021": 1441, "zori_2022": 1394, "zori_2023": 1339, "zori_2024": 1259, "zori_2025": 1220, "has_zhvi": true, "has_zori": true}, "geometry": {"type": "Polygon", "coordinates": [[[-97.449942, 32.659686], [-97.448846, 32.660556], [-97.447015, 32.664292], [-97.444673, 32.663877], [-97.444705, 32.662199], [-97.44194, 32.662281], [-97.442356, 32.664749], [-97.438704, 32.666857], [-97.436416, 32.666685], [-97.436481, 32.668597], [-97.437314, 32.670235], [-97.435605, 32.671062], [-97.434452, 32.672933], [-97.434362, 32.674867], [-97.433404, 32.676798], [-97.430805, 32.678641], [-97.429205, 32.681772], [-97.425045, 32.682988], [-97.42652, 32.684479], [-97.426555, 32.685346], [-97.427867, 32.687271], [-97.427755, 32.688324], [-97.429748, 32.693939], [-97.42794, 32.695956], [-97.424185, 32.696424], [-97.420995, 32.693333], [-97.418599, 32.691859], [-97.39511, 32.682079], [-97.395821, 32.681976], [-97.381166, 32.67509], [-97.41117, 32.65021], [-97.412124, 32.649025], [-97.41362, 32.644793], [-97.416361, 32.645431], [-97.446766, 32.646656], [-97.448437, 32.650826], [-97.447536, 32.653751], [-97.450343, 32.658181], [-97.449942, 32.659686]]]}}, {"type": "Feature", "properties": {"zip": "76209", "city": "Denton", "county": "Denton County", "zhvi_2010": 158078, "zhvi_2011": 147486, "zhvi_2012": 147648, "zhvi_2013": 160457, "zhvi_2014": 172196, "zhvi_2015": 188979, "zhvi_2016": 213033, "zhvi_2017": 235782, "zhvi_2018": 253110, "zhvi_2019": 257575, "zhvi_2020": 266095, "zhvi_2021": 292901, "zhvi_2022": 328473, "zhvi_2023": 319368, "zhvi_2024": 311877, "zhvi_2025": 294132, "zori_2015": null, "zori_2016": null, "zori_2017": null, "zori_2018": null, "zori_2019": null, "zori_2020": null, "zori_2021": null, "zori_2022": 1409, "zori_2023": 1408, "zori_2024": 1391, "zori_2025": 1368, "has_zhvi": true, "has_zori": true}, "geometry": {"type": "Polygon", "coordinates": [[[-97.132509, 33.239033], [-97.131893, 33.239033], [-97.13186, 33.2442], [-97.126096, 33.244166], [-97.126078, 33.247108], [-97.127096, 33.247773], [-97.127172, 33.25414], [-97.13165, 33.254179], [-97.13143, 33.2603], [-97.12189, 33.260101], [-97.12196, 33.2575], [-97.118997, 33.257384], [-97.119092, 33.255227], [-97.117977, 33.25397], [-97.11243, 33.25395], [-97.11266, 33.253614], [-97.109591, 33.249606], [-97.10852, 33.249104], [-97.09972, 33.249139], [-97.096658, 33.248899], [-97.09502, 33.248269], [-97.092166, 33.245801], [-97.090551, 33.243291], [-97.08992, 33.241286], [-97.090545, 33.219624], [-97.086647, 33.219544], [-97.086605, 33.217482], [-97.090435, 33.217358], [-97.090996, 33.206801], [-97.097269, 33.205461], [-97.098396, 33.20403], [-97.101123, 33.205517], [-97.102945, 33.205491], [-97.10897, 33.206743], [-97.112015, 33.208464], [-97.11201, 33.21256], [-97.114091, 33.212598], [-97.11406, 33.21587], [-97.12122, 33.216099], [-97.12126, 33.214399], [-97.12336, 33.21441], [-97.12348, 33.21524], [-97.12473, 33.21526], [-97.12505, 33.21624], [-97.126322, 33.216352], [-97.126654, 33.214458], [-97.12822, 33.21645], [-97.127699, 33.217768], [-97.129279, 33.218821], [-97.12997, 33.22113], [-97.12732, 33.22227], [-97.12721, 33.230624], [-97.13211, 33.230727], [-97.13209, 33.232129], [-97.13268, 33.232742], [-97.132509, 33.239033]]]}}, {"type": "Feature", "properties": {"zip": "76247", "city": "Justin", "county": "Denton County", "zhvi_2010": 241344, "zhvi_2011": 225503, "zhvi_2012": 223159, "zhvi_2013": 236003, "zhvi_2014": 254188, "zhvi_2015": 277737, "zhvi_2016": 305265, "zhvi_2017": 327615, "zhvi_2018": 347072, "zhvi_2019": 353674, "zhvi_2020": 367641, "zhvi_2021": 414962, "zhvi_2022": 470537, "zhvi_2023": 446872, "zhvi_2024": 434038, "zhvi_2025": 410122, "zori_2015": null, "zori_2016": null, "zori_2017": null, "zori_2018": null, "zori_2019": null, "zori_2020": null, "zori_2021": 2232, "zori_2022": 2131, "zori_2023": 2069, "zori_2024": 2054, "zori_2025": 2024, "has_zhvi": true, "has_zori": true}, "geometry": {"type": "Polygon", "coordinates": [[[-97.418923, 33.127539], [-97.417334, 33.129318], [-97.414134, 33.134791], [-97.413669, 33.135053], [-97.410654, 33.13386], [-97.407759, 33.134557], [-97.406811, 33.137053], [-97.403877, 33.137486], [-97.400004, 33.133296], [-97.397521, 33.133186], [-97.394207, 33.13177], [-97.393859, 33.143767], [-97.396319, 33.143787], [-97.396566, 33.144358], [-97.396386, 33.160678], [-97.39915, 33.161405], [-97.399115, 33.170665], [-97.393061, 33.170958], [-97.392832, 33.178361], [-97.391372, 33.177916], [-97.390315, 33.175379], [-97.388015, 33.175634], [-97.387743, 33.174647], [-97.385429, 33.1741], [-97.384745, 33.172803], [-97.38161, 33.172176], [-97.380435, 33.16986], [-97.380656, 33.168781], [-97.378732, 33.168311], [-97.376063, 33.16877], [-97.373957, 33.168101], [-97.37276, 33.166519], [-97.370886, 33.165579], [-97.369193, 33.165498], [-97.367026, 33.164375], [-97.365135, 33.165067], [-97.362809, 33.163831], [-97.362324, 33.16299], [-97.359568, 33.162636], [-97.358436, 33.163142], [-97.358474, 33.16436], [-97.357285, 33.165138], [-97.356813, 33.164271], [-97.354826, 33.165379], [-97.352779, 33.165168], [-97.350955, 33.167228], [-97.352314, 33.167524], [-97.350503, 33.168036], [-97.35005, 33.169238], [-97.349085, 33.168349], [-97.348927, 33.166635], [-97.347871, 33.16702], [-97.348262, 33.16801], [-97.347042, 33.168112], [-97.347298, 33.166938], [-97.345639, 33.166458], [-97.344333, 33.167009], [-97.342234, 33.166007], [-97.342661, 33.164987], [-97.341308, 33.165059], [-97.340417, 33.163567], [-97.336606, 33.162824], [-97.334868, 33.160556], [-97.335976, 33.159308], [-97.335525, 33.15749], [-97.333433, 33.158709], [-97.332341, 33.158092], [-97.332271, 33.156291], [-97.333549, 33.155682], [-97.332378, 33.152321], [-97.331054, 33.15124], [-97.332737, 33.151137], [-97.332847, 33.149758], [-97.334225, 33.150177], [-97.335677, 33.14799], [-97.33475, 33.14791], [-97.334323, 33.146143], [-97.335531, 33.144641], [-97.334116, 33.143895], [-97.330727, 33.143268], [-97.329822, 33.141046], [-97.32826, 33.141312], [-97.328626, 33.13978], [-97.330615, 33.1398], [-97.3292, 33.139207], [-97.32776, 33.137105], [-97.325431, 33.13696], [-97.325448, 33.136048], [-97.323684, 33.136299], [-97.323456, 33.135351], [-97.325175, 33.131456], [-97.324528, 33.13071], [-97.323565, 33.131833], [-97.322529, 33.129711], [-97.322594, 33.128264], [-97.32171, 33.128214], [-97.320895, 33.129723], [-97.319635, 33.129779], [-97.319702, 33.128732], [-97.318315, 33.129168], [-97.316988, 33.127498], [-97.316918, 33.131532], [-97.310692, 33.131346], [-97.31071, 33.13628], [-97.31558, 33.136659], [-97.31554, 33.13753], [-97.31978, 33.13787], [-97.318849, 33.14024], [-97.31541, 33.14021], [-97.31507, 33.14743], [-97.31879, 33.14755], [-97.318593, 33.152149], [-97.31802, 33.154179], [-97.31767, 33.16411], [-97.32697, 33.16435], [-97.326902, 33.177266], [-97.32551, 33.17835], [-97.323808, 33.178815], [-97.309881, 33.178452], [-97.307652, 33.179387], [-97.307456, 33.170817], [-97.297984, 33.170797], [-97.299287, 33.160176], [-97.28963, 33.160231], [-97.289537, 33.154114], [-97.26643, 33.15433], [-97.26646, 33.14165], [-97.25891, 33.14159], [-97.258956, 33.131738], [-97.25381, 33.13148], [-97.25381, 33.11923], [-97.25949, 33.119252], [-97.259644, 33.124162], [-97.260449, 33.124533], [-97.26522, 33.12463], [-97.265294, 33.114698], [-97.264337, 33.112103], [-97.26436, 33.103017], [-97.263138, 33.103066], [-97.262972, 33.104591], [-97.25596, 33.103994], [-97.25387, 33.103397], [-97.253887, 33.101469], [-97.241422, 33.100833], [-97.241422, 33.102598], [-97.240744, 33.102598], [-97.240743, 33.100611], [-97.235474, 33.100572], [-97.235492, 33.096521], [-97.226825, 33.096519], [-97.229843, 33.091169], [-97.232788, 33.092779], [-97.235492, 33.092982], [-97.23553, 33.08578], [-97.24702, 33.085859], [-97.24877, 33.08497], [-97.264536, 33.08505], [-97.264435, 33.095661], [-97.268741, 33.095762], [-97.270981, 33.095576], [-97.271208, 33.094535], [-97.27336, 33.093337], [-97.275023, 33.090702], [-97.271069, 33.090769], [-97.270861, 33.095378], [-97.264836, 33.095656], [-97.264507, 33.093852], [-97.265815, 33.093834], [-97.265841, 33.092509], [-97.264592, 33.092513], [-97.264817, 33.085085], [-97.270835, 33.084964], [-97.270668, 33.080751], [-97.272607, 33.078066], [-97.277889, 33.076349], [-97.277334, 33.075116], [-97.277573, 33.071129], [-97.274719, 33.069499], [-97.273114, 33.069924], [-97.272897, 33.068914], [-97.269582, 33.066087], [-97.267804, 33.066043], [-97.266838, 33.065249], [-97.267178, 33.064149], [-97.268519, 33.063512], [-97.26734, 33.062337], [-97.263025, 33.061678], [-97.263006, 33.063029], [-97.261104, 33.062255], [-97.257616, 33.062528], [-97.254299, 33.060986], [-97.254711, 33.0595], [-97.254256, 33.058124], [-97.251023, 33.052386], [-97.26167, 33.03943], [-97.273542, 33.026536], [-97.274156, 33.026591], [-97.268497, 33.032651], [-97.270912, 33.034171], [-97.277253, 33.035652], [-97.277323, 33.039755], [-97.2794, 33.04231], [-97.278292, 33.044885], [-97.27128, 33.04431], [-97.271359, 33.044558], [-97.277325, 33.044809], [-97.280952, 33.047058], [-97.282258, 33.047165], [-97.29255, 33.043069], [-97.304788, 33.043056], [-97.307068, 33.036981], [-97.311648, 33.021594], [-97.313466, 33.019395], [-97.314888, 33.018472], [-97.314429, 33.016252], [-97.31748, 33.010324], [-97.318881, 33.010099], [-97.318738, 33.016063], [-97.323108, 33.016086], [-97.323073, 33.01814], [-97.326177, 33.018519], [-97.329497, 33.018167], [-97.332246, 33.01695], [-97.338792, 33.011028], [-97.340941, 33.008207], [-97.348543, 33.0084], [-97.346561, 33.005089], [-97.350666, 33.005166], [-97.350662, 33.007027], [-97.352979, 33.01188], [-97.353268, 33.020561], [-97.352676, 33.023761], [-97.349845, 33.028225], [-97.351675, 33.029601], [-97.35518, 33.031031], [-97.357769, 33.030845], [-97.358738, 33.029936], [-97.359816, 33.030821], [-97.36551, 33.03247], [-97.367389, 33.034503], [-97.36878, 33.034211], [-97.371438, 33.032086], [-97.375177, 33.032521], [-97.37845, 33.030245], [-97.379684, 33.03022], [-97.381728, 33.031371], [-97.382977, 33.030344], [-97.385316, 33.030583], [-97.387044, 33.029995], [-97.389456, 33.030806], [-97.391111, 33.029887], [-97.392127, 33.030709], [-97.394527, 33.031337], [-97.395063, 33.030477], [-97.397185, 33.031807], [-97.397155, 33.036517], [-97.39179, 33.03617], [-97.391617, 33.048237], [-97.396801, 33.048251], [-97.39491, 33.107486], [-97.408312, 33.107692], [-97.407899, 33.109583], [-97.410946, 33.109552], [-97.410879, 33.120658], [-97.41745, 33.120673], [-97.419356, 33.124124], [-97.418923, 33.127539]]]}}, {"type": "Feature", "properties": {"zip": "75125", "city": "Ferris", "county": "Ellis County", "zhvi_2010": 156548, "zhvi_2011": 139091, "zhvi_2012": 136939, "zhvi_2013": 145545, "zhvi_2014": 164346, "zhvi_2015": 184845, "zhvi_2016": 196054, "zhvi_2017": 223860, "zhvi_2018": 259552, "zhvi_2019": 273531, "zhvi_2020": 296055, "zhvi_2021": 324011, "zhvi_2022": 337158, "zhvi_2023": 310653, "zhvi_2024": 293170, "zhvi_2025": 284973, "zori_2015": null, "zori_2016": null, "zori_2017": null, "zori_2018": null, "zori_2019": null, "zori_2020": null, "zori_2021": null, "zori_2022": null, "zori_2023": null, "zori_2024": null, "zori_2025": null, "has_zhvi": true, "has_zori": false}, "geometry": {"type": "Polygon", "coordinates": [[[-96.726398, 32.531531], [-96.721416, 32.53314], [-96.720548, 32.531999], [-96.717294, 32.532953], [-96.714607, 32.534896], [-96.71613, 32.536779], [-96.717933, 32.53591], [-96.718969, 32.537475], [-96.715739, 32.539151], [-96.717463, 32.54241], [-96.709074, 32.546483], [-96.688969, 32.54618], [-96.687512, 32.544178], [-96.685272, 32.545023], [-96.682253, 32.540475], [-96.681175, 32.540399], [-96.68363, 32.544173], [-96.681394, 32.54544], [-96.682116, 32.546313], [-96.665867, 32.546205], [-96.666139, 32.553009], [-96.66693, 32.556069], [-96.665687, 32.556292], [-96.66572, 32.560803], [-96.670371, 32.567989], [-96.668374, 32.568947], [-96.66738, 32.566794], [-96.648518, 32.575769], [-96.649188, 32.581358], [-96.653304, 32.587777], [-96.651873, 32.588464], [-96.658219, 32.598157], [-96.659333, 32.600982], [-96.653749, 32.603689], [-96.650064, 32.604644], [-96.63819, 32.610201], [-96.630923, 32.612354], [-96.626513, 32.614475], [-96.622198, 32.617727], [-96.617048, 32.612175], [-96.607727, 32.612766], [-96.606591, 32.611955], [-96.606066, 32.610192], [-96.603023, 32.608681], [-96.60153, 32.608608], [-96.598279, 32.611441], [-96.595307, 32.611314], [-96.594327, 32.60971], [-96.595652, 32.609105], [-96.597569, 32.609172], [-96.599509, 32.6075], [-96.598641, 32.60512], [-96.596673, 32.605137], [-96.595161, 32.606368], [-96.589179, 32.606295], [-96.588187, 32.605125], [-96.586336, 32.600523], [-96.588123, 32.597271], [-96.587988, 32.596541], [-96.586906, 32.594851], [-96.584737, 32.587783], [-96.582899, 32.585079], [-96.584063, 32.582546], [-96.583286, 32.581626], [-96.581816, 32.581553], [-96.580613, 32.580634], [-96.581942, 32.579009], [-96.581409, 32.577587], [-96.577693, 32.576425], [-96.574241, 32.578086], [-96.572897, 32.577329], [-96.573514, 32.575048], [-96.575674, 32.570856], [-96.575177, 32.569513], [-96.574434, 32.568873], [-96.568392, 32.5676], [-96.566701, 32.566381], [-96.565039, 32.562579], [-96.562818, 32.559044], [-96.561564, 32.555571], [-96.55645, 32.551778], [-96.554599, 32.551892], [-96.550988, 32.554442], [-96.549977, 32.554195], [-96.547956, 32.55124], [-96.541441, 32.54589], [-96.530957, 32.545986], [-96.529412, 32.545277], [-96.528952, 32.542442], [-96.529228, 32.540404], [-96.528288, 32.53957], [-96.526738, 32.53968], [-96.526072, 32.541031], [-96.524119, 32.541448], [-96.523496, 32.540371], [-96.524401, 32.538254], [-96.524037, 32.536554], [-96.522504, 32.535713], [-96.520463, 32.535381], [-96.520484, 32.533169], [-96.51915, 32.531527], [-96.515297, 32.532215], [-96.514079, 32.536376], [-96.511702, 32.536005], [-96.507785, 32.533215], [-96.507176, 32.532218], [-96.508306, 32.530892], [-96.509691, 32.531069], [-96.510363, 32.530334], [-96.509406, 32.526477], [-96.505797, 32.525123], [-96.505149, 32.526825], [-96.503287, 32.526563], [-96.503131, 32.524717], [-96.504215, 32.52363], [-96.505105, 32.518027], [-96.507572, 32.517719], [-96.507072, 32.5164], [-96.503365, 32.515347], [-96.50147, 32.512686], [-96.502233, 32.511629], [-96.504033, 32.511637], [-96.506457, 32.513222], [-96.507534, 32.513075], [-96.509391, 32.511193], [-96.511689, 32.512935], [-96.512922, 32.51323], [-96.513286, 32.512143], [-96.511109, 32.508777], [-96.508932, 32.501641], [-96.507483, 32.501333], [-96.50539, 32.502164], [-96.503861, 32.500948], [-96.503397, 32.499529], [-96.501028, 32.49695], [-96.500482, 32.495507], [-96.500576, 32.494732], [-96.502438, 32.493585], [-96.503789, 32.494242], [-96.504937, 32.496467], [-96.504659, 32.497853], [-96.50581, 32.498005], [-96.508719, 32.49465], [-96.508748, 32.491931], [-96.507552, 32.490721], [-96.505528, 32.48989], [-96.502623, 32.489839], [-96.50185, 32.48887], [-96.502267, 32.48737], [-96.506241, 32.48641], [-96.509986, 32.483542], [-96.510215, 32.481926], [-96.508953, 32.48064], [-96.506537, 32.479681], [-96.504206, 32.477151], [-96.503765, 32.47468], [-96.507263, 32.474999], [-96.509907, 32.47639], [-96.510371, 32.477957], [-96.511739, 32.479096], [-96.51432, 32.479631], [-96.516243, 32.479348], [-96.517462, 32.480586], [-96.519425, 32.48086], [-96.521283, 32.48218], [-96.523692, 32.481767], [-96.524666, 32.4807], [-96.528159, 32.480149], [-96.529424, 32.481849], [-96.531502, 32.481516], [-96.533703, 32.48248], [-96.536294, 32.485162], [-96.537834, 32.485576], [-96.541358, 32.48774], [-96.544755, 32.489201], [-96.547562, 32.489399], [-96.550363, 32.491322], [-96.551427, 32.490795], [-96.552738, 32.491698], [-96.557927, 32.489898], [-96.560822, 32.490095], [-96.562968, 32.489183], [-96.565251, 32.48911], [-96.567095, 32.488237], [-96.56845, 32.486916], [-96.573012, 32.485333], [-96.574815, 32.482976], [-96.577841, 32.481356], [-96.581261, 32.480894], [-96.584522, 32.481496], [-96.585997, 32.48104], [-96.592881, 32.485169], [-96.598678, 32.48639], [-96.603864, 32.484018], [-96.60449, 32.483167], [-96.606196, 32.482847], [-96.608295, 32.481344], [-96.610059, 32.481462], [-96.611177, 32.4806], [-96.613083, 32.480269], [-96.613263, 32.479688], [-96.614167, 32.479253], [-96.615372, 32.478859], [-96.621619, 32.479248], [-96.625359, 32.478803], [-96.630861, 32.476045], [-96.635367, 32.475344], [-96.637774, 32.474221], [-96.643064, 32.473174], [-96.644781, 32.471199], [-96.647438, 32.471317], [-96.647839, 32.471911], [-96.650401, 32.470188], [-96.65097, 32.471151], [-96.661096, 32.468546], [-96.660771, 32.470968], [-96.661059, 32.474382], [-96.661577, 32.473718], [-96.661402, 32.47057], [-96.662472, 32.46419], [-96.663476, 32.464294], [-96.6624, 32.467858], [-96.666032, 32.469417], [-96.667026, 32.470686], [-96.670545, 32.471449], [-96.678241, 32.470097], [-96.679914, 32.470624], [-96.682131, 32.470613], [-96.68581, 32.47251], [-96.689364, 32.473163], [-96.690909, 32.474476], [-96.692848, 32.475308], [-96.694062, 32.474899], [-96.699454, 32.477766], [-96.699943, 32.479201], [-96.702999, 32.480879], [-96.702909, 32.482286], [-96.704116, 32.482577], [-96.705323, 32.48469], [-96.707394, 32.484934], [-96.70779, 32.485613], [-96.710367, 32.484837], [-96.711644, 32.483721], [-96.714438, 32.484371], [-96.712883, 32.485127], [-96.714098, 32.487696], [-96.711786, 32.489215], [-96.713816, 32.492314], [-96.704763, 32.496969], [-96.707988, 32.501734], [-96.716377, 32.4978], [-96.718491, 32.500929], [-96.710552, 32.50466], [-96.716452, 32.513415], [-96.71858, 32.517424], [-96.71913, 32.519481], [-96.71534, 32.519226], [-96.712527, 32.520517], [-96.716387, 32.526149], [-96.718626, 32.530341], [-96.725251, 32.529837], [-96.726398, 32.531531]]]}}, {"type": "Feature", "properties": {"zip": "75143", "city": null, "county": "Kaufman County", "zhvi_2010": 170314, "zhvi_2011": 160643, "zhvi_2012": 158349, "zhvi_2013": 157499, "zhvi_2014": 165732, "zhvi_2015": 172611, "zhvi_2016": 182145, "zhvi_2017": 193170, "zhvi_2018": 211244, "zhvi_2019": 222810, "zhvi_2020": 237555, "zhvi_2021": 285354, "zhvi_2022": 313760, "zhvi_2023": 292562, "zhvi_2024": 281444, "zhvi_2025": 270220, "zori_2015": null, "zori_2016": null, "zori_2017": null, "zori_2018": null, "zori_2019": null, "zori_2020": null, "zori_2021": null, "zori_2022": null, "zori_2023": null, "zori_2024": null, "zori_2025": null, "has_zhvi": true, "has_zori": false}, "geometry": {"type": "Polygon", "coordinates": [[[-96.454555, 32.35232], [-96.453082, 32.352849], [-96.450527, 32.350937], [-96.449312, 32.350957], [-96.449264, 32.353009], [-96.448437, 32.354495], [-96.450469, 32.354783], [-96.453664, 32.357182], [-96.452372, 32.358659], [-96.452344, 32.359412], [-96.4545, 32.36105], [-96.453054, 32.362775], [-96.451276, 32.363086], [-96.450018, 32.364509], [-96.451465, 32.366309], [-96.453246, 32.366644], [-96.453672, 32.368243], [-96.451691, 32.371162], [-96.450393, 32.369963], [-96.451437, 32.368488], [-96.449529, 32.366652], [-96.447715, 32.36669], [-96.446919, 32.368022], [-96.448432, 32.370574], [-96.446387, 32.369047], [-96.443845, 32.369534], [-96.443858, 32.370736], [-96.447056, 32.372269], [-96.448857, 32.375556], [-96.448007, 32.376151], [-96.446087, 32.375019], [-96.444692, 32.376145], [-96.445058, 32.37777], [-96.444381, 32.378351], [-96.441318, 32.378853], [-96.439131, 32.378089], [-96.437548, 32.378394], [-96.437566, 32.380383], [-96.438883, 32.382545], [-96.438029, 32.384448], [-96.436283, 32.385502], [-96.435631, 32.386699], [-96.436571, 32.387649], [-96.438296, 32.388104], [-96.438891, 32.389135], [-96.438003, 32.389617], [-96.435586, 32.388078], [-96.434477, 32.389204], [-96.435435, 32.391858], [-96.437307, 32.393355], [-96.438121, 32.397345], [-96.439826, 32.400133], [-96.436758, 32.40367], [-96.43646, 32.405459], [-96.43781, 32.406731], [-96.437721, 32.407487], [-96.435233, 32.408986], [-96.434278, 32.410853], [-96.431923, 32.410824], [-96.432078, 32.400365], [-96.424836, 32.400506], [-96.424846, 32.380854], [-96.394734, 32.381151], [-96.395032, 32.402743], [-96.391252, 32.40419], [-96.382875, 32.404235], [-96.381363, 32.404731], [-96.381542, 32.392868], [-96.374619, 32.39293], [-96.372518, 32.397235], [-96.371273, 32.398519], [-96.372493, 32.401176], [-96.371579, 32.403081], [-96.372234, 32.405168], [-96.366334, 32.405169], [-96.366346, 32.400212], [-96.335557, 32.400312], [-96.335258, 32.410139], [-96.323706, 32.410074], [-96.322217, 32.410707], [-96.32227, 32.414794], [-96.318771, 32.414714], [-96.318744, 32.416851], [-96.319626, 32.41816], [-96.31586, 32.41872], [-96.315726, 32.421498], [-96.317943, 32.421605], [-96.317863, 32.427855], [-96.314631, 32.427962], [-96.314631, 32.431995], [-96.31302, 32.431923], [-96.312863, 32.43897], [-96.310013, 32.438993], [-96.309875, 32.443914], [-96.305587, 32.443965], [-96.304159, 32.445188], [-96.304163, 32.449402], [-96.280507, 32.448856], [-96.282109, 32.450418], [-96.283177, 32.452742], [-96.285478, 32.45574], [-96.286479, 32.455906], [-96.284718, 32.456575], [-96.284426, 32.458058], [-96.28682, 32.459235], [-96.285967, 32.461682], [-96.287817, 32.463213], [-96.289448, 32.466943], [-96.289304, 32.468851], [-96.288365, 32.469718], [-96.290189, 32.475185], [-96.266138, 32.475754], [-96.265022, 32.478366], [-96.265472, 32.480663], [-96.265387, 32.484319], [-96.263341, 32.487026], [-96.26346, 32.489437], [-96.262916, 32.490392], [-96.263211, 32.493536], [-96.257917, 32.493648], [-96.255875, 32.494208], [-96.253165, 32.493583], [-96.242587, 32.493357], [-96.238843, 32.491861], [-96.22548, 32.491802], [-96.222999, 32.485433], [-96.222151, 32.48711], [-96.220157, 32.488107], [-96.220146, 32.491829], [-96.193773, 32.491889], [-96.193842, 32.496294], [-96.19594, 32.497835], [-96.195961, 32.501427], [-96.195439, 32.50665], [-96.19386, 32.510168], [-96.182669, 32.510123], [-96.182434, 32.507874], [-96.178933, 32.503911], [-96.178889, 32.502086], [-96.174677, 32.500588], [-96.172965, 32.499229], [-96.173556, 32.498548], [-96.168943, 32.495337], [-96.167105, 32.491978], [-96.163545, 32.4924], [-96.16327, 32.491512], [-96.160662, 32.489907], [-96.159516, 32.491619], [-96.157923, 32.491717], [-96.157566, 32.490876], [-96.154036, 32.49047], [-96.152869, 32.488975], [-96.1503, 32.488895], [-96.149808, 32.487719], [-96.148118, 32.488099], [-96.147814, 32.485767], [-96.146794, 32.486235], [-96.145667, 32.484982], [-96.144649, 32.485501], [-96.144867, 32.483247], [-96.14291, 32.483936], [-96.142097, 32.478476], [-96.140753, 32.47793], [-96.140921, 32.477379], [-96.139625, 32.47739], [-96.139176, 32.475139], [-96.140007, 32.473229], [-96.135693, 32.472917], [-96.133657, 32.469305], [-96.132188, 32.467838], [-96.131565, 32.463506], [-96.129764, 32.46035], [-96.128131, 32.459556], [-96.129617, 32.45953], [-96.13013, 32.44717], [-96.131672, 32.447271], [-96.131672, 32.437313], [-96.112239, 32.436709], [-96.112268, 32.43312], [-96.113055, 32.43313], [-96.113348, 32.430917], [-96.115009, 32.430828], [-96.115258, 32.428382], [-96.121096, 32.42824], [-96.121221, 32.431042], [-96.12306, 32.4309], [-96.122953, 32.425401], [-96.121971, 32.425472], [-96.121325, 32.394026], [-96.142445, 32.394108], [-96.146767, 32.392954], [-96.146109, 32.39031], [-96.147941, 32.389785], [-96.148193, 32.392514], [-96.151236, 32.391482], [-96.137543, 32.383369], [-96.138149, 32.382637], [-96.152779, 32.391213], [-96.15751, 32.388829], [-96.157235, 32.386741], [-96.159101, 32.385165], [-96.159276, 32.383723], [-96.157117, 32.381988], [-96.157308, 32.381214], [-96.159115, 32.37991], [-96.161189, 32.379745], [-96.163419, 32.377927], [-96.16375, 32.376131], [-96.165143, 32.37698], [-96.166934, 32.375093], [-96.167717, 32.375762], [-96.167665, 32.36027], [-96.168141, 32.359493], [-96.167668, 32.357996], [-96.167781, 32.339824], [-96.178115, 32.339824], [-96.177971, 32.328706], [-96.182045, 32.328151], [-96.166836, 32.310576], [-96.157438, 32.303257], [-96.151115, 32.296166], [-96.141227, 32.289858], [-96.13869, 32.285236], [-96.135718, 32.259773], [-96.131064, 32.257385], [-96.129768, 32.25614], [-96.1291, 32.253315], [-96.127904, 32.252607], [-96.125916, 32.250112], [-96.121318, 32.246993], [-96.128771, 32.245248], [-96.141204, 32.240081], [-96.148036, 32.23653], [-96.150453, 32.233065], [-96.151273, 32.229945], [-96.150905, 32.21617], [-96.150479, 32.214127], [-96.15186, 32.213715], [-96.155854, 32.21501], [-96.162177, 32.211685], [-96.164109, 32.211392], [-96.167332, 32.20984], [-96.170894, 32.206981], [-96.17534, 32.20636], [-96.175035, 32.20456], [-96.175848, 32.203939], [-96.179349, 32.203553], [-96.18141, 32.204562], [-96.183368, 32.201761], [-96.186147, 32.202962], [-96.189536, 32.202316], [-96.193685, 32.204221], [-96.196965, 32.206942], [-96.197202, 32.209274], [-96.196348, 32.21026], [-96.194214, 32.211207], [-96.196449, 32.212962], [-96.196096, 32.213974], [-96.194155, 32.215481], [-96.193977, 32.216409], [-96.195159, 32.217709], [-96.195947, 32.219538], [-96.197414, 32.219984], [-96.197769, 32.217633], [-96.197263, 32.215981], [-96.198155, 32.214799], [-96.202945, 32.214371], [-96.204163, 32.215936], [-96.203935, 32.217499], [-96.204655, 32.218217], [-96.209099, 32.218653], [-96.20989, 32.220172], [-96.208179, 32.221456], [-96.208629, 32.223508], [-96.211104, 32.226435], [-96.214894, 32.224002], [-96.216279, 32.225095], [-96.215705, 32.227062], [-96.217149, 32.233353], [-96.218379, 32.233833], [-96.22032, 32.232954], [-96.221995, 32.233508], [-96.222574, 32.234492], [-96.224236, 32.235166], [-96.229373, 32.236182], [-96.232214, 32.24089], [-96.235891, 32.241906], [-96.236135, 32.242944], [-96.233193, 32.243396], [-96.233197, 32.245204], [-96.234517, 32.247401], [-96.234251, 32.250399], [-96.235683, 32.251075], [-96.238039, 32.250143], [-96.240153, 32.250659], [-96.243126, 32.250285], [-96.248927, 32.251041], [-96.254399, 32.250582], [-96.255314, 32.249234], [-96.252044, 32.248569], [-96.251034, 32.247078], [-96.25655, 32.245061], [-96.257758, 32.24575], [-96.257391, 32.247408], [-96.259589, 32.24985], [-96.259487, 32.251088], [-96.260529, 32.251313], [-96.260853, 32.249739], [-96.262248, 32.249739], [-96.264676, 32.252216], [-96.266714, 32.255859], [-96.267044, 32.258649], [-96.267667, 32.259202], [-96.27171, 32.256509], [-96.27273, 32.254836], [-96.272213, 32.252833], [-96.273668, 32.252617], [-96.27664, 32.255787], [-96.277331, 32.258678], [-96.277251, 32.260435], [-96.278196, 32.260616], [-96.282151, 32.258265], [-96.282295, 32.257045], [-96.280369, 32.25513], [-96.281547, 32.253909], [-96.28507, 32.254592], [-96.285895, 32.25598], [-96.285646, 32.259666], [-96.284595, 32.263643], [-96.284881, 32.265829], [-96.28561, 32.266895], [-96.288597, 32.267223], [-96.28989, 32.268142], [-96.289359, 32.270444], [-96.287632, 32.271575], [-96.285529, 32.271428], [-96.284731, 32.271911], [-96.283853, 32.274479], [-96.284013, 32.279225], [-96.28519, 32.280402], [-96.287126, 32.285483], [-96.288199, 32.287105], [-96.290902, 32.289169], [-96.293299, 32.289527], [-96.293651, 32.290409], [-96.28955, 32.29181], [-96.288882, 32.293212], [-96.292936, 32.293716], [-96.295947, 32.293377], [-96.300485, 32.294372], [-96.300048, 32.295404], [-96.297573, 32.296503], [-96.296572, 32.298154], [-96.29868, 32.301156], [-96.300416, 32.301354], [-96.301573, 32.297916], [-96.303646, 32.297375], [-96.304816, 32.299837], [-96.30426, 32.302038], [-96.306448, 32.301513], [-96.307494, 32.300527], [-96.307191, 32.298789], [-96.310108, 32.298299], [-96.311345, 32.298859], [-96.309661, 32.299935], [-96.312635, 32.30313], [-96.314065, 32.302543], [-96.315162, 32.300297], [-96.317433, 32.300985], [-96.315839, 32.302539], [-96.320046, 32.303975], [-96.323116, 32.306204], [-96.324404, 32.306121], [-96.323279, 32.304232], [-96.324398, 32.303131], [-96.328212, 32.302995], [-96.330988, 32.303481], [-96.336632, 32.30566], [-96.339016, 32.305973], [-96.339532, 32.308569], [-96.342357, 32.307689], [-96.34539, 32.309039], [-96.343742, 32.310499], [-96.345317, 32.312767], [-96.348828, 32.313351], [-96.349846, 32.312561], [-96.353071, 32.311657], [-96.356036, 32.314987], [-96.359331, 32.316654], [-96.360067, 32.316926], [-96.364369, 32.316417], [-96.367452, 32.317871], [-96.374721, 32.324884], [-96.381298, 32.327513], [-96.385201, 32.331959], [-96.390805, 32.33386], [-96.394234, 32.332684], [-96.396563, 32.33083], [-96.400411, 32.328803], [-96.403368, 32.328668], [-96.404928, 32.327786], [-96.408118, 32.328502], [-96.410886, 32.331911], [-96.412136, 32.332735], [-96.415677, 32.33305], [-96.416442, 32.335017], [-96.417533, 32.335536], [-96.420389, 32.33484], [-96.420013, 32.33261], [-96.42164, 32.332322], [-96.423259, 32.333239], [-96.423764, 32.335319], [-96.425889, 32.336195], [-96.426226, 32.334423], [-96.427772, 32.333742], [-96.429131, 32.332237], [-96.430226, 32.332211], [-96.431045, 32.333383], [-96.431399, 32.337229], [-96.430525, 32.339365], [-96.432871, 32.339259], [-96.433833, 32.340739], [-96.436919, 32.34136], [-96.437108, 32.342399], [-96.436229, 32.345149], [-96.43733, 32.345886], [-96.439307, 32.345478], [-96.440752, 32.343777], [-96.44177, 32.344349], [-96.440946, 32.34596], [-96.443784, 32.346336], [-96.447128, 32.345753], [-96.450039, 32.344233], [-96.451453, 32.344679], [-96.452229, 32.345895], [-96.45202, 32.347639], [-96.453882, 32.348844], [-96.454555, 32.35232]]]}}, {"type": "Feature", "properties": {"zip": "75160", "city": "Terrell", "county": "Kaufman County", "zhvi_2010": 124622, "zhvi_2011": 126241, "zhvi_2012": 129849, "zhvi_2013": 136258, "zhvi_2014": 147299, "zhvi_2015": 157637, "zhvi_2016": 174714, "zhvi_2017": 192268, "zhvi_2018": 208836, "zhvi_2019": 218792, "zhvi_2020": 231061, "zhvi_2021": 259828, "zhvi_2022": 287922, "zhvi_2023": 277007, "zhvi_2024": 272320, "zhvi_2025": 259674, "zori_2015": null, "zori_2016": null, "zori_2017": null, "zori_2018": null, "zori_2019": null, "zori_2020": null, "zori_2021": null, "zori_2022": null, "zori_2023": null, "zori_2024": null, "zori_2025": 1507, "has_zhvi": true, "has_zori": true}, "geometry": {"type": "Polygon", "coordinates": [[[-96.417903, 32.681891], [-96.401902, 32.695129], [-96.398728, 32.694794], [-96.399907, 32.695822], [-96.386765, 32.695749], [-96.372969, 32.698189], [-96.374886, 32.710977], [-96.374801, 32.715348], [-96.375263, 32.716775], [-96.376354, 32.717174], [-96.376985, 32.718494], [-96.376081, 32.720083], [-96.373658, 32.720866], [-96.373951, 32.722869], [-96.375004, 32.723818], [-96.37477, 32.72544], [-96.377203, 32.727885], [-96.377476, 32.729785], [-96.377291, 32.73388], [-96.374916, 32.741327], [-96.376308, 32.741497], [-96.377305, 32.742461], [-96.376612, 32.743966], [-96.376848, 32.745793], [-96.375401, 32.74711], [-96.375232, 32.749378], [-96.37322, 32.750953], [-96.372744, 32.753055], [-96.373517, 32.755096], [-96.371337, 32.759301], [-96.372304, 32.7612], [-96.371842, 32.762279], [-96.373293, 32.763776], [-96.373401, 32.766576], [-96.376279, 32.772889], [-96.376384, 32.774955], [-96.377952, 32.779125], [-96.377855, 32.782584], [-96.377367, 32.783675], [-96.38011, 32.7918], [-96.381001, 32.792879], [-96.378614, 32.795923], [-96.380413, 32.798623], [-96.380139, 32.802349], [-96.378528, 32.804149], [-96.377997, 32.806222], [-96.379116, 32.806883], [-96.379095, 32.811236], [-96.380459, 32.811864], [-96.380833, 32.813744], [-96.359019, 32.813949], [-96.35342, 32.818545], [-96.352102, 32.819054], [-96.350542, 32.814012], [-96.297376, 32.814185], [-96.297236, 32.857287], [-96.291385, 32.861114], [-96.28664, 32.857211], [-96.284555, 32.856085], [-96.281931, 32.860255], [-96.27669, 32.856495], [-96.275824, 32.856392], [-96.274481, 32.859783], [-96.274384, 32.86416], [-96.275215, 32.863485], [-96.279251, 32.86459], [-96.281153, 32.865971], [-96.280373, 32.867201], [-96.280212, 32.869345], [-96.281739, 32.870942], [-96.274218, 32.8769], [-96.276322, 32.879389], [-96.277358, 32.878726], [-96.280421, 32.881334], [-96.281864, 32.880755], [-96.287022, 32.88575], [-96.28584, 32.887262], [-96.284165, 32.887591], [-96.283605, 32.888973], [-96.281069, 32.890037], [-96.277941, 32.892508], [-96.277546, 32.893411], [-96.275078, 32.893866], [-96.271607, 32.89654], [-96.261103, 32.896555], [-96.25917, 32.897703], [-96.255586, 32.897996], [-96.249659, 32.897271], [-96.246789, 32.895938], [-96.244992, 32.895871], [-96.241325, 32.896887], [-96.240197, 32.896189], [-96.239336, 32.893776], [-96.238474, 32.893977], [-96.237245, 32.893075], [-96.236307, 32.891074], [-96.233579, 32.889134], [-96.231323, 32.890298], [-96.231204, 32.888952], [-96.22863, 32.889256], [-96.228073, 32.887555], [-96.22695, 32.888173], [-96.226016, 32.885962], [-96.226694, 32.885702], [-96.225678, 32.883991], [-96.22327, 32.884845], [-96.221512, 32.883663], [-96.220757, 32.884665], [-96.218794, 32.883825], [-96.217633, 32.88403], [-96.217018, 32.882607], [-96.216024, 32.882466], [-96.216049, 32.883511], [-96.214793, 32.882983], [-96.214732, 32.88441], [-96.212699, 32.883471], [-96.211704, 32.884797], [-96.210201, 32.885309], [-96.208101, 32.884816], [-96.207533, 32.885945], [-96.203283, 32.884307], [-96.200918, 32.885776], [-96.195866, 32.885759], [-96.195061, 32.886203], [-96.195258, 32.885057], [-96.193603, 32.884231], [-96.187754, 32.883431], [-96.185364, 32.880535], [-96.183683, 32.881881], [-96.182171, 32.881535], [-96.18163, 32.880493], [-96.17978, 32.882043], [-96.178975, 32.880961], [-96.177616, 32.880421], [-96.174348, 32.881774], [-96.173555, 32.880287], [-96.171693, 32.880118], [-96.170833, 32.87903], [-96.172426, 32.877693], [-96.170449, 32.875939], [-96.170977, 32.875273], [-96.169547, 32.874676], [-96.168164, 32.872981], [-96.162944, 32.87235], [-96.161553, 32.87365], [-96.158954, 32.871581], [-96.159313, 32.870301], [-96.161303, 32.868582], [-96.161907, 32.869494], [-96.164607, 32.870286], [-96.170205, 32.867838], [-96.17295, 32.86742], [-96.173014, 32.86638], [-96.174912, 32.865469], [-96.17868, 32.865734], [-96.183105, 32.862632], [-96.184771, 32.860378], [-96.184537, 32.85964], [-96.186363, 32.85933], [-96.187737, 32.856937], [-96.189835, 32.857309], [-96.194283, 32.851289], [-96.193718, 32.850025], [-96.19514, 32.847994], [-96.197, 32.84256], [-96.198911, 32.840609], [-96.187079, 32.84039], [-96.18727, 32.839063], [-96.184474, 32.836485], [-96.184674, 32.832383], [-96.184061, 32.830098], [-96.181888, 32.827891], [-96.185929, 32.824675], [-96.188706, 32.827287], [-96.19298, 32.823701], [-96.190216, 32.821098], [-96.196961, 32.815483], [-96.198351, 32.816674], [-96.203529, 32.812506], [-96.203981, 32.811069], [-96.203073, 32.810267], [-96.209786, 32.804768], [-96.213688, 32.808261], [-96.221908, 32.800225], [-96.221421, 32.799684], [-96.224503, 32.796819], [-96.223071, 32.795034], [-96.223929, 32.794356], [-96.222906, 32.793487], [-96.23434, 32.783154], [-96.249968, 32.796301], [-96.254286, 32.792737], [-96.254023, 32.791057], [-96.252871, 32.790308], [-96.254471, 32.788826], [-96.254461, 32.784474], [-96.253833, 32.781571], [-96.254743, 32.779776], [-96.253246, 32.777106], [-96.253599, 32.775554], [-96.255783, 32.772216], [-96.254774, 32.771127], [-96.254965, 32.768178], [-96.256535, 32.765546], [-96.256809, 32.764118], [-96.254565, 32.765613], [-96.254004, 32.765503], [-96.256374, 32.757357], [-96.258756, 32.753556], [-96.260077, 32.749071], [-96.261498, 32.746623], [-96.259073, 32.743133], [-96.258842, 32.739717], [-96.257945, 32.739721], [-96.258042, 32.73778], [-96.256637, 32.733634], [-96.257364, 32.727936], [-96.259689, 32.7257], [-96.25975, 32.724221], [-96.258711, 32.723993], [-96.259577, 32.721335], [-96.258863, 32.71949], [-96.259819, 32.718882], [-96.259599, 32.711154], [-96.239745, 32.694578], [-96.241527, 32.692377], [-96.263103, 32.697705], [-96.263134, 32.697194], [-96.26746, 32.694381], [-96.270105, 32.691976], [-96.26293, 32.685943], [-96.265653, 32.683486], [-96.263608, 32.681735], [-96.263913, 32.672657], [-96.265321, 32.662905], [-96.265971, 32.660944], [-96.26908, 32.65917], [-96.272013, 32.659346], [-96.278401, 32.658164], [-96.282324, 32.655453], [-96.284796, 32.655512], [-96.289114, 32.651821], [-96.298453, 32.660158], [-96.294696, 32.663331], [-96.297093, 32.665313], [-96.296701, 32.66561], [-96.297641, 32.666521], [-96.296133, 32.667997], [-96.298655, 32.670583], [-96.305431, 32.66612], [-96.313812, 32.673358], [-96.316368, 32.67094], [-96.31321, 32.668404], [-96.314334, 32.667328], [-96.31199, 32.665247], [-96.315602, 32.662137], [-96.314573, 32.661347], [-96.31565, 32.66039], [-96.320049, 32.664002], [-96.322281, 32.662062], [-96.323444, 32.662942], [-96.335836, 32.651987], [-96.33644, 32.650721], [-96.341782, 32.655765], [-96.34208, 32.653391], [-96.341504, 32.652718], [-96.341027, 32.648662], [-96.343766, 32.643848], [-96.34399, 32.642584], [-96.347249, 32.638396], [-96.346069, 32.634298], [-96.348545, 32.632256], [-96.350168, 32.633624], [-96.351706, 32.632333], [-96.353451, 32.63333], [-96.358301, 32.628707], [-96.356393, 32.626627], [-96.357221, 32.62594], [-96.35522, 32.624182], [-96.359845, 32.62084], [-96.363079, 32.623933], [-96.367345, 32.620371], [-96.371891, 32.624074], [-96.379686, 32.616895], [-96.383221, 32.620238], [-96.378495, 32.623811], [-96.381025, 32.629548], [-96.374202, 32.63511], [-96.375025, 32.636294], [-96.375002, 32.638446], [-96.37637, 32.642313], [-96.37981, 32.645642], [-96.393451, 32.65681], [-96.395124, 32.657584], [-96.400042, 32.661636], [-96.403016, 32.665163], [-96.403481, 32.667084], [-96.402296, 32.668729], [-96.417903, 32.681891]]]}}, {"type": "Feature", "properties": {"zip": "76002", "city": "Arlington", "county": "Tarrant County", "zhvi_2010": 207801, "zhvi_2011": 192656, "zhvi_2012": 188258, "zhvi_2013": 197485, "zhvi_2014": 207732, "zhvi_2015": 227006, "zhvi_2016": 247762, "zhvi_2017": 266508, "zhvi_2018": 283910, "zhvi_2019": 291943, "zhvi_2020": 303540, "zhvi_2021": 340738, "zhvi_2022": 385274, "zhvi_2023": 367023, "zhvi_2024": 356450, "zhvi_2025": 336203, "zori_2015": 1737, "zori_2016": 1798, "zori_2017": 1833, "zori_2018": 1865, "zori_2019": 1900, "zori_2020": 1965, "zori_2021": 2050, "zori_2022": 2176, "zori_2023": 2176, "zori_2024": 2160, "zori_2025": 2180, "has_zhvi": true, "has_zori": true}, "geometry": {"type": "Polygon", "coordinates": [[[-97.117917, 32.611855], [-97.115556, 32.619263], [-97.115545, 32.644714], [-97.10226, 32.644799], [-97.096077, 32.641509], [-97.094794, 32.641264], [-97.07292, 32.641101], [-97.066934, 32.643444], [-97.067051, 32.636955], [-97.066067, 32.635506], [-97.06555, 32.635535], [-97.065645, 32.634572], [-97.06632, 32.632259], [-97.075533, 32.620138], [-97.07662, 32.61776], [-97.077517, 32.611761], [-97.078381, 32.60905], [-97.077661, 32.60698], [-97.078516, 32.590187], [-97.080468, 32.589958], [-97.082736, 32.588783], [-97.083253, 32.588249], [-97.083096, 32.586769], [-97.090762, 32.598022], [-97.093744, 32.596601], [-97.099371, 32.604509], [-97.100141, 32.604779], [-97.105819, 32.613351], [-97.116416, 32.608227], [-97.117616, 32.609837], [-97.117917, 32.611855]]]}}, {"type": "Feature", "properties": {"zip": "75189", "city": "Royse City", "county": "Rockwall County", "zhvi_2010": 233699, "zhvi_2011": 223962, "zhvi_2012": 210960, "zhvi_2013": 216195, "zhvi_2014": 231664, "zhvi_2015": 251160, "zhvi_2016": 272329, "zhvi_2017": 295027, "zhvi_2018": 307045, "zhvi_2019": 306946, "zhvi_2020": 311400, "zhvi_2021": 345334, "zhvi_2022": 397862, "zhvi_2023": 368892, "zhvi_2024": 346598, "zhvi_2025": 325297, "zori_2015": null, "zori_2016": null, "zori_2017": null, "zori_2018": null, "zori_2019": null, "zori_2020": null, "zori_2021": 2187, "zori_2022": 2195, "zori_2023": 2174, "zori_2024": 2145, "zori_2025": 2107, "has_zhvi": true, "has_zori": true}, "geometry": {"type": "Polygon", "coordinates": [[[-96.42835, 32.998764], [-96.41944, 32.998618], [-96.418193, 33.019163], [-96.419828, 33.021158], [-96.391844, 33.020607], [-96.39162, 33.027707], [-96.386227, 33.027632], [-96.386601, 33.020199], [-96.372234, 33.019694], [-96.371293, 33.017407], [-96.367498, 33.017343], [-96.368067, 33.011083], [-96.363695, 33.011046], [-96.364013, 33.004818], [-96.346178, 33.004407], [-96.345934, 33.01026], [-96.340054, 33.009967], [-96.340086, 33.007972], [-96.341046, 33.005848], [-96.340061, 33.004044], [-96.337722, 33.001942], [-96.336315, 32.999502], [-96.334124, 32.999434], [-96.33355, 33.009518], [-96.331214, 33.009825], [-96.330761, 33.021362], [-96.333426, 33.022146], [-96.332635, 33.027766], [-96.331629, 33.052587], [-96.327188, 33.055441], [-96.325598, 33.055157], [-96.319276, 33.058174], [-96.319408, 33.055835], [-96.313045, 33.055735], [-96.312923, 33.05983], [-96.31169, 33.059809], [-96.31225, 33.061098], [-96.309389, 33.059421], [-96.309824, 33.051645], [-96.308192, 33.051616], [-96.307792, 33.056215], [-96.306108, 33.056985], [-96.307671, 33.057707], [-96.307424, 33.061037], [-96.299553, 33.062383], [-96.299522, 33.064832], [-96.296449, 33.064832], [-96.296452, 33.062554], [-96.290845, 33.062458], [-96.291039, 33.048057], [-96.29205, 33.048059], [-96.292065, 33.046267], [-96.286844, 33.045764], [-96.282586, 33.046318], [-96.280494, 33.045603], [-96.27806, 33.043326], [-96.278752, 33.04104], [-96.274458, 33.038202], [-96.273868, 33.037039], [-96.273797, 33.041568], [-96.263235, 33.041404], [-96.263329, 33.04011], [-96.257997, 33.039953], [-96.25582, 33.041814], [-96.256861, 33.044433], [-96.253232, 33.04437], [-96.252435, 33.042824], [-96.264418, 33.032406], [-96.26657, 33.027721], [-96.265012, 33.025323], [-96.265144, 33.023654], [-96.26358, 33.022564], [-96.258108, 33.016057], [-96.256693, 33.015624], [-96.255925, 33.01269], [-96.252055, 33.009244], [-96.252507, 33.007286], [-96.249829, 33.005201], [-96.248671, 33.002252], [-96.245608, 33.001843], [-96.242701, 32.999195], [-96.241643, 32.997578], [-96.244444, 32.995994], [-96.234656, 32.991319], [-96.233324, 32.991414], [-96.232496, 32.990146], [-96.229948, 32.989837], [-96.22882, 32.988098], [-96.226611, 32.987446], [-96.224496, 32.987409], [-96.22387, 32.988308], [-96.221601, 32.988128], [-96.220321, 32.989286], [-96.216672, 32.988323], [-96.215609, 32.988999], [-96.213002, 32.988174], [-96.212696, 32.990186], [-96.210011, 32.991146], [-96.208308, 32.990811], [-96.208491, 32.978571], [-96.190236, 32.978292], [-96.189607, 32.981302], [-96.181434, 32.981256], [-96.181397, 32.97192], [-96.189772, 32.972179], [-96.190229, 32.963495], [-96.197754, 32.963732], [-96.198211, 32.960741], [-96.200254, 32.959432], [-96.200697, 32.954656], [-96.214975, 32.954735], [-96.215135, 32.94599], [-96.217203, 32.94601], [-96.217244, 32.942934], [-96.222417, 32.943004], [-96.222454, 32.934452], [-96.226285, 32.934283], [-96.226587, 32.924118], [-96.235306, 32.924042], [-96.235111, 32.934595], [-96.240968, 32.934639], [-96.24108, 32.925657], [-96.244336, 32.92565], [-96.24438, 32.923113], [-96.24205, 32.92231], [-96.242068, 32.919655], [-96.23857, 32.916766], [-96.237567, 32.919427], [-96.231526, 32.919372], [-96.231159, 32.918986], [-96.23138, 32.914966], [-96.232948, 32.913898], [-96.229385, 32.912467], [-96.229914, 32.910908], [-96.234236, 32.906835], [-96.230003, 32.903163], [-96.230841, 32.902393], [-96.227824, 32.899856], [-96.230517, 32.897641], [-96.231383, 32.898069], [-96.237245, 32.893075], [-96.238474, 32.893977], [-96.239336, 32.893776], [-96.240197, 32.896189], [-96.241325, 32.896887], [-96.244992, 32.895871], [-96.246789, 32.895938], [-96.249659, 32.897271], [-96.255586, 32.897996], [-96.25917, 32.897703], [-96.261103, 32.896555], [-96.271607, 32.89654], [-96.275078, 32.893866], [-96.277546, 32.893411], [-96.277941, 32.892508], [-96.281069, 32.890037], [-96.283605, 32.888973], [-96.284165, 32.887591], [-96.28584, 32.887262], [-96.287022, 32.88575], [-96.281864, 32.880755], [-96.280421, 32.881334], [-96.277358, 32.878726], [-96.276322, 32.879389], [-96.274218, 32.8769], [-96.281739, 32.870942], [-96.280212, 32.869345], [-96.280373, 32.867201], [-96.281153, 32.865971], [-96.279251, 32.86459], [-96.275215, 32.863485], [-96.274384, 32.86416], [-96.274481, 32.859783], [-96.275824, 32.856392], [-96.27669, 32.856495], [-96.281931, 32.860255], [-96.284555, 32.856085], [-96.28664, 32.857211], [-96.291385, 32.861114], [-96.297236, 32.857287], [-96.297376, 32.814185], [-96.312064, 32.814169], [-96.314923, 32.816624], [-96.318107, 32.818414], [-96.318883, 32.819525], [-96.369685, 32.862717], [-96.365943, 32.866275], [-96.370712, 32.870472], [-96.352965, 32.885254], [-96.361911, 32.885366], [-96.361983, 32.892753], [-96.349666, 32.892827], [-96.349749, 32.899743], [-96.361183, 32.899847], [-96.361975, 32.897092], [-96.364925, 32.891361], [-96.364979, 32.889223], [-96.366652, 32.886094], [-96.368068, 32.885201], [-96.369718, 32.882116], [-96.371576, 32.883718], [-96.369576, 32.885331], [-96.374967, 32.885362], [-96.374904, 32.892659], [-96.37075, 32.892662], [-96.370736, 32.893271], [-96.375074, 32.89267], [-96.377674, 32.889963], [-96.380701, 32.89101], [-96.375916, 32.891993], [-96.375074, 32.89291], [-96.374876, 32.896065], [-96.376675, 32.895967], [-96.376602, 32.9112], [-96.388684, 32.911299], [-96.38874, 32.904587], [-96.390863, 32.90529], [-96.389414, 32.911517], [-96.390209, 32.914721], [-96.391467, 32.914794], [-96.391287, 32.917949], [-96.390745, 32.91795], [-96.391495, 32.927501], [-96.384068, 32.930846], [-96.361571, 32.949877], [-96.364775, 32.950264], [-96.366364, 32.949818], [-96.367112, 32.950373], [-96.370816, 32.949235], [-96.37294, 32.949593], [-96.381472, 32.942791], [-96.381472, 32.949517], [-96.378774, 32.953153], [-96.37868, 32.959933], [-96.382477, 32.959941], [-96.382526, 32.963945], [-96.385479, 32.96396], [-96.38545, 32.959944], [-96.386432, 32.959945], [-96.386966, 32.967335], [-96.398939, 32.967255], [-96.398877, 32.970436], [-96.397386, 32.970439], [-96.396937, 32.973755], [-96.392904, 32.97326], [-96.389822, 32.97349], [-96.392072, 32.975458], [-96.388252, 32.974848], [-96.388267, 32.973482], [-96.385687, 32.973471], [-96.385714, 32.977449], [-96.388977, 32.977462], [-96.389447, 32.985066], [-96.392227, 32.985084], [-96.392043, 32.988533], [-96.405953, 32.988905], [-96.405909, 32.991524], [-96.409251, 32.991627], [-96.409332, 32.992764], [-96.414226, 32.9925], [-96.414287, 32.990936], [-96.428345, 32.991246], [-96.42835, 32.998764]]]}}, {"type": "Feature", "properties": {"zip": "75223", "city": "Dallas", "county": "Dallas County", "zhvi_2010": 113691, "zhvi_2011": 101448, "zhvi_2012": 91842, "zhvi_2013": 102874, "zhvi_2014": 116489, "zhvi_2015": 137104, "zhvi_2016": 156436, "zhvi_2017": 169896, "zhvi_2018": 194535, "zhvi_2019": 213891, "zhvi_2020": 236879, "zhvi_2021": 267485, "zhvi_2022": 289991, "zhvi_2023": 277194, "zhvi_2024": 278591, "zhvi_2025": 252596, "zori_2015": null, "zori_2016": null, "zori_2017": null, "zori_2018": null, "zori_2019": null, "zori_2020": null, "zori_2021": null, "zori_2022": null, "zori_2023": null, "zori_2024": null, "zori_2025": 1638, "has_zhvi": true, "has_zori": true}, "geometry": {"type": "Polygon", "coordinates": [[[-96.769777, 32.784875], [-96.767239, 32.788479], [-96.750863, 32.802194], [-96.745049, 32.807996], [-96.739974, 32.809736], [-96.737847, 32.809699], [-96.7357, 32.808692], [-96.733307, 32.8065], [-96.73242, 32.80795], [-96.733187, 32.806407], [-96.728879, 32.804288], [-96.728874, 32.802874], [-96.73185, 32.791713], [-96.729189, 32.791893], [-96.731899, 32.791508], [-96.733135, 32.78373], [-96.729081, 32.783579], [-96.733157, 32.78362], [-96.734201, 32.777715], [-96.754889, 32.78118], [-96.769777, 32.784875]]]}}, {"type": "Feature", "properties": {"zip": "75225", "city": "University Park", "county": "Dallas County", "zhvi_2010": 1086368, "zhvi_2011": 992784, "zhvi_2012": 1011371, "zhvi_2013": 1112645, "zhvi_2014": 1215993, "zhvi_2015": 1328253, "zhvi_2016": 1393189, "zhvi_2017": 1393123, "zhvi_2018": 1388230, "zhvi_2019": 1372822, "zhvi_2020": 1377154, "zhvi_2021": 1519606, "zhvi_2022": 1717425, "zhvi_2023": 1752491, "zhvi_2024": 1862916, "zhvi_2025": 1916244, "zori_2015": null, "zori_2016": null, "zori_2017": null, "zori_2018": 2417, "zori_2019": 2337, "zori_2020": 2411, "zori_2021": 2490, "zori_2022": 2670, "zori_2023": 2614, "zori_2024": 2583, "zori_2025": 2636, "has_zhvi": true, "has_zori": true}, "geometry": {"type": "Polygon", "coordinates": [[[-96.813168, 32.851174], [-96.809727, 32.880177], [-96.80404, 32.880114], [-96.804062, 32.879157], [-96.799796, 32.879142], [-96.799884, 32.879967], [-96.796481, 32.879967], [-96.796237, 32.879129], [-96.790234, 32.879043], [-96.786662, 32.880032], [-96.783558, 32.880141], [-96.773744, 32.880024], [-96.771388, 32.879106], [-96.77071, 32.879721], [-96.770708, 32.877474], [-96.772628, 32.876939], [-96.771907, 32.875777], [-96.771754, 32.871904], [-96.77035, 32.871851], [-96.77047, 32.855895], [-96.771998, 32.850467], [-96.772774, 32.850484], [-96.772777, 32.851024], [-96.777006, 32.85109], [-96.777132, 32.850502], [-96.778955, 32.850522], [-96.778969, 32.851107], [-96.782865, 32.851101], [-96.782845, 32.850627], [-96.786907, 32.850668], [-96.786915, 32.851143], [-96.787924, 32.851165], [-96.787932, 32.850253], [-96.789161, 32.850246], [-96.789164, 32.850674], [-96.790017, 32.850673], [-96.790049, 32.851188], [-96.804786, 32.851136], [-96.804789, 32.850665], [-96.806757, 32.850673], [-96.806757, 32.85114], [-96.813168, 32.851174]]]}}, {"type": "Feature", "properties": {"zip": "75232", "city": "Dallas", "county": "Dallas County", "zhvi_2010": 93335, "zhvi_2011": 85143, "zhvi_2012": 82696, "zhvi_2013": 91255, "zhvi_2014": 102955, "zhvi_2015": 117485, "zhvi_2016": 137589, "zhvi_2017": 158814, "zhvi_2018": 181011, "zhvi_2019": 197489, "zhvi_2020": 211930, "zhvi_2021": 236518, "zhvi_2022": 265129, "zhvi_2023": 259179, "zhvi_2024": 257534, "zhvi_2025": 239476, "zori_2015": null, "zori_2016": null, "zori_2017": null, "zori_2018": null, "zori_2019": null, "zori_2020": null, "zori_2021": null, "zori_2022": null, "zori_2023": null, "zori_2024": null, "zori_2025": null, "has_zhvi": true, "has_zori": false}, "geometry": {"type": "Polygon", "coordinates": [[[-96.857161, 32.633069], [-96.857138, 32.691234], [-96.841324, 32.691212], [-96.841308, 32.689799], [-96.840111, 32.689175], [-96.840378, 32.691217], [-96.83411, 32.691109], [-96.827253, 32.688239], [-96.821303, 32.686538], [-96.822417, 32.684859], [-96.82258, 32.683438], [-96.822403, 32.68027], [-96.821332, 32.680315], [-96.821316, 32.678292], [-96.822236, 32.678269], [-96.822321, 32.668444], [-96.821279, 32.668439], [-96.821291, 32.665965], [-96.822563, 32.665948], [-96.822507, 32.663497], [-96.821291, 32.663511], [-96.821294, 32.662317], [-96.8225, 32.662209], [-96.822565, 32.661144], [-96.818757, 32.661217], [-96.818753, 32.660156], [-96.821585, 32.659714], [-96.822597, 32.658206], [-96.823169, 32.654054], [-96.823541, 32.626358], [-96.826764, 32.625881], [-96.829925, 32.624242], [-96.845987, 32.624072], [-96.846339, 32.628754], [-96.850697, 32.628735], [-96.85074, 32.633124], [-96.857161, 32.633069]]]}}, {"type": "Feature", "properties": {"zip": "75251", "city": "Dallas", "county": "Dallas County", "zhvi_2010": null, "zhvi_2011": null, "zhvi_2012": null, "zhvi_2013": null, "zhvi_2014": null, "zhvi_2015": null, "zhvi_2016": null, "zhvi_2017": null, "zhvi_2018": null, "zhvi_2019": null, "zhvi_2020": null, "zhvi_2021": null, "zhvi_2022": null, "zhvi_2023": null, "zhvi_2024": null, "zhvi_2025": null, "zori_2015": null, "zori_2016": null, "zori_2017": null, "zori_2018": 1682, "zori_2019": 1732, "zori_2020": 1690, "zori_2021": 1752, "zori_2022": 1836, "zori_2023": 1717, "zori_2024": 1645, "zori_2025": 1567, "has_zhvi": false, "has_zori": true}, "geometry": {"type": "Polygon", "coordinates": [[[-96.786314, 32.924869], [-96.781479, 32.924371], [-96.781693, 32.924719], [-96.772345, 32.924734], [-96.77171, 32.927926], [-96.769126, 32.926932], [-96.769313, 32.923978], [-96.764269, 32.923874], [-96.766551, 32.918293], [-96.769118, 32.918121], [-96.769319, 32.913552], [-96.768985, 32.912094], [-96.769347, 32.910404], [-96.770973, 32.910432], [-96.771013, 32.913542], [-96.775988, 32.913552], [-96.775153, 32.910849], [-96.773748, 32.909714], [-96.775096, 32.90977], [-96.777008, 32.912016], [-96.776494, 32.916474], [-96.778905, 32.917423], [-96.778309, 32.921053], [-96.779604, 32.920834], [-96.781697, 32.922872], [-96.781304, 32.92378], [-96.78615, 32.924256], [-96.786314, 32.924869]]]}}, {"type": "Feature", "properties": {"zip": "75142", "city": "Kaufman", "county": "Kaufman County", "zhvi_2010": 166666, "zhvi_2011": 164033, "zhvi_2012": 155745, "zhvi_2013": 156895, "zhvi_2014": 170957, "zhvi_2015": 185841, "zhvi_2016": 204005, "zhvi_2017": 221080, "zhvi_2018": 239691, "zhvi_2019": 248839, "zhvi_2020": 262189, "zhvi_2021": 297315, "zhvi_2022": 324475, "zhvi_2023": 305190, "zhvi_2024": 293757, "zhvi_2025": 284558, "zori_2015": null, "zori_2016": null, "zori_2017": null, "zori_2018": null, "zori_2019": null, "zori_2020": null, "zori_2021": null, "zori_2022": null, "zori_2023": null, "zori_2024": null, "zori_2025": null, "has_zhvi": true, "has_zori": false}, "geometry": {"type": "Polygon", "coordinates": [[[-96.458862, 32.525284], [-96.458185, 32.528447], [-96.456047, 32.529411], [-96.454712, 32.533242], [-96.45544, 32.535904], [-96.453887, 32.53877], [-96.453997, 32.540903], [-96.431123, 32.560451], [-96.43188, 32.566603], [-96.434543, 32.570577], [-96.435991, 32.571108], [-96.437504, 32.569327], [-96.439409, 32.570881], [-96.439617, 32.571982], [-96.43881, 32.57656], [-96.437109, 32.578688], [-96.437946, 32.58054], [-96.440373, 32.58269], [-96.439835, 32.585248], [-96.438513, 32.58628], [-96.436527, 32.586229], [-96.432803, 32.588018], [-96.428968, 32.593431], [-96.428121, 32.591309], [-96.428558, 32.590321], [-96.400053, 32.6136], [-96.394987, 32.613379], [-96.391283, 32.611783], [-96.388428, 32.608567], [-96.382363, 32.599668], [-96.38001, 32.597546], [-96.37761, 32.59651], [-96.370183, 32.595205], [-96.368866, 32.597247], [-96.369156, 32.599171], [-96.368429, 32.600063], [-96.367865, 32.602508], [-96.369588, 32.603665], [-96.371047, 32.606631], [-96.373682, 32.60906], [-96.373246, 32.610804], [-96.379686, 32.616895], [-96.371891, 32.624074], [-96.367345, 32.620371], [-96.363079, 32.623933], [-96.359845, 32.62084], [-96.35522, 32.624182], [-96.357221, 32.62594], [-96.356393, 32.626627], [-96.358301, 32.628707], [-96.353451, 32.63333], [-96.351706, 32.632333], [-96.350168, 32.633624], [-96.348545, 32.632256], [-96.346069, 32.634298], [-96.347249, 32.638396], [-96.34399, 32.642584], [-96.343766, 32.643848], [-96.341027, 32.648662], [-96.341504, 32.652718], [-96.34208, 32.653391], [-96.341782, 32.655765], [-96.33644, 32.650721], [-96.335836, 32.651987], [-96.323444, 32.662942], [-96.322281, 32.662062], [-96.320049, 32.664002], [-96.31565, 32.66039], [-96.314573, 32.661347], [-96.315602, 32.662137], [-96.31199, 32.665247], [-96.314334, 32.667328], [-96.31321, 32.668404], [-96.316368, 32.67094], [-96.313812, 32.673358], [-96.305431, 32.66612], [-96.298655, 32.670583], [-96.296133, 32.667997], [-96.297641, 32.666521], [-96.296701, 32.66561], [-96.297093, 32.665313], [-96.294696, 32.663331], [-96.298453, 32.660158], [-96.289114, 32.651821], [-96.284796, 32.655512], [-96.282324, 32.655453], [-96.278401, 32.658164], [-96.272013, 32.659346], [-96.26908, 32.65917], [-96.265971, 32.660944], [-96.264994, 32.665137], [-96.263037, 32.663465], [-96.261359, 32.664777], [-96.262636, 32.657274], [-96.259477, 32.655311], [-96.248745, 32.646296], [-96.249726, 32.64488], [-96.252437, 32.644238], [-96.252463, 32.640987], [-96.246362, 32.636143], [-96.241121, 32.639838], [-96.24016, 32.638992], [-96.22409, 32.652892], [-96.208631, 32.640255], [-96.206773, 32.637012], [-96.199801, 32.631219], [-96.193147, 32.629294], [-96.191889, 32.630353], [-96.19082, 32.629352], [-96.18708, 32.630869], [-96.185736, 32.629766], [-96.17617, 32.637082], [-96.171, 32.632942], [-96.167316, 32.632142], [-96.1587, 32.638905], [-96.161156, 32.641163], [-96.162808, 32.643499], [-96.158584, 32.646881], [-96.154152, 32.64279], [-96.139682, 32.653945], [-96.138185, 32.653413], [-96.137932, 32.652102], [-96.136087, 32.649821], [-96.134799, 32.649358], [-96.132181, 32.646575], [-96.13145, 32.64462], [-96.132333, 32.641897], [-96.131093, 32.639882], [-96.129019, 32.638419], [-96.128603, 32.637276], [-96.127481, 32.637228], [-96.127845, 32.635565], [-96.12738, 32.633073], [-96.126359, 32.633069], [-96.125416, 32.630998], [-96.124598, 32.63187], [-96.122935, 32.630907], [-96.122471, 32.629226], [-96.121104, 32.629458], [-96.120847, 32.628211], [-96.119597, 32.626832], [-96.118254, 32.626216], [-96.116454, 32.626714], [-96.109047, 32.624025], [-96.107891, 32.623196], [-96.10723, 32.621238], [-96.107593, 32.620002], [-96.106704, 32.61943], [-96.10585, 32.617601], [-96.104096, 32.61679], [-96.106054, 32.616073], [-96.107281, 32.614359], [-96.106596, 32.613366], [-96.106748, 32.611119], [-96.103976, 32.609989], [-96.103596, 32.608158], [-96.101908, 32.608618], [-96.102217, 32.607219], [-96.101055, 32.606015], [-96.102375, 32.605744], [-96.101213, 32.605342], [-96.100423, 32.603951], [-96.09995, 32.605213], [-96.098673, 32.605328], [-96.093572, 32.600991], [-96.092976, 32.601672], [-96.09025, 32.600251], [-96.089492, 32.600766], [-96.088645, 32.599795], [-96.088901, 32.598574], [-96.085764, 32.59723], [-96.085153, 32.596263], [-96.083599, 32.596539], [-96.083561, 32.595697], [-96.081126, 32.595643], [-96.080944, 32.59454], [-96.076801, 32.59165], [-96.077844, 32.590829], [-96.075905, 32.590984], [-96.075708, 32.547542], [-96.077233, 32.547646], [-96.078663, 32.546216], [-96.080798, 32.545648], [-96.080417, 32.543996], [-96.082372, 32.539612], [-96.084255, 32.538851], [-96.083612, 32.536327], [-96.086835, 32.536122], [-96.088093, 32.534995], [-96.087511, 32.533982], [-96.089876, 32.532718], [-96.089301, 32.531784], [-96.090657, 32.531205], [-96.09359, 32.528272], [-96.094093, 32.525025], [-96.092929, 32.523266], [-96.090394, 32.523618], [-96.092469, 32.522261], [-96.091533, 32.520683], [-96.093519, 32.520871], [-96.094102, 32.519804], [-96.093541, 32.51755], [-96.097242, 32.514626], [-96.098313, 32.51495], [-96.100268, 32.51342], [-96.100469, 32.511927], [-96.103028, 32.509234], [-96.102022, 32.508228], [-96.102938, 32.506523], [-96.105645, 32.506718], [-96.107557, 32.505871], [-96.10806, 32.506604], [-96.110076, 32.505214], [-96.112063, 32.504604], [-96.114079, 32.502647], [-96.117723, 32.503045], [-96.120279, 32.502288], [-96.121242, 32.501145], [-96.12085, 32.498645], [-96.123109, 32.498165], [-96.123896, 32.49627], [-96.122235, 32.495505], [-96.123858, 32.493603], [-96.123637, 32.492241], [-96.125654, 32.490997], [-96.12519, 32.489297], [-96.125558, 32.487872], [-96.127141, 32.48719], [-96.128366, 32.484982], [-96.129596, 32.484709], [-96.129118, 32.483865], [-96.130704, 32.482349], [-96.132871, 32.483266], [-96.134392, 32.483238], [-96.13741, 32.481395], [-96.137826, 32.479897], [-96.135744, 32.479816], [-96.137998, 32.477625], [-96.13904, 32.479152], [-96.140753, 32.47793], [-96.142097, 32.478476], [-96.14291, 32.483936], [-96.144867, 32.483247], [-96.144649, 32.485501], [-96.145667, 32.484982], [-96.146794, 32.486235], [-96.147814, 32.485767], [-96.148118, 32.488099], [-96.149808, 32.487719], [-96.1503, 32.488895], [-96.152869, 32.488975], [-96.154036, 32.49047], [-96.157566, 32.490876], [-96.157923, 32.491717], [-96.159516, 32.491619], [-96.160662, 32.489907], [-96.16327, 32.491512], [-96.163545, 32.4924], [-96.167105, 32.491978], [-96.168943, 32.495337], [-96.173556, 32.498548], [-96.172965, 32.499229], [-96.174677, 32.500588], [-96.178889, 32.502086], [-96.178933, 32.503911], [-96.182434, 32.507874], [-96.182669, 32.510123], [-96.19386, 32.510168], [-96.195439, 32.50665], [-96.195961, 32.501427], [-96.19594, 32.497835], [-96.193842, 32.496294], [-96.193773, 32.491889], [-96.220146, 32.491829], [-96.220157, 32.488107], [-96.222151, 32.48711], [-96.222999, 32.485433], [-96.22548, 32.491802], [-96.238843, 32.491861], [-96.242587, 32.493357], [-96.253165, 32.493583], [-96.255875, 32.494208], [-96.257917, 32.493648], [-96.263211, 32.493536], [-96.262916, 32.490392], [-96.26346, 32.489437], [-96.263341, 32.487026], [-96.265387, 32.484319], [-96.265472, 32.480663], [-96.265022, 32.478366], [-96.266138, 32.475754], [-96.290189, 32.475185], [-96.288801, 32.470633], [-96.290137, 32.472285], [-96.293932, 32.473391], [-96.294606, 32.474525], [-96.296584, 32.473357], [-96.300995, 32.473951], [-96.301634, 32.475485], [-96.30346, 32.475462], [-96.30247, 32.475554], [-96.303731, 32.478111], [-96.30749, 32.480286], [-96.309128, 32.480244], [-96.311448, 32.48167], [-96.311972, 32.481564], [-96.312372, 32.482749], [-96.311261, 32.484268], [-96.31223, 32.484946], [-96.312276, 32.488019], [-96.313287, 32.489412], [-96.312283, 32.490008], [-96.313141, 32.491093], [-96.312464, 32.496387], [-96.312891, 32.49868], [-96.314257, 32.499347], [-96.314856, 32.501297], [-96.31664, 32.50193], [-96.317066, 32.504598], [-96.318939, 32.504483], [-96.318413, 32.506511], [-96.319895, 32.506062], [-96.321114, 32.506525], [-96.320947, 32.50739], [-96.323229, 32.507185], [-96.325283, 32.508795], [-96.325459, 32.510356], [-96.326602, 32.510238], [-96.326948, 32.511463], [-96.329093, 32.513146], [-96.332309, 32.518009], [-96.33458, 32.518341], [-96.334566, 32.519975], [-96.33661, 32.520024], [-96.338018, 32.520994], [-96.337413, 32.523871], [-96.33618, 32.524729], [-96.33663, 32.525788], [-96.339037, 32.525992], [-96.337496, 32.528764], [-96.338592, 32.529319], [-96.339259, 32.531868], [-96.338524, 32.532919], [-96.339743, 32.533335], [-96.34292, 32.538187], [-96.344861, 32.539324], [-96.346025, 32.541621], [-96.344596, 32.544862], [-96.346175, 32.545941], [-96.349676, 32.549991], [-96.352853, 32.551226], [-96.375531, 32.528466], [-96.378245, 32.532494], [-96.385403, 32.538596], [-96.387062, 32.537491], [-96.388302, 32.532753], [-96.389929, 32.532184], [-96.390917, 32.533518], [-96.396583, 32.533559], [-96.398404, 32.530759], [-96.402435, 32.534261], [-96.405552, 32.531529], [-96.404422, 32.530246], [-96.410534, 32.524959], [-96.425486, 32.537925], [-96.424314, 32.538961], [-96.419833, 32.535467], [-96.415306, 32.539072], [-96.41799, 32.542264], [-96.415623, 32.543886], [-96.416906, 32.545231], [-96.416032, 32.546062], [-96.419461, 32.549066], [-96.422018, 32.547877], [-96.424126, 32.548509], [-96.432058, 32.544879], [-96.435245, 32.544432], [-96.43899, 32.545122], [-96.4412, 32.543258], [-96.441909, 32.541964], [-96.441935, 32.539913], [-96.440151, 32.53811], [-96.458505, 32.522015], [-96.458862, 32.525284]]]}}, {"type": "Feature", "properties": {"zip": "75159", "city": "Seagoville", "county": "Dallas County", "zhvi_2010": 138174, "zhvi_2011": 126278, "zhvi_2012": 125288, "zhvi_2013": 138267, "zhvi_2014": 153807, "zhvi_2015": 168908, "zhvi_2016": 189164, "zhvi_2017": 207760, "zhvi_2018": 226545, "zhvi_2019": 237401, "zhvi_2020": 249384, "zhvi_2021": 278946, "zhvi_2022": 318337, "zhvi_2023": 306326, "zhvi_2024": 297205, "zhvi_2025": 282282, "zori_2015": null, "zori_2016": null, "zori_2017": null, "zori_2018": null, "zori_2019": null, "zori_2020": null, "zori_2021": null, "zori_2022": null, "zori_2023": null, "zori_2024": 2120, "zori_2025": 2122, "has_zhvi": true, "has_zori": true}, "geometry": {"type": "Polygon", "coordinates": [[[-96.64546, 32.636566], [-96.623464, 32.654826], [-96.61833, 32.655744], [-96.617213, 32.652532], [-96.60856, 32.647164], [-96.602347, 32.642086], [-96.600847, 32.642882], [-96.595894, 32.638607], [-96.595715, 32.63951], [-96.585535, 32.64767], [-96.582137, 32.652357], [-96.590223, 32.659518], [-96.591978, 32.659678], [-96.59459, 32.660955], [-96.591666, 32.663338], [-96.59378, 32.665214], [-96.591162, 32.667417], [-96.591772, 32.667642], [-96.591838, 32.669178], [-96.590784, 32.670415], [-96.585061, 32.668225], [-96.588175, 32.669909], [-96.580721, 32.67596], [-96.578959, 32.675172], [-96.574625, 32.678683], [-96.57594, 32.679938], [-96.57469, 32.680943], [-96.573885, 32.680303], [-96.562594, 32.68128], [-96.556085, 32.687002], [-96.558512, 32.689058], [-96.551328, 32.695223], [-96.546818, 32.691456], [-96.547629, 32.690645], [-96.54477, 32.688228], [-96.54472, 32.687146], [-96.543193, 32.68649], [-96.539876, 32.686093], [-96.537253, 32.684097], [-96.537139, 32.68542], [-96.539153, 32.68698], [-96.534439, 32.690925], [-96.532486, 32.693953], [-96.525576, 32.693849], [-96.523096, 32.695196], [-96.523889, 32.696615], [-96.526102, 32.697587], [-96.525268, 32.699509], [-96.523797, 32.700041], [-96.520831, 32.70017], [-96.520745, 32.677822], [-96.521332, 32.662027], [-96.520475, 32.659107], [-96.519427, 32.657646], [-96.518804, 32.657451], [-96.516486, 32.660055], [-96.515881, 32.659361], [-96.516317, 32.656802], [-96.513979, 32.655638], [-96.511257, 32.652042], [-96.504528, 32.651566], [-96.502848, 32.650022], [-96.501295, 32.649676], [-96.500077, 32.65093], [-96.498986, 32.649842], [-96.497499, 32.650531], [-96.496175, 32.650132], [-96.496988, 32.648676], [-96.494264, 32.64828], [-96.488664, 32.653225], [-96.486646, 32.645027], [-96.484594, 32.644599], [-96.484292, 32.640306], [-96.485511, 32.636166], [-96.485935, 32.630783], [-96.485676, 32.628846], [-96.487153, 32.62476], [-96.489955, 32.620981], [-96.489019, 32.618814], [-96.4917, 32.610695], [-96.491685, 32.609434], [-96.48919, 32.606198], [-96.48509, 32.599001], [-96.484816, 32.596787], [-96.486511, 32.592739], [-96.479878, 32.585607], [-96.479982, 32.58263], [-96.475627, 32.569951], [-96.475548, 32.567152], [-96.474077, 32.565179], [-96.473204, 32.561259], [-96.474323, 32.556885], [-96.47397, 32.553556], [-96.472729, 32.552222], [-96.471978, 32.549988], [-96.473378, 32.545406], [-96.473924, 32.541744], [-96.475108, 32.539246], [-96.477251, 32.531734], [-96.478708, 32.528702], [-96.480634, 32.527434], [-96.483154, 32.523279], [-96.483292, 32.518638], [-96.484161, 32.515202], [-96.482827, 32.511279], [-96.479297, 32.508677], [-96.478884, 32.507733], [-96.479151, 32.504734], [-96.481588, 32.50027], [-96.483319, 32.499249], [-96.491686, 32.497822], [-96.494751, 32.498269], [-96.496895, 32.497286], [-96.499989, 32.497906], [-96.501028, 32.49695], [-96.503397, 32.499529], [-96.503861, 32.500948], [-96.50539, 32.502164], [-96.507483, 32.501333], [-96.508932, 32.501641], [-96.511109, 32.508777], [-96.513286, 32.512143], [-96.512922, 32.51323], [-96.511689, 32.512935], [-96.509391, 32.511193], [-96.507534, 32.513075], [-96.506457, 32.513222], [-96.504033, 32.511637], [-96.502233, 32.511629], [-96.50147, 32.512686], [-96.503365, 32.515347], [-96.507072, 32.5164], [-96.507572, 32.517719], [-96.505105, 32.518027], [-96.504215, 32.52363], [-96.503131, 32.524717], [-96.503287, 32.526563], [-96.505149, 32.526825], [-96.505797, 32.525123], [-96.509406, 32.526477], [-96.510363, 32.530334], [-96.509691, 32.531069], [-96.508306, 32.530892], [-96.507176, 32.532218], [-96.507785, 32.533215], [-96.511702, 32.536005], [-96.514079, 32.536376], [-96.515297, 32.532215], [-96.51915, 32.531527], [-96.520484, 32.533169], [-96.520463, 32.535381], [-96.522504, 32.535713], [-96.524037, 32.536554], [-96.524401, 32.538254], [-96.523496, 32.540371], [-96.524119, 32.541448], [-96.526072, 32.541031], [-96.526738, 32.53968], [-96.528288, 32.53957], [-96.529228, 32.540404], [-96.528952, 32.542442], [-96.529412, 32.545277], [-96.530957, 32.545986], [-96.541441, 32.54589], [-96.547956, 32.55124], [-96.549977, 32.554195], [-96.550988, 32.554442], [-96.554599, 32.551892], [-96.55645, 32.551778], [-96.561564, 32.555571], [-96.562818, 32.559044], [-96.565039, 32.562579], [-96.566701, 32.566381], [-96.568392, 32.5676], [-96.574434, 32.568873], [-96.575177, 32.569513], [-96.575674, 32.570856], [-96.573514, 32.575048], [-96.572897, 32.577329], [-96.574241, 32.578086], [-96.577693, 32.576425], [-96.581409, 32.577587], [-96.581942, 32.579009], [-96.580613, 32.580634], [-96.581816, 32.581553], [-96.583286, 32.581626], [-96.584063, 32.582546], [-96.582821, 32.584791], [-96.584737, 32.587783], [-96.586906, 32.594851], [-96.587988, 32.596541], [-96.588123, 32.597271], [-96.586336, 32.600523], [-96.588187, 32.605125], [-96.589179, 32.606295], [-96.595161, 32.606368], [-96.596673, 32.605137], [-96.598641, 32.60512], [-96.599509, 32.6075], [-96.597569, 32.609172], [-96.595652, 32.609105], [-96.594327, 32.60971], [-96.595307, 32.611314], [-96.598279, 32.611441], [-96.60153, 32.608608], [-96.603023, 32.608681], [-96.606066, 32.610192], [-96.606591, 32.611955], [-96.607727, 32.612766], [-96.617048, 32.612175], [-96.623461, 32.618785], [-96.629954, 32.62026], [-96.630509, 32.621137], [-96.629118, 32.622753], [-96.627949, 32.62537], [-96.628791, 32.627315], [-96.628177, 32.62863], [-96.628617, 32.629561], [-96.64546, 32.636566]]]}}, {"type": "Feature", "properties": {"zip": "75409", "city": "Anna", "county": "Collin County", "zhvi_2010": 223340, "zhvi_2011": 202876, "zhvi_2012": 208032, "zhvi_2013": 224963, "zhvi_2014": 245438, "zhvi_2015": 270875, "zhvi_2016": 294121, "zhvi_2017": 316519, "zhvi_2018": 328711, "zhvi_2019": 328039, "zhvi_2020": 331206, "zhvi_2021": 371654, "zhvi_2022": 440470, "zhvi_2023": 404678, "zhvi_2024": 387264, "zhvi_2025": 359890, "zori_2015": null, "zori_2016": null, "zori_2017": null, "zori_2018": null, "zori_2019": null, "zori_2020": null, "zori_2021": 2169, "zori_2022": 2083, "zori_2023": 2062, "zori_2024": 1998, "zori_2025": 1939, "has_zhvi": true, "has_zori": true}, "geometry": {"type": "Polygon", "coordinates": [[[-96.656486, 33.401331], [-96.564782, 33.399927], [-96.560687, 33.391939], [-96.557413, 33.39195], [-96.557475, 33.389499], [-96.553926, 33.389384], [-96.554031, 33.387936], [-96.552686, 33.387897], [-96.552693, 33.388508], [-96.547235, 33.388563], [-96.54731, 33.387705], [-96.545381, 33.387622], [-96.545209, 33.393365], [-96.552916, 33.393858], [-96.552838, 33.399635], [-96.520711, 33.399339], [-96.521514, 33.399143], [-96.52152, 33.397812], [-96.519453, 33.395379], [-96.515777, 33.393997], [-96.513932, 33.393893], [-96.512423, 33.391664], [-96.512367, 33.390776], [-96.510904, 33.390833], [-96.509829, 33.388371], [-96.508033, 33.388208], [-96.507195, 33.386887], [-96.505073, 33.386559], [-96.505947, 33.383186], [-96.505805, 33.381498], [-96.504676, 33.380243], [-96.50479, 33.379275], [-96.503684, 33.379185], [-96.503395, 33.378616], [-96.504946, 33.377497], [-96.503592, 33.376686], [-96.504103, 33.375228], [-96.502968, 33.375214], [-96.502909, 33.37395], [-96.501961, 33.373202], [-96.501276, 33.37323], [-96.501314, 33.373851], [-96.500918, 33.373905], [-96.50044, 33.372186], [-96.501213, 33.371541], [-96.499269, 33.371234], [-96.496508, 33.368491], [-96.494594, 33.368192], [-96.494461, 33.367492], [-96.492465, 33.368198], [-96.492376, 33.372031], [-96.495279, 33.37251], [-96.494084, 33.3754], [-96.492546, 33.37634], [-96.491286, 33.376188], [-96.490315, 33.377952], [-96.487097, 33.38008], [-96.487033, 33.382457], [-96.484925, 33.383231], [-96.484715, 33.384932], [-96.475004, 33.384731], [-96.47402, 33.385486], [-96.473522, 33.396], [-96.460198, 33.395769], [-96.460024, 33.398902], [-96.429626, 33.398426], [-96.429228, 33.396588], [-96.428738, 33.396501], [-96.429199, 33.396071], [-96.426535, 33.396051], [-96.424345, 33.396606], [-96.424875, 33.395067], [-96.424828, 33.392057], [-96.411763, 33.39266], [-96.407843, 33.393431], [-96.407906, 33.391138], [-96.404549, 33.391117], [-96.404499, 33.389387], [-96.401849, 33.389089], [-96.402133, 33.386513], [-96.401731, 33.383807], [-96.409685, 33.379697], [-96.409899, 33.373133], [-96.408911, 33.372808], [-96.408925, 33.368747], [-96.409633, 33.368496], [-96.409571, 33.352393], [-96.417916, 33.352329], [-96.417922, 33.350988], [-96.419776, 33.348272], [-96.418602, 33.346904], [-96.419621, 33.344654], [-96.419928, 33.34019], [-96.418787, 33.338195], [-96.418652, 33.337035], [-96.417191, 33.335953], [-96.418389, 33.335095], [-96.419658, 33.332528], [-96.418523, 33.332124], [-96.420256, 33.331664], [-96.420524, 33.330056], [-96.418299, 33.329084], [-96.419143, 33.32774], [-96.418178, 33.327103], [-96.418032, 33.325757], [-96.419303, 33.325532], [-96.418825, 33.323061], [-96.419796, 33.32231], [-96.418906, 33.317977], [-96.41871, 33.312596], [-96.427603, 33.313012], [-96.42771, 33.318438], [-96.429527, 33.318771], [-96.42946, 33.32273], [-96.445318, 33.322922], [-96.445303, 33.31112], [-96.443373, 33.308377], [-96.443567, 33.306936], [-96.465941, 33.307471], [-96.466387, 33.309891], [-96.472399, 33.31001], [-96.473054, 33.311034], [-96.474294, 33.306742], [-96.472174, 33.306019], [-96.472326, 33.305114], [-96.474317, 33.305698], [-96.475847, 33.304159], [-96.474049, 33.302819], [-96.476215, 33.302345], [-96.476181, 33.301648], [-96.474499, 33.301555], [-96.474799, 33.300311], [-96.475732, 33.300986], [-96.477166, 33.298547], [-96.479231, 33.298299], [-96.480538, 33.296368], [-96.481915, 33.296053], [-96.483648, 33.293731], [-96.482407, 33.292104], [-96.481193, 33.293256], [-96.48088, 33.289135], [-96.47982, 33.288168], [-96.481139, 33.287323], [-96.478496, 33.286693], [-96.477436, 33.284891], [-96.477614, 33.283459], [-96.47918, 33.283727], [-96.479166, 33.282581], [-96.480514, 33.282688], [-96.479408, 33.281126], [-96.479855, 33.277985], [-96.479081, 33.277876], [-96.479834, 33.274406], [-96.483521, 33.273364], [-96.487652, 33.273364], [-96.491084, 33.272658], [-96.493576, 33.274493], [-96.494946, 33.276796], [-96.494703, 33.279248], [-96.498747, 33.279324], [-96.498703, 33.282814], [-96.499469, 33.285375], [-96.50774, 33.285127], [-96.507193, 33.290728], [-96.502984, 33.292822], [-96.501939, 33.295101], [-96.499225, 33.295445], [-96.5006, 33.295831], [-96.502367, 33.29876], [-96.503807, 33.299508], [-96.503622, 33.300435], [-96.506082, 33.300062], [-96.508472, 33.30155], [-96.511134, 33.304898], [-96.511127, 33.307723], [-96.519964, 33.307986], [-96.532662, 33.300673], [-96.532596, 33.303751], [-96.529145, 33.303696], [-96.52903, 33.308113], [-96.537956, 33.308269], [-96.537814, 33.315156], [-96.55484, 33.315348], [-96.56476, 33.316915], [-96.57873, 33.317581], [-96.590305, 33.319031], [-96.592161, 33.285012], [-96.591961, 33.300203], [-96.592555, 33.299759], [-96.594505, 33.300216], [-96.593972, 33.299428], [-96.596769, 33.298458], [-96.601567, 33.294373], [-96.603178, 33.288503], [-96.603678, 33.28869], [-96.604506, 33.29067], [-96.60554, 33.291021], [-96.604873, 33.292102], [-96.607187, 33.293115], [-96.606139, 33.294069], [-96.607745, 33.295549], [-96.606561, 33.296481], [-96.60814, 33.296891], [-96.606547, 33.297562], [-96.606398, 33.298985], [-96.604533, 33.29945], [-96.60505, 33.302591], [-96.606234, 33.302852], [-96.606275, 33.304912], [-96.607833, 33.3056], [-96.607543, 33.306531], [-96.610403, 33.30599], [-96.612528, 33.307763], [-96.61423, 33.307499], [-96.614991, 33.308863], [-96.619656, 33.311785], [-96.618347, 33.312846], [-96.619668, 33.315321], [-96.621731, 33.316322], [-96.622678, 33.318042], [-96.621939, 33.317941], [-96.620074, 33.31949], [-96.620528, 33.319775], [-96.620963, 33.319184], [-96.62176, 33.319111], [-96.623642, 33.319887], [-96.623932, 33.320486], [-96.6235299877463, 33.3212180041934], [-96.624018, 33.322459], [-96.624877, 33.322875], [-96.624859, 33.323341], [-96.623641, 33.323956], [-96.624753, 33.324581], [-96.627029, 33.323862], [-96.627389, 33.32526], [-96.629617, 33.326107], [-96.630257, 33.326769], [-96.629972, 33.327264], [-96.628685, 33.327607], [-96.628408, 33.329107], [-96.630708, 33.328927], [-96.631511, 33.329751], [-96.631455, 33.330503], [-96.632472, 33.33052], [-96.632315, 33.331387], [-96.632972, 33.331764], [-96.63283, 33.332503], [-96.633728, 33.332802], [-96.633289, 33.335559], [-96.634266, 33.335818], [-96.63321, 33.337184], [-96.634556, 33.337411], [-96.63522, 33.33863], [-96.633458, 33.338783], [-96.635282, 33.341302], [-96.634052, 33.343988], [-96.634293, 33.344642], [-96.63585, 33.344803], [-96.635782, 33.346627], [-96.634931, 33.3472], [-96.635588, 33.348291], [-96.637564, 33.349575], [-96.63657, 33.349942], [-96.636832, 33.350934], [-96.635344, 33.351999], [-96.636075, 33.354244], [-96.63832, 33.356281], [-96.63627, 33.356698], [-96.638273, 33.357363], [-96.637376, 33.359298], [-96.638846, 33.358424], [-96.639345, 33.358632], [-96.639021, 33.35961], [-96.640204, 33.360255], [-96.639528, 33.361489], [-96.641068, 33.361243], [-96.640956, 33.363339], [-96.641453, 33.364055], [-96.642641, 33.36417], [-96.64224, 33.364793], [-96.643639, 33.365599], [-96.641593, 33.368707], [-96.643721, 33.369329], [-96.643455, 33.370069], [-96.642499, 33.369773], [-96.643414, 33.371222], [-96.64325, 33.373657], [-96.645432, 33.373263], [-96.644609, 33.375509], [-96.645661, 33.376319], [-96.645041, 33.377254], [-96.646103, 33.378856], [-96.649662, 33.380758], [-96.650438, 33.382651], [-96.654405, 33.383813], [-96.653989, 33.386581], [-96.654454, 33.388089], [-96.653371, 33.389567], [-96.656251, 33.392716], [-96.655953, 33.395401], [-96.657509, 33.398732], [-96.656486, 33.401331]]]}}, {"type": "Feature", "properties": {"zip": "76022", "city": "Bedford", "county": "Tarrant County", "zhvi_2010": 180847, "zhvi_2011": 166266, "zhvi_2012": 165504, "zhvi_2013": 172849, "zhvi_2014": 180473, "zhvi_2015": 196524, "zhvi_2016": 217082, "zhvi_2017": 238002, "zhvi_2018": 256942, "zhvi_2019": 268627, "zhvi_2020": 283308, "zhvi_2021": 308251, "zhvi_2022": 341733, "zhvi_2023": 335673, "zhvi_2024": 333187, "zhvi_2025": 315882, "zori_2015": null, "zori_2016": null, "zori_2017": null, "zori_2018": null, "zori_2019": null, "zori_2020": null, "zori_2021": 1609, "zori_2022": 1556, "zori_2023": 1527, "zori_2024": 1456, "zori_2025": 1409, "has_zhvi": true, "has_zori": true}, "geometry": {"type": "Polygon", "coordinates": [[[-97.167755, 32.835692], [-97.166123, 32.835706], [-97.166186, 32.839555], [-97.162303, 32.839992], [-97.153006, 32.839973], [-97.145852, 32.837196], [-97.141846, 32.836857], [-97.12865, 32.836869], [-97.123956, 32.837666], [-97.119688, 32.837659], [-97.119665, 32.837023], [-97.12262, 32.836976], [-97.120437, 32.833942], [-97.120982, 32.833948], [-97.121211, 32.829653], [-97.125505, 32.829628], [-97.125786, 32.825829], [-97.124587, 32.825837], [-97.124591, 32.822111], [-97.151766, 32.82215], [-97.155763, 32.823439], [-97.164485, 32.823563], [-97.164335, 32.827293], [-97.166432, 32.827215], [-97.166444, 32.833963], [-97.16787, 32.833942], [-97.167755, 32.835692]]]}}, {"type": "Feature", "properties": {"zip": "75166", "city": "Lavon", "county": "Collin County", "zhvi_2010": 265555, "zhvi_2011": 247909, "zhvi_2012": 242408, "zhvi_2013": 250599, "zhvi_2014": 267725, "zhvi_2015": 294896, "zhvi_2016": 321761, "zhvi_2017": 337173, "zhvi_2018": 344099, "zhvi_2019": 345537, "zhvi_2020": 352043, "zhvi_2021": 399583, "zhvi_2022": 460915, "zhvi_2023": 423796, "zhvi_2024": 398222, "zhvi_2025": 365794, "zori_2015": null, "zori_2016": null, "zori_2017": null, "zori_2018": null, "zori_2019": null, "zori_2020": null, "zori_2021": null, "zori_2022": null, "zori_2023": null, "zori_2024": null, "zori_2025": 2381, "has_zhvi": true, "has_zori": true}, "geometry": {"type": "Polygon", "coordinates": [[[-96.488072, 32.988325], [-96.486807, 32.989681], [-96.484757, 32.990534], [-96.484751, 32.994342], [-96.484281, 32.995297], [-96.485317, 32.997017], [-96.486419, 32.996336], [-96.487801, 32.997255], [-96.486258, 32.998849], [-96.486476, 33.001378], [-96.485549, 33.003175], [-96.486522, 33.006129], [-96.484709, 33.005665], [-96.485359, 33.008693], [-96.483352, 33.007615], [-96.48318, 33.008074], [-96.483795, 33.008048], [-96.483961, 33.009507], [-96.48578, 33.009833], [-96.484961, 33.011304], [-96.483515, 33.011221], [-96.480725, 33.01388], [-96.483109, 33.015028], [-96.482093, 33.016014], [-96.478456, 33.017232], [-96.478972, 33.015967], [-96.477475, 33.015399], [-96.476534, 33.016542], [-96.476948, 33.019508], [-96.477896, 33.020308], [-96.475768, 33.023601], [-96.475886, 33.025306], [-96.480247, 33.028343], [-96.481676, 33.031798], [-96.482266, 33.044373], [-96.46906, 33.042248], [-96.458011, 33.045216], [-96.450271, 33.049532], [-96.447686, 33.049547], [-96.444246, 33.050529], [-96.437503, 33.050612], [-96.434158, 33.05126], [-96.429743, 33.050534], [-96.426251, 33.05294], [-96.424349, 33.05331], [-96.423537, 33.052985], [-96.424962, 33.043444], [-96.420282, 33.043332], [-96.420596, 33.036394], [-96.42335, 33.036502], [-96.423643, 33.031002], [-96.379098, 33.035773], [-96.397819, 33.033666], [-96.398111, 33.020679], [-96.419828, 33.021158], [-96.418193, 33.019163], [-96.41944, 32.998618], [-96.42835, 32.998764], [-96.428345, 32.991246], [-96.43717, 32.994029], [-96.443271, 32.992776], [-96.443986, 32.990023], [-96.443949, 32.98236], [-96.489673, 32.982685], [-96.488072, 32.988325]]]}}, {"type": "Feature", "properties": {"zip": "76258", "city": "Pilot Point", "county": "Denton County", "zhvi_2010": 189921, "zhvi_2011": 174927, "zhvi_2012": 171409, "zhvi_2013": 181435, "zhvi_2014": 195693, "zhvi_2015": 215090, "zhvi_2016": 241430, "zhvi_2017": 270503, "zhvi_2018": 289978, "zhvi_2019": 299212, "zhvi_2020": 314201, "zhvi_2021": 353895, "zhvi_2022": 399998, "zhvi_2023": 388699, "zhvi_2024": 370048, "zhvi_2025": 344543, "zori_2015": null, "zori_2016": null, "zori_2017": null, "zori_2018": null, "zori_2019": null, "zori_2020": null, "zori_2021": null, "zori_2022": null, "zori_2023": null, "zori_2024": null, "zori_2025": null, "has_zhvi": true, "has_zori": false}, "geometry": {"type": "Polygon", "coordinates": [[[-97.0372, 33.358074], [-97.034554, 33.358845], [-97.034419, 33.360951], [-97.032799, 33.361303], [-97.030402, 33.360937], [-97.03276, 33.362296], [-97.033008, 33.363635], [-97.031536, 33.364523], [-97.0302, 33.363695], [-97.029276, 33.364615], [-97.023857, 33.365592], [-97.022785, 33.364932], [-97.020981, 33.366056], [-97.020358, 33.36562], [-97.019167, 33.366743], [-97.017152, 33.367306], [-97.014881, 33.368946], [-97.012696, 33.369973], [-97.011717, 33.369504], [-97.009971, 33.370748], [-97.011227, 33.371675], [-97.014168, 33.371837], [-97.015197, 33.372707], [-97.015112, 33.375836], [-97.01607, 33.374277], [-97.017681, 33.374433], [-97.017332, 33.371775], [-97.020682, 33.37013], [-97.021596, 33.371004], [-97.021245, 33.372096], [-97.018981, 33.374527], [-97.020286, 33.374809], [-97.023879, 33.373565], [-97.024342, 33.375299], [-97.025861, 33.374566], [-97.026662, 33.375762], [-97.028183, 33.376477], [-97.031321, 33.37681], [-97.032333, 33.377557], [-97.033734, 33.380938], [-97.032721, 33.380862], [-97.032402, 33.382438], [-97.033642, 33.383344], [-97.032852, 33.384068], [-97.030202, 33.383839], [-97.029085, 33.383032], [-97.029759, 33.386082], [-97.026926, 33.386505], [-97.025946, 33.38582], [-97.025977, 33.384314], [-97.025021, 33.383933], [-97.024527, 33.385047], [-97.025554, 33.386723], [-97.025366, 33.388223], [-97.023605, 33.389673], [-97.021669, 33.390427], [-97.020277, 33.391838], [-97.017091, 33.392541], [-97.016457, 33.390545], [-97.014091, 33.388346], [-97.013163, 33.388454], [-97.012352, 33.389805], [-97.011752, 33.392564], [-97.009593, 33.392086], [-97.008047, 33.390583], [-97.00906, 33.389493], [-97.00734, 33.38888], [-97.008233, 33.387991], [-97.009119, 33.385658], [-97.008056, 33.383989], [-97.009294, 33.383346], [-97.008329, 33.381734], [-97.006829, 33.383294], [-97.006408, 33.385241], [-97.004907, 33.384786], [-97.002763, 33.385596], [-97.002747, 33.386384], [-97.001277, 33.38602], [-96.998303, 33.386712], [-96.996965, 33.386166], [-96.996547, 33.384859], [-96.995589, 33.384959], [-96.996229, 33.382179], [-96.995207, 33.382404], [-96.995135, 33.381037], [-96.994232, 33.380463], [-96.993748, 33.378873], [-96.992969, 33.37943], [-96.993975, 33.381717], [-96.991765, 33.380207], [-96.99062, 33.380912], [-96.992781, 33.38272], [-96.993608, 33.384458], [-96.990877, 33.385181], [-96.991035, 33.38619], [-96.989517, 33.385942], [-96.989684, 33.387071], [-96.988303, 33.387104], [-96.98997, 33.388105], [-96.989862, 33.389567], [-96.988794, 33.390002], [-96.988328, 33.3917], [-96.991026, 33.390912], [-96.992479, 33.388128], [-96.993513, 33.387774], [-96.995015, 33.389516], [-96.994931, 33.392941], [-96.993748, 33.394043], [-96.996616, 33.393872], [-96.998035, 33.395426], [-96.997272, 33.398314], [-96.998315, 33.39974], [-96.999048, 33.399746], [-97.001244, 33.397683], [-97.004398, 33.397697], [-97.005138, 33.397038], [-97.006144, 33.397716], [-97.006739, 33.396478], [-97.007551, 33.397481], [-97.006889, 33.398275], [-97.009144, 33.399842], [-97.010372, 33.399928], [-97.010034, 33.401291], [-97.008208, 33.401503], [-97.00653, 33.403222], [-97.004512, 33.401721], [-97.003719, 33.39933], [-97.00277, 33.401936], [-97.00093, 33.403233], [-97.000853, 33.404331], [-97.001932, 33.405169], [-97.001561, 33.406441], [-97.000109, 33.407411], [-96.999908, 33.408718], [-96.996496, 33.409495], [-96.995753, 33.408307], [-96.994273, 33.408959], [-96.990218, 33.409113], [-96.9871, 33.408027], [-96.987101, 33.409253], [-96.98463, 33.409112], [-96.985804, 33.411193], [-96.987587, 33.410739], [-96.990335, 33.412942], [-96.992065, 33.415214], [-96.991995, 33.416941], [-96.990388, 33.414874], [-96.988842, 33.414087], [-96.984255, 33.414893], [-96.983897, 33.416154], [-96.982796, 33.416164], [-96.983035, 33.417677], [-96.986452, 33.418464], [-96.988393, 33.419612], [-96.9892, 33.421315], [-96.988238, 33.425069], [-96.986645, 33.423262], [-96.986814, 33.420915], [-96.983785, 33.419212], [-96.982586, 33.420521], [-96.981458, 33.419752], [-96.982869, 33.422213], [-96.983532, 33.424928], [-96.982714, 33.427814], [-96.9823, 33.425467], [-96.980537, 33.425902], [-96.980104, 33.424127], [-96.976342, 33.424243], [-96.977889, 33.426436], [-96.977411, 33.427239], [-96.979942, 33.428606], [-96.978409, 33.431503], [-96.977282, 33.431789], [-96.972575, 33.429482], [-96.970752, 33.426581], [-96.967617, 33.425543], [-96.967669, 33.424572], [-96.965896, 33.424283], [-96.96584, 33.422414], [-96.964901, 33.421498], [-96.96621, 33.420258], [-96.96398, 33.418297], [-96.964452, 33.417064], [-96.958427, 33.41687], [-96.954728, 33.42354], [-96.948795, 33.425897], [-96.946278, 33.428248], [-96.943746, 33.432444], [-96.943665, 33.445238], [-96.940828, 33.446733], [-96.937863, 33.449421], [-96.93205, 33.448989], [-96.923081, 33.446268], [-96.916618, 33.446476], [-96.907465, 33.448025], [-96.903908, 33.447517], [-96.903915, 33.447125], [-96.900832, 33.447748], [-96.900997, 33.445874], [-96.900481, 33.442912], [-96.899765, 33.444472], [-96.897405, 33.444219], [-96.894633, 33.442597], [-96.893985, 33.441338], [-96.893171, 33.442547], [-96.890831, 33.442375], [-96.889127, 33.441116], [-96.885744, 33.442384], [-96.884906, 33.441076], [-96.883515, 33.442614], [-96.880861, 33.441387], [-96.879103, 33.442177], [-96.876757, 33.442377], [-96.873992, 33.441393], [-96.87184, 33.443379], [-96.869832, 33.444167], [-96.867952, 33.441861], [-96.859692, 33.441707], [-96.859067, 33.439653], [-96.840295, 33.439639], [-96.84034, 33.438645], [-96.815705, 33.438369], [-96.815722, 33.431902], [-96.818119, 33.431923], [-96.81815, 33.428517], [-96.820925, 33.428478], [-96.82094, 33.423954], [-96.815443, 33.423952], [-96.815532, 33.420651], [-96.827541, 33.420786], [-96.827481, 33.425418], [-96.834327, 33.4254], [-96.83488, 33.407051], [-96.834776, 33.405489], [-96.83411, 33.405498], [-96.83622, 33.321852], [-96.846015, 33.32182], [-96.847275, 33.322401], [-96.853232, 33.32251], [-96.85385, 33.31609], [-96.866795, 33.31642], [-96.867077, 33.314157], [-96.869733, 33.312292], [-96.867575, 33.311345], [-96.867774, 33.310447], [-96.870121, 33.310138], [-96.871279, 33.309148], [-96.874813, 33.308521], [-96.873536, 33.307222], [-96.874101, 33.306207], [-96.876425, 33.306542], [-96.878611, 33.305642], [-96.878703, 33.30422], [-96.879812, 33.30469], [-96.879874, 33.302968], [-96.882006, 33.302242], [-96.88335, 33.302391], [-96.88189, 33.301313], [-96.880921, 33.30182], [-96.88028, 33.300514], [-96.882314, 33.299884], [-96.881963, 33.29703], [-96.883318, 33.296425], [-96.88618, 33.293716], [-96.886978, 33.29197], [-96.887151, 33.289541], [-96.888015, 33.288322], [-96.89225, 33.288395], [-96.89186, 33.295209], [-96.91476, 33.29641], [-96.918681, 33.297514], [-96.922433, 33.296807], [-96.926509, 33.298972], [-96.928526, 33.300703], [-96.930359, 33.300727], [-96.935539, 33.304375], [-96.936441, 33.304403], [-96.936142, 33.309674], [-96.938257, 33.309626], [-96.938485, 33.306377], [-96.947014, 33.306758], [-96.94709, 33.305514], [-96.957294, 33.306174], [-96.957345, 33.3046], [-96.970265, 33.304676], [-96.970316, 33.302087], [-96.974556, 33.302088], [-96.974513, 33.30858], [-96.97224, 33.308606], [-96.972215, 33.311303], [-96.97928, 33.311529], [-96.983916, 33.304211], [-96.973934, 33.320974], [-96.973833, 33.321832], [-96.98044, 33.32198], [-96.980186, 33.325891], [-96.985265, 33.326112], [-96.985112, 33.332488], [-96.991554, 33.332733], [-96.991551, 33.331515], [-96.996587, 33.331576], [-96.996564, 33.332916], [-97.001655, 33.333122], [-97.001711, 33.329192], [-97.006546, 33.329037], [-97.013499, 33.327011], [-97.015696, 33.327629], [-97.017081, 33.327129], [-97.020485, 33.324057], [-97.02259, 33.324328], [-97.022798, 33.323343], [-97.02558, 33.323034], [-97.026614, 33.322076], [-97.026899, 33.324213], [-97.024663, 33.324499], [-97.024244, 33.326335], [-97.02579, 33.327111], [-97.028124, 33.326628], [-97.028145, 33.327562], [-97.0264, 33.328201], [-97.026083, 33.32996], [-97.029668, 33.332741], [-97.029597, 33.334694], [-97.030812, 33.338555], [-97.029281, 33.341231], [-97.031027, 33.346691], [-97.035204, 33.356167], [-97.036074, 33.357867], [-97.0372, 33.358074]]]}}, {"type": "Feature", "properties": {"zip": "76227", "city": "Aubrey", "county": "Denton County", "zhvi_2010": 236297, "zhvi_2011": 215848, "zhvi_2012": 216709, "zhvi_2013": 235043, "zhvi_2014": 257038, "zhvi_2015": 283521, "zhvi_2016": 311012, "zhvi_2017": 330475, "zhvi_2018": 341466, "zhvi_2019": 339487, "zhvi_2020": 342205, "zhvi_2021": 387029, "zhvi_2022": 450825, "zhvi_2023": 419203, "zhvi_2024": 401716, "zhvi_2025": 373735, "zori_2015": 1514, "zori_2016": 1556, "zori_2017": 1593, "zori_2018": 1617, "zori_2019": 1643, "zori_2020": 1655, "zori_2021": 1810, "zori_2022": 1847, "zori_2023": 1791, "zori_2024": 1721, "zori_2025": 1659, "has_zhvi": true, "has_zori": true}, "geometry": {"type": "Polygon", "coordinates": [[[-97.123906, 33.305512], [-97.122466, 33.306406], [-97.120164, 33.303658], [-97.10829, 33.303657], [-97.1083, 33.309995], [-97.11072, 33.31011], [-97.11068, 33.31357], [-97.095555, 33.313515], [-97.095602, 33.329841], [-97.089419, 33.329863], [-97.089492, 33.342558], [-97.087421, 33.342567], [-97.087276, 33.345372], [-97.089654, 33.345457], [-97.08959, 33.35061], [-97.08676, 33.34948], [-97.083095, 33.349051], [-97.056405, 33.352536], [-97.036074, 33.357867], [-97.031027, 33.346691], [-97.029281, 33.341231], [-97.030812, 33.338555], [-97.029597, 33.334694], [-97.029668, 33.332741], [-97.026083, 33.32996], [-97.0264, 33.328201], [-97.028145, 33.327562], [-97.028124, 33.326628], [-97.02579, 33.327111], [-97.024244, 33.326335], [-97.024663, 33.324499], [-97.026899, 33.324213], [-97.026614, 33.322076], [-97.02558, 33.323034], [-97.022798, 33.323343], [-97.02259, 33.324328], [-97.020485, 33.324057], [-97.017081, 33.327129], [-97.015696, 33.327629], [-97.013499, 33.327011], [-97.006546, 33.329037], [-97.001711, 33.329192], [-97.001655, 33.333122], [-96.996564, 33.332916], [-96.996587, 33.331576], [-96.991551, 33.331515], [-96.991554, 33.332733], [-96.985112, 33.332488], [-96.985265, 33.326112], [-96.980186, 33.325891], [-96.98044, 33.32198], [-96.973833, 33.321832], [-96.973934, 33.320974], [-96.983916, 33.304211], [-96.97928, 33.311529], [-96.972215, 33.311303], [-96.97224, 33.308606], [-96.974513, 33.30858], [-96.974556, 33.302088], [-96.970316, 33.302087], [-96.970265, 33.304676], [-96.957345, 33.3046], [-96.957294, 33.306174], [-96.94709, 33.305514], [-96.947014, 33.306758], [-96.938485, 33.306377], [-96.938257, 33.309626], [-96.936142, 33.309674], [-96.936441, 33.304403], [-96.935539, 33.304375], [-96.930359, 33.300727], [-96.928526, 33.300703], [-96.926509, 33.298972], [-96.922433, 33.296807], [-96.918681, 33.297514], [-96.91476, 33.29641], [-96.89186, 33.295209], [-96.892761, 33.279818], [-96.886984, 33.279724], [-96.885374, 33.280199], [-96.876502, 33.286703], [-96.876536, 33.284562], [-96.86448, 33.284444], [-96.864628, 33.274676], [-96.864461, 33.272293], [-96.86392, 33.272118], [-96.863538, 33.258419], [-96.864391, 33.257914], [-96.865608, 33.255623], [-96.868106, 33.25434], [-96.870907, 33.253695], [-96.882012, 33.254257], [-96.882166, 33.255189], [-96.882958, 33.255199], [-96.882972, 33.253167], [-96.88219, 33.253156], [-96.88229, 33.252071], [-96.88273, 33.25186], [-96.89422, 33.25189], [-96.894403, 33.248404], [-96.880254, 33.248239], [-96.880329, 33.244527], [-96.882306, 33.243499], [-96.88356, 33.240819], [-96.884066, 33.233775], [-96.883777, 33.232537], [-96.885224, 33.230479], [-96.897, 33.231009], [-96.897338, 33.223824], [-96.89805, 33.21952], [-96.891256, 33.219361], [-96.893382, 33.215105], [-96.894918, 33.21344], [-96.898735, 33.211833], [-96.89945, 33.211085], [-96.904176, 33.210688], [-96.905652, 33.211374], [-96.907647, 33.20725], [-96.907168, 33.206249], [-96.908225, 33.206137], [-96.908959, 33.204908], [-96.911375, 33.205421], [-96.91166, 33.206649], [-96.91366, 33.205304], [-96.913953, 33.204183], [-96.915496, 33.203142], [-96.916876, 33.203073], [-96.917839, 33.201622], [-96.919268, 33.201497], [-96.918985, 33.204099], [-96.917775, 33.206744], [-96.913963, 33.210001], [-96.915048, 33.213066], [-96.913419, 33.212069], [-96.912249, 33.212291], [-96.912053, 33.214672], [-96.911068, 33.214606], [-96.910919, 33.217825], [-96.912712, 33.218675], [-96.919041, 33.218853], [-96.919342, 33.214894], [-96.93066, 33.21529], [-96.93021, 33.22076], [-96.96501, 33.22211], [-96.97201, 33.22321], [-96.9721, 33.222029], [-96.97045, 33.22272], [-96.97056, 33.220844], [-96.97365, 33.220875], [-96.97366, 33.222119], [-96.97644, 33.22225], [-96.976656, 33.215612], [-96.975305, 33.211954], [-96.97494, 33.20957], [-96.97697, 33.20443], [-96.97852, 33.20188], [-96.97881, 33.197719], [-96.976837, 33.195633], [-96.991511, 33.196698], [-96.99127, 33.20065], [-96.99736, 33.200863], [-96.997326, 33.2048], [-96.997979, 33.204842], [-97.00259, 33.203322], [-97.002683, 33.202852], [-97.004328, 33.202669], [-97.004369, 33.201016], [-97.007032, 33.200217], [-97.008471, 33.200296], [-97.010378, 33.198738], [-97.011849, 33.195732], [-97.011149, 33.194968], [-97.011832, 33.194198], [-97.012012, 33.18849], [-97.019775, 33.188336], [-97.020279, 33.199542], [-97.023665, 33.202979], [-97.025618, 33.208367], [-97.026473, 33.209983], [-97.028981, 33.212311], [-97.03073, 33.216564], [-97.031195, 33.222019], [-97.036532, 33.23891], [-97.036614, 33.254123], [-97.037174, 33.258071], [-97.038639, 33.260816], [-97.042546, 33.264533], [-97.048803, 33.263863], [-97.05008, 33.26306], [-97.052485, 33.263478], [-97.054206, 33.26464], [-97.053727, 33.262102], [-97.057324, 33.265357], [-97.057049, 33.267407], [-97.054959, 33.267927], [-97.055226, 33.271552], [-97.058265, 33.277535], [-97.06088, 33.277085], [-97.061397, 33.278482], [-97.064986, 33.28031], [-97.068436, 33.27897], [-97.069267, 33.282263], [-97.071084, 33.282116], [-97.072303, 33.280574], [-97.076148, 33.281638], [-97.077354, 33.281177], [-97.079412, 33.281627], [-97.079395, 33.282838], [-97.077323, 33.282688], [-97.078679, 33.283749], [-97.081229, 33.284084], [-97.081744, 33.285109], [-97.082633, 33.285159], [-97.084421, 33.283748], [-97.08817, 33.283654], [-97.08739, 33.282578], [-97.092386, 33.281836], [-97.096342, 33.277777], [-97.09954, 33.27877], [-97.101833, 33.28165], [-97.108918, 33.284784], [-97.112784, 33.289082], [-97.112496, 33.290545], [-97.111071, 33.290557], [-97.110586, 33.291663], [-97.113124, 33.292493], [-97.113536, 33.293374], [-97.115187, 33.293419], [-97.116025, 33.292751], [-97.11726, 33.293284], [-97.114927, 33.294007], [-97.116788, 33.294525], [-97.119646, 33.297277], [-97.118287, 33.300013], [-97.120276, 33.299425], [-97.121685, 33.299618], [-97.123044, 33.29898], [-97.123806, 33.299639], [-97.123664, 33.301343], [-97.122437, 33.30183], [-97.121836, 33.303041], [-97.120393, 33.303272], [-97.122606, 33.305261], [-97.123906, 33.305512]]]}}, {"type": "Feature", "properties": {"zip": "75216", "city": "Dallas", "county": "Dallas County", "zhvi_2010": 78004, "zhvi_2011": 61341, "zhvi_2012": 60255, "zhvi_2013": 61696, "zhvi_2014": 65893, "zhvi_2015": 73436, "zhvi_2016": 87662, "zhvi_2017": 102744, "zhvi_2018": 126967, "zhvi_2019": 144625, "zhvi_2020": 165431, "zhvi_2021": 188875, "zhvi_2022": 211967, "zhvi_2023": 202127, "zhvi_2024": 195639, "zhvi_2025": 180707, "zori_2015": null, "zori_2016": null, "zori_2017": null, "zori_2018": null, "zori_2019": null, "zori_2020": null, "zori_2021": null, "zori_2022": null, "zori_2023": 1585, "zori_2024": 1622, "zori_2025": 1640, "has_zhvi": true, "has_zori": true}, "geometry": {"type": "Polygon", "coordinates": [[[-96.824225, 32.700991], [-96.822946, 32.700992], [-96.822972, 32.703023], [-96.822344, 32.703025], [-96.822985, 32.705956], [-96.822887, 32.719167], [-96.821681, 32.720275], [-96.822878, 32.720318], [-96.822813, 32.722814], [-96.82164, 32.722831], [-96.821605, 32.726359], [-96.822704, 32.733015], [-96.812478, 32.741093], [-96.811618, 32.737786], [-96.810329, 32.73867], [-96.810372, 32.739134], [-96.802323, 32.739127], [-96.802423, 32.738601], [-96.799691, 32.738613], [-96.799454, 32.739132], [-96.798622, 32.739061], [-96.800131, 32.733257], [-96.799828, 32.730745], [-96.798975, 32.728771], [-96.799496, 32.728561], [-96.799512, 32.726263], [-96.802266, 32.72381], [-96.803727, 32.720159], [-96.802543, 32.720138], [-96.80054, 32.721815], [-96.796009, 32.719445], [-96.792503, 32.719861], [-96.790374, 32.719265], [-96.792014, 32.720354], [-96.787031, 32.722431], [-96.788085, 32.725743], [-96.790343, 32.727043], [-96.778256, 32.732853], [-96.780644, 32.738144], [-96.781065, 32.740105], [-96.780717, 32.743003], [-96.777533, 32.749913], [-96.775531, 32.747933], [-96.776022, 32.7464], [-96.773198, 32.745824], [-96.771059, 32.743814], [-96.770308, 32.741467], [-96.766503, 32.739086], [-96.768797, 32.746678], [-96.758081, 32.73651], [-96.758158, 32.727995], [-96.754993, 32.728364], [-96.753169, 32.728099], [-96.750983, 32.726402], [-96.748365, 32.725603], [-96.746616, 32.723717], [-96.735751, 32.724048], [-96.734043, 32.723626], [-96.732225, 32.721812], [-96.731869, 32.718713], [-96.733262, 32.714851], [-96.736104, 32.709711], [-96.735779, 32.707635], [-96.734203, 32.703658], [-96.734566, 32.700743], [-96.734039, 32.699823], [-96.728495, 32.698396], [-96.72554, 32.698725], [-96.723691, 32.6973], [-96.721019, 32.696513], [-96.713051, 32.696408], [-96.714555, 32.694648], [-96.720437, 32.693334], [-96.733955, 32.68686], [-96.751459, 32.717473], [-96.755347, 32.715589], [-96.753326, 32.712521], [-96.754062, 32.71214], [-96.75621, 32.712778], [-96.752853, 32.701165], [-96.755057, 32.700328], [-96.754517, 32.698969], [-96.758805, 32.696015], [-96.760177, 32.698262], [-96.765968, 32.696322], [-96.76514, 32.693917], [-96.771533, 32.691055], [-96.771721, 32.693689], [-96.774099, 32.692092], [-96.775358, 32.692858], [-96.780146, 32.69051], [-96.779817, 32.688904], [-96.788733, 32.684755], [-96.789622, 32.686191], [-96.792343, 32.685481], [-96.791132, 32.683161], [-96.792475, 32.682966], [-96.793897, 32.685068], [-96.805234, 32.682162], [-96.805905, 32.679049], [-96.807827, 32.679132], [-96.808512, 32.683023], [-96.811004, 32.683776], [-96.816473, 32.683828], [-96.820731, 32.686113], [-96.82258, 32.683438], [-96.822417, 32.684859], [-96.821303, 32.686538], [-96.823126, 32.687101], [-96.823076, 32.696098], [-96.824225, 32.700991]]]}}, {"type": "Feature", "properties": {"zip": "75062", "city": "Irving", "county": "Dallas County", "zhvi_2010": 158260, "zhvi_2011": 146213, "zhvi_2012": 142320, "zhvi_2013": 152370, "zhvi_2014": 164358, "zhvi_2015": 181105, "zhvi_2016": 202909, "zhvi_2017": 228890, "zhvi_2018": 252954, "zhvi_2019": 263966, "zhvi_2020": 277593, "zhvi_2021": 298805, "zhvi_2022": 324827, "zhvi_2023": 319003, "zhvi_2024": 319072, "zhvi_2025": 300053, "zori_2015": null, "zori_2016": null, "zori_2017": null, "zori_2018": null, "zori_2019": null, "zori_2020": null, "zori_2021": 1411, "zori_2022": 1494, "zori_2023": 1432, "zori_2024": 1402, "zori_2025": 1369, "has_zhvi": true, "has_zori": true}, "geometry": {"type": "Polygon", "coordinates": [[[-97.022123, 32.837136], [-97.021925, 32.847698], [-97.021289, 32.856918], [-97.007909, 32.856966], [-97.007649, 32.859901], [-97.006287, 32.858268], [-97.004915, 32.857884], [-97.004929, 32.857101], [-96.99966, 32.857084], [-96.999609, 32.858559], [-96.994063, 32.858853], [-96.994041, 32.85708], [-96.991219, 32.85706], [-96.990906, 32.858732], [-96.98829, 32.859225], [-96.987405, 32.855763], [-96.98128, 32.856198], [-96.978879, 32.855106], [-96.970357, 32.856444], [-96.967438, 32.856059], [-96.963549, 32.856477], [-96.960608, 32.858806], [-96.957783, 32.859034], [-96.956851, 32.858521], [-96.953536, 32.860557], [-96.954396, 32.861782], [-96.951205, 32.866165], [-96.951504, 32.866841], [-96.949071, 32.866743], [-96.94813, 32.865554], [-96.942322, 32.868861], [-96.940226, 32.865237], [-96.938367, 32.866529], [-96.937149, 32.865147], [-96.938755, 32.863994], [-96.935628, 32.860608], [-96.934231, 32.861612], [-96.932772, 32.860785], [-96.93123, 32.860953], [-96.930763, 32.859535], [-96.932785, 32.857971], [-96.916369, 32.848337], [-96.916081, 32.843483], [-96.917328, 32.841178], [-96.914848, 32.840548], [-96.914042, 32.843562], [-96.909136, 32.849483], [-96.906172, 32.853995], [-96.904048, 32.854188], [-96.903099, 32.85262], [-96.901894, 32.852185], [-96.901094, 32.852352], [-96.90032, 32.853491], [-96.899371, 32.853658], [-96.897941, 32.852463], [-96.898553, 32.850549], [-96.895362, 32.85092], [-96.893663, 32.849738], [-96.893201, 32.847803], [-96.891615, 32.847164], [-96.889554, 32.848166], [-96.888789, 32.847524], [-96.889666, 32.844122], [-96.889744, 32.831702], [-96.890595, 32.830489], [-96.893786, 32.832141], [-96.897001, 32.833101], [-96.897479, 32.832265], [-96.902717, 32.8341], [-96.902685, 32.835735], [-96.907461, 32.836393], [-96.913927, 32.836537], [-96.917144, 32.830682], [-96.914912, 32.836925], [-96.940497, 32.83726], [-96.952153, 32.83663], [-96.95274, 32.83334], [-96.954349, 32.83388], [-96.962529, 32.833725], [-96.962767, 32.83673], [-96.968291, 32.83709], [-97.022123, 32.837136]]]}}, {"type": "Feature", "properties": {"zip": "75134", "city": "Lancaster", "county": "Dallas County", "zhvi_2010": 113404, "zhvi_2011": 101632, "zhvi_2012": 102543, "zhvi_2013": 114545, "zhvi_2014": 130769, "zhvi_2015": 149908, "zhvi_2016": 170829, "zhvi_2017": 189429, "zhvi_2018": 207868, "zhvi_2019": 220843, "zhvi_2020": 232478, "zhvi_2021": 260530, "zhvi_2022": 296859, "zhvi_2023": 289988, "zhvi_2024": 283044, "zhvi_2025": 264603, "zori_2015": null, "zori_2016": null, "zori_2017": null, "zori_2018": null, "zori_2019": null, "zori_2020": null, "zori_2021": 1907, "zori_2022": 1939, "zori_2023": 1970, "zori_2024": 1995, "zori_2025": 2029, "has_zhvi": true, "has_zori": true}, "geometry": {"type": "MultiPolygon", "coordinates": [[[[-96.709076, 32.627532], [-96.704346, 32.629698], [-96.702394, 32.624879], [-96.706068, 32.62298], [-96.709076, 32.627532]]], [[[-96.815992, 32.611057], [-96.813053, 32.611035], [-96.813018, 32.608829], [-96.815981, 32.608749], [-96.815992, 32.611057]]], [[[-96.823324, 32.642285], [-96.805696, 32.642331], [-96.805728, 32.647737], [-96.802544, 32.649311], [-96.790572, 32.647844], [-96.784044, 32.63843], [-96.7788, 32.640807], [-96.777199, 32.638059], [-96.775795, 32.63877], [-96.773213, 32.634328], [-96.765656, 32.618582], [-96.746369, 32.618564], [-96.746281, 32.625891], [-96.744513, 32.626367], [-96.74474, 32.632109], [-96.74679, 32.631659], [-96.748525, 32.634205], [-96.748067, 32.636653], [-96.749701, 32.6407], [-96.73779, 32.641258], [-96.737125, 32.640988], [-96.738025, 32.639367], [-96.736357, 32.636817], [-96.736318, 32.634127], [-96.735003, 32.63196], [-96.73489, 32.628127], [-96.744648, 32.623461], [-96.745404, 32.618763], [-96.715818, 32.618209], [-96.71428, 32.618964], [-96.714764, 32.619689], [-96.713415, 32.620398], [-96.712869, 32.619659], [-96.709967, 32.621071], [-96.710271, 32.612745], [-96.718695, 32.612622], [-96.718675, 32.611121], [-96.73306, 32.611236], [-96.736051, 32.61583], [-96.736082, 32.617609], [-96.747695, 32.603952], [-96.753208, 32.603928], [-96.754481, 32.604905], [-96.758708, 32.604842], [-96.758047, 32.603855], [-96.760683, 32.603915], [-96.761107, 32.605021], [-96.774142, 32.605203], [-96.774149, 32.605849], [-96.777642, 32.605835], [-96.777631, 32.605235], [-96.781851, 32.604749], [-96.782708, 32.606324], [-96.780594, 32.606989], [-96.785376, 32.606997], [-96.782798, 32.605278], [-96.782538, 32.604672], [-96.805633, 32.604267], [-96.805634, 32.608345], [-96.80622, 32.611173], [-96.808209, 32.613048], [-96.80711, 32.613805], [-96.808979, 32.614491], [-96.809035, 32.616428], [-96.810577, 32.618788], [-96.822658, 32.618759], [-96.822604, 32.61027], [-96.820899, 32.610291], [-96.820859, 32.607989], [-96.815983, 32.608085], [-96.815973, 32.60427], [-96.822646, 32.6043], [-96.823324, 32.642285]]]]}}, {"type": "Feature", "properties": {"zip": "75009", "city": "Celina", "county": "Collin County", "zhvi_2010": 318552, "zhvi_2011": 300758, "zhvi_2012": 307209, "zhvi_2013": 327794, "zhvi_2014": 357242, "zhvi_2015": 392717, "zhvi_2016": 429583, "zhvi_2017": 454676, "zhvi_2018": 457840, "zhvi_2019": 450566, "zhvi_2020": 454145, "zhvi_2021": 524745, "zhvi_2022": 642843, "zhvi_2023": 608365, "zhvi_2024": 610302, "zhvi_2025": 569916, "zori_2015": null, "zori_2016": null, "zori_2017": null, "zori_2018": null, "zori_2019": null, "zori_2020": null, "zori_2021": null, "zori_2022": 2072, "zori_2023": 2015, "zori_2024": 1922, "zori_2025": 1847, "has_zhvi": true, "has_zori": true}, "geometry": {"type": "Polygon", "coordinates": [[[-96.892761, 33.279818], [-96.89225, 33.288395], [-96.888015, 33.288322], [-96.887151, 33.289541], [-96.886978, 33.29197], [-96.88618, 33.293716], [-96.883318, 33.296425], [-96.881963, 33.29703], [-96.882314, 33.299884], [-96.88028, 33.300514], [-96.880921, 33.30182], [-96.88189, 33.301313], [-96.88335, 33.302391], [-96.882006, 33.302242], [-96.879874, 33.302968], [-96.879812, 33.30469], [-96.878703, 33.30422], [-96.878611, 33.305642], [-96.876425, 33.306542], [-96.874101, 33.306207], [-96.873536, 33.307222], [-96.874813, 33.308521], [-96.871279, 33.309148], [-96.870121, 33.310138], [-96.867774, 33.310447], [-96.867575, 33.311345], [-96.869733, 33.312292], [-96.867077, 33.314157], [-96.866795, 33.31642], [-96.85385, 33.31609], [-96.853232, 33.32251], [-96.847275, 33.322401], [-96.846015, 33.32182], [-96.83622, 33.321852], [-96.83411, 33.405498], [-96.656486, 33.401331], [-96.657509, 33.398732], [-96.655953, 33.395401], [-96.656251, 33.392716], [-96.653371, 33.389567], [-96.654454, 33.388089], [-96.653989, 33.386581], [-96.654405, 33.383813], [-96.650438, 33.382651], [-96.649662, 33.380758], [-96.646103, 33.378856], [-96.645041, 33.377254], [-96.645661, 33.376319], [-96.644609, 33.375509], [-96.645432, 33.373263], [-96.64325, 33.373657], [-96.643414, 33.371222], [-96.642499, 33.369773], [-96.643455, 33.370069], [-96.643721, 33.369329], [-96.641593, 33.368707], [-96.643639, 33.365599], [-96.64224, 33.364793], [-96.642641, 33.36417], [-96.641453, 33.364055], [-96.640956, 33.363339], [-96.641068, 33.361243], [-96.639528, 33.361489], [-96.640204, 33.360255], [-96.639021, 33.35961], [-96.639345, 33.358632], [-96.638846, 33.358424], [-96.637376, 33.359298], [-96.638273, 33.357363], [-96.63627, 33.356698], [-96.63832, 33.356281], [-96.636075, 33.354244], [-96.635344, 33.351999], [-96.636832, 33.350934], [-96.63657, 33.349942], [-96.637564, 33.349575], [-96.635588, 33.348291], [-96.634931, 33.3472], [-96.635782, 33.346627], [-96.63585, 33.344803], [-96.634293, 33.344642], [-96.634052, 33.343988], [-96.635282, 33.341302], [-96.633458, 33.338783], [-96.63522, 33.33863], [-96.634556, 33.337411], [-96.63321, 33.337184], [-96.634266, 33.335818], [-96.633289, 33.335559], [-96.633728, 33.332802], [-96.63283, 33.332503], [-96.632972, 33.331764], [-96.632315, 33.331387], [-96.632472, 33.33052], [-96.631455, 33.330503], [-96.631511, 33.329751], [-96.630708, 33.328927], [-96.628408, 33.329107], [-96.628685, 33.327607], [-96.629972, 33.327264], [-96.630257, 33.326769], [-96.629617, 33.326107], [-96.627389, 33.32526], [-96.627029, 33.323862], [-96.624753, 33.324581], [-96.623641, 33.323956], [-96.624859, 33.323341], [-96.624877, 33.322875], [-96.624018, 33.322459], [-96.6235299877463, 33.3212180041934], [-96.623932, 33.320486], [-96.623642, 33.319887], [-96.62176, 33.319111], [-96.620963, 33.319184], [-96.620528, 33.319775], [-96.620074, 33.31949], [-96.621939, 33.317941], [-96.622678, 33.318042], [-96.621731, 33.316322], [-96.619668, 33.315321], [-96.618347, 33.312846], [-96.619656, 33.311785], [-96.620157, 33.312534], [-96.626453, 33.311149], [-96.629208, 33.30945], [-96.635975, 33.307056], [-96.636025, 33.316349], [-96.644452, 33.316337], [-96.644476, 33.315368], [-96.6497, 33.315392], [-96.649629, 33.316538], [-96.644944, 33.316603], [-96.644487, 33.318111], [-96.653645, 33.318146], [-96.654213, 33.317494], [-96.653558, 33.315201], [-96.65947, 33.315288], [-96.659521, 33.317442], [-96.658885, 33.319607], [-96.660187, 33.319615], [-96.660239, 33.305078], [-96.661964, 33.305052], [-96.662173, 33.292791], [-96.66924, 33.293453], [-96.679783, 33.293261], [-96.68006, 33.290899], [-96.731351, 33.291445], [-96.730369, 33.281779], [-96.730214, 33.270578], [-96.732745, 33.272329], [-96.736687, 33.271883], [-96.738629, 33.26838], [-96.743457, 33.268538], [-96.743915, 33.267819], [-96.744561, 33.269219], [-96.744094, 33.27278], [-96.739953, 33.274335], [-96.738906, 33.276172], [-96.738794, 33.2791], [-96.745848, 33.278092], [-96.745864, 33.277132], [-96.752358, 33.277237], [-96.753221, 33.27863], [-96.754137, 33.284528], [-96.758082, 33.284586], [-96.758056, 33.286921], [-96.762151, 33.286948], [-96.76218, 33.277096], [-96.764943, 33.277104], [-96.76506, 33.271628], [-96.783994, 33.271741], [-96.784305, 33.262605], [-96.800329, 33.262715], [-96.799457, 33.266237], [-96.801556, 33.267012], [-96.801551, 33.262695], [-96.815438, 33.262777], [-96.815373, 33.270982], [-96.815002, 33.271505], [-96.815396, 33.272669], [-96.815311, 33.279809], [-96.817957, 33.279127], [-96.823367, 33.279958], [-96.825055, 33.278391], [-96.825257, 33.281065], [-96.831584, 33.281206], [-96.831605, 33.279369], [-96.837084, 33.27941], [-96.837356, 33.277084], [-96.8646, 33.27718], [-96.86448, 33.284444], [-96.876536, 33.284562], [-96.876502, 33.286703], [-96.885374, 33.280199], [-96.886984, 33.279724], [-96.892761, 33.279818]]]}}, {"type": "Feature", "properties": {"zip": "75246", "city": "Dallas", "county": "Dallas County", "zhvi_2010": 211387, "zhvi_2011": 192238, "zhvi_2012": 188725, "zhvi_2013": 209720, "zhvi_2014": 230865, "zhvi_2015": 258417, "zhvi_2016": 294937, "zhvi_2017": 321220, "zhvi_2018": 342888, "zhvi_2019": 354005, "zhvi_2020": 379685, "zhvi_2021": 405083, "zhvi_2022": 417504, "zhvi_2023": 396527, "zhvi_2024": 380283, "zhvi_2025": 360057, "zori_2015": null, "zori_2016": null, "zori_2017": null, "zori_2018": null, "zori_2019": null, "zori_2020": null, "zori_2021": null, "zori_2022": null, "zori_2023": null, "zori_2024": null, "zori_2025": null, "has_zhvi": true, "has_zori": false}, "geometry": {"type": "Polygon", "coordinates": [[[-96.782866, 32.790248], [-96.780011, 32.792617], [-96.778703, 32.792386], [-96.772692, 32.797376], [-96.773071, 32.797714], [-96.770865, 32.799607], [-96.77124, 32.799958], [-96.770799, 32.800345], [-96.769311, 32.800134], [-96.764208, 32.795665], [-96.765731, 32.793512], [-96.767297, 32.793143], [-96.77164, 32.789355], [-96.772199, 32.789868], [-96.774518, 32.7879], [-96.775341, 32.78636], [-96.779458, 32.786963], [-96.782866, 32.790248]]]}}, {"type": "Feature", "properties": {"zip": "75234", "city": "Farmers Branch", "county": "Dallas County", "zhvi_2010": 185032, "zhvi_2011": 171678, "zhvi_2012": 172026, "zhvi_2013": 185307, "zhvi_2014": 199240, "zhvi_2015": 220127, "zhvi_2016": 249304, "zhvi_2017": 281433, "zhvi_2018": 307994, "zhvi_2019": 317540, "zhvi_2020": 330958, "zhvi_2021": 360645, "zhvi_2022": 387402, "zhvi_2023": 380549, "zhvi_2024": 377634, "zhvi_2025": 356529, "zori_2015": null, "zori_2016": null, "zori_2017": null, "zori_2018": null, "zori_2019": 1607, "zori_2020": 1578, "zori_2021": 1649, "zori_2022": 1752, "zori_2023": 1700, "zori_2024": 1671, "zori_2025": 1623, "has_zhvi": true, "has_zori": true}, "geometry": {"type": "Polygon", "coordinates": [[[-96.937507, 32.913766], [-96.931579, 32.917905], [-96.925229, 32.918028], [-96.925259, 32.926589], [-96.920487, 32.926786], [-96.920507, 32.930639], [-96.915271, 32.930646], [-96.915144, 32.926994], [-96.911356, 32.928396], [-96.909705, 32.928438], [-96.909681, 32.936826], [-96.910073, 32.939176], [-96.902727, 32.939173], [-96.90265, 32.938617], [-96.900705, 32.938712], [-96.900618, 32.939158], [-96.890569, 32.939084], [-96.890418, 32.946374], [-96.871899, 32.94635], [-96.870966, 32.948513], [-96.870721, 32.953381], [-96.855801, 32.953083], [-96.856207, 32.908012], [-96.864, 32.908056], [-96.863999, 32.907674], [-96.869935, 32.907587], [-96.872421, 32.906826], [-96.872404, 32.908712], [-96.872887, 32.908289], [-96.88079, 32.908231], [-96.88162, 32.909436], [-96.882531, 32.909403], [-96.889528, 32.908779], [-96.89185, 32.907715], [-96.892207, 32.908842], [-96.899732, 32.908057], [-96.899644, 32.905928], [-96.902401, 32.905913], [-96.902396, 32.904055], [-96.904286, 32.903851], [-96.904542, 32.906695], [-96.909259, 32.90661], [-96.911491, 32.895688], [-96.918753, 32.895636], [-96.918633, 32.903942], [-96.919352, 32.905136], [-96.920899, 32.904075], [-96.922695, 32.90074], [-96.924845, 32.901244], [-96.927714, 32.905329], [-96.931272, 32.907266], [-96.931075, 32.90943], [-96.930244, 32.909249], [-96.930675, 32.910735], [-96.933267, 32.912618], [-96.936103, 32.912832], [-96.937507, 32.913766]]]}}, {"type": "Feature", "properties": {"zip": "76131", "city": "Saginaw", "county": "Tarrant County", "zhvi_2010": 214328, "zhvi_2011": 198910, "zhvi_2012": 194188, "zhvi_2013": 203819, "zhvi_2014": 216029, "zhvi_2015": 234673, "zhvi_2016": 256502, "zhvi_2017": 277303, "zhvi_2018": 294404, "zhvi_2019": 300428, "zhvi_2020": 309356, "zhvi_2021": 347313, "zhvi_2022": 397295, "zhvi_2023": 368293, "zhvi_2024": 351269, "zhvi_2025": 334785, "zori_2015": 1570, "zori_2016": 1622, "zori_2017": 1659, "zori_2018": 1676, "zori_2019": 1730, "zori_2020": 1769, "zori_2021": 1896, "zori_2022": 1932, "zori_2023": 1919, "zori_2024": 1862, "zori_2025": 1812, "has_zhvi": true, "has_zori": true}, "geometry": {"type": "Polygon", "coordinates": [[[-97.391991, 32.924531], [-97.374781, 32.924425], [-97.374781, 32.925217], [-97.372819, 32.925207], [-97.372832, 32.924425], [-97.348818, 32.924293], [-97.348721, 32.916024], [-97.336033, 32.902461], [-97.33171, 32.89879], [-97.331774, 32.887342], [-97.317073, 32.887389], [-97.317011, 32.874763], [-97.312837, 32.853966], [-97.312501, 32.843348], [-97.312773, 32.842067], [-97.314022, 32.840587], [-97.315428, 32.839768], [-97.317444, 32.839495], [-97.326559, 32.839542], [-97.343015, 32.842849], [-97.347511, 32.842333], [-97.358221, 32.838514], [-97.359449, 32.847915], [-97.360145, 32.847858], [-97.359909, 32.848957], [-97.360721, 32.855272], [-97.359096, 32.85586], [-97.353084, 32.849053], [-97.352551, 32.860888], [-97.36169, 32.860885], [-97.362233, 32.863639], [-97.368278, 32.8706], [-97.362731, 32.870859], [-97.363411, 32.874778], [-97.364508, 32.876327], [-97.366162, 32.877145], [-97.369883, 32.877279], [-97.369964, 32.883814], [-97.371791, 32.883747], [-97.373241, 32.882937], [-97.373618, 32.883758], [-97.373649, 32.888314], [-97.380297, 32.888406], [-97.380327, 32.889674], [-97.383349, 32.892707], [-97.380373, 32.89325], [-97.380738, 32.89406], [-97.379235, 32.897828], [-97.385618, 32.897939], [-97.385583, 32.902747], [-97.382324, 32.902758], [-97.382253, 32.904672], [-97.375048, 32.904568], [-97.374971, 32.909823], [-97.391802, 32.909873], [-97.391991, 32.924531]]]}}, {"type": "Feature", "properties": {"zip": "75033", "city": "Frisco", "county": "Denton County", "zhvi_2010": 407921, "zhvi_2011": 386690, "zhvi_2012": 394704, "zhvi_2013": 420577, "zhvi_2014": 451238, "zhvi_2015": 498877, "zhvi_2016": 534514, "zhvi_2017": 547604, "zhvi_2018": 542768, "zhvi_2019": 526471, "zhvi_2020": 534980, "zhvi_2021": 621608, "zhvi_2022": 744705, "zhvi_2023": 709830, "zhvi_2024": 710081, "zhvi_2025": 674086, "zori_2015": 1628, "zori_2016": 1625, "zori_2017": 1669, "zori_2018": 1633, "zori_2019": 1634, "zori_2020": 1622, "zori_2021": 1815, "zori_2022": 1925, "zori_2023": 1828, "zori_2024": 1717, "zori_2025": 1652, "has_zhvi": true, "has_zori": true}, "geometry": {"type": "Polygon", "coordinates": [[[-96.89919, 33.158063], [-96.896871, 33.15878], [-96.895579, 33.160567], [-96.893195, 33.161741], [-96.891994, 33.16436], [-96.885864, 33.166716], [-96.882629, 33.166778], [-96.882112, 33.167489], [-96.881942, 33.178339], [-96.88733, 33.178471], [-96.887017, 33.189901], [-96.88071, 33.20179], [-96.880345, 33.21906], [-96.838803, 33.219386], [-96.8019, 33.218918], [-96.802561, 33.215224], [-96.803374, 33.152881], [-96.808859, 33.150045], [-96.810587, 33.149793], [-96.820718, 33.149934], [-96.827408, 33.151187], [-96.828767, 33.152431], [-96.83208, 33.152898], [-96.837521, 33.152673], [-96.837216, 33.150485], [-96.839378, 33.150266], [-96.838788, 33.145709], [-96.839603, 33.145888], [-96.840428, 33.15252], [-96.890753, 33.153371], [-96.899554, 33.1546], [-96.89919, 33.158063]]]}}, {"type": "Feature", "properties": {"zip": "75230", "city": "Dallas", "county": "Dallas County", "zhvi_2010": 558575, "zhvi_2011": 518417, "zhvi_2012": 523139, "zhvi_2013": 575319, "zhvi_2014": 630593, "zhvi_2015": 694032, "zhvi_2016": 746334, "zhvi_2017": 770498, "zhvi_2018": 788015, "zhvi_2019": 780400, "zhvi_2020": 786631, "zhvi_2021": 851490, "zhvi_2022": 956936, "zhvi_2023": 968911, "zhvi_2024": 984588, "zhvi_2025": 1000059, "zori_2015": null, "zori_2016": null, "zori_2017": null, "zori_2018": 1515, "zori_2019": 1579, "zori_2020": 1630, "zori_2021": 1649, "zori_2022": 1779, "zori_2023": 1756, "zori_2024": 1735, "zori_2025": 1727, "has_zhvi": true, "has_zori": true}, "geometry": {"type": "Polygon", "coordinates": [[[-96.818638, 32.921481], [-96.815044, 32.922232], [-96.81503, 32.924484], [-96.811233, 32.924469], [-96.811145, 32.925503], [-96.803578, 32.924999], [-96.803552, 32.922545], [-96.797251, 32.922536], [-96.797231, 32.924153], [-96.786305, 32.924261], [-96.786307, 32.924658], [-96.78615, 32.924256], [-96.781304, 32.92378], [-96.781697, 32.922872], [-96.779604, 32.920834], [-96.778309, 32.921053], [-96.778905, 32.917423], [-96.776494, 32.916474], [-96.777008, 32.912016], [-96.775096, 32.90977], [-96.773748, 32.909714], [-96.775153, 32.910849], [-96.775988, 32.913552], [-96.771013, 32.913542], [-96.770973, 32.910432], [-96.769347, 32.910404], [-96.768985, 32.912094], [-96.768789, 32.911781], [-96.769387, 32.905543], [-96.770687, 32.906483], [-96.771802, 32.905925], [-96.76942, 32.904128], [-96.769158, 32.901775], [-96.76924, 32.896368], [-96.770851, 32.896237], [-96.769543, 32.894215], [-96.770285, 32.887769], [-96.770249, 32.88015], [-96.770713, 32.88015], [-96.771388, 32.879106], [-96.773744, 32.880024], [-96.778675, 32.880161], [-96.786662, 32.880032], [-96.790234, 32.879043], [-96.796237, 32.879129], [-96.796481, 32.879967], [-96.799884, 32.879967], [-96.799796, 32.879142], [-96.804062, 32.879157], [-96.80404, 32.880114], [-96.809561, 32.880177], [-96.808512, 32.891492], [-96.809257, 32.894923], [-96.818638, 32.921481]]]}}, {"type": "Feature", "properties": {"zip": "76651", "city": "Italy", "county": "Ellis County", "zhvi_2010": 111203, "zhvi_2011": 105289, "zhvi_2012": 109437, "zhvi_2013": 120759, "zhvi_2014": 132006, "zhvi_2015": 146460, "zhvi_2016": 163589, "zhvi_2017": 181832, "zhvi_2018": 200968, "zhvi_2019": 209246, "zhvi_2020": 227153, "zhvi_2021": 254715, "zhvi_2022": 271090, "zhvi_2023": 262156, "zhvi_2024": 256301, "zhvi_2025": 248194, "zori_2015": null, "zori_2016": null, "zori_2017": null, "zori_2018": null, "zori_2019": null, "zori_2020": null, "zori_2021": null, "zori_2022": null, "zori_2023": null, "zori_2024": null, "zori_2025": null, "has_zhvi": true, "has_zori": false}, "geometry": {"type": "Polygon", "coordinates": [[[-96.998528, 32.213372], [-96.976165, 32.222361], [-96.976143, 32.224911], [-96.979869, 32.232754], [-96.973373, 32.235905], [-96.984954, 32.253237], [-96.986136, 32.259098], [-96.995934, 32.273494], [-96.997254, 32.273926], [-96.998296, 32.275382], [-96.993224, 32.275542], [-96.988843, 32.276381], [-96.983289, 32.27619], [-96.979089, 32.273861], [-96.975431, 32.274109], [-96.972497, 32.275733], [-96.970691, 32.275733], [-96.962518, 32.271953], [-96.956889, 32.271782], [-96.955071, 32.269606], [-96.956265, 32.268608], [-96.956112, 32.267074], [-96.955077, 32.26543], [-96.952157, 32.264335], [-96.950165, 32.265144], [-96.947387, 32.262925], [-96.945373, 32.263174], [-96.944009, 32.261229], [-96.942323, 32.260317], [-96.943334, 32.259802], [-96.941437, 32.255862], [-96.94008, 32.256967], [-96.9365, 32.255051], [-96.935155, 32.253679], [-96.933521, 32.254122], [-96.931724, 32.252902], [-96.930465, 32.252985], [-96.929223, 32.252049], [-96.92871, 32.254268], [-96.927031, 32.253755], [-96.926656, 32.252632], [-96.924852, 32.252771], [-96.923444, 32.251342], [-96.923001, 32.25], [-96.923634, 32.249125], [-96.923093, 32.246758], [-96.920504, 32.245973], [-96.91657, 32.243308], [-96.912849, 32.241602], [-96.911631, 32.242162], [-96.909142, 32.240533], [-96.908864, 32.242091], [-96.907011, 32.241], [-96.904488, 32.241081], [-96.902281, 32.239851], [-96.901282, 32.240679], [-96.899147, 32.24042], [-96.892237, 32.237296], [-96.890629, 32.237789], [-96.888254, 32.236047], [-96.884162, 32.234245], [-96.883586, 32.231958], [-96.88051, 32.231371], [-96.881592, 32.230185], [-96.8792, 32.229582], [-96.880004, 32.227499], [-96.877285, 32.226492], [-96.877228, 32.223861], [-96.875555, 32.224247], [-96.873335, 32.223171], [-96.873045, 32.221801], [-96.871313, 32.222839], [-96.869006, 32.22278], [-96.867309, 32.222], [-96.866623, 32.223094], [-96.863474, 32.222467], [-96.863519, 32.220886], [-96.858842, 32.219543], [-96.857728, 32.217962], [-96.857274, 32.214727], [-96.854147, 32.212172], [-96.85458, 32.211083], [-96.853147, 32.211232], [-96.852823, 32.210372], [-96.8509, 32.209921], [-96.849612, 32.208042], [-96.848873, 32.204352], [-96.832657, 32.212687], [-96.831902, 32.219146], [-96.825874, 32.222026], [-96.824374, 32.219858], [-96.810051, 32.22704], [-96.80472, 32.219346], [-96.803755, 32.218441], [-96.799853, 32.217031], [-96.796328, 32.212001], [-96.795443, 32.209326], [-96.792274, 32.20458], [-96.791914, 32.20476], [-96.791112, 32.203878], [-96.787762, 32.202359], [-96.790043, 32.205693], [-96.775422, 32.211359], [-96.762159, 32.222274], [-96.750003, 32.228227], [-96.745872, 32.22586], [-96.743611, 32.226614], [-96.738341, 32.226062], [-96.733408, 32.223346], [-96.732376, 32.223325], [-96.73115, 32.218458], [-96.72502, 32.209339], [-96.731802, 32.20596], [-96.732381, 32.203789], [-96.743267, 32.198516], [-96.751751, 32.198957], [-96.749223, 32.195166], [-96.752869, 32.192675], [-96.735802, 32.167411], [-96.733291, 32.167673], [-96.730019, 32.166243], [-96.72721, 32.166618], [-96.726087, 32.166331], [-96.723721, 32.164619], [-96.722034, 32.162415], [-96.716645, 32.163365], [-96.714075, 32.165562], [-96.713349, 32.167135], [-96.708845, 32.167658], [-96.707692, 32.168891], [-96.704573, 32.169623], [-96.702902, 32.169147], [-96.728613, 32.156802], [-96.730698, 32.159592], [-96.736222, 32.156881], [-96.738236, 32.158626], [-96.753027, 32.151324], [-96.760375, 32.16243], [-96.782389, 32.151821], [-96.779247, 32.147199], [-96.780189, 32.146551], [-96.782678, 32.14777], [-96.78574, 32.146769], [-96.790271, 32.14864], [-96.792468, 32.15048], [-96.795401, 32.150858], [-96.796804, 32.150318], [-96.796528, 32.151936], [-96.797904, 32.153542], [-96.79995, 32.153726], [-96.802139, 32.154646], [-96.809032, 32.149636], [-96.812005, 32.144918], [-96.813905, 32.143873], [-96.814682, 32.14254], [-96.817938, 32.141307], [-96.819179, 32.139985], [-96.820177, 32.139672], [-96.819791, 32.137637], [-96.821791, 32.13504], [-96.823278, 32.134193], [-96.823491, 32.13242], [-96.825588, 32.130075], [-96.827154, 32.127004], [-96.825865, 32.125], [-96.82603, 32.122607], [-96.829671, 32.119916], [-96.831366, 32.120351], [-96.833552, 32.119446], [-96.834525, 32.118412], [-96.836239, 32.118288], [-96.839121, 32.116706], [-96.839918, 32.115716], [-96.842127, 32.115304], [-96.842667, 32.114209], [-96.847886, 32.114162], [-96.847479, 32.112615], [-96.849328, 32.111163], [-96.850074, 32.108799], [-96.847416, 32.106511], [-96.84307, 32.100327], [-96.870765, 32.086564], [-96.879472, 32.099213], [-96.880821, 32.09994], [-96.882412, 32.098799], [-96.884286, 32.098596], [-96.884863, 32.099137], [-96.886667, 32.098596], [-96.890851, 32.10361], [-96.895247, 32.111031], [-96.904677, 32.10699], [-96.912666, 32.118841], [-96.921255, 32.114898], [-96.922933, 32.117698], [-96.927762, 32.118335], [-96.928449, 32.121021], [-96.929657, 32.121779], [-96.93276, 32.122521], [-96.934292, 32.124376], [-96.935825, 32.125107], [-96.935183, 32.126174], [-96.937129, 32.128639], [-96.938225, 32.127724], [-96.93882, 32.128521], [-96.935807, 32.130156], [-96.932512, 32.133107], [-96.938834, 32.136881], [-96.934606, 32.14307], [-96.930982, 32.147122], [-96.936252, 32.152926], [-96.93968, 32.158096], [-96.940384, 32.159659], [-96.939958, 32.162849], [-96.941393, 32.161762], [-96.973312, 32.204244], [-96.989726, 32.195684], [-97.000715, 32.211871], [-96.998528, 32.213372]]]}}, {"type": "Feature", "properties": {"zip": "76208", "city": "Denton", "county": "Denton County", "zhvi_2010": 272849, "zhvi_2011": 256972, "zhvi_2012": 257924, "zhvi_2013": 273406, "zhvi_2014": 287749, "zhvi_2015": 312411, "zhvi_2016": 336207, "zhvi_2017": 351359, "zhvi_2018": 362191, "zhvi_2019": 363744, "zhvi_2020": 372905, "zhvi_2021": 416718, "zhvi_2022": 470250, "zhvi_2023": 447596, "zhvi_2024": 432940, "zhvi_2025": 409432, "zori_2015": null, "zori_2016": null, "zori_2017": null, "zori_2018": null, "zori_2019": null, "zori_2020": null, "zori_2021": null, "zori_2022": 1777, "zori_2023": 1681, "zori_2024": 1627, "zori_2025": 1537, "has_zhvi": true, "has_zori": true}, "geometry": {"type": "Polygon", "coordinates": [[[-97.11266, 33.253614], [-97.10592, 33.263309], [-97.094656, 33.277547], [-97.092386, 33.281836], [-97.08739, 33.282578], [-97.08817, 33.283654], [-97.084421, 33.283748], [-97.082633, 33.285159], [-97.081744, 33.285109], [-97.081229, 33.284084], [-97.078679, 33.283749], [-97.077323, 33.282688], [-97.079395, 33.282838], [-97.079412, 33.281627], [-97.077354, 33.281177], [-97.076148, 33.281638], [-97.072303, 33.280574], [-97.071084, 33.282116], [-97.069267, 33.282263], [-97.068436, 33.27897], [-97.064986, 33.28031], [-97.061397, 33.278482], [-97.06088, 33.277085], [-97.058265, 33.277535], [-97.055226, 33.271552], [-97.054959, 33.267927], [-97.057049, 33.267407], [-97.057324, 33.265357], [-97.053727, 33.262102], [-97.054206, 33.26464], [-97.052485, 33.263478], [-97.05008, 33.26306], [-97.048803, 33.263863], [-97.042546, 33.264533], [-97.038639, 33.260816], [-97.037174, 33.258071], [-97.036614, 33.254123], [-97.036532, 33.23891], [-97.031195, 33.222019], [-97.03073, 33.216564], [-97.028981, 33.212311], [-97.026473, 33.209983], [-97.025618, 33.208367], [-97.023665, 33.202979], [-97.020279, 33.199542], [-97.019775, 33.188336], [-97.02006, 33.179958], [-97.019171, 33.17373], [-97.01657, 33.168722], [-97.014036, 33.166229], [-97.008976, 33.163397], [-97.005112, 33.160348], [-97.001034, 33.154882], [-97.000521, 33.151352], [-97.002366, 33.14251], [-97.021683, 33.142539], [-97.024486, 33.140383], [-97.029874, 33.138151], [-97.029898, 33.142635], [-97.03055, 33.14267], [-97.030543, 33.144385], [-97.03859, 33.1445], [-97.038263, 33.133521], [-97.03864, 33.133319], [-97.038008, 33.133012], [-97.037975, 33.12988], [-97.03902, 33.12991], [-97.04182, 33.13275], [-97.039608, 33.134256], [-97.04273, 33.144287], [-97.044424, 33.143178], [-97.04719, 33.14455], [-97.04725, 33.138959], [-97.05387, 33.1451], [-97.05119, 33.1452], [-97.051059, 33.147973], [-97.049649, 33.147956], [-97.058863, 33.152109], [-97.060843, 33.152443], [-97.06328, 33.155119], [-97.063136, 33.156135], [-97.065958, 33.159202], [-97.068721, 33.163266], [-97.07683, 33.164679], [-97.077932, 33.166457], [-97.072881, 33.166313], [-97.0787, 33.167319], [-97.080193, 33.168076], [-97.082868, 33.171231], [-97.08577, 33.17137], [-97.086395, 33.171024], [-97.089791, 33.173513], [-97.088535, 33.174753], [-97.088237, 33.179544], [-97.086802, 33.179619], [-97.088113, 33.181565], [-97.096092, 33.185386], [-97.096873, 33.184512], [-97.099061, 33.182969], [-97.096963, 33.184593], [-97.101343, 33.190393], [-97.10318, 33.189625], [-97.094279, 33.194194], [-97.09295, 33.195491], [-97.091592, 33.197887], [-97.090435, 33.217358], [-97.086605, 33.217482], [-97.086647, 33.219544], [-97.090545, 33.219624], [-97.08992, 33.241286], [-97.090551, 33.243291], [-97.092166, 33.245801], [-97.09502, 33.248269], [-97.096658, 33.248899], [-97.09972, 33.249139], [-97.10852, 33.249104], [-97.109591, 33.249606], [-97.11266, 33.253614]]]}}, {"type": "Feature", "properties": {"zip": "75217", "city": "Dallas", "county": "Dallas County", "zhvi_2010": 78455, "zhvi_2011": 66288, "zhvi_2012": 62588, "zhvi_2013": 68069, "zhvi_2014": 77410, "zhvi_2015": 88809, "zhvi_2016": 109508, "zhvi_2017": 132758, "zhvi_2018": 154689, "zhvi_2019": 169400, "zhvi_2020": 181567, "zhvi_2021": 200960, "zhvi_2022": 226380, "zhvi_2023": 221013, "zhvi_2024": 217101, "zhvi_2025": 201160, "zori_2015": null, "zori_2016": null, "zori_2017": null, "zori_2018": null, "zori_2019": null, "zori_2020": null, "zori_2021": null, "zori_2022": 1766, "zori_2023": 1781, "zori_2024": 1832, "zori_2025": 1750, "has_zhvi": true, "has_zori": true}, "geometry": {"type": "Polygon", "coordinates": [[[-96.736414, 32.755433], [-96.735527, 32.757127], [-96.734188, 32.756845], [-96.732021, 32.758838], [-96.732793, 32.760337], [-96.729766, 32.763644], [-96.729668, 32.764569], [-96.73096, 32.76601], [-96.719463, 32.76558], [-96.715075, 32.764884], [-96.706165, 32.759552], [-96.704284, 32.757824], [-96.703759, 32.755587], [-96.704211, 32.749152], [-96.665455, 32.748754], [-96.664809, 32.75152], [-96.663374, 32.750942], [-96.662844, 32.748779], [-96.660345, 32.748774], [-96.659901, 32.749886], [-96.656864, 32.751146], [-96.656908, 32.74876], [-96.655722, 32.748753], [-96.655754, 32.749459], [-96.655049, 32.749362], [-96.654873, 32.751532], [-96.654088, 32.752471], [-96.651563, 32.751353], [-96.651568, 32.748759], [-96.639106, 32.748586], [-96.638876, 32.73424], [-96.63809, 32.734214], [-96.638101, 32.730491], [-96.638478, 32.730498], [-96.638666, 32.706792], [-96.638502, 32.705033], [-96.635689, 32.705032], [-96.635673, 32.699529], [-96.636842, 32.699526], [-96.637976, 32.692693], [-96.637116, 32.690478], [-96.639918, 32.690472], [-96.640094, 32.690029], [-96.640062, 32.685105], [-96.64527, 32.685049], [-96.647412, 32.684507], [-96.647337, 32.683194], [-96.644311, 32.683176], [-96.644343, 32.684517], [-96.642544, 32.684967], [-96.64121, 32.683127], [-96.641218, 32.681898], [-96.640092, 32.681469], [-96.640186, 32.678269], [-96.641076, 32.675457], [-96.642221, 32.675236], [-96.642183, 32.669168], [-96.649185, 32.671116], [-96.653062, 32.670373], [-96.652446, 32.668475], [-96.662734, 32.659665], [-96.667065, 32.663175], [-96.669059, 32.664153], [-96.669714, 32.661028], [-96.670692, 32.659234], [-96.65662, 32.647772], [-96.661377, 32.64399], [-96.653142, 32.640725], [-96.656934, 32.637464], [-96.660959, 32.639605], [-96.663102, 32.640223], [-96.666201, 32.64023], [-96.668913, 32.640873], [-96.677039, 32.647458], [-96.680711, 32.647675], [-96.6832, 32.649608], [-96.682713, 32.651389], [-96.678948, 32.655558], [-96.677773, 32.659889], [-96.676733, 32.661763], [-96.678228, 32.663204], [-96.677366, 32.664412], [-96.674937, 32.665322], [-96.67499, 32.666525], [-96.677913, 32.667581], [-96.679082, 32.669091], [-96.679247, 32.670755], [-96.676841, 32.673775], [-96.676931, 32.675773], [-96.677989, 32.676356], [-96.680165, 32.676043], [-96.684235, 32.673631], [-96.68948, 32.671836], [-96.691873, 32.672028], [-96.693019, 32.674487], [-96.695154, 32.67671], [-96.695342, 32.677701], [-96.693689, 32.680645], [-96.689826, 32.681071], [-96.691627, 32.69298], [-96.691477, 32.695416], [-96.691946, 32.697918], [-96.694659, 32.697273], [-96.696494, 32.699967], [-96.697596, 32.699983], [-96.700715, 32.698721], [-96.701848, 32.699357], [-96.703168, 32.701335], [-96.703991, 32.701065], [-96.704493, 32.699284], [-96.70859, 32.698783], [-96.713051, 32.696408], [-96.721019, 32.696513], [-96.723691, 32.6973], [-96.72554, 32.698725], [-96.728495, 32.698396], [-96.734039, 32.699823], [-96.734566, 32.700743], [-96.734203, 32.703658], [-96.735779, 32.707635], [-96.736104, 32.709711], [-96.733262, 32.714851], [-96.731869, 32.718713], [-96.732225, 32.721812], [-96.736397, 32.72655], [-96.734081, 32.72784], [-96.734294, 32.730688], [-96.73264, 32.730973], [-96.732195, 32.732869], [-96.730873, 32.733921], [-96.72996, 32.736238], [-96.730918, 32.736592], [-96.730794, 32.738233], [-96.729866, 32.738073], [-96.728882, 32.739863], [-96.730696, 32.741349], [-96.730179, 32.742004], [-96.730949, 32.745621], [-96.727203, 32.745095], [-96.729607, 32.745915], [-96.728751, 32.747445], [-96.738078, 32.755437], [-96.736414, 32.755433]]]}}, {"type": "Feature", "properties": {"zip": "76013", "city": "Pantego", "county": "Tarrant County", "zhvi_2010": 201680, "zhvi_2011": 186084, "zhvi_2012": 178851, "zhvi_2013": 184051, "zhvi_2014": 193127, "zhvi_2015": 208465, "zhvi_2016": 226993, "zhvi_2017": 245619, "zhvi_2018": 263561, "zhvi_2019": 271993, "zhvi_2020": 284791, "zhvi_2021": 311647, "zhvi_2022": 345645, "zhvi_2023": 337416, "zhvi_2024": 331372, "zhvi_2025": 313253, "zori_2015": null, "zori_2016": null, "zori_2017": null, "zori_2018": null, "zori_2019": null, "zori_2020": null, "zori_2021": null, "zori_2022": null, "zori_2023": 1447, "zori_2024": 1436, "zori_2025": 1411, "has_zhvi": true, "has_zori": true}, "geometry": {"type": "Polygon", "coordinates": [[[-97.208278, 32.723898], [-97.208685, 32.726042], [-97.207748, 32.725112], [-97.207728, 32.727853], [-97.200726, 32.727923], [-97.19881, 32.728324], [-97.198841, 32.728672], [-97.174992, 32.731817], [-97.169346, 32.732097], [-97.169424, 32.731498], [-97.168102, 32.731495], [-97.152913, 32.733795], [-97.136013, 32.734983], [-97.126497, 32.737614], [-97.114525, 32.737557], [-97.114775, 32.71004], [-97.115858, 32.708495], [-97.11471, 32.708205], [-97.114673, 32.705458], [-97.118304, 32.705243], [-97.117434, 32.706437], [-97.137884, 32.70666], [-97.13846, 32.70306], [-97.139543, 32.703069], [-97.139473, 32.706657], [-97.17925, 32.70687], [-97.195584, 32.708092], [-97.202263, 32.712484], [-97.21003, 32.721601], [-97.208278, 32.723898]]]}}, {"type": "Feature", "properties": {"zip": "75158", "city": "Scurry", "county": "Kaufman County", "zhvi_2010": 183653, "zhvi_2011": 176820, "zhvi_2012": 176838, "zhvi_2013": 180547, "zhvi_2014": 198478, "zhvi_2015": 211719, "zhvi_2016": 227676, "zhvi_2017": 245999, "zhvi_2018": 267802, "zhvi_2019": 280835, "zhvi_2020": 295658, "zhvi_2021": 338168, "zhvi_2022": 372503, "zhvi_2023": 347851, "zhvi_2024": 336117, "zhvi_2025": 330216, "zori_2015": null, "zori_2016": null, "zori_2017": null, "zori_2018": null, "zori_2019": null, "zori_2020": null, "zori_2021": null, "zori_2022": null, "zori_2023": null, "zori_2024": null, "zori_2025": null, "has_zhvi": true, "has_zori": false}, "geometry": {"type": "Polygon", "coordinates": [[[-96.509986, 32.483542], [-96.506241, 32.48641], [-96.502267, 32.48737], [-96.50185, 32.48887], [-96.502623, 32.489839], [-96.505528, 32.48989], [-96.507552, 32.490721], [-96.508748, 32.491931], [-96.508719, 32.49465], [-96.50581, 32.498005], [-96.504659, 32.497853], [-96.504937, 32.496467], [-96.503789, 32.494242], [-96.502438, 32.493585], [-96.500576, 32.494732], [-96.46069, 32.494926], [-96.460522, 32.501691], [-96.443156, 32.501596], [-96.444579, 32.502533], [-96.444831, 32.504001], [-96.447002, 32.503577], [-96.449216, 32.504907], [-96.450217, 32.506254], [-96.451822, 32.507182], [-96.453406, 32.507336], [-96.454957, 32.508994], [-96.455523, 32.511474], [-96.454609, 32.518115], [-96.456771, 32.518555], [-96.458914, 32.520406], [-96.458505, 32.522015], [-96.440151, 32.53811], [-96.441935, 32.539913], [-96.441909, 32.541964], [-96.4412, 32.543258], [-96.43899, 32.545122], [-96.435245, 32.544432], [-96.432058, 32.544879], [-96.424126, 32.548509], [-96.422018, 32.547877], [-96.419461, 32.549066], [-96.416032, 32.546062], [-96.416906, 32.545231], [-96.415623, 32.543886], [-96.41799, 32.542264], [-96.415306, 32.539072], [-96.419833, 32.535467], [-96.424314, 32.538961], [-96.425486, 32.537925], [-96.410534, 32.524959], [-96.404422, 32.530246], [-96.405552, 32.531529], [-96.402435, 32.534261], [-96.398404, 32.530759], [-96.396583, 32.533559], [-96.390917, 32.533518], [-96.389929, 32.532184], [-96.388302, 32.532753], [-96.387062, 32.537491], [-96.385403, 32.538596], [-96.378245, 32.532494], [-96.375531, 32.528466], [-96.352853, 32.551226], [-96.349676, 32.549991], [-96.346175, 32.545941], [-96.344596, 32.544862], [-96.346025, 32.541621], [-96.344861, 32.539324], [-96.34292, 32.538187], [-96.339743, 32.533335], [-96.338524, 32.532919], [-96.339259, 32.531868], [-96.338592, 32.529319], [-96.337496, 32.528764], [-96.339037, 32.525992], [-96.33663, 32.525788], [-96.33618, 32.524729], [-96.337413, 32.523871], [-96.338018, 32.520994], [-96.33661, 32.520024], [-96.334566, 32.519975], [-96.33458, 32.518341], [-96.332309, 32.518009], [-96.329093, 32.513146], [-96.326948, 32.511463], [-96.326602, 32.510238], [-96.325459, 32.510356], [-96.325283, 32.508795], [-96.323229, 32.507185], [-96.320947, 32.50739], [-96.321114, 32.506525], [-96.319895, 32.506062], [-96.318413, 32.506511], [-96.318939, 32.504483], [-96.317066, 32.504598], [-96.31664, 32.50193], [-96.314856, 32.501297], [-96.314257, 32.499347], [-96.312891, 32.49868], [-96.312464, 32.496387], [-96.313141, 32.491093], [-96.312283, 32.490008], [-96.313287, 32.489412], [-96.312276, 32.488019], [-96.31223, 32.484946], [-96.311261, 32.484268], [-96.312372, 32.482749], [-96.311972, 32.481564], [-96.311448, 32.48167], [-96.309128, 32.480244], [-96.30749, 32.480286], [-96.303731, 32.478111], [-96.30247, 32.475554], [-96.30346, 32.475462], [-96.301634, 32.475485], [-96.300995, 32.473951], [-96.296584, 32.473357], [-96.294606, 32.474525], [-96.293932, 32.473391], [-96.290137, 32.472285], [-96.288365, 32.469718], [-96.289304, 32.468851], [-96.289448, 32.466943], [-96.287817, 32.463213], [-96.285967, 32.461682], [-96.28682, 32.459235], [-96.284426, 32.458058], [-96.284718, 32.456575], [-96.286479, 32.455906], [-96.285478, 32.45574], [-96.283177, 32.452742], [-96.282109, 32.450418], [-96.280507, 32.448856], [-96.304163, 32.449402], [-96.304159, 32.445188], [-96.305587, 32.443965], [-96.309875, 32.443914], [-96.310013, 32.438993], [-96.312863, 32.43897], [-96.31302, 32.431923], [-96.314631, 32.431995], [-96.314631, 32.427962], [-96.317863, 32.427855], [-96.317943, 32.421605], [-96.315726, 32.421498], [-96.31586, 32.41872], [-96.319626, 32.41816], [-96.318744, 32.416851], [-96.318771, 32.414714], [-96.32227, 32.414794], [-96.322217, 32.410707], [-96.323706, 32.410074], [-96.335258, 32.410139], [-96.335557, 32.400312], [-96.366346, 32.400212], [-96.366334, 32.405169], [-96.372234, 32.405168], [-96.371579, 32.403081], [-96.372493, 32.401176], [-96.371273, 32.398519], [-96.372518, 32.397235], [-96.374619, 32.39293], [-96.381542, 32.392868], [-96.381363, 32.404731], [-96.382875, 32.404235], [-96.391252, 32.40419], [-96.395032, 32.402743], [-96.394734, 32.381151], [-96.424846, 32.380854], [-96.424836, 32.400506], [-96.432078, 32.400365], [-96.431923, 32.410824], [-96.434278, 32.410853], [-96.435017, 32.411606], [-96.4383, 32.412219], [-96.441325, 32.416524], [-96.449315, 32.422102], [-96.450743, 32.424643], [-96.453662, 32.423847], [-96.457097, 32.424397], [-96.462937, 32.426704], [-96.470978, 32.431817], [-96.477445, 32.434406], [-96.479481, 32.436399], [-96.480955, 32.439907], [-96.483877, 32.443124], [-96.484237, 32.444123], [-96.483171, 32.446434], [-96.483579, 32.45049], [-96.484335, 32.451482], [-96.486726, 32.451732], [-96.487854, 32.451085], [-96.493127, 32.453091], [-96.497356, 32.453077], [-96.498216, 32.453729], [-96.497289, 32.45493], [-96.493731, 32.456272], [-96.493528, 32.45836], [-96.494879, 32.459939], [-96.494412, 32.463195], [-96.492827, 32.465132], [-96.493509, 32.467041], [-96.497348, 32.468942], [-96.500377, 32.46947], [-96.501725, 32.470619], [-96.503765, 32.47468], [-96.504206, 32.477151], [-96.506537, 32.479681], [-96.508953, 32.48064], [-96.510215, 32.481926], [-96.509986, 32.483542]], [[-96.463921, 32.458995], [-96.457354, 32.450613], [-96.449359, 32.454269], [-96.441031, 32.454192], [-96.430743, 32.466369], [-96.430824, 32.468355], [-96.43818, 32.459768], [-96.44715, 32.45972], [-96.448915, 32.462399], [-96.430858, 32.471188], [-96.431048, 32.473286], [-96.43818, 32.470169], [-96.437037, 32.471026], [-96.436881, 32.473932], [-96.451721, 32.46691], [-96.453331, 32.469385], [-96.459494, 32.465467], [-96.463921, 32.458995]]]}}, {"type": "Feature", "properties": {"zip": "76017", "city": "Arlington", "county": "Tarrant County", "zhvi_2010": 193294, "zhvi_2011": 179700, "zhvi_2012": 176911, "zhvi_2013": 183740, "zhvi_2014": 192374, "zhvi_2015": 208906, "zhvi_2016": 230006, "zhvi_2017": 246970, "zhvi_2018": 264315, "zhvi_2019": 272914, "zhvi_2020": 286106, "zhvi_2021": 316064, "zhvi_2022": 353348, "zhvi_2023": 340827, "zhvi_2024": 333114, "zhvi_2025": 314641, "zori_2015": 1523, "zori_2016": 1547, "zori_2017": 1598, "zori_2018": 1628, "zori_2019": 1661, "zori_2020": 1682, "zori_2021": 1748, "zori_2022": 1843, "zori_2023": 1842, "zori_2024": 1824, "zori_2025": 1794, "has_zhvi": true, "has_zori": true}, "geometry": {"type": "Polygon", "coordinates": [[[-97.224452, 32.660793], [-97.223629, 32.661832], [-97.223359, 32.667957], [-97.213339, 32.669255], [-97.20052, 32.672987], [-97.199806, 32.673972], [-97.203032, 32.673029], [-97.202965, 32.674433], [-97.202444, 32.674971], [-97.201435, 32.674363], [-97.198765, 32.674914], [-97.199881, 32.673508], [-97.186462, 32.676105], [-97.157564, 32.674542], [-97.143154, 32.674362], [-97.135061, 32.675269], [-97.13469, 32.675629], [-97.134856, 32.679062], [-97.132454, 32.678823], [-97.132016, 32.677191], [-97.130791, 32.676926], [-97.12848, 32.677221], [-97.126542, 32.678525], [-97.123687, 32.678542], [-97.123687, 32.677712], [-97.120502, 32.678334], [-97.120161, 32.68056], [-97.115041, 32.682467], [-97.115076, 32.67766], [-97.116592, 32.677625], [-97.116568, 32.673988], [-97.119442, 32.674146], [-97.119417, 32.677585], [-97.123275, 32.676888], [-97.123316, 32.67043], [-97.117528, 32.670333], [-97.117391, 32.668148], [-97.115068, 32.667895], [-97.1152, 32.655237], [-97.119974, 32.655265], [-97.11808, 32.654497], [-97.115221, 32.652039], [-97.115799, 32.648308], [-97.115545, 32.644714], [-97.12365, 32.645088], [-97.126242, 32.6477], [-97.128386, 32.648449], [-97.179458, 32.649229], [-97.183101, 32.645617], [-97.183318, 32.644472], [-97.184495, 32.646254], [-97.185823, 32.646256], [-97.188409, 32.650005], [-97.193762, 32.65609], [-97.193363, 32.652856], [-97.19432, 32.651291], [-97.193352, 32.646219], [-97.194424, 32.646455], [-97.19444, 32.649346], [-97.200187, 32.649597], [-97.197591, 32.652594], [-97.198038, 32.654257], [-97.198637, 32.654696], [-97.198939, 32.654166], [-97.202542, 32.654046], [-97.20189, 32.656721], [-97.20682, 32.656735], [-97.206889, 32.661147], [-97.21178, 32.660419], [-97.211754, 32.656702], [-97.216329, 32.656377], [-97.217077, 32.656467], [-97.217042, 32.660292], [-97.224025, 32.660434], [-97.224452, 32.660793]]]}}, {"type": "Feature", "properties": {"zip": "75114", "city": "Crandall", "county": "Kaufman County", "zhvi_2010": 178869, "zhvi_2011": 165961, "zhvi_2012": 150186, "zhvi_2013": 155257, "zhvi_2014": 168222, "zhvi_2015": 183199, "zhvi_2016": 200812, "zhvi_2017": 218286, "zhvi_2018": 233262, "zhvi_2019": 241656, "zhvi_2020": 251015, "zhvi_2021": 282939, "zhvi_2022": 315652, "zhvi_2023": 298187, "zhvi_2024": 278407, "zhvi_2025": 258893, "zori_2015": null, "zori_2016": null, "zori_2017": null, "zori_2018": null, "zori_2019": null, "zori_2020": null, "zori_2021": null, "zori_2022": null, "zori_2023": null, "zori_2024": null, "zori_2025": 1738, "has_zhvi": true, "has_zori": true}, "geometry": {"type": "Polygon", "coordinates": [[[-96.501028, 32.49695], [-96.499989, 32.497906], [-96.496895, 32.497286], [-96.494751, 32.498269], [-96.491686, 32.497822], [-96.483319, 32.499249], [-96.481588, 32.50027], [-96.479151, 32.504734], [-96.478884, 32.507733], [-96.479297, 32.508677], [-96.482827, 32.511279], [-96.484161, 32.515202], [-96.483292, 32.518638], [-96.483154, 32.523279], [-96.480634, 32.527434], [-96.478708, 32.528702], [-96.477251, 32.531734], [-96.475108, 32.539246], [-96.473924, 32.541744], [-96.473378, 32.545406], [-96.471978, 32.549988], [-96.472729, 32.552222], [-96.47397, 32.553556], [-96.474323, 32.556885], [-96.473204, 32.561259], [-96.474077, 32.565179], [-96.475548, 32.567152], [-96.475627, 32.569951], [-96.479982, 32.58263], [-96.479878, 32.585607], [-96.486511, 32.592739], [-96.484816, 32.596787], [-96.48509, 32.599001], [-96.48919, 32.606198], [-96.491685, 32.609434], [-96.4917, 32.610695], [-96.489019, 32.618814], [-96.489955, 32.620981], [-96.487153, 32.62476], [-96.485676, 32.628846], [-96.485935, 32.630783], [-96.485511, 32.636166], [-96.484292, 32.640306], [-96.484594, 32.644599], [-96.486646, 32.645027], [-96.488664, 32.653225], [-96.477514, 32.663432], [-96.474668, 32.665343], [-96.474292, 32.666462], [-96.471628, 32.668773], [-96.472874, 32.669744], [-96.470883, 32.671503], [-96.457759, 32.660128], [-96.443483, 32.67205], [-96.442591, 32.674458], [-96.4427, 32.677908], [-96.443523, 32.678624], [-96.433769, 32.686771], [-96.40942, 32.665607], [-96.403961, 32.670149], [-96.402296, 32.668729], [-96.403481, 32.667084], [-96.403016, 32.665163], [-96.400042, 32.661636], [-96.395124, 32.657584], [-96.393451, 32.65681], [-96.37981, 32.645642], [-96.37637, 32.642313], [-96.375002, 32.638446], [-96.375025, 32.636294], [-96.374202, 32.63511], [-96.381025, 32.629548], [-96.378495, 32.623811], [-96.383221, 32.620238], [-96.373246, 32.610804], [-96.373682, 32.60906], [-96.371047, 32.606631], [-96.369588, 32.603665], [-96.367865, 32.602508], [-96.368429, 32.600063], [-96.369156, 32.599171], [-96.368866, 32.597247], [-96.370183, 32.595205], [-96.37761, 32.59651], [-96.38001, 32.597546], [-96.382363, 32.599668], [-96.388428, 32.608567], [-96.391283, 32.611783], [-96.394987, 32.613379], [-96.400053, 32.6136], [-96.428558, 32.590321], [-96.428121, 32.591309], [-96.428968, 32.593431], [-96.432803, 32.588018], [-96.436527, 32.586229], [-96.438513, 32.58628], [-96.439835, 32.585248], [-96.440373, 32.58269], [-96.437946, 32.58054], [-96.437109, 32.578688], [-96.43881, 32.57656], [-96.439617, 32.571982], [-96.439409, 32.570881], [-96.437504, 32.569327], [-96.435991, 32.571108], [-96.434543, 32.570577], [-96.43188, 32.566603], [-96.431123, 32.560451], [-96.453997, 32.540903], [-96.453887, 32.53877], [-96.45544, 32.535904], [-96.454712, 32.533242], [-96.456047, 32.529411], [-96.458185, 32.528447], [-96.458862, 32.525284], [-96.458505, 32.522015], [-96.458914, 32.520406], [-96.456771, 32.518555], [-96.454609, 32.518115], [-96.455523, 32.511474], [-96.454957, 32.508994], [-96.453406, 32.507336], [-96.451822, 32.507182], [-96.450217, 32.506254], [-96.449216, 32.504907], [-96.447002, 32.503577], [-96.444831, 32.504001], [-96.444579, 32.502533], [-96.443156, 32.501596], [-96.460522, 32.501691], [-96.46069, 32.494926], [-96.500576, 32.494732], [-96.501028, 32.49695]]]}}, {"type": "Feature", "properties": {"zip": "76105", "city": "Fort Worth", "county": "Tarrant County", "zhvi_2010": 96264, "zhvi_2011": 69129, "zhvi_2012": 66174, "zhvi_2013": 67308, "zhvi_2014": 68459, "zhvi_2015": 76128, "zhvi_2016": 88326, "zhvi_2017": 103631, "zhvi_2018": 125009, "zhvi_2019": 135352, "zhvi_2020": 154425, "zhvi_2021": 178415, "zhvi_2022": 197898, "zhvi_2023": 197213, "zhvi_2024": 195475, "zhvi_2025": 178192, "zori_2015": null, "zori_2016": null, "zori_2017": null, "zori_2018": null, "zori_2019": null, "zori_2020": null, "zori_2021": null, "zori_2022": null, "zori_2023": null, "zori_2024": null, "zori_2025": 1434, "has_zhvi": true, "has_zori": true}, "geometry": {"type": "Polygon", "coordinates": [[[-97.299788, 32.711359], [-97.297943, 32.711767], [-97.298118, 32.712854], [-97.296201, 32.717785], [-97.293018, 32.719977], [-97.294541, 32.724336], [-97.293844, 32.726694], [-97.29668, 32.727916], [-97.297322, 32.73118], [-97.295982, 32.733992], [-97.294274, 32.733901], [-97.293297, 32.735978], [-97.293503, 32.737062], [-97.297421, 32.741787], [-97.296161, 32.743811], [-97.287033, 32.741687], [-97.273487, 32.734437], [-97.27097, 32.733871], [-97.253701, 32.734679], [-97.24066, 32.731091], [-97.236443, 32.731172], [-97.237399, 32.730305], [-97.237408, 32.729234], [-97.23787, 32.729045], [-97.237436, 32.724424], [-97.237934, 32.709547], [-97.242676, 32.70964], [-97.24847, 32.71304], [-97.248457, 32.710504], [-97.250778, 32.710416], [-97.256075, 32.71151], [-97.256076, 32.712967], [-97.26287, 32.71397], [-97.27243, 32.714024], [-97.276651, 32.713503], [-97.277253, 32.71172], [-97.279425, 32.712469], [-97.278424, 32.710875], [-97.279751, 32.708196], [-97.280039, 32.706407], [-97.284722, 32.706549], [-97.284735, 32.707742], [-97.288748, 32.707786], [-97.289414, 32.706423], [-97.296769, 32.706865], [-97.298618, 32.707838], [-97.299647, 32.709642], [-97.299788, 32.711359]]]}}, {"type": "Feature", "properties": {"zip": "75035", "city": "Frisco", "county": "Collin County", "zhvi_2010": 379429, "zhvi_2011": 361151, "zhvi_2012": 363978, "zhvi_2013": 390993, "zhvi_2014": 427487, "zhvi_2015": 482222, "zhvi_2016": 522137, "zhvi_2017": 540532, "zhvi_2018": 536682, "zhvi_2019": 522080, "zhvi_2020": 526885, "zhvi_2021": 605669, "zhvi_2022": 729227, "zhvi_2023": 709718, "zhvi_2024": 711040, "zhvi_2025": 675326, "zori_2015": 1989, "zori_2016": 2018, "zori_2017": 2030, "zori_2018": 2043, "zori_2019": 2058, "zori_2020": 2096, "zori_2021": 2239, "zori_2022": 2338, "zori_2023": 2352, "zori_2024": 2298, "zori_2025": 2243, "has_zhvi": true, "has_zori": true}, "geometry": {"type": "Polygon", "coordinates": [[[-96.805529, 33.113144], [-96.803923, 33.113382], [-96.802364, 33.116094], [-96.803182, 33.116051], [-96.803203, 33.119874], [-96.805435, 33.120958], [-96.80525, 33.126534], [-96.803013, 33.126146], [-96.802206, 33.126485], [-96.801797, 33.127578], [-96.802137, 33.128304], [-96.804959, 33.128351], [-96.802209, 33.12847], [-96.802675, 33.129126], [-96.80156, 33.129666], [-96.798889, 33.129812], [-96.799669, 33.130661], [-96.801984, 33.130914], [-96.803478, 33.133204], [-96.804232, 33.133419], [-96.804401, 33.139065], [-96.802039, 33.139046], [-96.801996, 33.145697], [-96.80457, 33.145803], [-96.803374, 33.152881], [-96.802561, 33.215224], [-96.8019, 33.218918], [-96.767615, 33.218746], [-96.767506, 33.196498], [-96.762409, 33.196414], [-96.762497, 33.189077], [-96.767818, 33.189144], [-96.767898, 33.182016], [-96.750092, 33.182186], [-96.750107, 33.18166], [-96.741579, 33.181619], [-96.74151, 33.185329], [-96.73296, 33.185238], [-96.73291, 33.186197], [-96.733421, 33.126633], [-96.732899, 33.125301], [-96.751759, 33.118896], [-96.797817, 33.10041], [-96.801288, 33.099424], [-96.802341, 33.100366], [-96.805252, 33.100952], [-96.805475, 33.1028], [-96.804021, 33.102913], [-96.804308, 33.10476], [-96.800736, 33.105298], [-96.801283, 33.109144], [-96.805587, 33.109181], [-96.805529, 33.113144]]]}}, {"type": "Feature", "properties": {"zip": "75087", "city": "Rockwall", "county": "Rockwall County", "zhvi_2010": 302282, "zhvi_2011": 292387, "zhvi_2012": 281462, "zhvi_2013": 292069, "zhvi_2014": 309390, "zhvi_2015": 334841, "zhvi_2016": 361078, "zhvi_2017": 380271, "zhvi_2018": 388040, "zhvi_2019": 386762, "zhvi_2020": 394577, "zhvi_2021": 442613, "zhvi_2022": 503484, "zhvi_2023": 483437, "zhvi_2024": 468043, "zhvi_2025": 446975, "zori_2015": null, "zori_2016": 1848, "zori_2017": 1859, "zori_2018": 1860, "zori_2019": 1877, "zori_2020": 1913, "zori_2021": 1993, "zori_2022": 2045, "zori_2023": 2021, "zori_2024": 1975, "zori_2025": 1956, "has_zhvi": true, "has_zori": true}, "geometry": {"type": "MultiPolygon", "coordinates": [[[[-96.380227, 32.94153], [-96.379016, 32.941521], [-96.379201, 32.944567], [-96.37294, 32.949593], [-96.370816, 32.949235], [-96.367112, 32.950373], [-96.366364, 32.949818], [-96.364775, 32.950264], [-96.361571, 32.949877], [-96.376188, 32.937596], [-96.380208, 32.938001], [-96.380227, 32.94153]]], [[[-96.498362, 32.936812], [-96.497688, 32.951172], [-96.496504, 32.953739], [-96.494579, 32.955406], [-96.491399, 32.982692], [-96.443949, 32.98236], [-96.443986, 32.990023], [-96.443271, 32.992776], [-96.43717, 32.994029], [-96.428345, 32.991246], [-96.414287, 32.990936], [-96.414226, 32.9925], [-96.409332, 32.992764], [-96.409251, 32.991627], [-96.405909, 32.991524], [-96.405953, 32.988905], [-96.392043, 32.988533], [-96.392227, 32.985084], [-96.389447, 32.985066], [-96.388977, 32.977462], [-96.385714, 32.977449], [-96.385687, 32.973471], [-96.388267, 32.973482], [-96.388252, 32.974848], [-96.392072, 32.975458], [-96.389822, 32.97349], [-96.392904, 32.97326], [-96.396937, 32.973755], [-96.397386, 32.970439], [-96.398877, 32.970436], [-96.398939, 32.967255], [-96.386966, 32.967335], [-96.386432, 32.959945], [-96.38545, 32.959944], [-96.385479, 32.96396], [-96.382526, 32.963945], [-96.382477, 32.959941], [-96.37868, 32.959933], [-96.378774, 32.953153], [-96.381472, 32.949517], [-96.381477, 32.941515], [-96.382739, 32.938691], [-96.383959, 32.938687], [-96.38395, 32.937981], [-96.381467, 32.937995], [-96.38144, 32.933987], [-96.380966, 32.93329], [-96.384068, 32.930846], [-96.391495, 32.927501], [-96.390745, 32.91795], [-96.391287, 32.917949], [-96.391467, 32.914794], [-96.390209, 32.914721], [-96.389414, 32.911517], [-96.390863, 32.90529], [-96.389396, 32.904594], [-96.400621, 32.904728], [-96.400897, 32.907283], [-96.402282, 32.908533], [-96.409616, 32.908516], [-96.409658, 32.916816], [-96.413078, 32.916832], [-96.415615, 32.915573], [-96.418292, 32.915442], [-96.418283, 32.919769], [-96.444819, 32.913248], [-96.446737, 32.912335], [-96.450016, 32.909272], [-96.446937, 32.90466], [-96.449341, 32.902667], [-96.455377, 32.899288], [-96.456577, 32.900328], [-96.460808, 32.896712], [-96.462802, 32.897394], [-96.46367, 32.898819], [-96.465036, 32.898437], [-96.463149, 32.89498], [-96.465835, 32.892583], [-96.470983, 32.893983], [-96.471366, 32.891838], [-96.475724, 32.895615], [-96.480057, 32.894289], [-96.490457, 32.889465], [-96.49008, 32.924967], [-96.496794, 32.923563], [-96.498362, 32.936812]], [[-96.407501, 32.915356], [-96.400863, 32.915255], [-96.400871, 32.923553], [-96.406689, 32.92216], [-96.407501, 32.915356]]], [[[-96.509784, 32.908606], [-96.509533, 32.920859], [-96.505341, 32.921757], [-96.503377, 32.915991], [-96.501509, 32.914356], [-96.504943, 32.912489], [-96.505178, 32.910296], [-96.507542, 32.908767], [-96.509784, 32.908606]]]]}}, {"type": "Feature", "properties": {"zip": "76005", "city": "Arlington", "county": "Tarrant County", "zhvi_2010": null, "zhvi_2011": null, "zhvi_2012": null, "zhvi_2013": null, "zhvi_2014": null, "zhvi_2015": null, "zhvi_2016": 471132, "zhvi_2017": 479921, "zhvi_2018": 488421, "zhvi_2019": 490671, "zhvi_2020": 494351, "zhvi_2021": 534238, "zhvi_2022": 595571, "zhvi_2023": 564672, "zhvi_2024": 557146, "zhvi_2025": 533976, "zori_2015": null, "zori_2016": null, "zori_2017": null, "zori_2018": null, "zori_2019": null, "zori_2020": null, "zori_2021": null, "zori_2022": 2182, "zori_2023": 2121, "zori_2024": 2028, "zori_2025": 1967, "has_zhvi": true, "has_zori": true}, "geometry": {"type": "Polygon", "coordinates": [[[-97.099517, 32.80876], [-97.090294, 32.810865], [-97.082451, 32.810774], [-97.082667, 32.812655], [-97.064295, 32.816743], [-97.058901, 32.817121], [-97.056575, 32.813645], [-97.058464, 32.815023], [-97.060108, 32.81379], [-97.058539, 32.81115], [-97.060166, 32.809593], [-97.0598, 32.807789], [-97.062671, 32.808321], [-97.062187, 32.804454], [-97.062681, 32.802114], [-97.063356, 32.800283], [-97.065346, 32.799753], [-97.063687, 32.798236], [-97.064144, 32.796253], [-97.066403, 32.796297], [-97.067547, 32.793931], [-97.069067, 32.794925], [-97.069545, 32.79285], [-97.070708, 32.791018], [-97.073413, 32.790746], [-97.073773, 32.78773], [-97.073473, 32.785297], [-97.075194, 32.784011], [-97.078521, 32.783318], [-97.080431, 32.784782], [-97.081629, 32.784537], [-97.081807, 32.782786], [-97.082956, 32.781626], [-97.084079, 32.783079], [-97.086471, 32.782899], [-97.088481, 32.784028], [-97.089174, 32.785161], [-97.088774, 32.788005], [-97.092186, 32.786633], [-97.096003, 32.786011], [-97.097275, 32.790066], [-97.097722, 32.798538], [-97.099421, 32.805781], [-97.099517, 32.80876]]]}}, {"type": "Feature", "properties": {"zip": "75067", "city": "Lewisville", "county": "Denton County", "zhvi_2010": 219219, "zhvi_2011": 205518, "zhvi_2012": 204732, "zhvi_2013": 217655, "zhvi_2014": 231554, "zhvi_2015": 254699, "zhvi_2016": 281852, "zhvi_2017": 303470, "zhvi_2018": 321302, "zhvi_2019": 323340, "zhvi_2020": 331763, "zhvi_2021": 359369, "zhvi_2022": 402556, "zhvi_2023": 395789, "zhvi_2024": 388377, "zhvi_2025": 367210, "zori_2015": 1348, "zori_2016": 1380, "zori_2017": 1384, "zori_2018": 1411, "zori_2019": 1440, "zori_2020": 1449, "zori_2021": 1536, "zori_2022": 1619, "zori_2023": 1584, "zori_2024": 1506, "zori_2025": 1439, "has_zhvi": true, "has_zori": true}, "geometry": {"type": "Polygon", "coordinates": [[[-97.044574, 33.042267], [-97.044523, 33.048934], [-97.040516, 33.048682], [-97.04008, 33.04911], [-97.03584, 33.0494], [-97.031462, 33.049159], [-97.028235, 33.047283], [-97.026419, 33.047065], [-97.026436, 33.046118], [-97.021627, 33.046959], [-97.02108, 33.04891], [-97.01779, 33.05075], [-97.016577, 33.049563], [-97.014136, 33.044494], [-97.010631, 33.046239], [-97.00934, 33.04632], [-97.010543, 33.051941], [-97.013156, 33.058456], [-97.017259, 33.058633], [-97.017222, 33.060223], [-97.019222, 33.059943], [-97.019854, 33.061132], [-97.019996, 33.062958], [-97.013337, 33.061157], [-97.002132, 33.059295], [-97.00114, 33.057989], [-97.0061, 33.05753], [-97.008711, 33.05612], [-97.01149, 33.056089], [-97.008544, 33.046325], [-97.006866, 33.046308], [-97.00684, 33.04459], [-97.00313, 33.04455], [-97.00318, 33.04202], [-97.0054, 33.04191], [-96.98959, 33.02733], [-96.9825, 33.02744], [-96.9826, 33.02154], [-96.98425, 33.02021], [-96.98132, 33.0165], [-96.977972, 33.016226], [-96.976515, 33.015192], [-96.970928, 33.014198], [-96.974454, 33.010055], [-96.964994, 33.005892], [-96.963123, 33.005604], [-96.959093, 33.003459], [-96.95727, 33.000971], [-96.956783, 33.001325], [-96.955965, 33.000074], [-96.95335, 32.999944], [-96.952553, 33.003077], [-96.949059, 32.999404], [-96.943655, 32.99642], [-96.943757, 32.994703], [-96.947412, 32.994883], [-96.948531, 32.993907], [-96.939472, 32.988822], [-96.966672, 32.989084], [-96.968422, 32.990863], [-96.973758, 32.990713], [-96.97428, 32.992269], [-96.97838, 32.99045], [-96.978764, 32.990882], [-96.985606, 32.986974], [-96.990322, 32.986284], [-96.993204, 32.987065], [-96.993344, 32.993391], [-97.005806, 32.993245], [-97.010873, 32.989429], [-97.009756, 32.989418], [-97.015656, 32.98503], [-97.020416, 32.980375], [-97.031044, 32.987856], [-97.031007, 32.989691], [-97.028339, 32.989614], [-97.02768, 33.0135], [-97.033581, 33.013475], [-97.033539, 33.016894], [-97.035229, 33.016885], [-97.035389, 33.020755], [-97.036599, 33.020753], [-97.0361, 33.042209], [-97.044574, 33.042267]]]}}, {"type": "Feature", "properties": {"zip": "76259", "city": "Ponder", "county": "Denton County", "zhvi_2010": 221083, "zhvi_2011": 209366, "zhvi_2012": 211651, "zhvi_2013": 224982, "zhvi_2014": 235016, "zhvi_2015": 250144, "zhvi_2016": 273942, "zhvi_2017": 290162, "zhvi_2018": 305371, "zhvi_2019": 311262, "zhvi_2020": 321015, "zhvi_2021": 357018, "zhvi_2022": 402979, "zhvi_2023": 383080, "zhvi_2024": 372439, "zhvi_2025": 357741, "zori_2015": null, "zori_2016": null, "zori_2017": null, "zori_2018": null, "zori_2019": null, "zori_2020": null, "zori_2021": null, "zori_2022": null, "zori_2023": null, "zori_2024": null, "zori_2025": null, "has_zhvi": true, "has_zori": false}, "geometry": {"type": "Polygon", "coordinates": [[[-97.409301, 33.258035], [-97.408006, 33.260642], [-97.406412, 33.261961], [-97.401481, 33.264958], [-97.397036, 33.266388], [-97.393472, 33.262166], [-97.389955, 33.264343], [-97.388553, 33.263567], [-97.388905, 33.255096], [-97.349334, 33.254512], [-97.34943, 33.24628], [-97.35539, 33.24618], [-97.355483, 33.241145], [-97.336683, 33.239425], [-97.32105, 33.23868], [-97.321051, 33.238367], [-97.29319, 33.236983], [-97.29353, 33.220599], [-97.260135, 33.22034], [-97.25714, 33.224269], [-97.253689, 33.222665], [-97.25327, 33.221454], [-97.254585, 33.217775], [-97.254756, 33.214848], [-97.253235, 33.213033], [-97.251864, 33.212367], [-97.251933, 33.210986], [-97.251145, 33.209677], [-97.249894, 33.209746], [-97.243584, 33.207333], [-97.242248, 33.207486], [-97.241918, 33.205339], [-97.240424, 33.20507], [-97.24026, 33.20756], [-97.23176, 33.20745], [-97.231856, 33.203805], [-97.229245, 33.203666], [-97.227601, 33.204476], [-97.223105, 33.204974], [-97.217565, 33.204303], [-97.216403, 33.205463], [-97.214537, 33.205481], [-97.213405, 33.203964], [-97.211685, 33.204479], [-97.211463, 33.201763], [-97.213805, 33.199702], [-97.210971, 33.195268], [-97.211077, 33.192889], [-97.209161, 33.193598], [-97.206774, 33.193309], [-97.206453, 33.19214], [-97.203629, 33.192138], [-97.198674, 33.19053], [-97.198403, 33.187983], [-97.197479, 33.186472], [-97.195733, 33.186355], [-97.191544, 33.183146], [-97.187904, 33.182463], [-97.18834, 33.176873], [-97.229423, 33.176884], [-97.22959, 33.168999], [-97.23015, 33.167678], [-97.248156, 33.167831], [-97.24825, 33.153699], [-97.266435, 33.153852], [-97.26643, 33.15433], [-97.289537, 33.154114], [-97.28963, 33.160231], [-97.299287, 33.160176], [-97.297984, 33.170797], [-97.307456, 33.170817], [-97.307652, 33.179387], [-97.309881, 33.178452], [-97.323808, 33.178815], [-97.32551, 33.17835], [-97.326902, 33.177266], [-97.32697, 33.16435], [-97.31767, 33.16411], [-97.31802, 33.154179], [-97.318593, 33.152149], [-97.31879, 33.14755], [-97.31507, 33.14743], [-97.31541, 33.14021], [-97.318849, 33.14024], [-97.31978, 33.13787], [-97.31554, 33.13753], [-97.31558, 33.136659], [-97.31071, 33.13628], [-97.310692, 33.131346], [-97.316918, 33.131532], [-97.316988, 33.127498], [-97.318315, 33.129168], [-97.319702, 33.128732], [-97.319635, 33.129779], [-97.320895, 33.129723], [-97.32171, 33.128214], [-97.322594, 33.128264], [-97.322529, 33.129711], [-97.323565, 33.131833], [-97.324528, 33.13071], [-97.325175, 33.131456], [-97.323456, 33.135351], [-97.323684, 33.136299], [-97.325448, 33.136048], [-97.325431, 33.13696], [-97.32776, 33.137105], [-97.3292, 33.139207], [-97.330615, 33.1398], [-97.328626, 33.13978], [-97.32826, 33.141312], [-97.329822, 33.141046], [-97.330727, 33.143268], [-97.334116, 33.143895], [-97.335531, 33.144641], [-97.334323, 33.146143], [-97.33475, 33.14791], [-97.335677, 33.14799], [-97.334225, 33.150177], [-97.332847, 33.149758], [-97.332737, 33.151137], [-97.331054, 33.15124], [-97.332378, 33.152321], [-97.333549, 33.155682], [-97.332271, 33.156291], [-97.332341, 33.158092], [-97.333433, 33.158709], [-97.335525, 33.15749], [-97.335976, 33.159308], [-97.334868, 33.160556], [-97.336606, 33.162824], [-97.340417, 33.163567], [-97.341308, 33.165059], [-97.342661, 33.164987], [-97.342234, 33.166007], [-97.344333, 33.167009], [-97.345639, 33.166458], [-97.347298, 33.166938], [-97.347042, 33.168112], [-97.348262, 33.16801], [-97.347871, 33.16702], [-97.348927, 33.166635], [-97.349085, 33.168349], [-97.35005, 33.169238], [-97.350503, 33.168036], [-97.352314, 33.167524], [-97.350955, 33.167228], [-97.352779, 33.165168], [-97.354826, 33.165379], [-97.356813, 33.164271], [-97.357285, 33.165138], [-97.358474, 33.16436], [-97.358436, 33.163142], [-97.359568, 33.162636], [-97.362324, 33.16299], [-97.362809, 33.163831], [-97.365135, 33.165067], [-97.367026, 33.164375], [-97.369193, 33.165498], [-97.370886, 33.165579], [-97.37276, 33.166519], [-97.373957, 33.168101], [-97.376063, 33.16877], [-97.378732, 33.168311], [-97.380656, 33.168781], [-97.380435, 33.16986], [-97.38161, 33.172176], [-97.384745, 33.172803], [-97.385429, 33.1741], [-97.387743, 33.174647], [-97.388015, 33.175634], [-97.390315, 33.175379], [-97.391372, 33.177916], [-97.392832, 33.178361], [-97.391644, 33.21732], [-97.401484, 33.21741], [-97.396736, 33.221297], [-97.399058, 33.223182], [-97.39537, 33.223242], [-97.395255, 33.234721], [-97.399747, 33.234797], [-97.399737, 33.237886], [-97.39223, 33.241429], [-97.393146, 33.241512], [-97.399622, 33.239438], [-97.401588, 33.239486], [-97.405959, 33.240699], [-97.407986, 33.242058], [-97.408492, 33.244401], [-97.407054, 33.246723], [-97.404013, 33.248583], [-97.403739, 33.249259], [-97.404708, 33.252623], [-97.406245, 33.252787], [-97.408807, 33.254546], [-97.409481, 33.255983], [-97.409301, 33.258035]]]}}, {"type": "Feature", "properties": {"zip": "76053", "city": "Hurst", "county": "Tarrant County", "zhvi_2010": 162227, "zhvi_2011": 147473, "zhvi_2012": 147587, "zhvi_2013": 156390, "zhvi_2014": 167534, "zhvi_2015": 183016, "zhvi_2016": 206400, "zhvi_2017": 228160, "zhvi_2018": 245400, "zhvi_2019": 254802, "zhvi_2020": 269361, "zhvi_2021": 294049, "zhvi_2022": 324007, "zhvi_2023": 317333, "zhvi_2024": 314429, "zhvi_2025": 299585, "zori_2015": null, "zori_2016": null, "zori_2017": null, "zori_2018": null, "zori_2019": null, "zori_2020": null, "zori_2021": null, "zori_2022": 1483, "zori_2023": 1423, "zori_2024": 1413, "zori_2025": 1344, "has_zhvi": true, "has_zori": true}, "geometry": {"type": "Polygon", "coordinates": [[[-97.212307, 32.797901], [-97.212242, 32.819511], [-97.208013, 32.819471], [-97.207457, 32.820649], [-97.207453, 32.823815], [-97.205342, 32.823856], [-97.205057, 32.828182], [-97.204211, 32.830607], [-97.203071, 32.831913], [-97.199132, 32.834135], [-97.194382, 32.837681], [-97.185207, 32.839433], [-97.166186, 32.839555], [-97.166123, 32.835706], [-97.167755, 32.835692], [-97.16787, 32.833942], [-97.166444, 32.833963], [-97.166432, 32.827215], [-97.164335, 32.827293], [-97.164485, 32.823563], [-97.155763, 32.823439], [-97.155933, 32.815154], [-97.144714, 32.814821], [-97.144712, 32.815678], [-97.143698, 32.815254], [-97.14338, 32.818053], [-97.139117, 32.817759], [-97.139021, 32.817334], [-97.140542, 32.816692], [-97.139119, 32.814743], [-97.137403, 32.815349], [-97.138614, 32.814721], [-97.134695, 32.814721], [-97.134756, 32.810963], [-97.135409, 32.80799], [-97.140188, 32.807482], [-97.140173, 32.797418], [-97.143291, 32.801627], [-97.145942, 32.800891], [-97.155357, 32.802149], [-97.176763, 32.802037], [-97.174837, 32.800069], [-97.169191, 32.799692], [-97.16921, 32.79788], [-97.171117, 32.797437], [-97.174966, 32.798439], [-97.176691, 32.799988], [-97.17798, 32.799861], [-97.178271, 32.798687], [-97.183762, 32.802466], [-97.19487, 32.802658], [-97.202645, 32.802388], [-97.205462, 32.801217], [-97.210109, 32.798004], [-97.212307, 32.797901]]]}}, {"type": "Feature", "properties": {"zip": "75152", "city": null, "county": "Ellis County", "zhvi_2010": 172576, "zhvi_2011": 163973, "zhvi_2012": 162175, "zhvi_2013": 170735, "zhvi_2014": 183868, "zhvi_2015": 202658, "zhvi_2016": 222247, "zhvi_2017": 243837, "zhvi_2018": 261225, "zhvi_2019": 273693, "zhvi_2020": 290099, "zhvi_2021": 319094, "zhvi_2022": 343158, "zhvi_2023": 328393, "zhvi_2024": 322373, "zhvi_2025": 313772, "zori_2015": null, "zori_2016": null, "zori_2017": null, "zori_2018": null, "zori_2019": null, "zori_2020": null, "zori_2021": null, "zori_2022": null, "zori_2023": null, "zori_2024": null, "zori_2025": null, "has_zhvi": true, "has_zori": false}, "geometry": {"type": "Polygon", "coordinates": [[[-96.770699, 32.480249], [-96.761947, 32.485039], [-96.750763, 32.468071], [-96.731435, 32.477227], [-96.730898, 32.476343], [-96.724163, 32.479642], [-96.728845, 32.486595], [-96.722889, 32.489914], [-96.725863, 32.491901], [-96.724629, 32.492789], [-96.723513, 32.491717], [-96.722074, 32.491556], [-96.719473, 32.489814], [-96.718411, 32.486418], [-96.716559, 32.484788], [-96.711644, 32.483721], [-96.710367, 32.484837], [-96.70779, 32.485613], [-96.707394, 32.484934], [-96.705323, 32.48469], [-96.704116, 32.482577], [-96.702909, 32.482286], [-96.702999, 32.480879], [-96.699943, 32.479201], [-96.699454, 32.477766], [-96.694062, 32.474899], [-96.692848, 32.475308], [-96.690909, 32.474476], [-96.689364, 32.473163], [-96.68581, 32.47251], [-96.682131, 32.470613], [-96.679914, 32.470624], [-96.678241, 32.470097], [-96.670545, 32.471449], [-96.667026, 32.470686], [-96.666032, 32.469417], [-96.6624, 32.467858], [-96.663476, 32.464294], [-96.662472, 32.46419], [-96.661402, 32.47057], [-96.661577, 32.473718], [-96.661059, 32.474382], [-96.660771, 32.470968], [-96.661096, 32.468546], [-96.65097, 32.471151], [-96.650401, 32.470188], [-96.647839, 32.471911], [-96.647438, 32.471317], [-96.644781, 32.471199], [-96.643064, 32.473174], [-96.637774, 32.474221], [-96.635367, 32.475344], [-96.630861, 32.476045], [-96.625359, 32.478803], [-96.621619, 32.479248], [-96.615372, 32.478859], [-96.613263, 32.479688], [-96.613083, 32.480269], [-96.611177, 32.4806], [-96.610059, 32.481462], [-96.608295, 32.481344], [-96.606196, 32.482847], [-96.60449, 32.483167], [-96.603545, 32.482024], [-96.604652, 32.480716], [-96.604903, 32.478834], [-96.604117, 32.476636], [-96.6044, 32.47432], [-96.602552, 32.473658], [-96.602335, 32.471975], [-96.603608, 32.471496], [-96.604605, 32.467101], [-96.606355, 32.465598], [-96.606408, 32.464588], [-96.608975, 32.464345], [-96.610267, 32.462218], [-96.609976, 32.460301], [-96.610454, 32.459314], [-96.611318, 32.460084], [-96.613477, 32.459117], [-96.613604, 32.458449], [-96.619367, 32.455137], [-96.618895, 32.454124], [-96.620234, 32.452077], [-96.622659, 32.450842], [-96.622971, 32.449672], [-96.624334, 32.448405], [-96.624494, 32.446832], [-96.627316, 32.444647], [-96.627554, 32.4437], [-96.626983, 32.441017], [-96.629029, 32.436549], [-96.628859, 32.434789], [-96.630083, 32.431552], [-96.626543, 32.431562], [-96.622823, 32.436148], [-96.619447, 32.437689], [-96.607403, 32.440558], [-96.606484, 32.440479], [-96.604134, 32.438975], [-96.603234, 32.43911], [-96.599511, 32.44296], [-96.598443, 32.442917], [-96.594259, 32.441663], [-96.591383, 32.439757], [-96.596995, 32.433932], [-96.590258, 32.429271], [-96.59148, 32.427712], [-96.5905, 32.422037], [-96.592423, 32.422378], [-96.594689, 32.424647], [-96.597201, 32.421557], [-96.598186, 32.421068], [-96.606736, 32.412122], [-96.610842, 32.41496], [-96.61177, 32.414015], [-96.614282, 32.415731], [-96.616063, 32.41395], [-96.609244, 32.409249], [-96.614551, 32.403615], [-96.618396, 32.40614], [-96.619335, 32.405202], [-96.619821, 32.40561], [-96.630405, 32.397011], [-96.631618, 32.397704], [-96.632325, 32.396675], [-96.633918, 32.399168], [-96.642158, 32.392514], [-96.64787, 32.398157], [-96.639418, 32.407005], [-96.641206, 32.409874], [-96.645332, 32.408568], [-96.646734, 32.410502], [-96.650363, 32.409883], [-96.651596, 32.411485], [-96.656084, 32.410289], [-96.657851, 32.408119], [-96.658687, 32.407773], [-96.660016, 32.407559], [-96.664171, 32.408589], [-96.664004, 32.405746], [-96.669958, 32.40511], [-96.67023, 32.401342], [-96.676895, 32.401176], [-96.676619, 32.395336], [-96.678837, 32.395349], [-96.678983, 32.390251], [-96.675959, 32.386668], [-96.675426, 32.384911], [-96.673138, 32.382762], [-96.671023, 32.381873], [-96.669361, 32.37921], [-96.66694, 32.378289], [-96.664247, 32.375936], [-96.660802, 32.375788], [-96.657179, 32.368291], [-96.655112, 32.365297], [-96.679047, 32.368738], [-96.679522, 32.37283], [-96.680512, 32.375985], [-96.692149, 32.375994], [-96.691181, 32.370441], [-96.703265, 32.372109], [-96.703288, 32.376038], [-96.709992, 32.376086], [-96.709829, 32.383722], [-96.718516, 32.383849], [-96.718451, 32.395306], [-96.719924, 32.395317], [-96.720795, 32.396414], [-96.724651, 32.396237], [-96.724111, 32.40196], [-96.720454, 32.402685], [-96.719229, 32.403661], [-96.714667, 32.403982], [-96.713609, 32.405043], [-96.712679, 32.403975], [-96.710107, 32.404881], [-96.707873, 32.404024], [-96.70806, 32.405945], [-96.706123, 32.406658], [-96.705037, 32.407823], [-96.702446, 32.40923], [-96.701461, 32.409292], [-96.702954, 32.410192], [-96.707221, 32.414363], [-96.709649, 32.415749], [-96.713688, 32.41657], [-96.718494, 32.419466], [-96.720141, 32.419671], [-96.713503, 32.421062], [-96.716149, 32.42311], [-96.705967, 32.427705], [-96.704769, 32.429202], [-96.706778, 32.439058], [-96.708873, 32.438808], [-96.71111, 32.439224], [-96.715023, 32.44095], [-96.716965, 32.440852], [-96.718228, 32.441754], [-96.7199, 32.444132], [-96.720729, 32.443682], [-96.721416, 32.444687], [-96.722082, 32.443626], [-96.724444, 32.444132], [-96.726085, 32.446254], [-96.728516, 32.448181], [-96.72998, 32.447522], [-96.731711, 32.448278], [-96.732516, 32.449317], [-96.735064, 32.450097], [-96.73579, 32.449637], [-96.739103, 32.449616], [-96.741194, 32.448394], [-96.741014, 32.449347], [-96.742513, 32.452699], [-96.748105, 32.450614], [-96.748526, 32.450031], [-96.751834, 32.450272], [-96.751274, 32.45365], [-96.753285, 32.454452], [-96.754273, 32.455965], [-96.75719, 32.457106], [-96.758013, 32.458788], [-96.76122, 32.459542], [-96.761235, 32.461719], [-96.763056, 32.462501], [-96.767728, 32.466081], [-96.769707, 32.466313], [-96.769861, 32.467559], [-96.766179, 32.469434], [-96.76434, 32.469743], [-96.764301, 32.471472], [-96.766555, 32.474444], [-96.767297, 32.477162], [-96.769466, 32.478412], [-96.770699, 32.480249]]]}}, {"type": "Feature", "properties": {"zip": "76180", "city": "North Richland Hills", "county": "Tarrant County", "zhvi_2010": 194115, "zhvi_2011": 180157, "zhvi_2012": 176529, "zhvi_2013": 185469, "zhvi_2014": 194961, "zhvi_2015": 214500, "zhvi_2016": 239050, "zhvi_2017": 260911, "zhvi_2018": 278234, "zhvi_2019": 285670, "zhvi_2020": 300556, "zhvi_2021": 329839, "zhvi_2022": 364244, "zhvi_2023": 354755, "zhvi_2024": 350533, "zhvi_2025": 332649, "zori_2015": null, "zori_2016": null, "zori_2017": null, "zori_2018": 1337, "zori_2019": 1367, "zori_2020": 1392, "zori_2021": 1497, "zori_2022": 1569, "zori_2023": 1519, "zori_2024": 1464, "zori_2025": 1438, "has_zhvi": true, "has_zori": true}, "geometry": {"type": "Polygon", "coordinates": [[[-97.258708, 32.835552], [-97.255561, 32.836816], [-97.25285, 32.840308], [-97.255474, 32.840234], [-97.253494, 32.840826], [-97.254162, 32.846375], [-97.2519, 32.847516], [-97.251754, 32.848695], [-97.249613, 32.848813], [-97.249591, 32.853124], [-97.238595, 32.853118], [-97.237996, 32.860414], [-97.217, 32.860038], [-97.213274, 32.861492], [-97.209766, 32.862012], [-97.203176, 32.86164], [-97.186095, 32.861959], [-97.18614, 32.855733], [-97.193031, 32.850029], [-97.192896, 32.838529], [-97.191884, 32.838398], [-97.194986, 32.837336], [-97.199132, 32.834135], [-97.203071, 32.831913], [-97.204211, 32.830607], [-97.205057, 32.828182], [-97.205342, 32.823856], [-97.215585, 32.823783], [-97.215582, 32.821886], [-97.21963, 32.822194], [-97.219625, 32.823791], [-97.223595, 32.823819], [-97.224641, 32.822733], [-97.228366, 32.821904], [-97.228028, 32.821595], [-97.233753, 32.817341], [-97.234954, 32.818461], [-97.247083, 32.809356], [-97.244387, 32.809099], [-97.248671, 32.807582], [-97.253142, 32.812678], [-97.253346, 32.814498], [-97.252075, 32.815295], [-97.251614, 32.818053], [-97.253402, 32.819078], [-97.257093, 32.822502], [-97.257154, 32.823577], [-97.254898, 32.824469], [-97.252534, 32.826352], [-97.254665, 32.831642], [-97.255926, 32.833208], [-97.257762, 32.83419], [-97.258708, 32.835552]]]}}, {"type": "Feature", "properties": {"zip": "75407", "city": "Princeton", "county": "Collin County", "zhvi_2010": 187275, "zhvi_2011": 170475, "zhvi_2012": 172967, "zhvi_2013": 186830, "zhvi_2014": 213940, "zhvi_2015": 233724, "zhvi_2016": 260040, "zhvi_2017": 281421, "zhvi_2018": 295866, "zhvi_2019": 297692, "zhvi_2020": 298918, "zhvi_2021": 333897, "zhvi_2022": 393123, "zhvi_2023": 361315, "zhvi_2024": 340505, "zhvi_2025": 312697, "zori_2015": null, "zori_2016": null, "zori_2017": null, "zori_2018": null, "zori_2019": null, "zori_2020": null, "zori_2021": 2078, "zori_2022": 2039, "zori_2023": 2030, "zori_2024": 1951, "zori_2025": 1888, "has_zhvi": true, "has_zori": true}, "geometry": {"type": "Polygon", "coordinates": [[[-96.54956, 33.154595], [-96.54083, 33.153634], [-96.540816, 33.15427], [-96.535966, 33.153274], [-96.535863, 33.155167], [-96.527929, 33.155029], [-96.527811, 33.160664], [-96.533727, 33.16086], [-96.533335, 33.172597], [-96.537176, 33.17266], [-96.536845, 33.1764], [-96.539915, 33.176461], [-96.538904, 33.180854], [-96.546007, 33.181028], [-96.54766, 33.183431], [-96.546649, 33.188059], [-96.547887, 33.188035], [-96.548005, 33.192017], [-96.545603, 33.191101], [-96.541499, 33.190925], [-96.541396, 33.196452], [-96.53825, 33.196308], [-96.538112, 33.199124], [-96.531332, 33.199096], [-96.531354, 33.203233], [-96.534576, 33.203247], [-96.534494, 33.206839], [-96.532218, 33.206839], [-96.531664, 33.2118], [-96.520597, 33.21147], [-96.520352, 33.221114], [-96.518371, 33.221089], [-96.518319, 33.222617], [-96.510284, 33.222522], [-96.509749, 33.233006], [-96.507738, 33.234809], [-96.501846, 33.23455], [-96.49851, 33.2355], [-96.495929, 33.235273], [-96.492384, 33.234142], [-96.484544, 33.234329], [-96.478485, 33.23305], [-96.478602, 33.234447], [-96.48052, 33.235743], [-96.480728, 33.238498], [-96.479486, 33.239655], [-96.480001, 33.24053], [-96.476182, 33.243969], [-96.474734, 33.247135], [-96.469866, 33.24837], [-96.462426, 33.248441], [-96.45932, 33.249375], [-96.457052, 33.249336], [-96.45725, 33.241773], [-96.447384, 33.241503], [-96.447452, 33.23968], [-96.44731, 33.240208], [-96.442083, 33.240099], [-96.442122, 33.237581], [-96.43504, 33.237384], [-96.435118, 33.234168], [-96.439933, 33.234179], [-96.44077, 33.227772], [-96.439797, 33.220092], [-96.441598, 33.220122], [-96.441681, 33.216681], [-96.439718, 33.213565], [-96.439922, 33.212988], [-96.436315, 33.208599], [-96.43613, 33.204845], [-96.434208, 33.205115], [-96.43289, 33.20669], [-96.431425, 33.20585], [-96.429544, 33.206495], [-96.425728, 33.206333], [-96.426937, 33.204936], [-96.428039, 33.202383], [-96.427502, 33.201254], [-96.427529, 33.198271], [-96.429813, 33.19725], [-96.429329, 33.195879], [-96.429974, 33.193783], [-96.431666, 33.193449], [-96.428884, 33.190697], [-96.426631, 33.189276], [-96.426581, 33.187292], [-96.424664, 33.186301], [-96.422445, 33.183642], [-96.420604, 33.183642], [-96.42242, 33.182841], [-96.421688, 33.182166], [-96.423353, 33.179401], [-96.424864, 33.178426], [-96.430416, 33.172924], [-96.430653, 33.171723], [-96.432878, 33.169871], [-96.432212, 33.165686], [-96.429752, 33.163646], [-96.429546, 33.156322], [-96.432524, 33.150992], [-96.44056, 33.142336], [-96.452133, 33.128521], [-96.456718, 33.120682], [-96.461228, 33.097738], [-96.463459, 33.092068], [-96.469759, 33.07991], [-96.471758, 33.074838], [-96.472759, 33.070684], [-96.473252, 33.065589], [-96.472835, 33.057647], [-96.47149, 33.054516], [-96.466126, 33.052073], [-96.464372, 33.050786], [-96.46379, 33.048618], [-96.467671, 33.046012], [-96.473469, 33.044581], [-96.474231, 33.043064], [-96.480782, 33.043917], [-96.482266, 33.044373], [-96.484545, 33.046199], [-96.489922, 33.047006], [-96.499879, 33.047008], [-96.513133, 33.045479], [-96.519375, 33.046335], [-96.521484, 33.047475], [-96.522489, 33.048782], [-96.52448, 33.056131], [-96.532591, 33.068855], [-96.53371, 33.072601], [-96.533657, 33.078055], [-96.532878, 33.081457], [-96.528223, 33.087925], [-96.528277, 33.093167], [-96.530071, 33.098039], [-96.530786, 33.10219], [-96.53221, 33.105608], [-96.532376, 33.114379], [-96.534135, 33.115887], [-96.534873, 33.118567], [-96.535452, 33.124195], [-96.53927, 33.127076], [-96.540722, 33.130252], [-96.538613, 33.129837], [-96.538285, 33.130164], [-96.539673, 33.133803], [-96.537101, 33.133862], [-96.53761, 33.1348], [-96.53668, 33.135668], [-96.537606, 33.136853], [-96.539476, 33.137833], [-96.53984, 33.139196], [-96.541066, 33.138243], [-96.5419, 33.140327], [-96.541088, 33.140846], [-96.542016, 33.141807], [-96.541346, 33.142896], [-96.543732, 33.144038], [-96.544748, 33.14517], [-96.543379, 33.146886], [-96.544791, 33.149273], [-96.544248, 33.151446], [-96.546966, 33.151905], [-96.54956, 33.154595]]]}}, {"type": "Feature", "properties": {"zip": "75424", "city": null, "county": "Collin County", "zhvi_2010": 172641, "zhvi_2011": 159186, "zhvi_2012": 170601, "zhvi_2013": 189076, "zhvi_2014": 206642, "zhvi_2015": 226445, "zhvi_2016": 260750, "zhvi_2017": 285280, "zhvi_2018": 306083, "zhvi_2019": 322934, "zhvi_2020": 346445, "zhvi_2021": 402426, "zhvi_2022": 456221, "zhvi_2023": 439104, "zhvi_2024": 438649, "zhvi_2025": 432774, "zori_2015": null, "zori_2016": null, "zori_2017": null, "zori_2018": null, "zori_2019": null, "zori_2020": null, "zori_2021": null, "zori_2022": null, "zori_2023": null, "zori_2024": null, "zori_2025": null, "has_zhvi": true, "has_zori": false}, "geometry": {"type": "Polygon", "coordinates": [[[-96.490998, 33.262779], [-96.486585, 33.261633], [-96.484488, 33.259269], [-96.481225, 33.259478], [-96.479406, 33.257755], [-96.478113, 33.25797], [-96.479755, 33.2605], [-96.478979, 33.260548], [-96.479199, 33.262504], [-96.477133, 33.262976], [-96.476536, 33.264767], [-96.477517, 33.265422], [-96.475245, 33.267398], [-96.476417, 33.269893], [-96.476521, 33.272841], [-96.478371, 33.273183], [-96.479834, 33.274406], [-96.479081, 33.277876], [-96.479855, 33.277985], [-96.479408, 33.281126], [-96.480514, 33.282688], [-96.479166, 33.282581], [-96.47918, 33.283727], [-96.477614, 33.283459], [-96.477436, 33.284891], [-96.478496, 33.286693], [-96.481139, 33.287323], [-96.47982, 33.288168], [-96.48088, 33.289135], [-96.481193, 33.293256], [-96.482407, 33.292104], [-96.483648, 33.293731], [-96.481915, 33.296053], [-96.480538, 33.296368], [-96.479231, 33.298299], [-96.477166, 33.298547], [-96.475732, 33.300986], [-96.474799, 33.300311], [-96.474499, 33.301555], [-96.476181, 33.301648], [-96.476215, 33.302345], [-96.474049, 33.302819], [-96.475847, 33.304159], [-96.474317, 33.305698], [-96.472326, 33.305114], [-96.472174, 33.306019], [-96.474294, 33.306742], [-96.473054, 33.311034], [-96.472399, 33.31001], [-96.466387, 33.309891], [-96.465941, 33.307471], [-96.443567, 33.306936], [-96.443373, 33.308377], [-96.445303, 33.31112], [-96.445318, 33.322922], [-96.42946, 33.32273], [-96.429527, 33.318771], [-96.42771, 33.318438], [-96.427603, 33.313012], [-96.41871, 33.312596], [-96.418906, 33.317977], [-96.419796, 33.32231], [-96.418825, 33.323061], [-96.419303, 33.325532], [-96.418032, 33.325757], [-96.418178, 33.327103], [-96.419143, 33.32774], [-96.418299, 33.329084], [-96.420524, 33.330056], [-96.420256, 33.331664], [-96.418523, 33.332124], [-96.419658, 33.332528], [-96.418389, 33.335095], [-96.417191, 33.335953], [-96.418652, 33.337035], [-96.418787, 33.338195], [-96.419928, 33.34019], [-96.419621, 33.344654], [-96.418602, 33.346904], [-96.419776, 33.348272], [-96.417922, 33.350988], [-96.417916, 33.352329], [-96.409571, 33.352393], [-96.409633, 33.368496], [-96.408925, 33.368747], [-96.408911, 33.372808], [-96.409899, 33.373133], [-96.409685, 33.379697], [-96.401731, 33.383807], [-96.402133, 33.386513], [-96.401884, 33.39565], [-96.402526, 33.398107], [-96.386474, 33.398075], [-96.384602, 33.397826], [-96.384737, 33.396956], [-96.374588, 33.406885], [-96.383539, 33.397847], [-96.381062, 33.397389], [-96.372898, 33.397274], [-96.372638, 33.402467], [-96.36394, 33.402181], [-96.364621, 33.391774], [-96.363837, 33.389075], [-96.363802, 33.383506], [-96.382325, 33.38364], [-96.382386, 33.382918], [-96.380518, 33.383014], [-96.379488, 33.381912], [-96.3795, 33.379936], [-96.369573, 33.379733], [-96.369645, 33.378236], [-96.366951, 33.378116], [-96.366419, 33.376546], [-96.366957, 33.361305], [-96.351284, 33.360874], [-96.349691, 33.354198], [-96.349963, 33.345198], [-96.331915, 33.347406], [-96.335377, 33.3442], [-96.335109, 33.34129], [-96.33031, 33.341139], [-96.330338, 33.335332], [-96.313815, 33.335064], [-96.312603, 33.340357], [-96.311574, 33.340172], [-96.312651, 33.336861], [-96.313646, 33.335479], [-96.312421, 33.332066], [-96.312239, 33.329505], [-96.312937, 33.327382], [-96.314955, 33.326245], [-96.315855, 33.324321], [-96.30513, 33.324031], [-96.303447, 33.324595], [-96.303866, 33.314566], [-96.304825, 33.313637], [-96.30876, 33.313699], [-96.30984, 33.312905], [-96.310301, 33.302811], [-96.310827, 33.30215], [-96.295325, 33.301474], [-96.295312, 33.293442], [-96.296781, 33.292064], [-96.296509, 33.290755], [-96.297614, 33.289271], [-96.299655, 33.288651], [-96.302962, 33.286314], [-96.304342, 33.286674], [-96.305519, 33.285205], [-96.308006, 33.284251], [-96.309257, 33.282512], [-96.309087, 33.281202], [-96.31006, 33.279089], [-96.312025, 33.27786], [-96.311082, 33.277026], [-96.311541, 33.276126], [-96.311123, 33.274179], [-96.314941, 33.265777], [-96.320792, 33.260813], [-96.323957, 33.259503], [-96.327089, 33.258941], [-96.328573, 33.259211], [-96.331384, 33.258025], [-96.335773, 33.257505], [-96.336456, 33.26127], [-96.336011, 33.263516], [-96.344259, 33.263467], [-96.35137, 33.264], [-96.355104, 33.265293], [-96.376859, 33.266177], [-96.379427, 33.267764], [-96.385328, 33.267964], [-96.385673, 33.26898], [-96.388101, 33.269053], [-96.385883, 33.253819], [-96.409587, 33.253928], [-96.412298, 33.253712], [-96.419461, 33.25159], [-96.42176, 33.25163], [-96.42228, 33.249282], [-96.420394, 33.243096], [-96.421655, 33.23637], [-96.422127, 33.230279], [-96.432352, 33.230444], [-96.432282, 33.234163], [-96.435118, 33.234168], [-96.43504, 33.237384], [-96.442122, 33.237581], [-96.442083, 33.240099], [-96.44731, 33.240208], [-96.447452, 33.23968], [-96.447384, 33.241503], [-96.45725, 33.241773], [-96.457052, 33.249336], [-96.45932, 33.249375], [-96.462426, 33.248441], [-96.469866, 33.24837], [-96.474734, 33.247135], [-96.476369, 33.248029], [-96.48369, 33.248357], [-96.489599, 33.249681], [-96.48942, 33.253234], [-96.490549, 33.256605], [-96.490998, 33.262779]]]}}, {"type": "Feature", "properties": {"zip": "75154", "city": "Red Oak", "county": "Ellis County", "zhvi_2010": 199542, "zhvi_2011": 188549, "zhvi_2012": 187771, "zhvi_2013": 200018, "zhvi_2014": 212857, "zhvi_2015": 230146, "zhvi_2016": 251450, "zhvi_2017": 273916, "zhvi_2018": 291611, "zhvi_2019": 301482, "zhvi_2020": 314684, "zhvi_2021": 349209, "zhvi_2022": 386310, "zhvi_2023": 372611, "zhvi_2024": 363656, "zhvi_2025": 348906, "zori_2015": null, "zori_2016": null, "zori_2017": null, "zori_2018": null, "zori_2019": null, "zori_2020": null, "zori_2021": 2045, "zori_2022": 2027, "zori_2023": 2069, "zori_2024": 2075, "zori_2025": 2031, "has_zhvi": true, "has_zori": true}, "geometry": {"type": "Polygon", "coordinates": [[[-96.920694, 32.54616], [-96.91683, 32.546347], [-96.916824, 32.54744], [-96.918575, 32.547644], [-96.908171, 32.547607], [-96.908146, 32.548857], [-96.899613, 32.548841], [-96.899694, 32.56817], [-96.882936, 32.56807], [-96.882841, 32.565904], [-96.874026, 32.565879], [-96.874027, 32.565285], [-96.861212, 32.565084], [-96.861135, 32.565832], [-96.856878, 32.565962], [-96.856878, 32.565013], [-96.839665, 32.565054], [-96.839683, 32.567148], [-96.822359, 32.56711], [-96.82213, 32.54715], [-96.722616, 32.546557], [-96.719525, 32.541947], [-96.717463, 32.54241], [-96.715739, 32.539151], [-96.718969, 32.537475], [-96.717933, 32.53591], [-96.71613, 32.536779], [-96.714607, 32.534896], [-96.717294, 32.532953], [-96.720548, 32.531999], [-96.721416, 32.53314], [-96.726398, 32.531531], [-96.725251, 32.529837], [-96.718626, 32.530341], [-96.716387, 32.526149], [-96.712527, 32.520517], [-96.71534, 32.519226], [-96.71913, 32.519481], [-96.71858, 32.517424], [-96.716452, 32.513415], [-96.710552, 32.50466], [-96.718491, 32.500929], [-96.716377, 32.4978], [-96.707988, 32.501734], [-96.704763, 32.496969], [-96.713816, 32.492314], [-96.711786, 32.489215], [-96.714098, 32.487696], [-96.712883, 32.485127], [-96.714438, 32.484371], [-96.716559, 32.484788], [-96.718411, 32.486418], [-96.719473, 32.489814], [-96.722074, 32.491556], [-96.723513, 32.491717], [-96.724629, 32.492789], [-96.725863, 32.491901], [-96.722889, 32.489914], [-96.728845, 32.486595], [-96.724163, 32.479642], [-96.730898, 32.476343], [-96.731435, 32.477227], [-96.750763, 32.468071], [-96.761947, 32.485039], [-96.770699, 32.480249], [-96.769466, 32.478412], [-96.772191, 32.477372], [-96.775386, 32.483365], [-96.776464, 32.483213], [-96.778346, 32.487262], [-96.786206, 32.486066], [-96.787991, 32.488705], [-96.794698, 32.484966], [-96.795651, 32.485294], [-96.801995, 32.492078], [-96.797759, 32.501619], [-96.796645, 32.501455], [-96.797101, 32.502159], [-96.799635, 32.501452], [-96.805378, 32.501503], [-96.805896, 32.499682], [-96.808903, 32.500041], [-96.811057, 32.496483], [-96.812719, 32.496656], [-96.814619, 32.49384], [-96.817446, 32.492626], [-96.820772, 32.492061], [-96.822863, 32.490737], [-96.822391, 32.497019], [-96.823594, 32.497651], [-96.822674, 32.499902], [-96.822541, 32.506242], [-96.830921, 32.50885], [-96.840748, 32.50696], [-96.842236, 32.505096], [-96.847656, 32.504474], [-96.8484, 32.503977], [-96.853751, 32.504012], [-96.853758, 32.498273], [-96.873757, 32.498426], [-96.873696, 32.493122], [-96.874503, 32.494115], [-96.878167, 32.494358], [-96.879127, 32.495834], [-96.8796, 32.502822], [-96.880333, 32.502821], [-96.880348, 32.500584], [-96.882988, 32.500194], [-96.882907, 32.49562], [-96.886835, 32.495561], [-96.886842, 32.499848], [-96.890906, 32.499899], [-96.890875, 32.502844], [-96.893094, 32.502845], [-96.893176, 32.49977], [-96.895268, 32.499749], [-96.895382, 32.502834], [-96.899039, 32.502856], [-96.896787, 32.51184], [-96.897696, 32.514173], [-96.893443, 32.516545], [-96.8937, 32.517363], [-96.890625, 32.517536], [-96.895864, 32.517867], [-96.897254, 32.517369], [-96.907705, 32.517327], [-96.908097, 32.521782], [-96.905148, 32.52461], [-96.903025, 32.523452], [-96.894308, 32.525458], [-96.893505, 32.527518], [-96.894703, 32.529989], [-96.89673, 32.531498], [-96.901611, 32.533902], [-96.90289, 32.535252], [-96.906201, 32.535376], [-96.907583, 32.534572], [-96.909244, 32.535663], [-96.910641, 32.535484], [-96.912503, 32.536159], [-96.913684, 32.537927], [-96.918187, 32.540235], [-96.918181, 32.54336], [-96.919676, 32.543248], [-96.919573, 32.546124], [-96.920694, 32.54616]], [[-96.800344, 32.492137], [-96.799363, 32.491132], [-96.797134, 32.491916], [-96.796906, 32.493229], [-96.800111, 32.494165], [-96.800344, 32.492137]]]}}, {"type": "Feature", "properties": {"zip": "76010", "city": "Arlington", "county": "Tarrant County", "zhvi_2010": 100966, "zhvi_2011": 92804, "zhvi_2012": 92683, "zhvi_2013": 98482, "zhvi_2014": 107203, "zhvi_2015": 120105, "zhvi_2016": 137063, "zhvi_2017": 158770, "zhvi_2018": 180618, "zhvi_2019": 192957, "zhvi_2020": 208736, "zhvi_2021": 231459, "zhvi_2022": 255913, "zhvi_2023": 250396, "zhvi_2024": 247114, "zhvi_2025": 233781, "zori_2015": null, "zori_2016": null, "zori_2017": null, "zori_2018": null, "zori_2019": null, "zori_2020": null, "zori_2021": 1382, "zori_2022": 1297, "zori_2023": 1310, "zori_2024": 1297, "zori_2025": 1250, "has_zhvi": true, "has_zori": true}, "geometry": {"type": "Polygon", "coordinates": [[[-97.114775, 32.71004], [-97.114525, 32.737557], [-97.090465, 32.736783], [-97.087947, 32.737361], [-97.076869, 32.742163], [-97.073449, 32.742871], [-97.062732, 32.742413], [-97.062722, 32.742804], [-97.061935, 32.742264], [-97.04602, 32.739224], [-97.04602, 32.738191], [-97.048243, 32.738197], [-97.048239, 32.737696], [-97.046022, 32.737976], [-97.04603, 32.736686], [-97.04932, 32.736291], [-97.049349, 32.735111], [-97.056363, 32.735227], [-97.056663, 32.728425], [-97.045855, 32.727906], [-97.045914, 32.720623], [-97.047586, 32.720633], [-97.047574, 32.706036], [-97.108726, 32.70633], [-97.113436, 32.705927], [-97.114648, 32.706187], [-97.11471, 32.708205], [-97.115858, 32.708495], [-97.114775, 32.71004]]]}}, {"type": "Feature", "properties": {"zip": "75236", "city": "Dallas", "county": "Dallas County", "zhvi_2010": 127054, "zhvi_2011": 113297, "zhvi_2012": 115273, "zhvi_2013": 128295, "zhvi_2014": 142632, "zhvi_2015": 160265, "zhvi_2016": 181466, "zhvi_2017": 199230, "zhvi_2018": 216246, "zhvi_2019": 226911, "zhvi_2020": 240601, "zhvi_2021": 267712, "zhvi_2022": 301624, "zhvi_2023": 297067, "zhvi_2024": 292509, "zhvi_2025": 276370, "zori_2015": null, "zori_2016": null, "zori_2017": null, "zori_2018": null, "zori_2019": null, "zori_2020": null, "zori_2021": null, "zori_2022": null, "zori_2023": null, "zori_2024": 1593, "zori_2025": 1546, "has_zhvi": true, "has_zori": true}, "geometry": {"type": "Polygon", "coordinates": [[[-96.990102, 32.65216], [-96.988086, 32.653456], [-96.987252, 32.655644], [-96.984725, 32.655991], [-96.982669, 32.662115], [-96.980988, 32.664203], [-96.980255, 32.666494], [-96.977482, 32.668844], [-96.974548, 32.672317], [-96.974177, 32.675303], [-96.972777, 32.677016], [-96.971467, 32.681615], [-96.971973, 32.68291], [-96.970768, 32.687146], [-96.971731, 32.689999], [-96.973337, 32.691405], [-96.973641, 32.693346], [-96.973184, 32.69733], [-96.970813, 32.699066], [-96.966132, 32.706977], [-96.954977, 32.708024], [-96.949941, 32.705833], [-96.933571, 32.705556], [-96.929937, 32.706174], [-96.925663, 32.706147], [-96.924855, 32.708146], [-96.922054, 32.709957], [-96.917714, 32.711776], [-96.916685, 32.712767], [-96.916056, 32.719276], [-96.916644, 32.720523], [-96.915994, 32.720523], [-96.90852, 32.710921], [-96.908592, 32.70574], [-96.9028, 32.705827], [-96.901775, 32.707011], [-96.898338, 32.708641], [-96.88888, 32.712007], [-96.881364, 32.715818], [-96.882026, 32.712622], [-96.880928, 32.707828], [-96.881936, 32.710045], [-96.885614, 32.710898], [-96.89023, 32.706806], [-96.891314, 32.706784], [-96.891362, 32.682461], [-96.887154, 32.681179], [-96.887513, 32.679052], [-96.88284, 32.678431], [-96.882834, 32.676701], [-96.889752, 32.676494], [-96.889222, 32.675583], [-96.889204, 32.672587], [-96.890379, 32.672291], [-96.891219, 32.670387], [-96.890374, 32.669352], [-96.887153, 32.669381], [-96.887066, 32.663856], [-96.88865, 32.663257], [-96.891261, 32.663232], [-96.891472, 32.672974], [-96.892807, 32.672936], [-96.892848, 32.676495], [-96.905637, 32.676379], [-96.905509, 32.675578], [-96.90863, 32.675606], [-96.90862, 32.676445], [-96.92576, 32.676475], [-96.925824, 32.66234], [-96.943226, 32.662227], [-96.945187, 32.663328], [-96.947179, 32.660617], [-96.948863, 32.660858], [-96.948882, 32.661275], [-96.948156, 32.661855], [-96.948534, 32.662504], [-96.947904, 32.662911], [-96.947292, 32.664462], [-96.952169, 32.666134], [-96.951695, 32.665349], [-96.951658, 32.662928], [-96.953378, 32.661397], [-96.956147, 32.662699], [-96.958343, 32.66294], [-96.958738, 32.663829], [-96.957379, 32.66509], [-96.957379, 32.665577], [-96.958278, 32.665613], [-96.964362, 32.662129], [-96.968725, 32.661532], [-96.986287, 32.653156], [-96.990102, 32.65216]]]}}, {"type": "Feature", "properties": {"zip": "75220", "city": "Dallas", "county": "Dallas County", "zhvi_2010": 219220, "zhvi_2011": 198650, "zhvi_2012": 199885, "zhvi_2013": 218469, "zhvi_2014": 241593, "zhvi_2015": 279818, "zhvi_2016": 327216, "zhvi_2017": 356491, "zhvi_2018": 381786, "zhvi_2019": 387292, "zhvi_2020": 400764, "zhvi_2021": 442218, "zhvi_2022": 488974, "zhvi_2023": 494972, "zhvi_2024": 497392, "zhvi_2025": 495889, "zori_2015": null, "zori_2016": null, "zori_2017": null, "zori_2018": null, "zori_2019": null, "zori_2020": null, "zori_2021": null, "zori_2022": 1377, "zori_2023": 1361, "zori_2024": 1385, "zori_2025": 1368, "has_zhvi": true, "has_zori": true}, "geometry": {"type": "Polygon", "coordinates": [[[-96.932036, 32.884251], [-96.93114, 32.886088], [-96.918817, 32.886018], [-96.918757, 32.88862], [-96.917568, 32.888624], [-96.917637, 32.886279], [-96.913439, 32.886099], [-96.915881, 32.874026], [-96.913845, 32.875369], [-96.913523, 32.873972], [-96.90944, 32.87389], [-96.909369, 32.876572], [-96.90454, 32.876821], [-96.903728, 32.878], [-96.902928, 32.881055], [-96.883629, 32.881138], [-96.883234, 32.879866], [-96.879571, 32.879828], [-96.878271, 32.880921], [-96.868646, 32.880392], [-96.865705, 32.880792], [-96.856828, 32.880547], [-96.856137, 32.880381], [-96.856113, 32.878975], [-96.854726, 32.878978], [-96.854726, 32.87987], [-96.853092, 32.879893], [-96.853092, 32.880291], [-96.846327, 32.880299], [-96.846324, 32.879758], [-96.838529, 32.880201], [-96.838403, 32.879726], [-96.830765, 32.879322], [-96.830166, 32.880117], [-96.821126, 32.880119], [-96.820983, 32.877981], [-96.818181, 32.880043], [-96.809741, 32.880062], [-96.81153, 32.865501], [-96.820407, 32.865651], [-96.822183, 32.866562], [-96.82502, 32.866784], [-96.830048, 32.863513], [-96.830563, 32.861791], [-96.831321, 32.861231], [-96.83465, 32.862356], [-96.834427, 32.863597], [-96.836369, 32.86383], [-96.835931, 32.862296], [-96.836958, 32.860362], [-96.840131, 32.859508], [-96.842623, 32.860425], [-96.845067, 32.859142], [-96.848916, 32.860013], [-96.853551, 32.859758], [-96.854108, 32.860089], [-96.85639, 32.859592], [-96.859194, 32.857148], [-96.860368, 32.855063], [-96.862736, 32.853678], [-96.864933, 32.851498], [-96.86624, 32.849277], [-96.867617, 32.849977], [-96.870379, 32.849762], [-96.872352, 32.848354], [-96.873903, 32.849005], [-96.870083, 32.845886], [-96.871722, 32.845478], [-96.873104, 32.843867], [-96.870358, 32.841479], [-96.8701, 32.840521], [-96.872574, 32.838658], [-96.87526, 32.838127], [-96.876726, 32.842053], [-96.883542, 32.840558], [-96.888951, 32.837736], [-96.889887, 32.83643], [-96.889666, 32.844122], [-96.888789, 32.847524], [-96.889554, 32.848166], [-96.891615, 32.847164], [-96.893201, 32.847803], [-96.893663, 32.849738], [-96.895362, 32.85092], [-96.898553, 32.850549], [-96.897885, 32.85201], [-96.89859, 32.853318], [-96.90032, 32.853491], [-96.901094, 32.852352], [-96.901894, 32.852185], [-96.903099, 32.85262], [-96.904048, 32.854188], [-96.906172, 32.853995], [-96.908479, 32.856088], [-96.911774, 32.855762], [-96.912468, 32.857906], [-96.913717, 32.857942], [-96.914751, 32.856056], [-96.916447, 32.856091], [-96.916953, 32.858494], [-96.919342, 32.857413], [-96.923175, 32.858172], [-96.925006, 32.859645], [-96.922435, 32.860714], [-96.922261, 32.861993], [-96.925297, 32.863387], [-96.92429, 32.865772], [-96.926201, 32.865333], [-96.92702, 32.866448], [-96.923946, 32.868696], [-96.923604, 32.870179], [-96.924191, 32.870886], [-96.925019, 32.870913], [-96.926978, 32.869351], [-96.931239, 32.870776], [-96.931272, 32.8733], [-96.929676, 32.875687], [-96.929296, 32.87757], [-96.92941, 32.880215], [-96.927822, 32.882845], [-96.929026, 32.88351], [-96.931281, 32.883071], [-96.932036, 32.884251]]]}}, {"type": "Feature", "properties": {"zip": "75224", "city": "Dallas", "county": "Dallas County", "zhvi_2010": 109206, "zhvi_2011": 99076, "zhvi_2012": 97589, "zhvi_2013": 103352, "zhvi_2014": 115180, "zhvi_2015": 130619, "zhvi_2016": 152405, "zhvi_2017": 174932, "zhvi_2018": 196214, "zhvi_2019": 210758, "zhvi_2020": 222433, "zhvi_2021": 245585, "zhvi_2022": 267735, "zhvi_2023": 256424, "zhvi_2024": 250692, "zhvi_2025": 235430, "zori_2015": null, "zori_2016": null, "zori_2017": null, "zori_2018": null, "zori_2019": null, "zori_2020": null, "zori_2021": null, "zori_2022": null, "zori_2023": null, "zori_2024": null, "zori_2025": 1452, "has_zhvi": true, "has_zori": true}, "geometry": {"type": "MultiPolygon", "coordinates": [[[[-96.857138, 32.691234], [-96.857079, 32.72533], [-96.852547, 32.727998], [-96.843174, 32.732121], [-96.832162, 32.734313], [-96.828734, 32.733168], [-96.822704, 32.733015], [-96.821605, 32.726359], [-96.82164, 32.722831], [-96.822813, 32.722814], [-96.822878, 32.720318], [-96.821681, 32.720275], [-96.822887, 32.719167], [-96.822985, 32.705956], [-96.822344, 32.703025], [-96.822972, 32.703023], [-96.822946, 32.700992], [-96.824225, 32.700991], [-96.823076, 32.696098], [-96.823126, 32.687101], [-96.827253, 32.688239], [-96.83411, 32.691109], [-96.840378, 32.691217], [-96.840111, 32.689175], [-96.841308, 32.689799], [-96.841324, 32.691212], [-96.857138, 32.691234]]], [[[-96.865824, 32.71026], [-96.865783, 32.714323], [-96.860509, 32.713833], [-96.860316, 32.710212], [-96.865824, 32.71026]]]]}}, {"type": "Feature", "properties": {"zip": "75032", "city": "Rockwall", "county": "Rockwall County", "zhvi_2010": 357363, "zhvi_2011": 345836, "zhvi_2012": 332469, "zhvi_2013": 340899, "zhvi_2014": 362623, "zhvi_2015": 390951, "zhvi_2016": 414739, "zhvi_2017": 436138, "zhvi_2018": 446627, "zhvi_2019": 448515, "zhvi_2020": 457667, "zhvi_2021": 515333, "zhvi_2022": 585663, "zhvi_2023": 561815, "zhvi_2024": 548218, "zhvi_2025": 528448, "zori_2015": null, "zori_2016": 1714, "zori_2017": 1721, "zori_2018": 1733, "zori_2019": 1776, "zori_2020": 1823, "zori_2021": 1927, "zori_2022": 1981, "zori_2023": 1956, "zori_2024": 1875, "zori_2025": 1853, "has_zhvi": true, "has_zori": true}, "geometry": {"type": "MultiPolygon", "coordinates": [[[[-96.407501, 32.915356], [-96.406689, 32.92216], [-96.400871, 32.923553], [-96.400863, 32.915255], [-96.407501, 32.915356]]], [[[-96.495262, 32.820939], [-96.49362, 32.821098], [-96.492534, 32.822242], [-96.490989, 32.821481], [-96.491003, 32.819037], [-96.493865, 32.819025], [-96.495635, 32.820205], [-96.495262, 32.820939]]], [[[-96.51897, 32.813616], [-96.518547, 32.867224], [-96.516797, 32.867734], [-96.515945, 32.86941], [-96.510879, 32.873252], [-96.512914, 32.874072], [-96.515501, 32.873415], [-96.51661, 32.87427], [-96.514888, 32.875693], [-96.516192, 32.87653], [-96.515434, 32.877358], [-96.480057, 32.894289], [-96.475724, 32.895615], [-96.471366, 32.891838], [-96.470983, 32.893983], [-96.465835, 32.892583], [-96.463149, 32.89498], [-96.465036, 32.898437], [-96.46367, 32.898819], [-96.462802, 32.897394], [-96.460808, 32.896712], [-96.456577, 32.900328], [-96.455377, 32.899288], [-96.449341, 32.902667], [-96.446937, 32.90466], [-96.450016, 32.909272], [-96.446737, 32.912335], [-96.444819, 32.913248], [-96.418283, 32.919769], [-96.418292, 32.915442], [-96.415615, 32.915573], [-96.413078, 32.916832], [-96.409658, 32.916816], [-96.409616, 32.908516], [-96.402282, 32.908533], [-96.400897, 32.907283], [-96.400621, 32.904728], [-96.38874, 32.904587], [-96.388684, 32.911299], [-96.376602, 32.9112], [-96.376675, 32.895967], [-96.374876, 32.896065], [-96.375074, 32.89291], [-96.375916, 32.891993], [-96.380701, 32.89101], [-96.377674, 32.889963], [-96.375074, 32.89267], [-96.370736, 32.893271], [-96.37075, 32.892662], [-96.374904, 32.892659], [-96.374967, 32.885362], [-96.369576, 32.885331], [-96.371576, 32.883718], [-96.369718, 32.882116], [-96.368068, 32.885201], [-96.366652, 32.886094], [-96.364979, 32.889223], [-96.364925, 32.891361], [-96.361975, 32.897092], [-96.361183, 32.899847], [-96.349749, 32.899743], [-96.349666, 32.892827], [-96.361983, 32.892753], [-96.361911, 32.885366], [-96.352965, 32.885254], [-96.370712, 32.870472], [-96.365943, 32.866275], [-96.369685, 32.862717], [-96.318883, 32.819525], [-96.318107, 32.818414], [-96.314923, 32.816624], [-96.312064, 32.814169], [-96.350542, 32.814012], [-96.352102, 32.819054], [-96.35342, 32.818545], [-96.359019, 32.813949], [-96.379681, 32.813724], [-96.385085, 32.814183], [-96.448538, 32.813543], [-96.457024, 32.820864], [-96.45229, 32.824738], [-96.452454, 32.827348], [-96.450386, 32.82784], [-96.449107, 32.830087], [-96.450434, 32.834234], [-96.452076, 32.835219], [-96.459745, 32.829265], [-96.464428, 32.833354], [-96.463333, 32.834449], [-96.464449, 32.835419], [-96.473798, 32.827516], [-96.473478, 32.82337], [-96.474024, 32.821899], [-96.477738, 32.822141], [-96.480299, 32.819859], [-96.482983, 32.820296], [-96.481811, 32.822203], [-96.487449, 32.822791], [-96.488985, 32.825325], [-96.49093, 32.822851], [-96.492996, 32.82326], [-96.493719, 32.821612], [-96.495675, 32.82184], [-96.496382, 32.820238], [-96.492999, 32.817769], [-96.490374, 32.818058], [-96.491925, 32.816174], [-96.489328, 32.813242], [-96.51897, 32.813616]]]]}}, {"type": "Feature", "properties": {"zip": "76034", "city": "Colleyville", "county": "Tarrant County", "zhvi_2010": 579680, "zhvi_2011": 545277, "zhvi_2012": 542423, "zhvi_2013": 563619, "zhvi_2014": 588465, "zhvi_2015": 628719, "zhvi_2016": 662150, "zhvi_2017": 673580, "zhvi_2018": 675191, "zhvi_2019": 674939, "zhvi_2020": 695595, "zhvi_2021": 774250, "zhvi_2022": 884704, "zhvi_2023": 867383, "zhvi_2024": 887165, "zhvi_2025": 876938, "zori_2015": null, "zori_2016": null, "zori_2017": null, "zori_2018": null, "zori_2019": null, "zori_2020": null, "zori_2021": null, "zori_2022": null, "zori_2023": null, "zori_2024": null, "zori_2025": null, "has_zhvi": true, "has_zori": false}, "geometry": {"type": "Polygon", "coordinates": [[[-97.18676, 32.906073], [-97.186598, 32.911752], [-97.17695, 32.911852], [-97.176891, 32.92256], [-97.174374, 32.921917], [-97.17363, 32.923105], [-97.172197, 32.92249], [-97.170079, 32.922708], [-97.167948, 32.923696], [-97.161162, 32.920156], [-97.158854, 32.921686], [-97.157728, 32.919857], [-97.154571, 32.916983], [-97.150104, 32.91785], [-97.14889, 32.91684], [-97.144865, 32.918639], [-97.139069, 32.916355], [-97.135818, 32.917179], [-97.133589, 32.915667], [-97.132544, 32.916358], [-97.129794, 32.914752], [-97.129252, 32.913383], [-97.129643, 32.911856], [-97.126711, 32.910218], [-97.127336, 32.909025], [-97.125047, 32.908105], [-97.125015, 32.889839], [-97.120395, 32.889762], [-97.120353, 32.885734], [-97.116394, 32.885357], [-97.11643, 32.887495], [-97.105486, 32.887484], [-97.10548, 32.888511], [-97.099819, 32.888511], [-97.099803, 32.881352], [-97.105596, 32.881659], [-97.106695, 32.876496], [-97.108212, 32.874254], [-97.109116, 32.871799], [-97.109072, 32.866593], [-97.151236, 32.866811], [-97.151291, 32.864577], [-97.155574, 32.864676], [-97.155582, 32.86778], [-97.159925, 32.867773], [-97.159883, 32.861075], [-97.165805, 32.860535], [-97.166382, 32.860114], [-97.167792, 32.860537], [-97.169521, 32.860071], [-97.173067, 32.860115], [-97.173109, 32.86641], [-97.164364, 32.873602], [-97.164343, 32.874852], [-97.173668, 32.874929], [-97.173637, 32.880401], [-97.177305, 32.880409], [-97.176803, 32.881308], [-97.173686, 32.880577], [-97.173811, 32.885233], [-97.174465, 32.885344], [-97.17392, 32.8863], [-97.173927, 32.888618], [-97.177074, 32.886204], [-97.177104, 32.887676], [-97.178804, 32.887741], [-97.180265, 32.889173], [-97.18596, 32.889182], [-97.18601, 32.902329], [-97.18676, 32.906073]]]}}, {"type": "Feature", "properties": {"zip": "75006", "city": "Carrollton", "county": "Dallas County", "zhvi_2010": 196886, "zhvi_2011": 181926, "zhvi_2012": 182137, "zhvi_2013": 195943, "zhvi_2014": 210002, "zhvi_2015": 236261, "zhvi_2016": 267487, "zhvi_2017": 291298, "zhvi_2018": 309253, "zhvi_2019": 313166, "zhvi_2020": 322523, "zhvi_2021": 346742, "zhvi_2022": 382312, "zhvi_2023": 378884, "zhvi_2024": 376499, "zhvi_2025": 350796, "zori_2015": null, "zori_2016": 1275, "zori_2017": 1307, "zori_2018": 1309, "zori_2019": 1340, "zori_2020": 1368, "zori_2021": 1454, "zori_2022": 1557, "zori_2023": 1530, "zori_2024": 1471, "zori_2025": 1408, "has_zhvi": true, "has_zori": true}, "geometry": {"type": "Polygon", "coordinates": [[[-96.944248, 32.966538], [-96.941989, 32.968183], [-96.94259, 32.970208], [-96.939036, 32.969468], [-96.937171, 32.970388], [-96.936711, 32.971089], [-96.936916, 32.973318], [-96.936, 32.976729], [-96.936443, 32.977511], [-96.938611, 32.97799], [-96.939241, 32.978727], [-96.937358, 32.980032], [-96.935831, 32.980241], [-96.935728, 32.982004], [-96.939098, 32.982115], [-96.941133, 32.983126], [-96.941101, 32.986796], [-96.942445, 32.9888], [-96.939882, 32.988822], [-96.93487, 32.986021], [-96.929422, 32.980763], [-96.926997, 32.982469], [-96.925554, 32.982819], [-96.925516, 32.983457], [-96.920224, 32.983423], [-96.920225, 32.984724], [-96.913102, 32.985277], [-96.913343, 32.986932], [-96.910004, 32.987789], [-96.909788, 32.983382], [-96.890566, 32.985327], [-96.890412, 32.984912], [-96.871216, 32.985611], [-96.869107, 32.986042], [-96.865951, 32.987709], [-96.863725, 32.987681], [-96.864466, 32.987449], [-96.864223, 32.986212], [-96.864232, 32.986671], [-96.86301, 32.987122], [-96.861112, 32.987146], [-96.860721, 32.986106], [-96.858135, 32.987104], [-96.855627, 32.987052], [-96.855621, 32.987581], [-96.854871, 32.987573], [-96.854882, 32.987209], [-96.838916, 32.987209], [-96.838867, 32.981198], [-96.842883, 32.980854], [-96.842933, 32.971061], [-96.841936, 32.968902], [-96.838601, 32.964292], [-96.838869, 32.958928], [-96.845964, 32.959034], [-96.846653, 32.958337], [-96.846835, 32.956634], [-96.853984, 32.957532], [-96.855493, 32.95516], [-96.855801, 32.953083], [-96.870721, 32.953381], [-96.870966, 32.948513], [-96.871899, 32.94635], [-96.890418, 32.946374], [-96.890569, 32.939084], [-96.900618, 32.939158], [-96.900705, 32.938712], [-96.90265, 32.938617], [-96.902727, 32.939173], [-96.910073, 32.939176], [-96.909681, 32.936826], [-96.909705, 32.928438], [-96.911356, 32.928396], [-96.915144, 32.926994], [-96.915271, 32.930646], [-96.920507, 32.930639], [-96.920487, 32.926786], [-96.925259, 32.926589], [-96.925229, 32.918028], [-96.931579, 32.917905], [-96.937507, 32.913766], [-96.937877, 32.914427], [-96.937279, 32.917147], [-96.937864, 32.919241], [-96.937314, 32.921563], [-96.938115, 32.92157], [-96.937937, 32.923125], [-96.935716, 32.924682], [-96.937241, 32.927794], [-96.935171, 32.927175], [-96.932849, 32.928401], [-96.933513, 32.929819], [-96.935992, 32.930071], [-96.939986, 32.932026], [-96.940171, 32.932947], [-96.939112, 32.934832], [-96.937581, 32.935286], [-96.93566, 32.934497], [-96.935237, 32.934883], [-96.935245, 32.937044], [-96.934721, 32.938513], [-96.932812, 32.940942], [-96.935208, 32.947121], [-96.937456, 32.947426], [-96.939557, 32.949204], [-96.93882, 32.952267], [-96.942455, 32.956297], [-96.943452, 32.958139], [-96.944248, 32.966538]]]}}, {"type": "Feature", "properties": {"zip": "75089", "city": "Rowlett", "county": "Dallas County", "zhvi_2010": 221569, "zhvi_2011": 207539, "zhvi_2012": 207365, "zhvi_2013": 221935, "zhvi_2014": 237099, "zhvi_2015": 259238, "zhvi_2016": 290702, "zhvi_2017": 314867, "zhvi_2018": 328005, "zhvi_2019": 327507, "zhvi_2020": 333715, "zhvi_2021": 371305, "zhvi_2022": 424880, "zhvi_2023": 416499, "zhvi_2024": 405757, "zhvi_2025": 381487, "zori_2015": null, "zori_2016": null, "zori_2017": null, "zori_2018": null, "zori_2019": null, "zori_2020": null, "zori_2021": 2106, "zori_2022": 2134, "zori_2023": 2079, "zori_2024": 2038, "zori_2025": 1990, "has_zhvi": true, "has_zori": true}, "geometry": {"type": "Polygon", "coordinates": [[[-96.593104, 32.920127], [-96.591094, 32.920594], [-96.586069, 32.928607], [-96.5817, 32.931357], [-96.575355, 32.936463], [-96.577913, 32.939704], [-96.579703, 32.939441], [-96.582364, 32.941634], [-96.574791, 32.94771], [-96.560473, 32.947724], [-96.556194, 32.946804], [-96.555337, 32.946911], [-96.55391, 32.948507], [-96.551859, 32.948636], [-96.550909, 32.950806], [-96.552544, 32.95304], [-96.552575, 32.955038], [-96.551468, 32.95635], [-96.551428, 32.960929], [-96.547694, 32.963214], [-96.544419, 32.960473], [-96.537611, 32.965829], [-96.526096, 32.956034], [-96.521255, 32.958374], [-96.521468, 32.959722], [-96.520882, 32.959697], [-96.521552, 32.96119], [-96.520946, 32.961885], [-96.516064, 32.957679], [-96.516254, 32.954898], [-96.514955, 32.953148], [-96.51551, 32.95233], [-96.517165, 32.954167], [-96.517786, 32.953229], [-96.517204, 32.952065], [-96.517351, 32.944274], [-96.51676, 32.945176], [-96.498297, 32.945117], [-96.498362, 32.936812], [-96.496794, 32.923563], [-96.511314, 32.920303], [-96.520799, 32.915789], [-96.52154, 32.917254], [-96.525312, 32.915132], [-96.524658, 32.91416], [-96.531379, 32.910778], [-96.53136, 32.911991], [-96.534151, 32.912], [-96.533127, 32.91063], [-96.535042, 32.908794], [-96.536531, 32.908202], [-96.545872, 32.908049], [-96.547358, 32.909715], [-96.550578, 32.907931], [-96.556328, 32.907702], [-96.556293, 32.909702], [-96.56959, 32.909721], [-96.569431, 32.907479], [-96.576917, 32.907593], [-96.593059, 32.909419], [-96.593104, 32.920127]]]}}, {"type": "Feature", "properties": {"zip": "75254", "city": "Dallas", "county": "Dallas County", "zhvi_2010": 199420, "zhvi_2011": 181518, "zhvi_2012": 176593, "zhvi_2013": 190880, "zhvi_2014": 207657, "zhvi_2015": 227769, "zhvi_2016": 257283, "zhvi_2017": 286479, "zhvi_2018": 303201, "zhvi_2019": 307552, "zhvi_2020": 312683, "zhvi_2021": 325601, "zhvi_2022": 354348, "zhvi_2023": 350232, "zhvi_2024": 331999, "zhvi_2025": 305443, "zori_2015": null, "zori_2016": null, "zori_2017": 1359, "zori_2018": 1427, "zori_2019": 1463, "zori_2020": 1435, "zori_2021": 1544, "zori_2022": 1636, "zori_2023": 1518, "zori_2024": 1417, "zori_2025": 1363, "has_zhvi": true, "has_zori": true}, "geometry": {"type": "Polygon", "coordinates": [[[-96.829907, 32.954014], [-96.8154, 32.954106], [-96.813839, 32.955471], [-96.813837, 32.95411], [-96.808141, 32.954099], [-96.811492, 32.955979], [-96.811942, 32.956777], [-96.811681, 32.958571], [-96.810201, 32.960369], [-96.808968, 32.960417], [-96.810124, 32.959305], [-96.810124, 32.95852], [-96.807076, 32.954485], [-96.807074, 32.95393], [-96.802738, 32.953831], [-96.800993, 32.952468], [-96.798251, 32.954493], [-96.797696, 32.956487], [-96.797221, 32.956588], [-96.797494, 32.954183], [-96.799287, 32.952505], [-96.799017, 32.950372], [-96.797725, 32.949942], [-96.780568, 32.949986], [-96.776596, 32.95065], [-96.768988, 32.950845], [-96.768987, 32.939867], [-96.770411, 32.939881], [-96.7739, 32.937416], [-96.774175, 32.939338], [-96.778528, 32.939442], [-96.778379, 32.939996], [-96.782814, 32.940773], [-96.786262, 32.939824], [-96.786266, 32.939245], [-96.788071, 32.939278], [-96.789027, 32.936874], [-96.79077, 32.937511], [-96.793458, 32.937299], [-96.795656, 32.938138], [-96.795592, 32.939638], [-96.798318, 32.938663], [-96.807432, 32.938656], [-96.80746, 32.935822], [-96.812601, 32.936302], [-96.813115, 32.939423], [-96.818058, 32.939413], [-96.818059, 32.936115], [-96.821705, 32.93603], [-96.821759, 32.939495], [-96.82552, 32.939518], [-96.830164, 32.95274], [-96.829907, 32.954014]]]}}, {"type": "Feature", "properties": {"zip": "75002", "city": "Allen", "county": "Collin County", "zhvi_2010": 273292, "zhvi_2011": 258879, "zhvi_2012": 260848, "zhvi_2013": 278791, "zhvi_2014": 303320, "zhvi_2015": 341198, "zhvi_2016": 371396, "zhvi_2017": 391069, "zhvi_2018": 397899, "zhvi_2019": 391751, "zhvi_2020": 398736, "zhvi_2021": 449269, "zhvi_2022": 526383, "zhvi_2023": 515559, "zhvi_2024": 507531, "zhvi_2025": 478886, "zori_2015": 1852, "zori_2016": 1893, "zori_2017": 1925, "zori_2018": 1911, "zori_2019": 1929, "zori_2020": 1964, "zori_2021": 2120, "zori_2022": 2198, "zori_2023": 2245, "zori_2024": 2199, "zori_2025": 2143, "has_zhvi": true, "has_zori": true}, "geometry": {"type": "Polygon", "coordinates": [[[-96.685506, 33.073791], [-96.681814, 33.081257], [-96.677368, 33.086432], [-96.670299, 33.101115], [-96.666575, 33.115316], [-96.663773, 33.115371], [-96.666508, 33.115578], [-96.6652, 33.12355], [-96.659641, 33.129908], [-96.622143, 33.129449], [-96.61125, 33.128622], [-96.610121, 33.123821], [-96.602908, 33.124038], [-96.602924, 33.123296], [-96.593875, 33.12314], [-96.593941, 33.125395], [-96.588252, 33.125199], [-96.588302, 33.124146], [-96.570522, 33.123635], [-96.570681, 33.127249], [-96.575508, 33.135282], [-96.573702, 33.136958], [-96.571919, 33.137816], [-96.569478, 33.137451], [-96.56855, 33.13561], [-96.565064, 33.134818], [-96.565062, 33.133851], [-96.562752, 33.134366], [-96.561992, 33.133508], [-96.56082, 33.134123], [-96.559634, 33.133304], [-96.560022, 33.132334], [-96.557219, 33.132506], [-96.557115, 33.128554], [-96.555332, 33.127417], [-96.555708, 33.126801], [-96.552829, 33.127718], [-96.553292, 33.126407], [-96.551715, 33.126143], [-96.551864, 33.12463], [-96.550839, 33.123318], [-96.556045, 33.123396], [-96.552895, 33.121608], [-96.546457, 33.123092], [-96.544101, 33.122188], [-96.543302, 33.12312], [-96.540033, 33.123254], [-96.540689, 33.126344], [-96.53927, 33.127076], [-96.535452, 33.124195], [-96.534873, 33.118567], [-96.534135, 33.115887], [-96.532376, 33.114379], [-96.53221, 33.105608], [-96.530786, 33.10219], [-96.530071, 33.098039], [-96.528277, 33.093167], [-96.528223, 33.087925], [-96.532878, 33.081457], [-96.533657, 33.078055], [-96.545295, 33.078125], [-96.546394, 33.073849], [-96.55984, 33.074251], [-96.559947, 33.077871], [-96.568579, 33.07776], [-96.574843, 33.079763], [-96.574899, 33.077846], [-96.573003, 33.076645], [-96.573526, 33.074854], [-96.571902, 33.074153], [-96.570372, 33.068604], [-96.56994, 33.061906], [-96.56861, 33.05839], [-96.568389, 33.054439], [-96.58592, 33.055014], [-96.586008, 33.053821], [-96.584586, 33.052857], [-96.58037, 33.052735], [-96.580442, 33.049739], [-96.579538, 33.050425], [-96.578801, 33.047346], [-96.579395, 33.045207], [-96.584454, 33.04523], [-96.584466, 33.04431], [-96.58595, 33.044293], [-96.585903, 33.040624], [-96.629419, 33.041013], [-96.629437, 33.034274], [-96.634336, 33.034582], [-96.639855, 33.033737], [-96.639089, 33.035935], [-96.642859, 33.039268], [-96.642281, 33.041916], [-96.643574, 33.043266], [-96.641224, 33.044098], [-96.640969, 33.049047], [-96.639432, 33.049047], [-96.639366, 33.05247], [-96.640026, 33.053156], [-96.644204, 33.052771], [-96.650388, 33.053345], [-96.653803, 33.050745], [-96.656687, 33.05404], [-96.657092, 33.055573], [-96.655049, 33.057592], [-96.656319, 33.060521], [-96.655789, 33.062733], [-96.657187, 33.064818], [-96.656989, 33.066513], [-96.655325, 33.068196], [-96.65479, 33.072356], [-96.655222, 33.073137], [-96.657038, 33.072643], [-96.68218, 33.073121], [-96.683959, 33.070897], [-96.684623, 33.073726], [-96.685506, 33.073791]]]}}, {"type": "Feature", "properties": {"zip": "75211", "city": "Cockrell Hill", "county": "Dallas County", "zhvi_2010": 110840, "zhvi_2011": 102013, "zhvi_2012": 96401, "zhvi_2013": 104035, "zhvi_2014": 115115, "zhvi_2015": 131064, "zhvi_2016": 152022, "zhvi_2017": 170110, "zhvi_2018": 187413, "zhvi_2019": 201230, "zhvi_2020": 215753, "zhvi_2021": 238045, "zhvi_2022": 261798, "zhvi_2023": 256424, "zhvi_2024": 250469, "zhvi_2025": 234896, "zori_2015": null, "zori_2016": null, "zori_2017": null, "zori_2018": null, "zori_2019": 1306, "zori_2020": 1374, "zori_2021": 1436, "zori_2022": 1503, "zori_2023": 1504, "zori_2024": 1471, "zori_2025": 1483, "has_zhvi": true, "has_zori": true}, "geometry": {"type": "Polygon", "coordinates": [[[-96.966132, 32.706977], [-96.943763, 32.732522], [-96.941374, 32.73397], [-96.939901, 32.736096], [-96.937691, 32.737223], [-96.936662, 32.738968], [-96.933087, 32.739736], [-96.932451, 32.741764], [-96.929317, 32.744459], [-96.92824, 32.744474], [-96.928221, 32.745103], [-96.92753, 32.745586], [-96.926257, 32.747824], [-96.925918, 32.755831], [-96.92402, 32.760999], [-96.92472, 32.76225], [-96.926691, 32.762464], [-96.92794, 32.764824], [-96.927377, 32.765629], [-96.917657, 32.766428], [-96.895844, 32.766786], [-96.887145, 32.767952], [-96.859332, 32.767058], [-96.856677, 32.766442], [-96.856812, 32.75536], [-96.857596, 32.754215], [-96.857485, 32.749968], [-96.856858, 32.749613], [-96.856897, 32.744434], [-96.857371, 32.744069], [-96.857378, 32.74312], [-96.856889, 32.743124], [-96.856793, 32.740237], [-96.856825, 32.737136], [-96.857433, 32.73715], [-96.857454, 32.73493], [-96.856876, 32.734833], [-96.857079, 32.72533], [-96.859281, 32.724145], [-96.872947, 32.71913], [-96.881095, 32.716669], [-96.881364, 32.715818], [-96.88888, 32.712007], [-96.898338, 32.708641], [-96.901775, 32.707011], [-96.9028, 32.705827], [-96.908592, 32.70574], [-96.90852, 32.710921], [-96.915994, 32.720523], [-96.916644, 32.720523], [-96.916056, 32.719276], [-96.916685, 32.712767], [-96.917714, 32.711776], [-96.922054, 32.709957], [-96.924855, 32.708146], [-96.925663, 32.706147], [-96.929937, 32.706174], [-96.933571, 32.705556], [-96.949941, 32.705833], [-96.954977, 32.708024], [-96.966132, 32.706977]]]}}, {"type": "Feature", "properties": {"zip": "76134", "city": "Fort Worth", "county": "Tarrant County", "zhvi_2010": 126337, "zhvi_2011": 113404, "zhvi_2012": 110828, "zhvi_2013": 116606, "zhvi_2014": 125935, "zhvi_2015": 139943, "zhvi_2016": 157656, "zhvi_2017": 177480, "zhvi_2018": 196667, "zhvi_2019": 209211, "zhvi_2020": 221314, "zhvi_2021": 247383, "zhvi_2022": 278764, "zhvi_2023": 270507, "zhvi_2024": 263648, "zhvi_2025": 248586, "zori_2015": null, "zori_2016": null, "zori_2017": null, "zori_2018": null, "zori_2019": null, "zori_2020": null, "zori_2021": 1711, "zori_2022": 1778, "zori_2023": 1789, "zori_2024": 1796, "zori_2025": 1763, "has_zhvi": true, "has_zori": true}, "geometry": {"type": "Polygon", "coordinates": [[[-97.357653, 32.6348], [-97.353948, 32.634995], [-97.35259, 32.667257], [-97.339738, 32.664415], [-97.3371, 32.664026], [-97.331813, 32.66447], [-97.331808, 32.664078], [-97.326902, 32.664731], [-97.326911, 32.665431], [-97.310818, 32.669224], [-97.306651, 32.66967], [-97.301826, 32.666379], [-97.299646, 32.663693], [-97.296509, 32.662177], [-97.297643, 32.659918], [-97.291222, 32.650135], [-97.29148, 32.645599], [-97.304299, 32.645618], [-97.304305, 32.650464], [-97.312797, 32.650396], [-97.312816, 32.653235], [-97.321285, 32.653324], [-97.321538, 32.613994], [-97.322098, 32.613996], [-97.322044, 32.620187], [-97.323801, 32.619802], [-97.323768, 32.613991], [-97.349893, 32.614129], [-97.351053, 32.611958], [-97.351495, 32.609147], [-97.355082, 32.608198], [-97.353957, 32.634811], [-97.357653, 32.6348]]]}}, {"type": "Feature", "properties": {"zip": "75214", "city": "Dallas", "county": "Dallas County", "zhvi_2010": 458393, "zhvi_2011": 431136, "zhvi_2012": 434675, "zhvi_2013": 476926, "zhvi_2014": 521383, "zhvi_2015": 576458, "zhvi_2016": 625540, "zhvi_2017": 643266, "zhvi_2018": 656225, "zhvi_2019": 658156, "zhvi_2020": 668988, "zhvi_2021": 726086, "zhvi_2022": 791612, "zhvi_2023": 796738, "zhvi_2024": 817650, "zhvi_2025": 806274, "zori_2015": 1260, "zori_2016": 1312, "zori_2017": 1335, "zori_2018": 1358, "zori_2019": 1403, "zori_2020": 1428, "zori_2021": 1519, "zori_2022": 1626, "zori_2023": 1601, "zori_2024": 1556, "zori_2025": 1542, "has_zhvi": true, "has_zori": true}, "geometry": {"type": "Polygon", "coordinates": [[[-96.771553, 32.802084], [-96.768115, 32.804971], [-96.766035, 32.805419], [-96.763569, 32.807459], [-96.764098, 32.807895], [-96.76246, 32.809295], [-96.76024, 32.810239], [-96.761712, 32.811526], [-96.761545, 32.824838], [-96.760148, 32.824851], [-96.760108, 32.827934], [-96.761558, 32.827934], [-96.761399, 32.846536], [-96.76105, 32.849467], [-96.759781, 32.852838], [-96.756517, 32.857045], [-96.753803, 32.859626], [-96.749607, 32.856904], [-96.748498, 32.854458], [-96.747117, 32.855477], [-96.745686, 32.855115], [-96.74599, 32.855933], [-96.744426, 32.855642], [-96.743212, 32.852876], [-96.741051, 32.855009], [-96.735635, 32.854106], [-96.733388, 32.854719], [-96.733765, 32.851753], [-96.732831, 32.853009], [-96.732654, 32.854996], [-96.733163, 32.854999], [-96.725103, 32.858517], [-96.721827, 32.856226], [-96.721422, 32.8555], [-96.724156, 32.85138], [-96.724336, 32.846916], [-96.719893, 32.838096], [-96.719777, 32.834428], [-96.723848, 32.814813], [-96.726271, 32.813189], [-96.72514, 32.810955], [-96.726356, 32.807384], [-96.725816, 32.804378], [-96.728879, 32.804288], [-96.733187, 32.806407], [-96.73242, 32.80795], [-96.733307, 32.8065], [-96.7357, 32.808692], [-96.737847, 32.809699], [-96.739974, 32.809736], [-96.745739, 32.807479], [-96.750863, 32.802194], [-96.761652, 32.793428], [-96.771553, 32.802084]]]}}, {"type": "Feature", "properties": {"zip": "76021", "city": "Bedford", "county": "Tarrant County", "zhvi_2010": 244425, "zhvi_2011": 229855, "zhvi_2012": 228016, "zhvi_2013": 236913, "zhvi_2014": 246212, "zhvi_2015": 266060, "zhvi_2016": 293015, "zhvi_2017": 314802, "zhvi_2018": 330548, "zhvi_2019": 336613, "zhvi_2020": 349020, "zhvi_2021": 377976, "zhvi_2022": 414791, "zhvi_2023": 410464, "zhvi_2024": 408043, "zhvi_2025": 391900, "zori_2015": null, "zori_2016": null, "zori_2017": null, "zori_2018": null, "zori_2019": null, "zori_2020": null, "zori_2021": 1396, "zori_2022": 1425, "zori_2023": 1429, "zori_2024": 1416, "zori_2025": 1361, "has_zhvi": true, "has_zori": true}, "geometry": {"type": "Polygon", "coordinates": [[[-97.168643, 32.852263], [-97.16765, 32.852781], [-97.167792, 32.860537], [-97.166382, 32.860114], [-97.165805, 32.860535], [-97.159883, 32.861075], [-97.159925, 32.867773], [-97.155582, 32.86778], [-97.155574, 32.864676], [-97.151291, 32.864577], [-97.151236, 32.866811], [-97.099728, 32.866221], [-97.099829, 32.837577], [-97.123956, 32.837666], [-97.12865, 32.836869], [-97.141846, 32.836857], [-97.145852, 32.837196], [-97.153006, 32.839973], [-97.159453, 32.840031], [-97.159736, 32.84167], [-97.159267, 32.848709], [-97.159823, 32.849102], [-97.16692, 32.849109], [-97.168643, 32.852263]]]}}, {"type": "Feature", "properties": {"zip": "75052", "city": "Grand Prairie", "county": "Dallas County", "zhvi_2010": 180263, "zhvi_2011": 166710, "zhvi_2012": 164983, "zhvi_2013": 175725, "zhvi_2014": 187160, "zhvi_2015": 203096, "zhvi_2016": 224190, "zhvi_2017": 244443, "zhvi_2018": 263894, "zhvi_2019": 275041, "zhvi_2020": 287086, "zhvi_2021": 317903, "zhvi_2022": 357536, "zhvi_2023": 348234, "zhvi_2024": 341270, "zhvi_2025": 323117, "zori_2015": 1427, "zori_2016": 1491, "zori_2017": 1539, "zori_2018": 1565, "zori_2019": 1580, "zori_2020": 1600, "zori_2021": 1698, "zori_2022": 1765, "zori_2023": 1704, "zori_2024": 1658, "zori_2025": 1619, "has_zhvi": true, "has_zori": true}, "geometry": {"type": "Polygon", "coordinates": [[[-97.077661, 32.60698], [-97.078381, 32.60905], [-97.077517, 32.611761], [-97.07662, 32.61776], [-97.075533, 32.620138], [-97.06632, 32.632259], [-97.064655, 32.638229], [-97.063607, 32.645739], [-97.064172, 32.648347], [-97.06254, 32.651236], [-97.063751, 32.661507], [-97.063302, 32.66809], [-97.062222, 32.668095], [-97.062026, 32.670209], [-97.058834, 32.675886], [-97.056139, 32.676614], [-97.056138, 32.677061], [-97.062762, 32.677202], [-97.062747, 32.691654], [-97.063432, 32.691653], [-97.06338, 32.704428], [-97.064045, 32.706056], [-97.044017, 32.706133], [-97.043609, 32.711134], [-97.040236, 32.710726], [-97.041461, 32.709828], [-97.036017, 32.70978], [-97.035996, 32.711097], [-97.024809, 32.709974], [-97.024228, 32.705732], [-97.0198, 32.705399], [-97.01978, 32.709697], [-97.00594, 32.709576], [-97.005747, 32.707855], [-97.002455, 32.707009], [-97.002443, 32.709559], [-96.994177, 32.709521], [-96.991801, 32.70886], [-96.987355, 32.705944], [-96.981741, 32.70557], [-96.984652, 32.704653], [-96.985329, 32.703966], [-96.985713, 32.694091], [-96.985314, 32.6923], [-96.980808, 32.691896], [-96.977011, 32.694705], [-96.976187, 32.695922], [-96.97433, 32.696019], [-96.973184, 32.69733], [-96.973641, 32.693346], [-96.973337, 32.691405], [-96.971731, 32.689999], [-96.970768, 32.687146], [-96.971973, 32.68291], [-96.971467, 32.681615], [-96.972777, 32.677016], [-96.974177, 32.675303], [-96.974548, 32.672317], [-96.977482, 32.668844], [-96.980255, 32.666494], [-96.980988, 32.664203], [-96.982669, 32.662115], [-96.984725, 32.655991], [-96.987252, 32.655644], [-96.988086, 32.653456], [-96.990375, 32.651976], [-96.990249, 32.64988], [-96.99824, 32.64586], [-96.99854, 32.644626], [-96.995011, 32.644652], [-96.98975, 32.643832], [-96.99001, 32.6433], [-96.991896, 32.642799], [-96.995451, 32.639723], [-96.996341, 32.632885], [-96.997734, 32.633864], [-97.011259, 32.639722], [-97.014462, 32.638632], [-97.016678, 32.638776], [-97.015911, 32.637504], [-97.017671, 32.636318], [-97.018642, 32.637638], [-97.020922, 32.637841], [-97.018813, 32.637248], [-97.018377, 32.635343], [-97.020031, 32.635173], [-97.019994, 32.633885], [-97.021454, 32.633996], [-97.021629, 32.632517], [-97.02279, 32.633257], [-97.022222, 32.631577], [-97.026673, 32.630972], [-97.029424, 32.629167], [-97.032647, 32.630664], [-97.03601, 32.631363], [-97.037328, 32.630806], [-97.037455, 32.622841], [-97.039119, 32.622969], [-97.04498, 32.621323], [-97.049511, 32.61824], [-97.058304, 32.609108], [-97.058981, 32.604365], [-97.061483, 32.602287], [-97.059876, 32.599266], [-97.061118, 32.596697], [-97.064181, 32.594527], [-97.065992, 32.595294], [-97.067798, 32.594277], [-97.068218, 32.595052], [-97.069297, 32.59416], [-97.071604, 32.595075], [-97.072696, 32.593044], [-97.075387, 32.592314], [-97.073786, 32.592066], [-97.074671, 32.590485], [-97.078516, 32.590187], [-97.077661, 32.60698]]]}}, {"type": "Feature", "properties": {"zip": "75051", "city": "Grand Prairie", "county": "Dallas County", "zhvi_2010": 104149, "zhvi_2011": 92070, "zhvi_2012": 93613, "zhvi_2013": 103308, "zhvi_2014": 116201, "zhvi_2015": 129693, "zhvi_2016": 148886, "zhvi_2017": 169609, "zhvi_2018": 192681, "zhvi_2019": 204599, "zhvi_2020": 219922, "zhvi_2021": 242825, "zhvi_2022": 271016, "zhvi_2023": 267376, "zhvi_2024": 266352, "zhvi_2025": 249648, "zori_2015": null, "zori_2016": null, "zori_2017": null, "zori_2018": null, "zori_2019": null, "zori_2020": null, "zori_2021": null, "zori_2022": null, "zori_2023": 1678, "zori_2024": 1665, "zori_2025": 1609, "has_zhvi": true, "has_zori": true}, "geometry": {"type": "Polygon", "coordinates": [[[-97.056363, 32.735227], [-97.049349, 32.735111], [-97.04932, 32.736291], [-97.04603, 32.736686], [-97.046022, 32.737976], [-97.048239, 32.737696], [-97.048243, 32.738197], [-97.04602, 32.738191], [-97.04587, 32.739562], [-97.041894, 32.739069], [-97.035522, 32.739451], [-97.016639, 32.741901], [-97.007083, 32.74457], [-96.970753, 32.746496], [-96.970753, 32.746027], [-96.969426, 32.746089], [-96.958127, 32.747383], [-96.959609, 32.746428], [-96.950246, 32.746578], [-96.943717, 32.749068], [-96.940158, 32.749115], [-96.940564, 32.7468], [-96.9264, 32.747526], [-96.928221, 32.745103], [-96.92824, 32.744474], [-96.929317, 32.744459], [-96.932451, 32.741764], [-96.933087, 32.739736], [-96.936662, 32.738968], [-96.937691, 32.737223], [-96.939901, 32.736096], [-96.941374, 32.73397], [-96.943763, 32.732522], [-96.966132, 32.706977], [-96.970813, 32.699066], [-96.97433, 32.696019], [-96.976187, 32.695922], [-96.977011, 32.694705], [-96.980808, 32.691896], [-96.985314, 32.6923], [-96.985713, 32.694091], [-96.985329, 32.703966], [-96.984652, 32.704653], [-96.981741, 32.70557], [-96.987355, 32.705944], [-96.991801, 32.70886], [-96.994177, 32.709521], [-97.002443, 32.709559], [-97.002455, 32.707009], [-97.005747, 32.707855], [-97.00594, 32.709576], [-97.01978, 32.709697], [-97.0198, 32.705399], [-97.024228, 32.705732], [-97.024809, 32.709974], [-97.035996, 32.711097], [-97.036017, 32.70978], [-97.041461, 32.709828], [-97.040236, 32.710726], [-97.043609, 32.711134], [-97.044017, 32.706133], [-97.047574, 32.706121], [-97.047586, 32.720633], [-97.045914, 32.720623], [-97.045855, 32.727906], [-97.056663, 32.728425], [-97.056363, 32.735227]]]}}, {"type": "Feature", "properties": {"zip": "75228", "city": "Dallas", "county": "Dallas County", "zhvi_2010": 129426, "zhvi_2011": 119079, "zhvi_2012": 119203, "zhvi_2013": 130566, "zhvi_2014": 144418, "zhvi_2015": 162907, "zhvi_2016": 189126, "zhvi_2017": 216390, "zhvi_2018": 239848, "zhvi_2019": 252803, "zhvi_2020": 265935, "zhvi_2021": 293317, "zhvi_2022": 318480, "zhvi_2023": 310163, "zhvi_2024": 305263, "zhvi_2025": 283103, "zori_2015": null, "zori_2016": null, "zori_2017": null, "zori_2018": null, "zori_2019": null, "zori_2020": null, "zori_2021": 1217, "zori_2022": 1260, "zori_2023": 1298, "zori_2024": 1290, "zori_2025": 1238, "has_zhvi": true, "has_zori": true}, "geometry": {"type": "Polygon", "coordinates": [[[-96.73185, 32.791713], [-96.728874, 32.802874], [-96.728879, 32.804288], [-96.720914, 32.805049], [-96.718848, 32.80601], [-96.698707, 32.81956], [-96.697027, 32.821483], [-96.684485, 32.844237], [-96.668053, 32.868126], [-96.645719, 32.853855], [-96.636173, 32.845506], [-96.634854, 32.843785], [-96.639674, 32.839652], [-96.642307, 32.839593], [-96.64718, 32.837667], [-96.648996, 32.838334], [-96.652556, 32.835316], [-96.655263, 32.837638], [-96.658861, 32.834526], [-96.658359, 32.8338], [-96.658051, 32.821533], [-96.661683, 32.821391], [-96.661622, 32.819063], [-96.662321, 32.819025], [-96.662264, 32.815541], [-96.665255, 32.815398], [-96.66577, 32.807035], [-96.673605, 32.806879], [-96.674546, 32.803667], [-96.675334, 32.802611], [-96.675373, 32.801023], [-96.673844, 32.801525], [-96.674166, 32.800877], [-96.677292, 32.799363], [-96.682575, 32.798011], [-96.682847, 32.796374], [-96.685021, 32.792521], [-96.696067, 32.792459], [-96.695791, 32.791149], [-96.69941, 32.79056], [-96.699489, 32.789637], [-96.699946, 32.789637], [-96.699909, 32.792009], [-96.702141, 32.791742], [-96.712332, 32.792803], [-96.712326, 32.789138], [-96.716387, 32.789096], [-96.717156, 32.789598], [-96.717192, 32.793544], [-96.727486, 32.792982], [-96.729178, 32.792111], [-96.73185, 32.791713]]]}}, {"type": "Feature", "properties": {"zip": "75072", "city": "McKinney", "county": "Collin County", "zhvi_2010": null, "zhvi_2011": null, "zhvi_2012": null, "zhvi_2013": null, "zhvi_2014": null, "zhvi_2015": null, "zhvi_2016": null, "zhvi_2017": null, "zhvi_2018": 418711, "zhvi_2019": 417918, "zhvi_2020": 438838, "zhvi_2021": 503869, "zhvi_2022": 597987, "zhvi_2023": 579147, "zhvi_2024": 572779, "zhvi_2025": 538099, "zori_2015": 2115, "zori_2016": 2154, "zori_2017": 2146, "zori_2018": 2143, "zori_2019": 2153, "zori_2020": 2195, "zori_2021": 2358, "zori_2022": 2539, "zori_2023": 2474, "zori_2024": 2388, "zori_2025": 2325, "has_zhvi": true, "has_zori": true}, "geometry": {"type": "Polygon", "coordinates": [[[-96.767825, 33.189022], [-96.762497, 33.189077], [-96.762409, 33.196414], [-96.767506, 33.196498], [-96.767702, 33.203697], [-96.716369, 33.203412], [-96.714486, 33.202531], [-96.712358, 33.200126], [-96.713657, 33.198417], [-96.713083, 33.197519], [-96.70967, 33.198203], [-96.708801, 33.195791], [-96.705928, 33.196253], [-96.705913, 33.198925], [-96.703112, 33.199216], [-96.69818, 33.198466], [-96.695031, 33.197453], [-96.695087, 33.196013], [-96.691619, 33.196022], [-96.690469, 33.197621], [-96.688179, 33.196909], [-96.687712, 33.198602], [-96.676507, 33.196827], [-96.66229, 33.196353], [-96.656413, 33.198929], [-96.641186, 33.198434], [-96.641868, 33.197099], [-96.641086, 33.193781], [-96.641668, 33.189382], [-96.643014, 33.189863], [-96.64335, 33.188741], [-96.640985, 33.185677], [-96.639554, 33.185161], [-96.640302, 33.173527], [-96.640567, 33.171985], [-96.644198, 33.17224], [-96.647542, 33.170701], [-96.65033, 33.170806], [-96.650218, 33.171917], [-96.653845, 33.173713], [-96.655071, 33.171169], [-96.658588, 33.16912], [-96.661574, 33.168096], [-96.664727, 33.167873], [-96.669649, 33.167924], [-96.672222, 33.168826], [-96.671153, 33.170262], [-96.672017, 33.173828], [-96.676389, 33.173828], [-96.676405, 33.17807], [-96.6802, 33.173586], [-96.682441, 33.173959], [-96.715701, 33.174158], [-96.720223, 33.174373], [-96.725546, 33.175705], [-96.730109, 33.174422], [-96.732904, 33.174154], [-96.73291, 33.186197], [-96.73296, 33.185238], [-96.74151, 33.185329], [-96.741579, 33.181619], [-96.750107, 33.18166], [-96.750092, 33.182186], [-96.767898, 33.182016], [-96.767825, 33.189022]]]}}, {"type": "Feature", "properties": {"zip": "75206", "city": "Dallas", "county": "Dallas County", "zhvi_2010": 346191, "zhvi_2011": 328629, "zhvi_2012": 329687, "zhvi_2013": 363992, "zhvi_2014": 399281, "zhvi_2015": 451037, "zhvi_2016": 499729, "zhvi_2017": 520361, "zhvi_2018": 538681, "zhvi_2019": 541564, "zhvi_2020": 544018, "zhvi_2021": 574016, "zhvi_2022": 615137, "zhvi_2023": 600076, "zhvi_2024": 599652, "zhvi_2025": 585270, "zori_2015": 1647, "zori_2016": 1733, "zori_2017": 1798, "zori_2018": 1835, "zori_2019": 1842, "zori_2020": 1816, "zori_2021": 1867, "zori_2022": 1988, "zori_2023": 1949, "zori_2024": 1901, "zori_2025": 1883, "has_zhvi": true, "has_zori": true}, "geometry": {"type": "Polygon", "coordinates": [[[-96.78961, 32.81559], [-96.783837, 32.826828], [-96.781114, 32.831193], [-96.778643, 32.836585], [-96.779207, 32.836593], [-96.773346, 32.845584], [-96.77047, 32.855895], [-96.770373, 32.865603], [-96.763851, 32.865519], [-96.760072, 32.864389], [-96.753803, 32.859626], [-96.758527, 32.854825], [-96.76105, 32.849467], [-96.761558, 32.827934], [-96.760108, 32.827934], [-96.760148, 32.824851], [-96.761545, 32.824838], [-96.761712, 32.811526], [-96.76024, 32.810239], [-96.76246, 32.809295], [-96.764098, 32.807895], [-96.763569, 32.807459], [-96.766035, 32.805419], [-96.768115, 32.804971], [-96.771553, 32.802084], [-96.776617, 32.806457], [-96.776298, 32.806968], [-96.778011, 32.808465], [-96.778471, 32.808072], [-96.779295, 32.80876], [-96.778752, 32.809182], [-96.781313, 32.81139], [-96.781918, 32.811029], [-96.786457, 32.814977], [-96.78961, 32.81559]]]}}, {"type": "Feature", "properties": {"zip": "76014", "city": "Arlington", "county": "Tarrant County", "zhvi_2010": 119502, "zhvi_2011": 109631, "zhvi_2012": 107403, "zhvi_2013": 112872, "zhvi_2014": 123564, "zhvi_2015": 139657, "zhvi_2016": 159590, "zhvi_2017": 180527, "zhvi_2018": 200070, "zhvi_2019": 214004, "zhvi_2020": 228235, "zhvi_2021": 252323, "zhvi_2022": 282982, "zhvi_2023": 277170, "zhvi_2024": 273373, "zhvi_2025": 258526, "zori_2015": null, "zori_2016": null, "zori_2017": null, "zori_2018": 1404, "zori_2019": 1479, "zori_2020": 1489, "zori_2021": 1596, "zori_2022": 1648, "zori_2023": 1584, "zori_2024": 1559, "zori_2025": 1572, "has_zhvi": true, "has_zori": true}, "geometry": {"type": "Polygon", "coordinates": [[[-97.114809, 32.680804], [-97.115006, 32.695515], [-97.113781, 32.697069], [-97.114496, 32.69848], [-97.112285, 32.700335], [-97.11336, 32.701399], [-97.112702, 32.702013], [-97.113436, 32.705927], [-97.108726, 32.70633], [-97.064045, 32.706056], [-97.06338, 32.704428], [-97.063432, 32.691653], [-97.062747, 32.691654], [-97.062762, 32.677202], [-97.103997, 32.677724], [-97.103812, 32.681285], [-97.106402, 32.681871], [-97.106643, 32.680539], [-97.109072, 32.680478], [-97.109069, 32.681517], [-97.113579, 32.681478], [-97.114809, 32.680804]]]}}, {"type": "Feature", "properties": {"zip": "76120", "city": "Fort Worth", "county": "Tarrant County", "zhvi_2010": 185730, "zhvi_2011": 173541, "zhvi_2012": 168958, "zhvi_2013": 177047, "zhvi_2014": 186436, "zhvi_2015": 201042, "zhvi_2016": 218571, "zhvi_2017": 236481, "zhvi_2018": 252148, "zhvi_2019": 262895, "zhvi_2020": 276637, "zhvi_2021": 309894, "zhvi_2022": 353182, "zhvi_2023": 336049, "zhvi_2024": 330232, "zhvi_2025": 315394, "zori_2015": null, "zori_2016": null, "zori_2017": null, "zori_2018": null, "zori_2019": null, "zori_2020": null, "zori_2021": 1315, "zori_2022": 1298, "zori_2023": 1269, "zori_2024": 1233, "zori_2025": 1225, "has_zhvi": true, "has_zori": true}, "geometry": {"type": "Polygon", "coordinates": [[[-97.21317, 32.762189], [-97.212732, 32.781337], [-97.207529, 32.783881], [-97.205914, 32.787705], [-97.208526, 32.787718], [-97.208747, 32.789613], [-97.204981, 32.789375], [-97.203797, 32.790339], [-97.203533, 32.791352], [-97.202678, 32.789861], [-97.201457, 32.790084], [-97.200575, 32.791176], [-97.200667, 32.792575], [-97.203533, 32.793379], [-97.201331, 32.795546], [-97.199276, 32.794643], [-97.198953, 32.792546], [-97.197692, 32.792363], [-97.196135, 32.793898], [-97.195341, 32.79343], [-97.195242, 32.790295], [-97.194388, 32.789813], [-97.189513, 32.790007], [-97.188112, 32.78942], [-97.188689, 32.788117], [-97.18781, 32.787734], [-97.186546, 32.788789], [-97.184338, 32.789077], [-97.183085, 32.787297], [-97.184378, 32.786088], [-97.182885, 32.784762], [-97.180741, 32.784459], [-97.18014, 32.782552], [-97.176045, 32.781371], [-97.172082, 32.776536], [-97.168109, 32.774974], [-97.160191, 32.775317], [-97.157949, 32.7746], [-97.15764, 32.772987], [-97.155958, 32.77192], [-97.15314, 32.77601], [-97.153203, 32.778416], [-97.149364, 32.776148], [-97.148557, 32.771963], [-97.148801, 32.771369], [-97.150407, 32.771215], [-97.152812, 32.76829], [-97.152358, 32.767243], [-97.150464, 32.769176], [-97.149178, 32.767207], [-97.149827, 32.759116], [-97.154419, 32.757013], [-97.156414, 32.757547], [-97.161086, 32.757559], [-97.161076, 32.756542], [-97.163013, 32.755868], [-97.163075, 32.7456], [-97.171252, 32.743354], [-97.173293, 32.741425], [-97.174504, 32.739193], [-97.179232, 32.736033], [-97.17978, 32.731129], [-97.18242, 32.730759], [-97.182363, 32.744574], [-97.181224, 32.746259], [-97.18123, 32.74881], [-97.18308, 32.751536], [-97.183206, 32.753531], [-97.184649, 32.753454], [-97.184251, 32.756312], [-97.183328, 32.756272], [-97.183286, 32.759779], [-97.214164, 32.759904], [-97.21317, 32.762189]]]}}, {"type": "Feature", "properties": {"zip": "75161", "city": "Terrell", "county": "Kaufman County", "zhvi_2010": 186763, "zhvi_2011": 170723, "zhvi_2012": 164816, "zhvi_2013": 171029, "zhvi_2014": 186824, "zhvi_2015": 199921, "zhvi_2016": 220038, "zhvi_2017": 233343, "zhvi_2018": 254958, "zhvi_2019": 267101, "zhvi_2020": 283047, "zhvi_2021": 327794, "zhvi_2022": 363222, "zhvi_2023": 346476, "zhvi_2024": 344546, "zhvi_2025": 340039, "zori_2015": null, "zori_2016": null, "zori_2017": null, "zori_2018": null, "zori_2019": null, "zori_2020": null, "zori_2021": null, "zori_2022": null, "zori_2023": null, "zori_2024": null, "zori_2025": null, "has_zhvi": true, "has_zori": false}, "geometry": {"type": "Polygon", "coordinates": [[[-96.270105, 32.691976], [-96.26746, 32.694381], [-96.263134, 32.697194], [-96.263103, 32.697705], [-96.241527, 32.692377], [-96.239745, 32.694578], [-96.259599, 32.711154], [-96.259819, 32.718882], [-96.258863, 32.71949], [-96.259577, 32.721335], [-96.258711, 32.723993], [-96.25975, 32.724221], [-96.259689, 32.7257], [-96.257364, 32.727936], [-96.256637, 32.733634], [-96.258042, 32.73778], [-96.257945, 32.739721], [-96.258842, 32.739717], [-96.259073, 32.743133], [-96.261498, 32.746623], [-96.260077, 32.749071], [-96.258756, 32.753556], [-96.256374, 32.757357], [-96.254004, 32.765503], [-96.254565, 32.765613], [-96.256809, 32.764118], [-96.256535, 32.765546], [-96.254965, 32.768178], [-96.254774, 32.771127], [-96.255783, 32.772216], [-96.253599, 32.775554], [-96.253246, 32.777106], [-96.254743, 32.779776], [-96.253833, 32.781571], [-96.254461, 32.784474], [-96.254471, 32.788826], [-96.252871, 32.790308], [-96.254023, 32.791057], [-96.254286, 32.792737], [-96.249968, 32.796301], [-96.23434, 32.783154], [-96.222906, 32.793487], [-96.223929, 32.794356], [-96.223071, 32.795034], [-96.224503, 32.796819], [-96.221421, 32.799684], [-96.221908, 32.800225], [-96.213688, 32.808261], [-96.209786, 32.804768], [-96.203073, 32.810267], [-96.203981, 32.811069], [-96.203529, 32.812506], [-96.198351, 32.816674], [-96.196961, 32.815483], [-96.190216, 32.821098], [-96.19298, 32.823701], [-96.188706, 32.827287], [-96.185929, 32.824675], [-96.181888, 32.827891], [-96.184061, 32.830098], [-96.184674, 32.832383], [-96.184474, 32.836485], [-96.18727, 32.839063], [-96.187079, 32.84039], [-96.173827, 32.84022], [-96.170468, 32.838012], [-96.169096, 32.83921], [-96.166128, 32.836606], [-96.167234, 32.835598], [-96.162127, 32.830295], [-96.167495, 32.825839], [-96.180219, 32.825446], [-96.177832, 32.820956], [-96.176022, 32.819173], [-96.173964, 32.815362], [-96.17403, 32.813797], [-96.172893, 32.813578], [-96.164832, 32.819861], [-96.162014, 32.817631], [-96.158763, 32.820223], [-96.156579, 32.818442], [-96.143793, 32.829679], [-96.139078, 32.825747], [-96.135387, 32.828465], [-96.130496, 32.824347], [-96.130559, 32.836765], [-96.128743, 32.836767], [-96.126862, 32.83937], [-96.103497, 32.838987], [-96.10495, 32.838886], [-96.104433, 32.823913], [-96.091838, 32.823824], [-96.078437, 32.812509], [-96.076585, 32.810347], [-96.076377, 32.754247], [-96.079424, 32.751579], [-96.076969, 32.749527], [-96.085047, 32.742752], [-96.076281, 32.735357], [-96.076276, 32.734361], [-96.079665, 32.7309], [-96.081509, 32.729815], [-96.076245, 32.725253], [-96.076186, 32.712599], [-96.100138, 32.714284], [-96.103379, 32.708259], [-96.101624, 32.705875], [-96.12784, 32.683906], [-96.115911, 32.673099], [-96.13383, 32.657998], [-96.13923, 32.661053], [-96.141278, 32.658534], [-96.138874, 32.655154], [-96.139348, 32.653765], [-96.139682, 32.653945], [-96.154152, 32.64279], [-96.158584, 32.646881], [-96.162808, 32.643499], [-96.161156, 32.641163], [-96.1587, 32.638905], [-96.167316, 32.632142], [-96.171, 32.632942], [-96.17617, 32.637082], [-96.185736, 32.629766], [-96.18708, 32.630869], [-96.19082, 32.629352], [-96.191889, 32.630353], [-96.193147, 32.629294], [-96.199801, 32.631219], [-96.206773, 32.637012], [-96.208631, 32.640255], [-96.22409, 32.652892], [-96.24016, 32.638992], [-96.241121, 32.639838], [-96.246362, 32.636143], [-96.252463, 32.640987], [-96.252437, 32.644238], [-96.249726, 32.64488], [-96.248745, 32.646296], [-96.259477, 32.655311], [-96.262636, 32.657274], [-96.261359, 32.664777], [-96.263037, 32.663465], [-96.264994, 32.665137], [-96.263913, 32.672657], [-96.263608, 32.681735], [-96.265653, 32.683486], [-96.26293, 32.685943], [-96.270105, 32.691976]]]}}, {"type": "Feature", "properties": {"zip": "76115", "city": "Fort Worth", "county": "Tarrant County", "zhvi_2010": 80431, "zhvi_2011": 72198, "zhvi_2012": 70045, "zhvi_2013": 73694, "zhvi_2014": 77172, "zhvi_2015": 85895, "zhvi_2016": 97172, "zhvi_2017": 111316, "zhvi_2018": 126844, "zhvi_2019": 141174, "zhvi_2020": 157931, "zhvi_2021": 174691, "zhvi_2022": 196903, "zhvi_2023": 197903, "zhvi_2024": 196240, "zhvi_2025": 185051, "zori_2015": null, "zori_2016": null, "zori_2017": null, "zori_2018": null, "zori_2019": null, "zori_2020": null, "zori_2021": null, "zori_2022": null, "zori_2023": null, "zori_2024": null, "zori_2025": null, "has_zhvi": true, "has_zori": false}, "geometry": {"type": "Polygon", "coordinates": [[[-97.357201, 32.68459], [-97.356127, 32.684579], [-97.356136, 32.687877], [-97.35301, 32.687907], [-97.353005, 32.688547], [-97.348474, 32.688518], [-97.347654, 32.690339], [-97.347624, 32.689218], [-97.345417, 32.693483], [-97.344914, 32.693385], [-97.344932, 32.691586], [-97.347253, 32.688088], [-97.335128, 32.688297], [-97.33514, 32.687545], [-97.333488, 32.687545], [-97.333488, 32.688409], [-97.321001, 32.688574], [-97.321649, 32.68437], [-97.320305, 32.684331], [-97.320256, 32.689399], [-97.315747, 32.689451], [-97.315778, 32.691006], [-97.31294, 32.700013], [-97.310224, 32.699467], [-97.305952, 32.696568], [-97.305739, 32.69522], [-97.307997, 32.692158], [-97.307161, 32.691381], [-97.30726, 32.688986], [-97.30533, 32.685533], [-97.305442, 32.684345], [-97.304568, 32.682975], [-97.308189, 32.682315], [-97.311039, 32.68018], [-97.309901, 32.679257], [-97.309265, 32.675748], [-97.310048, 32.674971], [-97.311634, 32.674509], [-97.309494, 32.672224], [-97.306099, 32.669643], [-97.310818, 32.669224], [-97.326911, 32.665431], [-97.326902, 32.664731], [-97.331808, 32.664078], [-97.331813, 32.66447], [-97.3371, 32.664026], [-97.339738, 32.664415], [-97.35599, 32.667963], [-97.355992, 32.668439], [-97.356733, 32.668624], [-97.356515, 32.681178], [-97.357201, 32.68459]]]}}, {"type": "Feature", "properties": {"zip": "75205", "city": "Highland Park", "county": "Dallas County", "zhvi_2010": 1108552, "zhvi_2011": 1035440, "zhvi_2012": 1051266, "zhvi_2013": 1143954, "zhvi_2014": 1240206, "zhvi_2015": 1357957, "zhvi_2016": 1412962, "zhvi_2017": 1406963, "zhvi_2018": 1410350, "zhvi_2019": 1396094, "zhvi_2020": 1401089, "zhvi_2021": 1557928, "zhvi_2022": 1795499, "zhvi_2023": 1821297, "zhvi_2024": 1907482, "zhvi_2025": 1944718, "zori_2015": 2178, "zori_2016": 2231, "zori_2017": 2277, "zori_2018": 2400, "zori_2019": 2461, "zori_2020": 2522, "zori_2021": 2667, "zori_2022": 2747, "zori_2023": 2682, "zori_2024": 2695, "zori_2025": 2786, "has_zhvi": true, "has_zori": true}, "geometry": {"type": "Polygon", "coordinates": [[[-96.81635, 32.823673], [-96.813168, 32.851174], [-96.806757, 32.85114], [-96.806757, 32.850673], [-96.804789, 32.850665], [-96.804786, 32.851136], [-96.790049, 32.851188], [-96.790017, 32.850673], [-96.789164, 32.850674], [-96.789161, 32.850246], [-96.787932, 32.850253], [-96.787924, 32.851165], [-96.786915, 32.851143], [-96.786907, 32.850668], [-96.782845, 32.850627], [-96.782865, 32.851101], [-96.778969, 32.851107], [-96.778955, 32.850522], [-96.777132, 32.850502], [-96.777006, 32.85109], [-96.772777, 32.851024], [-96.772774, 32.850484], [-96.771998, 32.850467], [-96.771571, 32.850997], [-96.773346, 32.845584], [-96.779207, 32.836593], [-96.778643, 32.836585], [-96.781114, 32.831193], [-96.783837, 32.826828], [-96.78961, 32.81559], [-96.795399, 32.817678], [-96.796558, 32.818868], [-96.798732, 32.819382], [-96.799987, 32.81897], [-96.801012, 32.82321], [-96.802516, 32.823437], [-96.802347, 32.822671], [-96.804393, 32.822688], [-96.804513, 32.823175], [-96.812034, 32.823195], [-96.812457, 32.822804], [-96.81635, 32.823673]]]}}, {"type": "Feature", "properties": {"zip": "76114", "city": "River Oaks", "county": "Tarrant County", "zhvi_2010": 109960, "zhvi_2011": 99962, "zhvi_2012": 96313, "zhvi_2013": 100781, "zhvi_2014": 108117, "zhvi_2015": 120609, "zhvi_2016": 136230, "zhvi_2017": 157047, "zhvi_2018": 178421, "zhvi_2019": 192301, "zhvi_2020": 208726, "zhvi_2021": 230754, "zhvi_2022": 252436, "zhvi_2023": 248856, "zhvi_2024": 244496, "zhvi_2025": 231309, "zori_2015": null, "zori_2016": null, "zori_2017": null, "zori_2018": 1379, "zori_2019": 1385, "zori_2020": 1425, "zori_2021": 1531, "zori_2022": 1586, "zori_2023": 1578, "zori_2024": 1547, "zori_2025": 1533, "has_zhvi": true, "has_zori": true}, "geometry": {"type": "Polygon", "coordinates": [[[-97.445854, 32.765476], [-97.440114, 32.765405], [-97.440082, 32.763428], [-97.435345, 32.763427], [-97.435352, 32.765631], [-97.427773, 32.765627], [-97.427756, 32.768214], [-97.419378, 32.768105], [-97.421311, 32.764481], [-97.419095, 32.764423], [-97.419095, 32.765805], [-97.413267, 32.766623], [-97.416075, 32.768062], [-97.415209, 32.768077], [-97.417551, 32.770089], [-97.418042, 32.772782], [-97.420163, 32.773927], [-97.421607, 32.776424], [-97.421321, 32.777228], [-97.417437, 32.779111], [-97.418982, 32.782404], [-97.415877, 32.783766], [-97.416027, 32.786035], [-97.417761, 32.786066], [-97.415517, 32.789209], [-97.413277, 32.790819], [-97.415305, 32.790981], [-97.40994, 32.791902], [-97.408378, 32.790732], [-97.405281, 32.792655], [-97.407067, 32.796146], [-97.411935, 32.797416], [-97.411973, 32.803967], [-97.415276, 32.80648], [-97.411954, 32.80687], [-97.411989, 32.812365], [-97.411326, 32.812894], [-97.394082, 32.808332], [-97.391581, 32.806286], [-97.390885, 32.804245], [-97.391644, 32.803478], [-97.385548, 32.798478], [-97.387175, 32.797068], [-97.389316, 32.799014], [-97.389282, 32.791897], [-97.386672, 32.789733], [-97.387518, 32.788896], [-97.381992, 32.784438], [-97.371782, 32.780938], [-97.366467, 32.77454], [-97.3513, 32.765106], [-97.360913, 32.763958], [-97.367926, 32.765873], [-97.368803, 32.766764], [-97.369152, 32.771527], [-97.373704, 32.77563], [-97.376142, 32.776139], [-97.380318, 32.774234], [-97.380568, 32.772972], [-97.37916, 32.770826], [-97.378501, 32.767888], [-97.379301, 32.765313], [-97.384326, 32.760927], [-97.389725, 32.759518], [-97.393344, 32.757623], [-97.395126, 32.753191], [-97.3963, 32.751629], [-97.399134, 32.750912], [-97.398299, 32.747687], [-97.399365, 32.746281], [-97.404096, 32.746913], [-97.404099, 32.746416], [-97.405497, 32.747467], [-97.407072, 32.747277], [-97.410478, 32.74841], [-97.412725, 32.745587], [-97.412912, 32.749586], [-97.414263, 32.751046], [-97.416632, 32.751257], [-97.415432, 32.751282], [-97.416009, 32.753936], [-97.424653, 32.753976], [-97.427094, 32.751505], [-97.430422, 32.750456], [-97.430543, 32.748426], [-97.43278, 32.74698], [-97.434357, 32.749674], [-97.439258, 32.744914], [-97.440181, 32.743412], [-97.440602, 32.744419], [-97.445621, 32.744919], [-97.445049, 32.755574], [-97.445849, 32.761395], [-97.445854, 32.765476]]]}}, {"type": "Feature", "properties": {"zip": "75215", "city": "Dallas", "county": "Dallas County", "zhvi_2010": 95613, "zhvi_2011": 79934, "zhvi_2012": 75220, "zhvi_2013": 75293, "zhvi_2014": 81686, "zhvi_2015": 85425, "zhvi_2016": 97498, "zhvi_2017": 109989, "zhvi_2018": 133169, "zhvi_2019": 152176, "zhvi_2020": 167770, "zhvi_2021": 198558, "zhvi_2022": 224737, "zhvi_2023": 217157, "zhvi_2024": 209621, "zhvi_2025": 185955, "zori_2015": null, "zori_2016": null, "zori_2017": null, "zori_2018": null, "zori_2019": null, "zori_2020": null, "zori_2021": 1440, "zori_2022": 1470, "zori_2023": 1461, "zori_2024": 1433, "zori_2025": 1464, "has_zhvi": true, "has_zori": true}, "geometry": {"type": "Polygon", "coordinates": [[[-96.800402, 32.771189], [-96.796888, 32.773215], [-96.784304, 32.776258], [-96.780907, 32.774457], [-96.778761, 32.772318], [-96.776032, 32.776075], [-96.77526, 32.775035], [-96.770945, 32.778768], [-96.757548, 32.768421], [-96.754559, 32.767013], [-96.750931, 32.766478], [-96.747601, 32.763585], [-96.747506, 32.762435], [-96.745621, 32.761989], [-96.728751, 32.747445], [-96.729607, 32.745915], [-96.727203, 32.745095], [-96.730949, 32.745621], [-96.730179, 32.742004], [-96.730696, 32.741349], [-96.728882, 32.739863], [-96.729866, 32.738073], [-96.730794, 32.738233], [-96.730918, 32.736592], [-96.72996, 32.736238], [-96.730873, 32.733921], [-96.732195, 32.732869], [-96.73264, 32.730973], [-96.734294, 32.730688], [-96.734081, 32.72784], [-96.736397, 32.72655], [-96.734043, 32.723626], [-96.735751, 32.724048], [-96.746616, 32.723717], [-96.748365, 32.725603], [-96.750983, 32.726402], [-96.753169, 32.728099], [-96.754993, 32.728364], [-96.758158, 32.727995], [-96.758081, 32.73651], [-96.768797, 32.746678], [-96.766503, 32.739086], [-96.770308, 32.741467], [-96.771059, 32.743814], [-96.773198, 32.745824], [-96.776022, 32.7464], [-96.775531, 32.747933], [-96.777533, 32.749913], [-96.779124, 32.749958], [-96.782755, 32.752223], [-96.786407, 32.751212], [-96.787688, 32.751396], [-96.791491, 32.753273], [-96.787714, 32.759826], [-96.792516, 32.76218], [-96.796094, 32.764567], [-96.800761, 32.769381], [-96.800402, 32.771189]]]}}, {"type": "Feature", "properties": {"zip": "75235", "city": "Dallas", "county": "Dallas County", "zhvi_2010": 143441, "zhvi_2011": 127207, "zhvi_2012": 120760, "zhvi_2013": 130468, "zhvi_2014": 141956, "zhvi_2015": 164355, "zhvi_2016": 198941, "zhvi_2017": 224424, "zhvi_2018": 245755, "zhvi_2019": 254413, "zhvi_2020": 264321, "zhvi_2021": 283151, "zhvi_2022": 303521, "zhvi_2023": 298705, "zhvi_2024": 306418, "zhvi_2025": 283345, "zori_2015": null, "zori_2016": null, "zori_2017": null, "zori_2018": 1599, "zori_2019": 1627, "zori_2020": 1591, "zori_2021": 1659, "zori_2022": 1729, "zori_2023": 1653, "zori_2024": 1547, "zori_2025": 1494, "has_zhvi": true, "has_zori": true}, "geometry": {"type": "Polygon", "coordinates": [[[-96.872352, 32.848354], [-96.870379, 32.849762], [-96.867617, 32.849977], [-96.86624, 32.849277], [-96.864933, 32.851498], [-96.862736, 32.853678], [-96.860368, 32.855063], [-96.859194, 32.857148], [-96.85639, 32.859592], [-96.854108, 32.860089], [-96.850207, 32.85855], [-96.835539, 32.845892], [-96.834491, 32.844118], [-96.834109, 32.839246], [-96.827578, 32.831221], [-96.821094, 32.825148], [-96.822448, 32.824024], [-96.820685, 32.823192], [-96.819731, 32.823954], [-96.81799, 32.822453], [-96.819404, 32.820469], [-96.821505, 32.822255], [-96.822382, 32.820679], [-96.821485, 32.819741], [-96.823897, 32.819178], [-96.823525, 32.818378], [-96.82659, 32.817416], [-96.826069, 32.816827], [-96.826879, 32.81646], [-96.827931, 32.811619], [-96.829259, 32.80923], [-96.827323, 32.807237], [-96.828903, 32.805805], [-96.829905, 32.80615], [-96.829943, 32.805675], [-96.840371, 32.808981], [-96.848772, 32.812341], [-96.84966, 32.81113], [-96.848869, 32.812365], [-96.852417, 32.812958], [-96.864426, 32.813279], [-96.865007, 32.813673], [-96.8668, 32.815573], [-96.86314, 32.815554], [-96.8593, 32.816704], [-96.857671, 32.818022], [-96.856119, 32.8173], [-96.856223, 32.819308], [-96.861168, 32.819353], [-96.862063, 32.820428], [-96.861679, 32.822271], [-96.865342, 32.826434], [-96.869618, 32.827736], [-96.87131, 32.829133], [-96.872767, 32.832583], [-96.872746, 32.836726], [-96.865474, 32.837289], [-96.873104, 32.843867], [-96.871722, 32.845478], [-96.870083, 32.845886], [-96.873903, 32.849005], [-96.872352, 32.848354]], [[-96.844353, 32.81271], [-96.843061, 32.811847], [-96.842268, 32.813013], [-96.839475, 32.813587], [-96.842505, 32.815984], [-96.845547, 32.81443], [-96.844353, 32.81271]]]}}, {"type": "Feature", "properties": {"zip": "76060", "city": "Kennedale", "county": "Tarrant County", "zhvi_2010": 249575, "zhvi_2011": 233765, "zhvi_2012": 229852, "zhvi_2013": 239032, "zhvi_2014": 251717, "zhvi_2015": 270688, "zhvi_2016": 293727, "zhvi_2017": 312419, "zhvi_2018": 325646, "zhvi_2019": 332270, "zhvi_2020": 345016, "zhvi_2021": 378934, "zhvi_2022": 420636, "zhvi_2023": 405028, "zhvi_2024": 394882, "zhvi_2025": 379455, "zori_2015": null, "zori_2016": null, "zori_2017": null, "zori_2018": null, "zori_2019": null, "zori_2020": null, "zori_2021": null, "zori_2022": null, "zori_2023": null, "zori_2024": 1486, "zori_2025": 1474, "has_zhvi": true, "has_zori": true}, "geometry": {"type": "Polygon", "coordinates": [[[-97.247741, 32.649025], [-97.244301, 32.650554], [-97.243829, 32.652769], [-97.242495, 32.654511], [-97.237574, 32.657241], [-97.235517, 32.65999], [-97.23048, 32.661921], [-97.228736, 32.664198], [-97.2292, 32.666294], [-97.230102, 32.666368], [-97.231483, 32.668074], [-97.223359, 32.667957], [-97.223629, 32.661832], [-97.224452, 32.660793], [-97.224025, 32.660434], [-97.217042, 32.660292], [-97.217077, 32.656467], [-97.211754, 32.656702], [-97.21178, 32.660419], [-97.206889, 32.661147], [-97.20682, 32.656735], [-97.20189, 32.656721], [-97.202542, 32.654046], [-97.198939, 32.654166], [-97.198637, 32.654696], [-97.198038, 32.654257], [-97.197591, 32.652594], [-97.200187, 32.649597], [-97.19444, 32.649346], [-97.194424, 32.646455], [-97.189004, 32.646212], [-97.189219, 32.634672], [-97.192888, 32.634605], [-97.192939, 32.631177], [-97.194546, 32.631615], [-97.19439, 32.625557], [-97.190153, 32.623142], [-97.190066, 32.619289], [-97.188406, 32.615502], [-97.180984, 32.608527], [-97.182131, 32.607998], [-97.184955, 32.609195], [-97.188241, 32.615125], [-97.189952, 32.614312], [-97.195981, 32.619422], [-97.201332, 32.619422], [-97.20088, 32.618025], [-97.207684, 32.617964], [-97.207959, 32.616142], [-97.214125, 32.616287], [-97.214233, 32.618883], [-97.219425, 32.619208], [-97.219479, 32.620921], [-97.220957, 32.621047], [-97.220946, 32.621771], [-97.226435, 32.622368], [-97.234275, 32.62238], [-97.234152, 32.638226], [-97.242175, 32.638438], [-97.242716, 32.642032], [-97.243908, 32.642094], [-97.245645, 32.644669], [-97.247618, 32.64553], [-97.248312, 32.646715], [-97.247741, 32.649025]]]}}, {"type": "Feature", "properties": {"zip": "76063", "city": "Mansfield", "county": "Tarrant County", "zhvi_2010": 281142, "zhvi_2011": 264643, "zhvi_2012": 261843, "zhvi_2013": 273459, "zhvi_2014": 287796, "zhvi_2015": 311856, "zhvi_2016": 337637, "zhvi_2017": 359163, "zhvi_2018": 374629, "zhvi_2019": 380819, "zhvi_2020": 394138, "zhvi_2021": 436638, "zhvi_2022": 487050, "zhvi_2023": 468507, "zhvi_2024": 456926, "zhvi_2025": 437208, "zori_2015": 1493, "zori_2016": 1535, "zori_2017": 1575, "zori_2018": 1605, "zori_2019": 1634, "zori_2020": 1656, "zori_2021": 1755, "zori_2022": 1799, "zori_2023": 1769, "zori_2024": 1711, "zori_2025": 1679, "has_zhvi": true, "has_zori": true}, "geometry": {"type": "Polygon", "coordinates": [[[-97.222029, 32.607088], [-97.22014, 32.607081], [-97.220128, 32.608102], [-97.21914, 32.608134], [-97.219127, 32.611405], [-97.221009, 32.611444], [-97.221006, 32.612311], [-97.220051, 32.612305], [-97.220023, 32.613212], [-97.216726, 32.613225], [-97.216631, 32.619033], [-97.214233, 32.618883], [-97.214125, 32.616287], [-97.207959, 32.616142], [-97.207684, 32.617964], [-97.20088, 32.618025], [-97.201332, 32.619422], [-97.195981, 32.619422], [-97.189952, 32.614312], [-97.188241, 32.615125], [-97.184955, 32.609195], [-97.182131, 32.607998], [-97.170549, 32.613705], [-97.154714, 32.613995], [-97.154672, 32.616149], [-97.139753, 32.616014], [-97.142242, 32.611598], [-97.140994, 32.611471], [-97.125741, 32.611435], [-97.120316, 32.613878], [-97.116416, 32.608227], [-97.105819, 32.613351], [-97.100141, 32.604779], [-97.099371, 32.604509], [-97.093744, 32.596601], [-97.090762, 32.598022], [-97.083096, 32.586769], [-97.083253, 32.588249], [-97.080468, 32.589958], [-97.074728, 32.590578], [-97.073579, 32.588661], [-97.066109, 32.592303], [-97.055262, 32.575167], [-97.053431, 32.573723], [-97.05335, 32.563651], [-97.049021, 32.563046], [-97.048398, 32.56125], [-97.046801, 32.560015], [-97.04784, 32.558528], [-97.052827, 32.556583], [-97.053913, 32.555614], [-97.055381, 32.55242], [-97.054994, 32.550568], [-97.05355, 32.550286], [-97.052717, 32.54884], [-97.054292, 32.547736], [-97.056975, 32.547441], [-97.057156, 32.546889], [-97.065179, 32.548994], [-97.066917, 32.549015], [-97.077586, 32.54809], [-97.083863, 32.545294], [-97.082088, 32.539454], [-97.082728, 32.529726], [-97.083413, 32.527441], [-97.086195, 32.523727], [-97.099514, 32.532234], [-97.101259, 32.532747], [-97.106275, 32.535744], [-97.109421, 32.5341], [-97.108557, 32.531093], [-97.127968, 32.52167], [-97.132251, 32.527656], [-97.137756, 32.528887], [-97.138601, 32.526237], [-97.142247, 32.52137], [-97.140823, 32.520236], [-97.142658, 32.519252], [-97.143433, 32.520407], [-97.148259, 32.517894], [-97.151335, 32.522511], [-97.149953, 32.523227], [-97.151132, 32.525079], [-97.15909, 32.522679], [-97.159818, 32.523305], [-97.165453, 32.522949], [-97.166881, 32.526211], [-97.176047, 32.522032], [-97.182723, 32.521804], [-97.186788, 32.519702], [-97.186241, 32.519228], [-97.188741, 32.517736], [-97.190367, 32.519194], [-97.197033, 32.523121], [-97.199526, 32.525838], [-97.202884, 32.530991], [-97.206607, 32.53342], [-97.210736, 32.538459], [-97.209762, 32.538756], [-97.209996, 32.539829], [-97.21142, 32.539331], [-97.212527, 32.541312], [-97.213575, 32.540768], [-97.215594, 32.54368], [-97.212682, 32.545194], [-97.213944, 32.547039], [-97.209757, 32.548594], [-97.210709, 32.550641], [-97.209237, 32.55109], [-97.214124, 32.551167], [-97.214113, 32.556576], [-97.212377, 32.556744], [-97.210146, 32.557834], [-97.210283, 32.558285], [-97.206218, 32.560183], [-97.211452, 32.567873], [-97.211297, 32.57422], [-97.213984, 32.574454], [-97.216903, 32.575938], [-97.218828, 32.576351], [-97.21888, 32.578857], [-97.217077, 32.578393], [-97.215154, 32.580077], [-97.215728, 32.586699], [-97.218529, 32.586656], [-97.218554, 32.590739], [-97.220797, 32.590689], [-97.220721, 32.59966], [-97.21936, 32.59966], [-97.219259, 32.603894], [-97.222029, 32.607088]]]}}, {"type": "Feature", "properties": {"zip": "76064", "city": "Maypearl", "county": "Ellis County", "zhvi_2010": 194723, "zhvi_2011": 193327, "zhvi_2012": 190084, "zhvi_2013": 201170, "zhvi_2014": 216630, "zhvi_2015": 235879, "zhvi_2016": 260185, "zhvi_2017": 284480, "zhvi_2018": 304303, "zhvi_2019": 312266, "zhvi_2020": 325557, "zhvi_2021": 355706, "zhvi_2022": 381995, "zhvi_2023": 367768, "zhvi_2024": 364735, "zhvi_2025": 357963, "zori_2015": null, "zori_2016": null, "zori_2017": null, "zori_2018": null, "zori_2019": null, "zori_2020": null, "zori_2021": null, "zori_2022": null, "zori_2023": null, "zori_2024": null, "zori_2025": null, "has_zhvi": true, "has_zori": false}, "geometry": {"type": "Polygon", "coordinates": [[[-97.087031, 32.347425], [-97.083229, 32.346404], [-97.081747, 32.344984], [-97.080001, 32.345481], [-97.079037, 32.344068], [-97.079322, 32.34301], [-97.076885, 32.340349], [-97.074925, 32.339916], [-97.073908, 32.341216], [-97.071149, 32.339914], [-97.070656, 32.338237], [-97.065374, 32.335873], [-97.063075, 32.335827], [-97.060829, 32.334694], [-97.0594, 32.335127], [-97.05712, 32.334276], [-97.056789, 32.33327], [-97.057586, 32.331105], [-97.056859, 32.330996], [-97.05524, 32.334269], [-97.054987, 32.337612], [-97.042745, 32.343788], [-97.040106, 32.343347], [-97.034171, 32.345906], [-97.012479, 32.35652], [-97.012567, 32.352523], [-97.022635, 32.347126], [-97.021456, 32.339916], [-97.021365, 32.329303], [-97.019751, 32.326914], [-97.021099, 32.325914], [-97.02029, 32.32468], [-97.00973, 32.329819], [-97.000655, 32.316364], [-96.982278, 32.320041], [-96.978327, 32.313837], [-96.978202, 32.312317], [-96.991783, 32.306057], [-96.997571, 32.30565], [-96.996462, 32.301235], [-96.992597, 32.29582], [-96.989595, 32.29652], [-96.988294, 32.296073], [-96.987066, 32.294542], [-96.987909, 32.293204], [-96.985446, 32.291848], [-96.984206, 32.292233], [-96.979368, 32.28815], [-96.978025, 32.285438], [-96.976466, 32.284914], [-96.975113, 32.285369], [-96.97409, 32.284844], [-96.972686, 32.285241], [-96.972597, 32.283391], [-96.970301, 32.282333], [-96.969534, 32.281444], [-96.968018, 32.281408], [-96.964541, 32.278841], [-96.964843, 32.277537], [-96.963357, 32.277603], [-96.96276, 32.278533], [-96.960674, 32.277974], [-96.961322, 32.276539], [-96.959659, 32.275976], [-96.960995, 32.27462], [-96.960593, 32.273186], [-96.963015, 32.272252], [-96.970691, 32.275733], [-96.972497, 32.275733], [-96.975431, 32.274109], [-96.979089, 32.273861], [-96.983289, 32.27619], [-96.988843, 32.276381], [-96.993224, 32.275542], [-96.998296, 32.275382], [-97.000335, 32.273843], [-97.006019, 32.274115], [-97.009076, 32.275219], [-97.011261, 32.275284], [-97.012774, 32.276055], [-97.015022, 32.275754], [-97.018893, 32.27657], [-97.021394, 32.276466], [-97.034011, 32.273443], [-97.03597, 32.274034], [-97.036575, 32.274813], [-97.038854, 32.275821], [-97.042974, 32.276493], [-97.044761, 32.277428], [-97.051282, 32.275294], [-97.053613, 32.27867], [-97.0564, 32.277465], [-97.062908, 32.287432], [-97.067163, 32.285629], [-97.075675, 32.298338], [-97.054911, 32.308184], [-97.055886, 32.308605], [-97.058101, 32.308121], [-97.060558, 32.308664], [-97.06177, 32.307336], [-97.062804, 32.308647], [-97.065024, 32.308495], [-97.067116, 32.309778], [-97.068468, 32.308875], [-97.069128, 32.309764], [-97.072817, 32.309729], [-97.07406, 32.308857], [-97.080174, 32.310958], [-97.08084, 32.31052], [-97.082407, 32.313219], [-97.081808, 32.315054], [-97.08291, 32.318181], [-97.083931, 32.317946], [-97.084637, 32.319523], [-97.087039, 32.318365], [-97.087031, 32.347425]]]}}, {"type": "Feature", "properties": {"zip": "75237", "city": "Dallas", "county": "Dallas County", "zhvi_2010": 122824, "zhvi_2011": 113293, "zhvi_2012": 111483, "zhvi_2013": 124179, "zhvi_2014": 142951, "zhvi_2015": 157325, "zhvi_2016": 176086, "zhvi_2017": 196367, "zhvi_2018": 214646, "zhvi_2019": 228545, "zhvi_2020": 242049, "zhvi_2021": 268959, "zhvi_2022": 303365, "zhvi_2023": 295299, "zhvi_2024": 287943, "zhvi_2025": 269418, "zori_2015": null, "zori_2016": null, "zori_2017": null, "zori_2018": null, "zori_2019": null, "zori_2020": null, "zori_2021": null, "zori_2022": null, "zori_2023": null, "zori_2024": 1321, "zori_2025": 1248, "has_zhvi": true, "has_zori": true}, "geometry": {"type": "Polygon", "coordinates": [[[-96.89154, 32.689552], [-96.881759, 32.689563], [-96.880843, 32.691263], [-96.857138, 32.691234], [-96.857161, 32.633069], [-96.865684, 32.633083], [-96.865569, 32.63597], [-96.87441, 32.636035], [-96.874241, 32.642893], [-96.878458, 32.642901], [-96.878437, 32.646502], [-96.879911, 32.64652], [-96.879912, 32.647483], [-96.891392, 32.647499], [-96.891417, 32.664237], [-96.891261, 32.663232], [-96.88865, 32.663257], [-96.887066, 32.663856], [-96.887153, 32.669381], [-96.890374, 32.669352], [-96.891219, 32.670387], [-96.890379, 32.672291], [-96.889204, 32.672587], [-96.889222, 32.675583], [-96.889752, 32.676494], [-96.882834, 32.676701], [-96.88284, 32.678431], [-96.887513, 32.679052], [-96.887154, 32.681179], [-96.891362, 32.682461], [-96.89154, 32.689552]]]}}, {"type": "Feature", "properties": {"zip": "76103", "city": "Fort Worth", "county": "Tarrant County", "zhvi_2010": 101465, "zhvi_2011": 87628, "zhvi_2012": 87853, "zhvi_2013": 92582, "zhvi_2014": 100343, "zhvi_2015": 115499, "zhvi_2016": 135226, "zhvi_2017": 154058, "zhvi_2018": 170567, "zhvi_2019": 183659, "zhvi_2020": 198882, "zhvi_2021": 222169, "zhvi_2022": 244202, "zhvi_2023": 239936, "zhvi_2024": 235728, "zhvi_2025": 222564, "zori_2015": null, "zori_2016": null, "zori_2017": null, "zori_2018": null, "zori_2019": null, "zori_2020": null, "zori_2021": null, "zori_2022": null, "zori_2023": null, "zori_2024": null, "zori_2025": 1394, "has_zhvi": true, "has_zori": true}, "geometry": {"type": "Polygon", "coordinates": [[[-97.306302, 32.746032], [-97.303285, 32.746118], [-97.303198, 32.748557], [-97.289433, 32.749685], [-97.289382, 32.754013], [-97.288298, 32.75648], [-97.284105, 32.75506], [-97.28275, 32.756022], [-97.28027, 32.756272], [-97.279994, 32.765389], [-97.274992, 32.765434], [-97.27053, 32.766174], [-97.271696, 32.76797], [-97.271158, 32.770111], [-97.271782, 32.77201], [-97.273258, 32.773175], [-97.272148, 32.774019], [-97.272343, 32.775376], [-97.270616, 32.775973], [-97.271356, 32.777082], [-97.27052, 32.778201], [-97.267611, 32.778937], [-97.258023, 32.777132], [-97.256759, 32.775577], [-97.255188, 32.775029], [-97.256104, 32.772798], [-97.258176, 32.771524], [-97.258268, 32.769821], [-97.257426, 32.767802], [-97.254121, 32.770789], [-97.252681, 32.771116], [-97.24649, 32.770553], [-97.246333, 32.763468], [-97.241662, 32.7629], [-97.240526, 32.760933], [-97.261697, 32.758089], [-97.261672, 32.757353], [-97.245984, 32.758768], [-97.246434, 32.755226], [-97.244803, 32.753794], [-97.24482, 32.75184], [-97.245723, 32.751835], [-97.245814, 32.746049], [-97.244993, 32.745668], [-97.245042, 32.740761], [-97.246255, 32.740764], [-97.246246, 32.738797], [-97.245668, 32.738796], [-97.245825, 32.738173], [-97.246358, 32.738146], [-97.246345, 32.737288], [-97.245082, 32.736953], [-97.245126, 32.732383], [-97.253701, 32.734679], [-97.27097, 32.733871], [-97.273487, 32.734437], [-97.287033, 32.741687], [-97.296161, 32.743811], [-97.300119, 32.744293], [-97.304536, 32.743443], [-97.306302, 32.746032]]]}}, {"type": "Feature", "properties": {"zip": "76106", "city": "Fort Worth", "county": "Tarrant County", "zhvi_2010": 87064, "zhvi_2011": 81034, "zhvi_2012": 75302, "zhvi_2013": 77053, "zhvi_2014": 82847, "zhvi_2015": 91166, "zhvi_2016": 103424, "zhvi_2017": 122000, "zhvi_2018": 137523, "zhvi_2019": 147945, "zhvi_2020": 162766, "zhvi_2021": 177989, "zhvi_2022": 197572, "zhvi_2023": 197224, "zhvi_2024": 195854, "zhvi_2025": 185552, "zori_2015": null, "zori_2016": null, "zori_2017": null, "zori_2018": null, "zori_2019": null, "zori_2020": null, "zori_2021": null, "zori_2022": null, "zori_2023": null, "zori_2024": null, "zori_2025": 1308, "has_zhvi": true, "has_zori": true}, "geometry": {"type": "Polygon", "coordinates": [[[-97.407854, 32.816002], [-97.370792, 32.833429], [-97.347307, 32.842385], [-97.342609, 32.842832], [-97.326559, 32.839542], [-97.317444, 32.839495], [-97.314028, 32.838866], [-97.313111, 32.83471], [-97.313152, 32.817571], [-97.314771, 32.809755], [-97.316917, 32.806949], [-97.316277, 32.806229], [-97.320449, 32.80062], [-97.321601, 32.796974], [-97.321714, 32.791784], [-97.320754, 32.787426], [-97.320401, 32.781256], [-97.319445, 32.77612], [-97.322969, 32.777434], [-97.324447, 32.781188], [-97.325524, 32.782215], [-97.336044, 32.784036], [-97.336387, 32.784519], [-97.337538, 32.784343], [-97.337899, 32.786008], [-97.339889, 32.788852], [-97.339562, 32.789699], [-97.34324, 32.795135], [-97.343964, 32.795125], [-97.345874, 32.797455], [-97.34874, 32.797535], [-97.347894, 32.795206], [-97.356135, 32.795274], [-97.357965, 32.794861], [-97.358717, 32.795313], [-97.358874, 32.794585], [-97.360214, 32.794433], [-97.367171, 32.795489], [-97.371878, 32.795527], [-97.37188, 32.794688], [-97.373036, 32.793674], [-97.383463, 32.78554], [-97.387518, 32.788896], [-97.386672, 32.789733], [-97.389282, 32.791897], [-97.389316, 32.799014], [-97.387175, 32.797068], [-97.385548, 32.798478], [-97.391644, 32.803478], [-97.390885, 32.804245], [-97.391581, 32.806286], [-97.394082, 32.808332], [-97.407872, 32.812164], [-97.407854, 32.816002]]]}}, {"type": "Feature", "properties": {"zip": "75065", "city": "Lake Dallas", "county": "Denton County", "zhvi_2010": 227268, "zhvi_2011": 212709, "zhvi_2012": 210458, "zhvi_2013": 222423, "zhvi_2014": 237918, "zhvi_2015": 259509, "zhvi_2016": 285819, "zhvi_2017": 307960, "zhvi_2018": 326921, "zhvi_2019": 333563, "zhvi_2020": 345811, "zhvi_2021": 385313, "zhvi_2022": 432085, "zhvi_2023": 422538, "zhvi_2024": 413757, "zhvi_2025": 393905, "zori_2015": null, "zori_2016": null, "zori_2017": null, "zori_2018": null, "zori_2019": null, "zori_2020": null, "zori_2021": null, "zori_2022": null, "zori_2023": null, "zori_2024": null, "zori_2025": null, "has_zhvi": true, "has_zori": false}, "geometry": {"type": "Polygon", "coordinates": [[[-97.079034, 33.120178], [-97.079003, 33.122129], [-97.075273, 33.122129], [-97.07437, 33.120036], [-97.071284, 33.118932], [-97.068928, 33.119114], [-97.068293, 33.120182], [-97.069578, 33.120815], [-97.067028, 33.121082], [-97.066806, 33.122367], [-97.063404, 33.122348], [-97.063468, 33.121997], [-97.06175, 33.12189], [-97.061734, 33.122801], [-97.059365, 33.122697], [-97.06164, 33.13017], [-97.037975, 33.12988], [-97.038008, 33.133012], [-97.03864, 33.133319], [-97.038263, 33.133521], [-97.03859, 33.1445], [-97.030543, 33.144385], [-97.03055, 33.14267], [-97.029898, 33.142635], [-97.029874, 33.138151], [-97.024486, 33.140383], [-97.021683, 33.142539], [-97.002366, 33.14251], [-97.002404, 33.138771], [-97.001157, 33.131438], [-96.999909, 33.128419], [-96.99633, 33.124965], [-96.992047, 33.123144], [-96.987664, 33.122147], [-96.978973, 33.121681], [-96.97565, 33.120725], [-96.970945, 33.1177], [-96.969625, 33.114353], [-96.96947, 33.09999], [-96.963544, 33.100041], [-96.962942, 33.083016], [-96.966524, 33.082718], [-96.970293, 33.080821], [-96.974726, 33.079667], [-96.980703, 33.079048], [-96.990057, 33.079517], [-97.009237, 33.08623], [-97.016492, 33.090109], [-97.018537, 33.092362], [-97.021988, 33.098233], [-97.02346, 33.099859], [-97.026033, 33.101571], [-97.02764, 33.102081], [-97.033787, 33.10242], [-97.056678, 33.100035], [-97.067481, 33.108955], [-97.06909, 33.112161], [-97.068216, 33.115278], [-97.068635, 33.117465], [-97.070901, 33.118688], [-97.073324, 33.11764], [-97.074593, 33.117772], [-97.077178, 33.119732], [-97.079034, 33.120178]]]}}, {"type": "Feature", "properties": {"zip": "75241", "city": "Dallas", "county": "Dallas County", "zhvi_2010": 82306, "zhvi_2011": 67857, "zhvi_2012": 64690, "zhvi_2013": 70648, "zhvi_2014": 81031, "zhvi_2015": 94633, "zhvi_2016": 114084, "zhvi_2017": 136996, "zhvi_2018": 161536, "zhvi_2019": 179290, "zhvi_2020": 191782, "zhvi_2021": 213854, "zhvi_2022": 243297, "zhvi_2023": 237421, "zhvi_2024": 233893, "zhvi_2025": 215654, "zori_2015": null, "zori_2016": null, "zori_2017": null, "zori_2018": null, "zori_2019": null, "zori_2020": null, "zori_2021": 1653, "zori_2022": 1627, "zori_2023": 1654, "zori_2024": 1632, "zori_2025": 1641, "has_zhvi": true, "has_zori": true}, "geometry": {"type": "Polygon", "coordinates": [[[-96.823324, 32.642285], [-96.822597, 32.658206], [-96.821585, 32.659714], [-96.818753, 32.660156], [-96.818757, 32.661217], [-96.822565, 32.661144], [-96.8225, 32.662209], [-96.821294, 32.662317], [-96.821291, 32.663511], [-96.822507, 32.663497], [-96.822563, 32.665948], [-96.821291, 32.665965], [-96.821279, 32.668439], [-96.822321, 32.668444], [-96.822236, 32.678269], [-96.821316, 32.678292], [-96.821332, 32.680315], [-96.822403, 32.68027], [-96.82258, 32.683438], [-96.821527, 32.685465], [-96.820731, 32.686113], [-96.816473, 32.683828], [-96.811004, 32.683776], [-96.808512, 32.683023], [-96.807827, 32.679132], [-96.805905, 32.679049], [-96.805234, 32.682162], [-96.793897, 32.685068], [-96.792475, 32.682966], [-96.791132, 32.683161], [-96.792343, 32.685481], [-96.789622, 32.686191], [-96.788733, 32.684755], [-96.779817, 32.688904], [-96.780146, 32.69051], [-96.775358, 32.692858], [-96.774099, 32.692092], [-96.771721, 32.693689], [-96.771533, 32.691055], [-96.76514, 32.693917], [-96.765968, 32.696322], [-96.760177, 32.698262], [-96.758805, 32.696015], [-96.754517, 32.698969], [-96.755057, 32.700328], [-96.752853, 32.701165], [-96.75621, 32.712778], [-96.754062, 32.71214], [-96.753326, 32.712521], [-96.755347, 32.715589], [-96.751632, 32.717413], [-96.733955, 32.68686], [-96.720437, 32.693334], [-96.714555, 32.694648], [-96.713051, 32.696408], [-96.70859, 32.698783], [-96.704493, 32.699284], [-96.703991, 32.701065], [-96.703168, 32.701335], [-96.701848, 32.699357], [-96.700715, 32.698721], [-96.697596, 32.699983], [-96.696494, 32.699967], [-96.694659, 32.697273], [-96.691946, 32.697918], [-96.691477, 32.695416], [-96.691627, 32.69298], [-96.689826, 32.681071], [-96.693689, 32.680645], [-96.695342, 32.677701], [-96.694601, 32.675906], [-96.693019, 32.674487], [-96.696785, 32.673491], [-96.69504, 32.671528], [-96.691789, 32.66957], [-96.71033, 32.660567], [-96.710933, 32.661501], [-96.716516, 32.658985], [-96.717448, 32.660697], [-96.712124, 32.663348], [-96.713618, 32.665664], [-96.719859, 32.662636], [-96.721083, 32.66472], [-96.730336, 32.66008], [-96.726283, 32.654092], [-96.731277, 32.65079], [-96.729457, 32.648125], [-96.733021, 32.646421], [-96.73018, 32.642262], [-96.733205, 32.640912], [-96.733875, 32.64146], [-96.749701, 32.6407], [-96.748067, 32.636653], [-96.748525, 32.634205], [-96.74679, 32.631659], [-96.74474, 32.632109], [-96.744513, 32.626367], [-96.746281, 32.625891], [-96.746369, 32.618564], [-96.765656, 32.618582], [-96.773213, 32.634328], [-96.775795, 32.63877], [-96.777199, 32.638059], [-96.7788, 32.640807], [-96.784044, 32.63843], [-96.790572, 32.647844], [-96.802544, 32.649311], [-96.805728, 32.647737], [-96.805696, 32.642331], [-96.823324, 32.642285]]]}}, {"type": "Feature", "properties": {"zip": "75243", "city": "Dallas", "county": "Dallas County", "zhvi_2010": 161042, "zhvi_2011": 147725, "zhvi_2012": 146854, "zhvi_2013": 158309, "zhvi_2014": 171056, "zhvi_2015": 187601, "zhvi_2016": 215387, "zhvi_2017": 241779, "zhvi_2018": 264551, "zhvi_2019": 270688, "zhvi_2020": 277359, "zhvi_2021": 301208, "zhvi_2022": 332241, "zhvi_2023": 329932, "zhvi_2024": 326113, "zhvi_2025": 302324, "zori_2015": null, "zori_2016": null, "zori_2017": null, "zori_2018": null, "zori_2019": 1091, "zori_2020": 1115, "zori_2021": 1147, "zori_2022": 1176, "zori_2023": 1174, "zori_2024": 1119, "zori_2025": 1066, "has_zhvi": true, "has_zori": true}, "geometry": {"type": "Polygon", "coordinates": [[[-96.770687, 32.906483], [-96.769387, 32.905543], [-96.768789, 32.911781], [-96.769319, 32.913552], [-96.769118, 32.918121], [-96.766551, 32.918293], [-96.764339, 32.923762], [-96.759964, 32.928759], [-96.758444, 32.932744], [-96.756702, 32.932193], [-96.752754, 32.935108], [-96.754264, 32.9364], [-96.752115, 32.938124], [-96.751937, 32.939974], [-96.748136, 32.939974], [-96.748368, 32.934223], [-96.744333, 32.933917], [-96.743265, 32.934765], [-96.741229, 32.934732], [-96.740427, 32.935964], [-96.738715, 32.93622], [-96.735329, 32.93522], [-96.740406, 32.923074], [-96.737641, 32.923211], [-96.732498, 32.92533], [-96.718147, 32.925432], [-96.718125, 32.931291], [-96.705904, 32.931232], [-96.70588, 32.916604], [-96.70039, 32.916562], [-96.700544, 32.909025], [-96.69784, 32.908886], [-96.697977, 32.902268], [-96.721868, 32.894548], [-96.734284, 32.894343], [-96.736763, 32.892992], [-96.736812, 32.891253], [-96.740917, 32.891211], [-96.741011, 32.890346], [-96.741605, 32.890338], [-96.740882, 32.893166], [-96.744385, 32.893906], [-96.751517, 32.893307], [-96.753412, 32.893662], [-96.755005, 32.890821], [-96.756688, 32.889043], [-96.759069, 32.890478], [-96.761767, 32.895417], [-96.761455, 32.896492], [-96.76339, 32.898631], [-96.769197, 32.898713], [-96.76942, 32.904128], [-96.771802, 32.905925], [-96.770687, 32.906483]]]}}, {"type": "Feature", "properties": {"zip": "75252", "city": "Dallas", "county": "Collin County", "zhvi_2010": 411037, "zhvi_2011": 386759, "zhvi_2012": 385447, "zhvi_2013": 403219, "zhvi_2014": 429618, "zhvi_2015": 476861, "zhvi_2016": 511597, "zhvi_2017": 531202, "zhvi_2018": 532396, "zhvi_2019": 523082, "zhvi_2020": 530472, "zhvi_2021": 577571, "zhvi_2022": 643537, "zhvi_2023": 641111, "zhvi_2024": 646849, "zhvi_2025": 619260, "zori_2015": null, "zori_2016": 1209, "zori_2017": 1228, "zori_2018": 1201, "zori_2019": 1239, "zori_2020": 1247, "zori_2021": 1329, "zori_2022": 1477, "zori_2023": 1427, "zori_2024": 1323, "zori_2025": 1258, "has_zhvi": true, "has_zori": true}, "geometry": {"type": "Polygon", "coordinates": [[[-96.816247, 33.01243], [-96.815144, 33.013329], [-96.795274, 33.013129], [-96.795295, 33.012341], [-96.79001, 33.01155], [-96.786052, 33.009759], [-96.779811, 33.004849], [-96.772403, 33.000693], [-96.767736, 32.99931], [-96.762436, 32.999118], [-96.756743, 33.000152], [-96.756459, 32.997481], [-96.755095, 32.996918], [-96.75644, 32.994799], [-96.756464, 32.986298], [-96.758384, 32.986324], [-96.758384, 32.985593], [-96.756461, 32.985554], [-96.756634, 32.984336], [-96.757388, 32.9829], [-96.768216, 32.982891], [-96.768252, 32.986164], [-96.778223, 32.986304], [-96.778675, 32.986588], [-96.778675, 32.987938], [-96.781781, 32.987937], [-96.783841, 32.986657], [-96.785628, 32.98668], [-96.785841, 32.987903], [-96.790219, 32.987502], [-96.790677, 32.987882], [-96.793774, 32.985432], [-96.794615, 32.985233], [-96.80133, 32.985197], [-96.803245, 32.986912], [-96.805206, 32.986937], [-96.805658, 32.98372], [-96.80613, 32.984017], [-96.808891, 32.981951], [-96.808444, 32.980116], [-96.809264, 32.977595], [-96.813641, 32.984477], [-96.813355, 32.987041], [-96.815642, 32.989137], [-96.816002, 32.991221], [-96.814918, 32.992359], [-96.812547, 32.992781], [-96.813655, 32.998286], [-96.814916, 33.000915], [-96.813828, 33.00302], [-96.814354, 33.006858], [-96.817194, 33.009403], [-96.816247, 33.01243]]]}}, {"type": "Feature", "properties": {"zip": "75253", "city": "Dallas", "county": "Dallas County", "zhvi_2010": 110223, "zhvi_2011": 98781, "zhvi_2012": 97787, "zhvi_2013": 104826, "zhvi_2014": 121123, "zhvi_2015": 136611, "zhvi_2016": 157907, "zhvi_2017": 179296, "zhvi_2018": 201783, "zhvi_2019": 214767, "zhvi_2020": 229260, "zhvi_2021": 256189, "zhvi_2022": 293313, "zhvi_2023": 285470, "zhvi_2024": 278139, "zhvi_2025": 261271, "zori_2015": null, "zori_2016": null, "zori_2017": null, "zori_2018": null, "zori_2019": null, "zori_2020": null, "zori_2021": null, "zori_2022": null, "zori_2023": null, "zori_2024": 1551, "zori_2025": 1571, "has_zhvi": true, "has_zori": true}, "geometry": {"type": "Polygon", "coordinates": [[[-96.669714, 32.661028], [-96.669059, 32.664153], [-96.667065, 32.663175], [-96.662734, 32.659665], [-96.652446, 32.668475], [-96.653062, 32.670373], [-96.649185, 32.671116], [-96.642183, 32.669168], [-96.642221, 32.675236], [-96.641076, 32.675457], [-96.640186, 32.678269], [-96.640092, 32.681469], [-96.641218, 32.681898], [-96.64121, 32.683127], [-96.642544, 32.684967], [-96.644343, 32.684517], [-96.644311, 32.683176], [-96.647337, 32.683194], [-96.647412, 32.684507], [-96.64527, 32.685049], [-96.640062, 32.685105], [-96.639918, 32.690472], [-96.637116, 32.690478], [-96.637976, 32.692693], [-96.637531, 32.694094], [-96.630463, 32.69043], [-96.628421, 32.690447], [-96.628414, 32.691713], [-96.626376, 32.691669], [-96.626398, 32.695366], [-96.625283, 32.695344], [-96.625283, 32.691647], [-96.622917, 32.691658], [-96.622879, 32.694437], [-96.622165, 32.694445], [-96.622163, 32.695019], [-96.617636, 32.695138], [-96.617618, 32.69652], [-96.614331, 32.696488], [-96.614176, 32.701266], [-96.583329, 32.704427], [-96.56916, 32.70355], [-96.569724, 32.703082], [-96.56643, 32.70288], [-96.565536, 32.702061], [-96.565562, 32.701207], [-96.56342, 32.701229], [-96.562622, 32.698153], [-96.555516, 32.691876], [-96.558512, 32.689058], [-96.556085, 32.687002], [-96.562594, 32.68128], [-96.573885, 32.680303], [-96.57469, 32.680943], [-96.57594, 32.679938], [-96.574625, 32.678683], [-96.578959, 32.675172], [-96.580721, 32.67596], [-96.588175, 32.669909], [-96.585061, 32.668225], [-96.590784, 32.670415], [-96.591838, 32.669178], [-96.591772, 32.667642], [-96.591162, 32.667417], [-96.59378, 32.665214], [-96.591666, 32.663338], [-96.59459, 32.660955], [-96.591978, 32.659678], [-96.590223, 32.659518], [-96.582137, 32.652357], [-96.585535, 32.64767], [-96.595715, 32.63951], [-96.595894, 32.638607], [-96.600847, 32.642882], [-96.602347, 32.642086], [-96.60856, 32.647164], [-96.617213, 32.652532], [-96.61833, 32.655744], [-96.623464, 32.654826], [-96.64546, 32.636566], [-96.649047, 32.638578], [-96.651298, 32.639226], [-96.654576, 32.63657], [-96.656934, 32.637464], [-96.653142, 32.640725], [-96.661377, 32.64399], [-96.65662, 32.647772], [-96.670692, 32.659234], [-96.669714, 32.661028]]]}}, {"type": "Feature", "properties": {"zip": "75063", "city": "Irving", "county": "Dallas County", "zhvi_2010": 413258, "zhvi_2011": 391713, "zhvi_2012": 385639, "zhvi_2013": 407323, "zhvi_2014": 427788, "zhvi_2015": 458999, "zhvi_2016": 483882, "zhvi_2017": 498866, "zhvi_2018": 505559, "zhvi_2019": 500453, "zhvi_2020": 510888, "zhvi_2021": 549744, "zhvi_2022": 624707, "zhvi_2023": 622948, "zhvi_2024": 633071, "zhvi_2025": 607817, "zori_2015": null, "zori_2016": 1520, "zori_2017": 1510, "zori_2018": 1504, "zori_2019": 1513, "zori_2020": 1502, "zori_2021": 1576, "zori_2022": 1689, "zori_2023": 1631, "zori_2024": 1538, "zori_2025": 1469, "has_zhvi": true, "has_zori": true}, "geometry": {"type": "Polygon", "coordinates": [[[-97.033857, 32.837134], [-97.031707, 32.955001], [-97.02217, 32.954979], [-97.022285, 32.945853], [-97.017752, 32.94421], [-97.014464, 32.942168], [-97.012143, 32.940042], [-97.002577, 32.928762], [-96.997189, 32.924954], [-96.993782, 32.923703], [-96.993703, 32.925714], [-96.967707, 32.925344], [-96.967569, 32.947477], [-96.968987, 32.947526], [-96.970065, 32.949155], [-96.970022, 32.951633], [-96.968562, 32.951721], [-96.968235, 32.952728], [-96.966258, 32.952709], [-96.961774, 32.949122], [-96.960206, 32.949691], [-96.959908, 32.950246], [-96.955643, 32.950477], [-96.949295, 32.948071], [-96.944909, 32.947921], [-96.943254, 32.947062], [-96.942527, 32.946157], [-96.941694, 32.939297], [-96.938266, 32.937423], [-96.937766, 32.937911], [-96.93626, 32.936797], [-96.935245, 32.937044], [-96.935237, 32.934883], [-96.93566, 32.934497], [-96.937581, 32.935286], [-96.939112, 32.934832], [-96.940171, 32.932947], [-96.939986, 32.932026], [-96.935992, 32.930071], [-96.934301, 32.930023], [-96.932987, 32.929362], [-96.932849, 32.928401], [-96.933505, 32.927737], [-96.935171, 32.927175], [-96.937241, 32.927794], [-96.935716, 32.924682], [-96.937937, 32.923125], [-96.938115, 32.92157], [-96.937314, 32.921563], [-96.937864, 32.919241], [-96.937279, 32.917147], [-96.937696, 32.913851], [-96.936103, 32.912832], [-96.933267, 32.912618], [-96.930675, 32.910735], [-96.930244, 32.909249], [-96.972585, 32.918871], [-96.975296, 32.918956], [-96.950892, 32.912895], [-96.952086, 32.910386], [-96.954937, 32.910038], [-96.953339, 32.90862], [-96.967507, 32.89951], [-96.970028, 32.899865], [-96.971372, 32.900838], [-96.97461, 32.897388], [-96.971939, 32.895636], [-96.980308, 32.890261], [-96.985284, 32.885357], [-96.986232, 32.885038], [-96.991194, 32.885374], [-96.991095, 32.888726], [-96.99579, 32.888478], [-96.999092, 32.886736], [-97.004251, 32.880094], [-97.004583, 32.873939], [-97.006069, 32.871519], [-97.007935, 32.870317], [-97.011765, 32.869563], [-97.01523, 32.867274], [-97.020327, 32.860862], [-97.021289, 32.856918], [-97.022123, 32.837136], [-97.033857, 32.837134]]]}}, {"type": "Feature", "properties": {"zip": "75238", "city": "Dallas", "county": "Dallas County", "zhvi_2010": 338630, "zhvi_2011": 318913, "zhvi_2012": 316136, "zhvi_2013": 347156, "zhvi_2014": 374744, "zhvi_2015": 416227, "zhvi_2016": 458500, "zhvi_2017": 483525, "zhvi_2018": 496071, "zhvi_2019": 497969, "zhvi_2020": 508847, "zhvi_2021": 555650, "zhvi_2022": 597710, "zhvi_2023": 607135, "zhvi_2024": 630158, "zhvi_2025": 617682, "zori_2015": null, "zori_2016": null, "zori_2017": null, "zori_2018": null, "zori_2019": null, "zori_2020": null, "zori_2021": null, "zori_2022": 1432, "zori_2023": 1417, "zori_2024": 1341, "zori_2025": 1276, "has_zhvi": true, "has_zori": true}, "geometry": {"type": "Polygon", "coordinates": [[[-96.734071, 32.861235], [-96.733317, 32.868496], [-96.73091, 32.873858], [-96.730704, 32.878594], [-96.730005, 32.88196], [-96.731089, 32.886032], [-96.730645, 32.888016], [-96.729514, 32.889255], [-96.726092, 32.891044], [-96.720929, 32.895072], [-96.691972, 32.904055], [-96.69188, 32.894571], [-96.693672, 32.894422], [-96.693737, 32.88595], [-96.683157, 32.885936], [-96.68318, 32.878801], [-96.688396, 32.878709], [-96.67944, 32.872049], [-96.676303, 32.870985], [-96.677359, 32.870813], [-96.677644, 32.869619], [-96.674344, 32.868454], [-96.674324, 32.865774], [-96.676599, 32.865781], [-96.676602, 32.864169], [-96.678918, 32.864145], [-96.678874, 32.865744], [-96.68304, 32.866045], [-96.683078, 32.864147], [-96.699109, 32.864164], [-96.700916, 32.861776], [-96.700396, 32.857635], [-96.701663, 32.861708], [-96.700566, 32.863477], [-96.710769, 32.864207], [-96.713293, 32.863878], [-96.732683, 32.855181], [-96.734071, 32.861235]]]}}, {"type": "Feature", "properties": {"zip": "75240", "city": "Dallas", "county": "Dallas County", "zhvi_2010": 211116, "zhvi_2011": 194137, "zhvi_2012": 192270, "zhvi_2013": 207739, "zhvi_2014": 225221, "zhvi_2015": 250426, "zhvi_2016": 283323, "zhvi_2017": 313437, "zhvi_2018": 340034, "zhvi_2019": 341751, "zhvi_2020": 352760, "zhvi_2021": 383313, "zhvi_2022": 421857, "zhvi_2023": 431952, "zhvi_2024": 433367, "zhvi_2025": 406751, "zori_2015": null, "zori_2016": null, "zori_2017": null, "zori_2018": null, "zori_2019": 1505, "zori_2020": 1523, "zori_2021": 1532, "zori_2022": 1609, "zori_2023": 1568, "zori_2024": 1512, "zori_2025": 1474, "has_zhvi": true, "has_zori": true}, "geometry": {"type": "Polygon", "coordinates": [[[-96.82552, 32.939518], [-96.821759, 32.939495], [-96.821705, 32.93603], [-96.818059, 32.936115], [-96.818058, 32.939413], [-96.813115, 32.939423], [-96.812601, 32.936302], [-96.80746, 32.935822], [-96.807432, 32.938656], [-96.798318, 32.938663], [-96.795592, 32.939638], [-96.795656, 32.938138], [-96.793458, 32.937299], [-96.79077, 32.937511], [-96.789027, 32.936874], [-96.788071, 32.939278], [-96.786266, 32.939245], [-96.786262, 32.939824], [-96.782814, 32.940773], [-96.778379, 32.939996], [-96.778528, 32.939442], [-96.774175, 32.939338], [-96.7739, 32.937416], [-96.770411, 32.939881], [-96.751937, 32.939974], [-96.752115, 32.938124], [-96.754264, 32.9364], [-96.752754, 32.935108], [-96.756702, 32.932193], [-96.758444, 32.932744], [-96.759964, 32.928759], [-96.764269, 32.923874], [-96.769313, 32.923978], [-96.769126, 32.926932], [-96.77171, 32.927926], [-96.772345, 32.924734], [-96.781693, 32.924719], [-96.781479, 32.924371], [-96.786314, 32.924869], [-96.786305, 32.924261], [-96.797231, 32.924153], [-96.797251, 32.922536], [-96.803552, 32.922545], [-96.803578, 32.924999], [-96.811145, 32.925503], [-96.811233, 32.924469], [-96.81503, 32.924484], [-96.815044, 32.922232], [-96.818827, 32.921478], [-96.820753, 32.926067], [-96.822509, 32.932923], [-96.823126, 32.932963], [-96.82552, 32.939518]]]}}, {"type": "Feature", "properties": {"zip": "75093", "city": "Plano", "county": "Collin County", "zhvi_2010": 498560, "zhvi_2011": 471417, "zhvi_2012": 475242, "zhvi_2013": 500442, "zhvi_2014": 526386, "zhvi_2015": 569977, "zhvi_2016": 599362, "zhvi_2017": 615086, "zhvi_2018": 616959, "zhvi_2019": 607458, "zhvi_2020": 614313, "zhvi_2021": 672941, "zhvi_2022": 761323, "zhvi_2023": 765972, "zhvi_2024": 778733, "zhvi_2025": 749126, "zori_2015": 1524, "zori_2016": 1567, "zori_2017": 1579, "zori_2018": 1573, "zori_2019": 1599, "zori_2020": 1588, "zori_2021": 1688, "zori_2022": 1838, "zori_2023": 1788, "zori_2024": 1688, "zori_2025": 1643, "has_zhvi": true, "has_zori": true}, "geometry": {"type": "Polygon", "coordinates": [[[-96.860229, 33.042003], [-96.858554, 33.053144], [-96.853407, 33.053121], [-96.853395, 33.051743], [-96.844913, 33.051737], [-96.843974, 33.056376], [-96.842536, 33.056196], [-96.842504, 33.05695], [-96.838374, 33.056841], [-96.838542, 33.059215], [-96.832863, 33.05918], [-96.832906, 33.056658], [-96.830098, 33.056677], [-96.829644, 33.05804], [-96.825504, 33.064175], [-96.82505, 33.065615], [-96.81877, 33.065594], [-96.819425, 33.063541], [-96.822289, 33.062545], [-96.823947, 33.058552], [-96.8256, 33.056668], [-96.829289, 33.05669], [-96.829447, 33.054848], [-96.823818, 33.054684], [-96.820376, 33.056519], [-96.809638, 33.056566], [-96.807604, 33.057649], [-96.803508, 33.056745], [-96.770371, 33.056012], [-96.769977, 33.032669], [-96.772175, 33.032691], [-96.771928, 33.027448], [-96.77015, 33.026854], [-96.774451, 33.026772], [-96.771938, 33.025306], [-96.771984, 33.022041], [-96.769021, 33.022333], [-96.766928, 33.018973], [-96.766672, 33.010176], [-96.767077, 33.007773], [-96.77154, 33.009211], [-96.786423, 33.011775], [-96.78431, 33.010143], [-96.783423, 33.008754], [-96.780824, 33.008197], [-96.775785, 33.004111], [-96.773132, 33.002866], [-96.767849, 33.00278], [-96.767882, 32.999598], [-96.772403, 33.000693], [-96.774776, 33.001755], [-96.779811, 33.004849], [-96.786052, 33.009759], [-96.788468, 33.011021], [-96.795295, 33.012341], [-96.795274, 33.013129], [-96.819769, 33.013458], [-96.832215, 33.015571], [-96.84358, 33.016499], [-96.843373, 33.019038], [-96.839166, 33.018967], [-96.839196, 33.027534], [-96.843267, 33.025737], [-96.852484, 33.026053], [-96.852286, 33.02999], [-96.854401, 33.029995], [-96.854435, 33.030996], [-96.856099, 33.031069], [-96.855384, 33.03315], [-96.855333, 33.036912], [-96.853067, 33.036922], [-96.853189, 33.041308], [-96.853684, 33.041987], [-96.860229, 33.042003]]]}}, {"type": "Feature", "properties": {"zip": "76109", "city": "Fort Worth", "county": "Tarrant County", "zhvi_2010": 414829, "zhvi_2011": 394111, "zhvi_2012": 402320, "zhvi_2013": 439308, "zhvi_2014": 468987, "zhvi_2015": 499544, "zhvi_2016": 514651, "zhvi_2017": 533402, "zhvi_2018": 539832, "zhvi_2019": 538558, "zhvi_2020": 543432, "zhvi_2021": 579497, "zhvi_2022": 627170, "zhvi_2023": 620681, "zhvi_2024": 643114, "zhvi_2025": 649026, "zori_2015": 1369, "zori_2016": 1425, "zori_2017": 1477, "zori_2018": 1519, "zori_2019": 1532, "zori_2020": 1525, "zori_2021": 1576, "zori_2022": 1642, "zori_2023": 1649, "zori_2024": 1660, "zori_2025": 1609, "has_zhvi": true, "has_zori": true}, "geometry": {"type": "Polygon", "coordinates": [[[-97.424185, 32.696424], [-97.418478, 32.69812], [-97.41522, 32.701066], [-97.41297, 32.704097], [-97.411808, 32.704684], [-97.411705, 32.71038], [-97.404878, 32.712515], [-97.386332, 32.719949], [-97.38509, 32.716385], [-97.380364, 32.719081], [-97.370712, 32.723063], [-97.366606, 32.722875], [-97.364538, 32.723736], [-97.363337, 32.721812], [-97.361343, 32.722046], [-97.35987, 32.722886], [-97.3587, 32.725714], [-97.354101, 32.725388], [-97.355383, 32.722831], [-97.354015, 32.719209], [-97.351895, 32.718654], [-97.351951, 32.715964], [-97.353087, 32.715978], [-97.353116, 32.712775], [-97.354245, 32.71598], [-97.35495, 32.715989], [-97.355112, 32.714475], [-97.353136, 32.711233], [-97.353323, 32.709632], [-97.352792, 32.709614], [-97.35398, 32.701911], [-97.352617, 32.701714], [-97.381166, 32.67509], [-97.395821, 32.681976], [-97.39511, 32.682079], [-97.418599, 32.691859], [-97.420995, 32.693333], [-97.424185, 32.696424]], [[-97.364918, 32.707053], [-97.360475, 32.707076], [-97.360436, 32.711713], [-97.364433, 32.711684], [-97.364918, 32.707053]]]}}, {"type": "Feature", "properties": {"zip": "76117", "city": "Haltom City", "county": "Tarrant County", "zhvi_2010": 116627, "zhvi_2011": 107180, "zhvi_2012": 101931, "zhvi_2013": 104553, "zhvi_2014": 111942, "zhvi_2015": 124124, "zhvi_2016": 141433, "zhvi_2017": 161735, "zhvi_2018": 181988, "zhvi_2019": 197416, "zhvi_2020": 210009, "zhvi_2021": 231138, "zhvi_2022": 256219, "zhvi_2023": 256849, "zhvi_2024": 256139, "zhvi_2025": 238454, "zori_2015": null, "zori_2016": null, "zori_2017": null, "zori_2018": null, "zori_2019": null, "zori_2020": null, "zori_2021": 1258, "zori_2022": 1316, "zori_2023": 1259, "zori_2024": 1267, "zori_2025": 1274, "has_zhvi": true, "has_zori": true}, "geometry": {"type": "Polygon", "coordinates": [[[-97.290609, 32.79511], [-97.290637, 32.83166], [-97.281705, 32.83166], [-97.281737, 32.834519], [-97.290384, 32.834794], [-97.29036, 32.839433], [-97.264084, 32.83938], [-97.25285, 32.840308], [-97.255561, 32.836816], [-97.258708, 32.835552], [-97.257762, 32.83419], [-97.255926, 32.833208], [-97.254665, 32.831642], [-97.252534, 32.826352], [-97.254898, 32.824469], [-97.257154, 32.823577], [-97.257093, 32.822502], [-97.253402, 32.819078], [-97.251614, 32.818053], [-97.252075, 32.815295], [-97.253346, 32.814498], [-97.253142, 32.812678], [-97.248671, 32.807582], [-97.249258, 32.807239], [-97.248022, 32.803486], [-97.242022, 32.800699], [-97.236943, 32.79443], [-97.235919, 32.794218], [-97.243181, 32.791106], [-97.243184, 32.787672], [-97.241076, 32.786473], [-97.23873, 32.786678], [-97.238456, 32.785625], [-97.24006, 32.783637], [-97.237583, 32.781149], [-97.234897, 32.782234], [-97.232367, 32.780453], [-97.2361, 32.779228], [-97.240544, 32.776375], [-97.243323, 32.771549], [-97.245196, 32.771644], [-97.247231, 32.773297], [-97.249694, 32.771515], [-97.255188, 32.775029], [-97.256759, 32.775577], [-97.258023, 32.777132], [-97.266243, 32.778864], [-97.27052, 32.778201], [-97.271356, 32.777082], [-97.270616, 32.775973], [-97.272343, 32.775376], [-97.272148, 32.774019], [-97.273258, 32.773175], [-97.271782, 32.77201], [-97.271158, 32.770111], [-97.271696, 32.76797], [-97.27053, 32.766174], [-97.274992, 32.765434], [-97.283567, 32.765352], [-97.279722, 32.769242], [-97.282063, 32.769812], [-97.282096, 32.774275], [-97.273263, 32.778312], [-97.273218, 32.779597], [-97.277666, 32.779625], [-97.278491, 32.779249], [-97.278486, 32.777399], [-97.28741, 32.773911], [-97.288113, 32.775263], [-97.287503, 32.775561], [-97.287456, 32.779601], [-97.288751, 32.780055], [-97.288756, 32.781468], [-97.289542, 32.781788], [-97.285485, 32.784717], [-97.284698, 32.786008], [-97.284689, 32.787935], [-97.285526, 32.788024], [-97.285492, 32.79247], [-97.285416, 32.795038], [-97.284541, 32.79503], [-97.284571, 32.795734], [-97.285656, 32.795038], [-97.290609, 32.79511]]]}}, {"type": "Feature", "properties": {"zip": "75082", "city": "Richardson", "county": "Collin County", "zhvi_2010": 380256, "zhvi_2011": 359711, "zhvi_2012": 356453, "zhvi_2013": 369742, "zhvi_2014": 390295, "zhvi_2015": 423039, "zhvi_2016": 454438, "zhvi_2017": 475301, "zhvi_2018": 481601, "zhvi_2019": 477209, "zhvi_2020": 484469, "zhvi_2021": 531674, "zhvi_2022": 601943, "zhvi_2023": 594708, "zhvi_2024": 590014, "zhvi_2025": 559965, "zori_2015": null, "zori_2016": null, "zori_2017": 1706, "zori_2018": 1713, "zori_2019": 1723, "zori_2020": 1701, "zori_2021": 1746, "zori_2022": 1820, "zori_2023": 1753, "zori_2024": 1662, "zori_2025": 1620, "has_zhvi": true, "has_zori": true}, "geometry": {"type": "Polygon", "coordinates": [[[-96.716221, 32.975527], [-96.711528, 32.985689], [-96.708397, 32.986689], [-96.710006, 32.987178], [-96.708455, 32.990549], [-96.709623, 32.990705], [-96.708001, 33.004233], [-96.682379, 33.002786], [-96.682366, 33.002412], [-96.678422, 33.0017], [-96.675862, 33.000662], [-96.670988, 32.996994], [-96.66496, 32.996975], [-96.66482, 33.004106], [-96.662272, 33.004007], [-96.662286, 33.003455], [-96.65924, 33.003432], [-96.659224, 33.004274], [-96.633206, 33.005011], [-96.633592, 33.004245], [-96.612882, 33.005049], [-96.613367, 32.984309], [-96.618048, 32.984373], [-96.618085, 32.984791], [-96.618944, 32.985045], [-96.619201, 32.984603], [-96.619889, 32.984962], [-96.622434, 32.983932], [-96.623501, 32.98445], [-96.629198, 32.984531], [-96.629569, 32.985154], [-96.640733, 32.985506], [-96.640896, 32.984928], [-96.647763, 32.984796], [-96.669424, 32.985103], [-96.669935, 32.984178], [-96.672163, 32.985141], [-96.682292, 32.985285], [-96.682502, 32.973256], [-96.692466, 32.973746], [-96.695488, 32.974755], [-96.69991, 32.975066], [-96.699956, 32.979552], [-96.701622, 32.979577], [-96.703059, 32.975335], [-96.70642, 32.975377], [-96.705836, 32.978772], [-96.706153, 32.97952], [-96.710899, 32.977046], [-96.711684, 32.975449], [-96.716221, 32.975527]]]}}, {"type": "Feature", "properties": {"zip": "75104", "city": "Cedar Hill", "county": "Dallas County", "zhvi_2010": 167558, "zhvi_2011": 156289, "zhvi_2012": 154235, "zhvi_2013": 165564, "zhvi_2014": 178849, "zhvi_2015": 195930, "zhvi_2016": 215407, "zhvi_2017": 234849, "zhvi_2018": 254126, "zhvi_2019": 266321, "zhvi_2020": 278764, "zhvi_2021": 311895, "zhvi_2022": 351678, "zhvi_2023": 340431, "zhvi_2024": 327222, "zhvi_2025": 308445, "zori_2015": 1251, "zori_2016": 1307, "zori_2017": 1341, "zori_2018": 1379, "zori_2019": 1417, "zori_2020": 1488, "zori_2021": 1595, "zori_2022": 1617, "zori_2023": 1607, "zori_2024": 1611, "zori_2025": 1586, "has_zhvi": true, "has_zori": true}, "geometry": {"type": "Polygon", "coordinates": [[[-97.038685, 32.548666], [-97.038291, 32.573359], [-97.021304, 32.584666], [-97.01897, 32.596905], [-97.009773, 32.604373], [-96.999881, 32.621301], [-97.000103, 32.622443], [-96.998862, 32.626192], [-96.996213, 32.629766], [-96.996263, 32.634922], [-96.995451, 32.639723], [-96.991896, 32.642799], [-96.99001, 32.6433], [-96.980005, 32.641622], [-96.976548, 32.639317], [-96.972022, 32.637165], [-96.974735, 32.628864], [-96.97584, 32.622069], [-96.956839, 32.631498], [-96.957627, 32.632675], [-96.953738, 32.632685], [-96.953251, 32.632634], [-96.953256, 32.626668], [-96.949238, 32.620814], [-96.946755, 32.620995], [-96.944574, 32.622196], [-96.942808, 32.624634], [-96.943239, 32.626115], [-96.941502, 32.626179], [-96.940519, 32.625033], [-96.938183, 32.624214], [-96.936193, 32.624834], [-96.933182, 32.622608], [-96.9303, 32.625664], [-96.928733, 32.624671], [-96.927001, 32.624653], [-96.925479, 32.623869], [-96.925455, 32.623251], [-96.916623, 32.623106], [-96.915912, 32.622101], [-96.912788, 32.621583], [-96.915595, 32.618886], [-96.908399, 32.618789], [-96.908251, 32.575356], [-96.899695, 32.575367], [-96.899613, 32.548841], [-96.908146, 32.548857], [-96.908159, 32.550444], [-96.916817, 32.550813], [-96.916784, 32.55356], [-96.921207, 32.55352], [-96.921129, 32.547651], [-96.92552, 32.547666], [-96.925522, 32.544898], [-96.927676, 32.545084], [-96.930347, 32.54402], [-96.933356, 32.545516], [-96.935883, 32.54497], [-96.937782, 32.545767], [-96.94237, 32.538767], [-96.945816, 32.538835], [-96.945991, 32.542415], [-96.950537, 32.54249], [-96.952807, 32.541217], [-96.952642, 32.546962], [-96.95588, 32.546993], [-96.956008, 32.547778], [-96.976487, 32.548014], [-96.976309, 32.536282], [-96.976777, 32.536284], [-96.976801, 32.540264], [-96.977778, 32.539225], [-96.985459, 32.53848], [-96.985528, 32.53605], [-97.01967, 32.536782], [-97.02009, 32.535955], [-97.021297, 32.53596], [-97.020024, 32.539154], [-97.01827, 32.540175], [-97.013813, 32.540627], [-97.013679, 32.548475], [-97.038685, 32.548666]]]}}, {"type": "Feature", "properties": {"zip": "76108", "city": "Fort Worth", "county": "Tarrant County", "zhvi_2010": 164165, "zhvi_2011": 151818, "zhvi_2012": 148679, "zhvi_2013": 155587, "zhvi_2014": 166527, "zhvi_2015": 183871, "zhvi_2016": 201273, "zhvi_2017": 219924, "zhvi_2018": 239035, "zhvi_2019": 250367, "zhvi_2020": 262125, "zhvi_2021": 291724, "zhvi_2022": 329983, "zhvi_2023": 313080, "zhvi_2024": 303007, "zhvi_2025": 285972, "zori_2015": 1367, "zori_2016": 1424, "zori_2017": 1470, "zori_2018": 1529, "zori_2019": 1571, "zori_2020": 1647, "zori_2021": 1730, "zori_2022": 1764, "zori_2023": 1770, "zori_2024": 1766, "zori_2025": 1731, "has_zhvi": true, "has_zori": true}, "geometry": {"type": "Polygon", "coordinates": [[[-97.599328, 32.774636], [-97.59807, 32.777693], [-97.597816, 32.794256], [-97.594425, 32.794271], [-97.592246, 32.793164], [-97.591179, 32.794612], [-97.587633, 32.794304], [-97.587584, 32.797869], [-97.590158, 32.797894], [-97.589762, 32.817844], [-97.590564, 32.817771], [-97.592148, 32.826446], [-97.585234, 32.826736], [-97.585202, 32.829044], [-97.579803, 32.829295], [-97.568437, 32.828062], [-97.568335, 32.824918], [-97.56629, 32.823011], [-97.563242, 32.823418], [-97.563763, 32.824958], [-97.561953, 32.82527], [-97.559257, 32.823995], [-97.557004, 32.824787], [-97.556886, 32.826513], [-97.554611, 32.825297], [-97.55257, 32.822923], [-97.550681, 32.823191], [-97.550096, 32.821883], [-97.547699, 32.821905], [-97.547591, 32.826847], [-97.542719, 32.825263], [-97.518287, 32.825165], [-97.511958, 32.823163], [-97.488134, 32.823054], [-97.48447, 32.816478], [-97.487546, 32.815992], [-97.492362, 32.816261], [-97.491781, 32.813918], [-97.493984, 32.811551], [-97.492632, 32.811413], [-97.489625, 32.808974], [-97.486281, 32.809759], [-97.48762, 32.807842], [-97.485004, 32.808145], [-97.484555, 32.809889], [-97.48368, 32.806606], [-97.484969, 32.80625], [-97.485536, 32.807215], [-97.487229, 32.806761], [-97.487414, 32.804961], [-97.491241, 32.805853], [-97.491553, 32.802871], [-97.489894, 32.800908], [-97.488798, 32.796968], [-97.489978, 32.796366], [-97.484347, 32.798039], [-97.485963, 32.796469], [-97.483682, 32.796987], [-97.479968, 32.795676], [-97.477855, 32.795943], [-97.476867, 32.795085], [-97.475113, 32.795462], [-97.474569, 32.796425], [-97.473292, 32.796593], [-97.471906, 32.794908], [-97.466555, 32.793338], [-97.464296, 32.794153], [-97.463759, 32.793459], [-97.461017, 32.793094], [-97.462929, 32.792648], [-97.4618, 32.788705], [-97.460924, 32.79074], [-97.457867, 32.790222], [-97.453282, 32.793796], [-97.450045, 32.794275], [-97.445105, 32.793664], [-97.444124, 32.794252], [-97.439952, 32.793439], [-97.439227, 32.795606], [-97.43823, 32.793951], [-97.429496, 32.793411], [-97.424002, 32.794776], [-97.423639, 32.796979], [-97.421946, 32.797271], [-97.421995, 32.79481], [-97.414955, 32.793751], [-97.415305, 32.790981], [-97.413277, 32.790819], [-97.415649, 32.790387], [-97.417253, 32.788424], [-97.419524, 32.790508], [-97.421342, 32.791035], [-97.42239, 32.789673], [-97.421133, 32.788142], [-97.42226, 32.786898], [-97.424464, 32.786572], [-97.426516, 32.787553], [-97.430463, 32.785677], [-97.433248, 32.78503], [-97.439783, 32.787822], [-97.439986, 32.788825], [-97.442761, 32.788654], [-97.443176, 32.765444], [-97.445854, 32.765476], [-97.445849, 32.761395], [-97.445049, 32.755574], [-97.445621, 32.744919], [-97.44483, 32.742306], [-97.442115, 32.741618], [-97.440792, 32.742417], [-97.441291, 32.740321], [-97.440822, 32.736497], [-97.447454, 32.737913], [-97.482118, 32.73803], [-97.483462, 32.737808], [-97.483651, 32.735839], [-97.485231, 32.732987], [-97.483692, 32.729729], [-97.486946, 32.728817], [-97.495346, 32.728839], [-97.495419, 32.725983], [-97.499933, 32.726056], [-97.501113, 32.727843], [-97.503784, 32.727885], [-97.503742, 32.729564], [-97.516212, 32.724271], [-97.515358, 32.725433], [-97.516643, 32.729151], [-97.518891, 32.73002], [-97.518109, 32.733728], [-97.521043, 32.733784], [-97.520463, 32.740403], [-97.521134, 32.741416], [-97.543265, 32.741574], [-97.544257, 32.745082], [-97.547525, 32.74522], [-97.550148, 32.744013], [-97.555244, 32.745895], [-97.559054, 32.7454], [-97.56145, 32.74943], [-97.564588, 32.751513], [-97.57139, 32.751517], [-97.571448, 32.764363], [-97.56767, 32.773365], [-97.568149, 32.777178], [-97.580236, 32.775627], [-97.580213, 32.772212], [-97.583621, 32.772091], [-97.585579, 32.76696], [-97.584307, 32.76558], [-97.581485, 32.764646], [-97.583943, 32.764896], [-97.585388, 32.766434], [-97.587805, 32.767588], [-97.590859, 32.768014], [-97.593197, 32.769283], [-97.592885, 32.77085], [-97.594225, 32.773253], [-97.596153, 32.773983], [-97.597466, 32.773614], [-97.599328, 32.774636]]]}}, {"type": "Feature", "properties": {"zip": "75078", "city": "Prosper", "county": "Collin County", "zhvi_2010": 456558, "zhvi_2011": 429701, "zhvi_2012": 440916, "zhvi_2013": 469949, "zhvi_2014": 512397, "zhvi_2015": 560720, "zhvi_2016": 591195, "zhvi_2017": 600108, "zhvi_2018": 594425, "zhvi_2019": 584602, "zhvi_2020": 595618, "zhvi_2021": 701947, "zhvi_2022": 863785, "zhvi_2023": 820550, "zhvi_2024": 823487, "zhvi_2025": 781729, "zori_2015": null, "zori_2016": null, "zori_2017": null, "zori_2018": null, "zori_2019": null, "zori_2020": null, "zori_2021": 2590, "zori_2022": 2498, "zori_2023": 2413, "zori_2024": 2272, "zori_2025": 2194, "has_zhvi": true, "has_zori": true}, "geometry": {"type": "Polygon", "coordinates": [[[-96.89805, 33.21952], [-96.897, 33.231009], [-96.885224, 33.230479], [-96.883777, 33.232537], [-96.884066, 33.233775], [-96.88356, 33.240819], [-96.882306, 33.243499], [-96.880329, 33.244527], [-96.880254, 33.248239], [-96.894403, 33.248404], [-96.89422, 33.25189], [-96.88273, 33.25186], [-96.88229, 33.252071], [-96.88219, 33.253156], [-96.882972, 33.253167], [-96.882958, 33.255199], [-96.882166, 33.255189], [-96.882012, 33.254257], [-96.870907, 33.253695], [-96.868106, 33.25434], [-96.865608, 33.255623], [-96.864391, 33.257914], [-96.863538, 33.258419], [-96.86392, 33.272118], [-96.864461, 33.272293], [-96.8646, 33.27718], [-96.837356, 33.277084], [-96.837084, 33.27941], [-96.831605, 33.279369], [-96.831584, 33.281206], [-96.825257, 33.281065], [-96.825055, 33.278391], [-96.823367, 33.279958], [-96.817957, 33.279127], [-96.815311, 33.279809], [-96.815396, 33.272669], [-96.815002, 33.271505], [-96.815373, 33.270982], [-96.815438, 33.262777], [-96.801551, 33.262695], [-96.801556, 33.267012], [-96.799457, 33.266237], [-96.800329, 33.262715], [-96.784305, 33.262605], [-96.783994, 33.271741], [-96.76506, 33.271628], [-96.764943, 33.277104], [-96.76218, 33.277096], [-96.762151, 33.286948], [-96.758056, 33.286921], [-96.758082, 33.284586], [-96.754137, 33.284528], [-96.753221, 33.27863], [-96.752358, 33.277237], [-96.745864, 33.277132], [-96.745848, 33.278092], [-96.738794, 33.2791], [-96.738906, 33.276172], [-96.739953, 33.274335], [-96.744094, 33.27278], [-96.744561, 33.269219], [-96.743915, 33.267819], [-96.743686, 33.263772], [-96.744798, 33.262349], [-96.740508, 33.262352], [-96.740136, 33.264679], [-96.736468, 33.264265], [-96.735312, 33.266223], [-96.735394, 33.262425], [-96.73297, 33.262454], [-96.732985, 33.2565], [-96.732534, 33.25461], [-96.732823, 33.21857], [-96.838803, 33.219386], [-96.880345, 33.21906], [-96.89805, 33.21952]]]}}, {"type": "Feature", "properties": {"zip": "76110", "city": "Fort Worth", "county": "Tarrant County", "zhvi_2010": 121797, "zhvi_2011": 111577, "zhvi_2012": 106541, "zhvi_2013": 109274, "zhvi_2014": 116055, "zhvi_2015": 131752, "zhvi_2016": 151209, "zhvi_2017": 168669, "zhvi_2018": 190081, "zhvi_2019": 202785, "zhvi_2020": 214882, "zhvi_2021": 229922, "zhvi_2022": 245521, "zhvi_2023": 241127, "zhvi_2024": 232738, "zhvi_2025": 217202, "zori_2015": null, "zori_2016": null, "zori_2017": null, "zori_2018": null, "zori_2019": 1220, "zori_2020": 1272, "zori_2021": 1346, "zori_2022": 1406, "zori_2023": 1477, "zori_2024": 1550, "zori_2025": 1594, "has_zhvi": true, "has_zori": true}, "geometry": {"type": "Polygon", "coordinates": [[[-97.366061, 32.688891], [-97.352617, 32.701714], [-97.35398, 32.701911], [-97.352792, 32.709614], [-97.353323, 32.709632], [-97.353136, 32.711233], [-97.355112, 32.714475], [-97.35495, 32.715989], [-97.354245, 32.71598], [-97.353116, 32.712775], [-97.353087, 32.715978], [-97.351951, 32.715964], [-97.351895, 32.718654], [-97.354015, 32.719209], [-97.355383, 32.722831], [-97.354101, 32.725388], [-97.3587, 32.725714], [-97.35987, 32.722886], [-97.361343, 32.722046], [-97.363337, 32.721812], [-97.364538, 32.723736], [-97.359801, 32.725233], [-97.357693, 32.729075], [-97.358688, 32.732368], [-97.355216, 32.733958], [-97.350318, 32.733978], [-97.35017, 32.731532], [-97.348824, 32.731516], [-97.348249, 32.728085], [-97.346639, 32.725755], [-97.345271, 32.726633], [-97.338949, 32.726571], [-97.33747, 32.726042], [-97.322537, 32.726027], [-97.324743, 32.717323], [-97.326901, 32.711335], [-97.325247, 32.707706], [-97.325255, 32.706319], [-97.323772, 32.705928], [-97.324052, 32.706221], [-97.322207, 32.706272], [-97.321, 32.707659], [-97.320893, 32.698605], [-97.32053, 32.6986], [-97.320552, 32.705934], [-97.311099, 32.705833], [-97.315778, 32.691006], [-97.315747, 32.689451], [-97.320256, 32.689399], [-97.320305, 32.684331], [-97.321649, 32.68437], [-97.321001, 32.688574], [-97.333488, 32.688409], [-97.333488, 32.687545], [-97.33514, 32.687545], [-97.335128, 32.688297], [-97.347253, 32.688088], [-97.344932, 32.691586], [-97.344914, 32.693385], [-97.345417, 32.693483], [-97.347624, 32.689218], [-97.347654, 32.690339], [-97.348474, 32.688518], [-97.353005, 32.688547], [-97.35301, 32.687907], [-97.356136, 32.687877], [-97.356127, 32.689279], [-97.366061, 32.688891]]]}}, {"type": "Feature", "properties": {"zip": "76111", "city": "Fort Worth", "county": "Tarrant County", "zhvi_2010": 109252, "zhvi_2011": 99720, "zhvi_2012": 96308, "zhvi_2013": 102219, "zhvi_2014": 108162, "zhvi_2015": 119412, "zhvi_2016": 136595, "zhvi_2017": 155847, "zhvi_2018": 174914, "zhvi_2019": 188844, "zhvi_2020": 203803, "zhvi_2021": 222696, "zhvi_2022": 246480, "zhvi_2023": 242167, "zhvi_2024": 237237, "zhvi_2025": 223416, "zori_2015": null, "zori_2016": null, "zori_2017": null, "zori_2018": null, "zori_2019": null, "zori_2020": null, "zori_2021": 1477, "zori_2022": 1431, "zori_2023": 1430, "zori_2024": 1403, "zori_2025": 1433, "has_zhvi": true, "has_zori": true}, "geometry": {"type": "Polygon", "coordinates": [[[-97.321715, 32.795274], [-97.320449, 32.80062], [-97.316277, 32.806229], [-97.316917, 32.806949], [-97.31475, 32.809883], [-97.312021, 32.810708], [-97.308271, 32.810698], [-97.30286, 32.809776], [-97.297397, 32.810229], [-97.290546, 32.80977], [-97.290609, 32.79511], [-97.285656, 32.795038], [-97.284571, 32.795734], [-97.284541, 32.79503], [-97.285416, 32.795038], [-97.285492, 32.79247], [-97.285526, 32.788024], [-97.284689, 32.787935], [-97.284698, 32.786008], [-97.285485, 32.784717], [-97.289542, 32.781788], [-97.288756, 32.781468], [-97.288751, 32.780055], [-97.287456, 32.779601], [-97.287503, 32.775561], [-97.288113, 32.775263], [-97.28741, 32.773911], [-97.278486, 32.777399], [-97.278491, 32.779249], [-97.277666, 32.779625], [-97.273218, 32.779597], [-97.273263, 32.778312], [-97.282096, 32.774275], [-97.282063, 32.769812], [-97.279722, 32.769242], [-97.283567, 32.765352], [-97.279994, 32.765389], [-97.28027, 32.756272], [-97.28275, 32.756022], [-97.284105, 32.75506], [-97.288298, 32.75648], [-97.289382, 32.754013], [-97.289433, 32.749685], [-97.303347, 32.748362], [-97.303439, 32.750684], [-97.307235, 32.750269], [-97.309956, 32.752288], [-97.31121, 32.754362], [-97.310557, 32.757945], [-97.312098, 32.761087], [-97.312847, 32.767734], [-97.314035, 32.771085], [-97.319445, 32.77612], [-97.320401, 32.781256], [-97.320754, 32.787426], [-97.321714, 32.791784], [-97.321715, 32.795274]]]}}, {"type": "Feature", "properties": {"zip": "75080", "city": "Richardson", "county": "Dallas County", "zhvi_2010": 252611, "zhvi_2011": 234798, "zhvi_2012": 233024, "zhvi_2013": 248245, "zhvi_2014": 267571, "zhvi_2015": 298469, "zhvi_2016": 334370, "zhvi_2017": 364687, "zhvi_2018": 383921, "zhvi_2019": 385149, "zhvi_2020": 395982, "zhvi_2021": 423349, "zhvi_2022": 456730, "zhvi_2023": 459599, "zhvi_2024": 462410, "zhvi_2025": 444643, "zori_2015": 1575, "zori_2016": 1640, "zori_2017": 1695, "zori_2018": 1693, "zori_2019": 1743, "zori_2020": 1740, "zori_2021": 1823, "zori_2022": 1934, "zori_2023": 1905, "zori_2024": 1826, "zori_2025": 1809, "has_zhvi": true, "has_zori": true}, "geometry": {"type": "Polygon", "coordinates": [[[-96.768987, 32.939867], [-96.768867, 32.974815], [-96.768214, 32.978351], [-96.768216, 32.982891], [-96.757388, 32.9829], [-96.756461, 32.985554], [-96.758384, 32.985593], [-96.758384, 32.986324], [-96.756464, 32.986298], [-96.75644, 32.994799], [-96.755095, 32.996918], [-96.756459, 32.997481], [-96.756743, 33.000152], [-96.749583, 33.0028], [-96.745378, 33.003558], [-96.708068, 33.003809], [-96.709623, 32.990705], [-96.708455, 32.990549], [-96.710006, 32.987178], [-96.708397, 32.986689], [-96.711528, 32.985689], [-96.716221, 32.975527], [-96.715454, 32.975358], [-96.720135, 32.967508], [-96.724416, 32.960698], [-96.725335, 32.960693], [-96.727228, 32.957701], [-96.728833, 32.957707], [-96.730801, 32.954589], [-96.729568, 32.954027], [-96.732348, 32.949439], [-96.733244, 32.949838], [-96.734899, 32.949568], [-96.734266, 32.948256], [-96.736675, 32.944855], [-96.742323, 32.940927], [-96.74234, 32.940115], [-96.745941, 32.939999], [-96.748076, 32.938314], [-96.748136, 32.939974], [-96.768987, 32.939867]]]}}, {"type": "Feature", "properties": {"zip": "76116", "city": "Fort Worth", "county": "Tarrant County", "zhvi_2010": 181210, "zhvi_2011": 167901, "zhvi_2012": 162956, "zhvi_2013": 170219, "zhvi_2014": 180335, "zhvi_2015": 195771, "zhvi_2016": 216760, "zhvi_2017": 236213, "zhvi_2018": 251157, "zhvi_2019": 256805, "zhvi_2020": 266538, "zhvi_2021": 293056, "zhvi_2022": 322863, "zhvi_2023": 311195, "zhvi_2024": 306984, "zhvi_2025": 292159, "zori_2015": 1098, "zori_2016": 1152, "zori_2017": 1207, "zori_2018": 1229, "zori_2019": 1270, "zori_2020": 1291, "zori_2021": 1341, "zori_2022": 1406, "zori_2023": 1418, "zori_2024": 1411, "zori_2025": 1354, "has_zhvi": true, "has_zori": true}, "geometry": {"type": "Polygon", "coordinates": [[[-97.518977, 32.721744], [-97.515889, 32.723754], [-97.503751, 32.729324], [-97.503784, 32.727885], [-97.501113, 32.727843], [-97.499933, 32.726056], [-97.495419, 32.725983], [-97.495346, 32.728839], [-97.486946, 32.728817], [-97.483692, 32.729729], [-97.485231, 32.732987], [-97.483651, 32.735839], [-97.483462, 32.737808], [-97.477509, 32.738158], [-97.447454, 32.737913], [-97.440822, 32.736497], [-97.441291, 32.740321], [-97.440792, 32.742417], [-97.442115, 32.741618], [-97.44483, 32.742306], [-97.445621, 32.744919], [-97.440602, 32.744419], [-97.440181, 32.743412], [-97.439258, 32.744914], [-97.434357, 32.749674], [-97.43278, 32.74698], [-97.430543, 32.748426], [-97.430422, 32.750456], [-97.427094, 32.751505], [-97.424653, 32.753976], [-97.416009, 32.753936], [-97.415432, 32.751282], [-97.416632, 32.751257], [-97.417714, 32.751956], [-97.418531, 32.751722], [-97.420787, 32.749136], [-97.420329, 32.749018], [-97.419185, 32.746931], [-97.419715, 32.746566], [-97.418689, 32.745753], [-97.42006, 32.744171], [-97.419732, 32.741655], [-97.421805, 32.740324], [-97.420681, 32.739433], [-97.420709, 32.73813], [-97.419066, 32.737674], [-97.418667, 32.734614], [-97.413503, 32.734431], [-97.413387, 32.73409], [-97.413536, 32.717694], [-97.413007, 32.716794], [-97.413876, 32.714407], [-97.412742, 32.710009], [-97.411705, 32.71038], [-97.411808, 32.704684], [-97.41297, 32.704097], [-97.41522, 32.701066], [-97.418478, 32.69812], [-97.424366, 32.696327], [-97.42794, 32.695956], [-97.431801, 32.694231], [-97.432749, 32.693202], [-97.435573, 32.693156], [-97.435927, 32.694856], [-97.43702, 32.692233], [-97.438376, 32.693078], [-97.441573, 32.692352], [-97.444572, 32.694778], [-97.449019, 32.692948], [-97.447398, 32.695278], [-97.450818, 32.696794], [-97.455372, 32.700288], [-97.458742, 32.700282], [-97.460502, 32.701898], [-97.463205, 32.703004], [-97.463458, 32.704807], [-97.4645, 32.706103], [-97.467815, 32.707164], [-97.468821, 32.709833], [-97.476476, 32.711785], [-97.477814, 32.711593], [-97.47969, 32.715538], [-97.480178, 32.718227], [-97.483819, 32.718285], [-97.483721, 32.724553], [-97.495312, 32.724576], [-97.495412, 32.717613], [-97.497503, 32.717657], [-97.499808, 32.718671], [-97.503977, 32.719195], [-97.503923, 32.722051], [-97.509036, 32.720561], [-97.510913, 32.720491], [-97.519026, 32.720517], [-97.518977, 32.721744]]]}}, {"type": "Feature", "properties": {"zip": "75081", "city": "Richardson", "county": "Dallas County", "zhvi_2010": 217021, "zhvi_2011": 202009, "zhvi_2012": 199816, "zhvi_2013": 210377, "zhvi_2014": 223726, "zhvi_2015": 250649, "zhvi_2016": 289394, "zhvi_2017": 317819, "zhvi_2018": 336727, "zhvi_2019": 338405, "zhvi_2020": 348570, "zhvi_2021": 376645, "zhvi_2022": 414825, "zhvi_2023": 413310, "zhvi_2024": 414649, "zhvi_2025": 389948, "zori_2015": null, "zori_2016": 1506, "zori_2017": 1554, "zori_2018": 1529, "zori_2019": 1545, "zori_2020": 1516, "zori_2021": 1648, "zori_2022": 1740, "zori_2023": 1663, "zori_2024": 1594, "zori_2025": 1562, "has_zhvi": true, "has_zori": true}, "geometry": {"type": "Polygon", "coordinates": [[[-96.748368, 32.934223], [-96.748076, 32.938314], [-96.745941, 32.939999], [-96.74234, 32.940115], [-96.742323, 32.940927], [-96.736675, 32.944855], [-96.734266, 32.948256], [-96.734899, 32.949568], [-96.733244, 32.949838], [-96.732348, 32.949439], [-96.729568, 32.954027], [-96.730801, 32.954589], [-96.728833, 32.957707], [-96.727228, 32.957701], [-96.725335, 32.960693], [-96.724416, 32.960698], [-96.715454, 32.975358], [-96.715905, 32.97553], [-96.711684, 32.975449], [-96.710899, 32.977046], [-96.706153, 32.97952], [-96.705836, 32.978772], [-96.70642, 32.975377], [-96.703059, 32.975335], [-96.701622, 32.979577], [-96.699956, 32.979552], [-96.69991, 32.975066], [-96.695488, 32.974755], [-96.692466, 32.973746], [-96.682502, 32.973256], [-96.682763, 32.931278], [-96.683068, 32.931078], [-96.718125, 32.931291], [-96.718147, 32.925432], [-96.732498, 32.92533], [-96.737641, 32.923211], [-96.740406, 32.923074], [-96.735329, 32.93522], [-96.738715, 32.93622], [-96.740427, 32.935964], [-96.741229, 32.934732], [-96.743265, 32.934765], [-96.744333, 32.933917], [-96.745596, 32.933922], [-96.748368, 32.934223]]]}}, {"type": "Feature", "properties": {"zip": "76118", "city": "Fort Worth", "county": "Tarrant County", "zhvi_2010": 182843, "zhvi_2011": 169132, "zhvi_2012": 163328, "zhvi_2013": 171621, "zhvi_2014": 184295, "zhvi_2015": 199771, "zhvi_2016": 220144, "zhvi_2017": 242754, "zhvi_2018": 263429, "zhvi_2019": 273299, "zhvi_2020": 285258, "zhvi_2021": 314920, "zhvi_2022": 353342, "zhvi_2023": 343682, "zhvi_2024": 336180, "zhvi_2025": 320768, "zori_2015": null, "zori_2016": null, "zori_2017": null, "zori_2018": null, "zori_2019": null, "zori_2020": null, "zori_2021": null, "zori_2022": null, "zori_2023": 1813, "zori_2024": 1783, "zori_2025": 1752, "has_zhvi": true, "has_zori": true}, "geometry": {"type": "Polygon", "coordinates": [[[-97.249258, 32.807239], [-97.244387, 32.809099], [-97.247083, 32.809356], [-97.234954, 32.818461], [-97.233753, 32.817341], [-97.228028, 32.821595], [-97.228366, 32.821904], [-97.224641, 32.822733], [-97.223595, 32.823819], [-97.219625, 32.823791], [-97.21963, 32.822194], [-97.215582, 32.821886], [-97.215585, 32.823783], [-97.207453, 32.823815], [-97.207457, 32.820649], [-97.208013, 32.819471], [-97.212242, 32.819511], [-97.212307, 32.797901], [-97.210109, 32.798004], [-97.205462, 32.801217], [-97.202645, 32.802388], [-97.183762, 32.802466], [-97.178271, 32.798687], [-97.17798, 32.799861], [-97.176691, 32.799988], [-97.174966, 32.798439], [-97.171117, 32.797437], [-97.16921, 32.79788], [-97.169191, 32.799692], [-97.174837, 32.800069], [-97.176763, 32.802037], [-97.155357, 32.802149], [-97.145942, 32.800891], [-97.143291, 32.801627], [-97.140173, 32.797418], [-97.14011, 32.788387], [-97.14193, 32.787428], [-97.142825, 32.784937], [-97.142047, 32.782691], [-97.143113, 32.78004], [-97.145417, 32.78141], [-97.145719, 32.778257], [-97.14783, 32.778872], [-97.149364, 32.776148], [-97.153203, 32.778416], [-97.15314, 32.77601], [-97.155958, 32.77192], [-97.15764, 32.772987], [-97.157949, 32.7746], [-97.160191, 32.775317], [-97.168109, 32.774974], [-97.172082, 32.776536], [-97.176045, 32.781371], [-97.18014, 32.782552], [-97.180741, 32.784459], [-97.182885, 32.784762], [-97.184378, 32.786088], [-97.183085, 32.787297], [-97.184338, 32.789077], [-97.186546, 32.788789], [-97.18781, 32.787734], [-97.188689, 32.788117], [-97.188112, 32.78942], [-97.189513, 32.790007], [-97.194388, 32.789813], [-97.195242, 32.790295], [-97.195341, 32.79343], [-97.196135, 32.793898], [-97.197692, 32.792363], [-97.198953, 32.792546], [-97.199276, 32.794643], [-97.201331, 32.795546], [-97.203533, 32.793379], [-97.200667, 32.792575], [-97.200575, 32.791176], [-97.201457, 32.790084], [-97.202678, 32.789861], [-97.203533, 32.791352], [-97.203797, 32.790339], [-97.204981, 32.789375], [-97.208747, 32.789613], [-97.208526, 32.787718], [-97.205914, 32.787705], [-97.207529, 32.783881], [-97.215325, 32.780244], [-97.218601, 32.781007], [-97.219046, 32.780065], [-97.221077, 32.781959], [-97.226449, 32.782626], [-97.232367, 32.780453], [-97.234897, 32.782234], [-97.237583, 32.781149], [-97.24006, 32.783637], [-97.238456, 32.785625], [-97.23873, 32.786678], [-97.241076, 32.786473], [-97.243184, 32.787672], [-97.243181, 32.791106], [-97.235919, 32.794218], [-97.236943, 32.79443], [-97.242022, 32.800699], [-97.248022, 32.803486], [-97.249258, 32.807239]]]}}, {"type": "Feature", "properties": {"zip": "75442", "city": "Farmersville", "county": "Collin County", "zhvi_2010": 175054, "zhvi_2011": 161258, "zhvi_2012": 164850, "zhvi_2013": 173934, "zhvi_2014": 194586, "zhvi_2015": 217949, "zhvi_2016": 243079, "zhvi_2017": 268700, "zhvi_2018": 287987, "zhvi_2019": 296755, "zhvi_2020": 305235, "zhvi_2021": 341517, "zhvi_2022": 386248, "zhvi_2023": 365795, "zhvi_2024": 358833, "zhvi_2025": 341004, "zori_2015": null, "zori_2016": null, "zori_2017": null, "zori_2018": null, "zori_2019": null, "zori_2020": null, "zori_2021": null, "zori_2022": null, "zori_2023": null, "zori_2024": null, "zori_2025": 1589, "has_zhvi": true, "has_zori": true}, "geometry": {"type": "Polygon", "coordinates": [[[-96.461228, 33.097738], [-96.456718, 33.120682], [-96.452133, 33.128521], [-96.44056, 33.142336], [-96.432524, 33.150992], [-96.429546, 33.156322], [-96.429752, 33.163646], [-96.432212, 33.165686], [-96.432878, 33.169871], [-96.430653, 33.171723], [-96.430416, 33.172924], [-96.424864, 33.178426], [-96.423353, 33.179401], [-96.421688, 33.182166], [-96.42242, 33.182841], [-96.420604, 33.183642], [-96.422445, 33.183642], [-96.424664, 33.186301], [-96.426581, 33.187292], [-96.426631, 33.189276], [-96.428884, 33.190697], [-96.431666, 33.193449], [-96.429974, 33.193783], [-96.429329, 33.195879], [-96.429813, 33.19725], [-96.427529, 33.198271], [-96.427502, 33.201254], [-96.428039, 33.202383], [-96.426937, 33.204936], [-96.425728, 33.206333], [-96.429544, 33.206495], [-96.431425, 33.20585], [-96.43289, 33.20669], [-96.434208, 33.205115], [-96.43613, 33.204845], [-96.436315, 33.208599], [-96.439922, 33.212988], [-96.439718, 33.213565], [-96.441681, 33.216681], [-96.441598, 33.220122], [-96.439797, 33.220092], [-96.44077, 33.227772], [-96.439933, 33.234179], [-96.432282, 33.234163], [-96.432352, 33.230444], [-96.422127, 33.230279], [-96.421655, 33.23637], [-96.420394, 33.243096], [-96.42228, 33.249282], [-96.42176, 33.25163], [-96.419461, 33.25159], [-96.412298, 33.253712], [-96.409587, 33.253928], [-96.385883, 33.253819], [-96.388101, 33.269053], [-96.385673, 33.26898], [-96.385328, 33.267964], [-96.379427, 33.267764], [-96.376859, 33.266177], [-96.355104, 33.265293], [-96.35137, 33.264], [-96.344259, 33.263467], [-96.336011, 33.263516], [-96.336456, 33.26127], [-96.335773, 33.257505], [-96.331384, 33.258025], [-96.328573, 33.259211], [-96.327089, 33.258941], [-96.323957, 33.259503], [-96.320792, 33.260813], [-96.314941, 33.265777], [-96.311123, 33.274179], [-96.311541, 33.276126], [-96.311082, 33.277026], [-96.312025, 33.27786], [-96.31006, 33.279089], [-96.309087, 33.281202], [-96.309257, 33.282512], [-96.308006, 33.284251], [-96.305519, 33.285205], [-96.304342, 33.286674], [-96.302962, 33.286314], [-96.299655, 33.288651], [-96.297614, 33.289271], [-96.296509, 33.290755], [-96.296781, 33.292064], [-96.295312, 33.293442], [-96.295248, 33.269923], [-96.282026, 33.268226], [-96.282127, 33.265216], [-96.276767, 33.265211], [-96.276784, 33.264167], [-96.271494, 33.264085], [-96.271526, 33.265702], [-96.269329, 33.265659], [-96.26964, 33.258236], [-96.257462, 33.258111], [-96.257563, 33.255014], [-96.258688, 33.252507], [-96.260607, 33.250481], [-96.260758, 33.247329], [-96.269258, 33.24759], [-96.269709, 33.240636], [-96.274653, 33.240761], [-96.275137, 33.238318], [-96.282743, 33.238528], [-96.28342, 33.234856], [-96.28927, 33.228338], [-96.286122, 33.225834], [-96.284787, 33.225445], [-96.286102, 33.222544], [-96.28515, 33.221586], [-96.284805, 33.219562], [-96.287774, 33.21696], [-96.284313, 33.214498], [-96.266731, 33.214114], [-96.265925, 33.215974], [-96.263721, 33.218719], [-96.263243, 33.224739], [-96.250344, 33.224643], [-96.250836, 33.222887], [-96.250203, 33.218921], [-96.249442, 33.217348], [-96.24848, 33.217354], [-96.24758, 33.215584], [-96.247803, 33.212711], [-96.233661, 33.212431], [-96.23388, 33.205369], [-96.230994, 33.205302], [-96.231097, 33.202878], [-96.227269, 33.203193], [-96.227283, 33.202569], [-96.223663, 33.202517], [-96.223705, 33.205101], [-96.222392, 33.205184], [-96.222204, 33.212829], [-96.220193, 33.212759], [-96.218161, 33.209885], [-96.218163, 33.204832], [-96.210393, 33.204823], [-96.210538, 33.196238], [-96.209317, 33.196196], [-96.209566, 33.187961], [-96.215327, 33.187998], [-96.215311, 33.189173], [-96.21993, 33.189398], [-96.219948, 33.187553], [-96.222444, 33.187081], [-96.24056, 33.187134], [-96.241207, 33.188724], [-96.251929, 33.189256], [-96.264656, 33.189176], [-96.264678, 33.188229], [-96.270501, 33.188482], [-96.273363, 33.186016], [-96.273793, 33.184835], [-96.276154, 33.183681], [-96.276831, 33.182056], [-96.276111, 33.179066], [-96.275398, 33.178829], [-96.275174, 33.176492], [-96.276861, 33.172493], [-96.275216, 33.169832], [-96.273512, 33.16883], [-96.274496, 33.167107], [-96.273336, 33.16667], [-96.272283, 33.164206], [-96.27227, 33.161988], [-96.274151, 33.160515], [-96.273662, 33.159748], [-96.275723, 33.159303], [-96.275506, 33.156642], [-96.274172, 33.155677], [-96.274674, 33.154516], [-96.272139, 33.151947], [-96.266744, 33.151077], [-96.295758, 33.153713], [-96.29588, 33.148848], [-96.291683, 33.148763], [-96.291835, 33.143445], [-96.288661, 33.143428], [-96.28877, 33.140164], [-96.291386, 33.14022], [-96.29509, 33.134478], [-96.29505, 33.132582], [-96.289803, 33.132438], [-96.289631, 33.127839], [-96.28852, 33.126416], [-96.282884, 33.126303], [-96.283694, 33.100262], [-96.282366, 33.100225], [-96.283691, 33.097349], [-96.296183, 33.0974], [-96.296199, 33.075403], [-96.299831, 33.079897], [-96.301978, 33.081283], [-96.30211, 33.083033], [-96.304718, 33.086295], [-96.30483, 33.078156], [-96.32655, 33.078604], [-96.327566, 33.078999], [-96.336609, 33.07934], [-96.335976, 33.100608], [-96.335257, 33.101401], [-96.334615, 33.103506], [-96.338779, 33.103559], [-96.339852, 33.10536], [-96.342804, 33.105386], [-96.342843, 33.10663], [-96.354268, 33.106364], [-96.354443, 33.101784], [-96.377569, 33.102276], [-96.377651, 33.099569], [-96.375063, 33.099569], [-96.375441, 33.089304], [-96.376488, 33.084971], [-96.378698, 33.085], [-96.378727, 33.082528], [-96.381041, 33.082564], [-96.381132, 33.080422], [-96.419335, 33.080372], [-96.41781, 33.082631], [-96.415041, 33.082372], [-96.414376, 33.083543], [-96.412588, 33.094267], [-96.413753, 33.096345], [-96.411446, 33.100504], [-96.410679, 33.10615], [-96.411419, 33.106391], [-96.412199, 33.102044], [-96.420247, 33.09655], [-96.422656, 33.096499], [-96.424981, 33.09563], [-96.434441, 33.093888], [-96.439874, 33.094363], [-96.442856, 33.096181], [-96.461228, 33.097738]]]}}, {"type": "Feature", "properties": {"zip": "76164", "city": "Fort Worth", "county": "Tarrant County", "zhvi_2010": 98088, "zhvi_2011": 86511, "zhvi_2012": 78464, "zhvi_2013": 77576, "zhvi_2014": 83240, "zhvi_2015": 92201, "zhvi_2016": 103572, "zhvi_2017": 117911, "zhvi_2018": 133262, "zhvi_2019": 143304, "zhvi_2020": 158311, "zhvi_2021": 174597, "zhvi_2022": 196787, "zhvi_2023": 195529, "zhvi_2024": 198175, "zhvi_2025": 188185, "zori_2015": null, "zori_2016": null, "zori_2017": null, "zori_2018": null, "zori_2019": null, "zori_2020": null, "zori_2021": null, "zori_2022": null, "zori_2023": null, "zori_2024": 1539, "zori_2025": 1565, "has_zhvi": true, "has_zori": true}, "geometry": {"type": "Polygon", "coordinates": [[[-97.383463, 32.78554], [-97.373036, 32.793674], [-97.37188, 32.794688], [-97.371878, 32.795527], [-97.367171, 32.795489], [-97.360214, 32.794433], [-97.358874, 32.794585], [-97.358717, 32.795313], [-97.357965, 32.794861], [-97.356135, 32.795274], [-97.347894, 32.795206], [-97.34874, 32.797535], [-97.345874, 32.797455], [-97.343964, 32.795125], [-97.34324, 32.795135], [-97.339562, 32.789699], [-97.339889, 32.788852], [-97.337899, 32.786008], [-97.337291, 32.783723], [-97.338358, 32.782953], [-97.340472, 32.775298], [-97.338406, 32.772574], [-97.333921, 32.770128], [-97.331279, 32.765354], [-97.331071, 32.761417], [-97.33429, 32.759056], [-97.334576, 32.759483], [-97.337637, 32.760002], [-97.342403, 32.763455], [-97.344924, 32.765945], [-97.3513, 32.765106], [-97.366467, 32.77454], [-97.371782, 32.780938], [-97.381992, 32.784438], [-97.383463, 32.78554]]]}}, {"type": "Feature", "properties": {"zip": "76119", "city": "Fort Worth", "county": "Tarrant County", "zhvi_2010": 76454, "zhvi_2011": 68611, "zhvi_2012": 69991, "zhvi_2013": 72528, "zhvi_2014": 78366, "zhvi_2015": 88632, "zhvi_2016": 102494, "zhvi_2017": 119081, "zhvi_2018": 138240, "zhvi_2019": 155652, "zhvi_2020": 172263, "zhvi_2021": 192104, "zhvi_2022": 212862, "zhvi_2023": 211032, "zhvi_2024": 210973, "zhvi_2025": 200196, "zori_2015": null, "zori_2016": null, "zori_2017": null, "zori_2018": null, "zori_2019": null, "zori_2020": null, "zori_2021": null, "zori_2022": null, "zori_2023": 1433, "zori_2024": 1446, "zori_2025": 1338, "has_zhvi": true, "has_zori": true}, "geometry": {"type": "Polygon", "coordinates": [[[-97.311099, 32.705833], [-97.312481, 32.705945], [-97.311065, 32.705944], [-97.309194, 32.710079], [-97.305596, 32.71047], [-97.300702, 32.710448], [-97.299647, 32.709642], [-97.298618, 32.707838], [-97.296769, 32.706865], [-97.289414, 32.706423], [-97.288855, 32.707782], [-97.284735, 32.707742], [-97.284722, 32.706549], [-97.280039, 32.706407], [-97.279751, 32.708196], [-97.278424, 32.710875], [-97.279425, 32.712469], [-97.277253, 32.71172], [-97.276651, 32.713503], [-97.27243, 32.714024], [-97.26287, 32.71397], [-97.256076, 32.712967], [-97.256075, 32.71151], [-97.250778, 32.710416], [-97.248457, 32.710504], [-97.24847, 32.71304], [-97.242676, 32.70964], [-97.237934, 32.709547], [-97.237598, 32.720684], [-97.225385, 32.720457], [-97.225516, 32.719675], [-97.224967, 32.719502], [-97.217086, 32.719482], [-97.213179, 32.718689], [-97.211056, 32.717334], [-97.20883, 32.713174], [-97.208953, 32.704378], [-97.210439, 32.69867], [-97.212332, 32.695447], [-97.214282, 32.693711], [-97.223686, 32.69153], [-97.22538, 32.690658], [-97.226491, 32.689049], [-97.229399, 32.677583], [-97.230923, 32.67505], [-97.232225, 32.674387], [-97.233714, 32.671641], [-97.232456, 32.669562], [-97.231637, 32.669308], [-97.231483, 32.668074], [-97.23743, 32.667836], [-97.244651, 32.662728], [-97.248244, 32.661452], [-97.284266, 32.661622], [-97.300887, 32.668759], [-97.306099, 32.669643], [-97.309494, 32.672224], [-97.311634, 32.674509], [-97.310048, 32.674971], [-97.309265, 32.675748], [-97.309901, 32.679257], [-97.311039, 32.68018], [-97.308189, 32.682315], [-97.304568, 32.682975], [-97.305442, 32.684345], [-97.30533, 32.685533], [-97.30726, 32.688986], [-97.307161, 32.691381], [-97.307997, 32.692158], [-97.305739, 32.69522], [-97.305952, 32.696568], [-97.310224, 32.699467], [-97.31294, 32.700013], [-97.311099, 32.705833]]]}}, {"type": "Feature", "properties": {"zip": "76126", "city": "Benbrook", "county": "Tarrant County", "zhvi_2010": 254774, "zhvi_2011": 238948, "zhvi_2012": 233245, "zhvi_2013": 240199, "zhvi_2014": 250202, "zhvi_2015": 269717, "zhvi_2016": 293248, "zhvi_2017": 312823, "zhvi_2018": 330465, "zhvi_2019": 334270, "zhvi_2020": 346349, "zhvi_2021": 379817, "zhvi_2022": 421541, "zhvi_2023": 406235, "zhvi_2024": 397641, "zhvi_2025": 382313, "zori_2015": null, "zori_2016": null, "zori_2017": null, "zori_2018": null, "zori_2019": null, "zori_2020": null, "zori_2021": null, "zori_2022": 1965, "zori_2023": 1941, "zori_2024": 1927, "zori_2025": 1922, "has_zhvi": true, "has_zori": true}, "geometry": {"type": "Polygon", "coordinates": [[[-97.599116, 32.717512], [-97.59846, 32.719696], [-97.599909, 32.730098], [-97.597385, 32.729899], [-97.587379, 32.727531], [-97.580152, 32.72513], [-97.573647, 32.724049], [-97.567074, 32.721488], [-97.548997, 32.721407], [-97.549076, 32.702714], [-97.543582, 32.698675], [-97.53975, 32.696987], [-97.536126, 32.6961], [-97.528022, 32.695278], [-97.521366, 32.695306], [-97.521197, 32.704552], [-97.519689, 32.704523], [-97.51963, 32.707952], [-97.513622, 32.707811], [-97.513532, 32.711366], [-97.516359, 32.711443], [-97.514629, 32.712342], [-97.51525, 32.713977], [-97.513883, 32.714917], [-97.513051, 32.714185], [-97.508292, 32.712724], [-97.504334, 32.717323], [-97.507508, 32.719389], [-97.509648, 32.718807], [-97.510913, 32.720491], [-97.509036, 32.720561], [-97.503923, 32.722051], [-97.503977, 32.719195], [-97.499808, 32.718671], [-97.497503, 32.717657], [-97.495412, 32.717613], [-97.495312, 32.724576], [-97.483721, 32.724553], [-97.483819, 32.718285], [-97.480178, 32.718227], [-97.47969, 32.715538], [-97.477814, 32.711593], [-97.476476, 32.711785], [-97.468821, 32.709833], [-97.467815, 32.707164], [-97.4645, 32.706103], [-97.463458, 32.704807], [-97.463205, 32.703004], [-97.460502, 32.701898], [-97.458742, 32.700282], [-97.455372, 32.700288], [-97.450818, 32.696794], [-97.447398, 32.695278], [-97.449019, 32.692948], [-97.444572, 32.694778], [-97.441573, 32.692352], [-97.438376, 32.693078], [-97.43702, 32.692233], [-97.435927, 32.694856], [-97.435573, 32.693156], [-97.432749, 32.693202], [-97.431801, 32.694231], [-97.428404, 32.695694], [-97.429748, 32.693939], [-97.427755, 32.688324], [-97.427867, 32.687271], [-97.426555, 32.685346], [-97.42652, 32.684479], [-97.425045, 32.682988], [-97.429205, 32.681772], [-97.430805, 32.678641], [-97.433404, 32.676798], [-97.434362, 32.674867], [-97.434452, 32.672933], [-97.435605, 32.671062], [-97.437314, 32.670235], [-97.436481, 32.668597], [-97.436416, 32.666685], [-97.438704, 32.666857], [-97.442356, 32.664749], [-97.44194, 32.662281], [-97.444705, 32.662199], [-97.444673, 32.663877], [-97.447015, 32.664292], [-97.448846, 32.660556], [-97.449942, 32.659686], [-97.450343, 32.658181], [-97.447536, 32.653751], [-97.448437, 32.650826], [-97.446623, 32.645596], [-97.447817, 32.643445], [-97.445913, 32.641047], [-97.444632, 32.6376], [-97.444852, 32.635452], [-97.443788, 32.634487], [-97.441211, 32.635634], [-97.439975, 32.635367], [-97.438653, 32.636603], [-97.437962, 32.634842], [-97.435047, 32.631642], [-97.435114, 32.630127], [-97.432852, 32.629418], [-97.435375, 32.629944], [-97.436625, 32.631602], [-97.438952, 32.633133], [-97.442373, 32.632466], [-97.443429, 32.631248], [-97.442384, 32.627611], [-97.445875, 32.631178], [-97.452967, 32.633429], [-97.451801, 32.630263], [-97.454222, 32.631894], [-97.455065, 32.631703], [-97.456097, 32.628239], [-97.455965, 32.625545], [-97.456995, 32.62614], [-97.458255, 32.62451], [-97.458716, 32.62211], [-97.463702, 32.619715], [-97.462204, 32.617492], [-97.460106, 32.616977], [-97.461202, 32.616419], [-97.460152, 32.613934], [-97.459756, 32.611117], [-97.460446, 32.61054], [-97.458228, 32.606599], [-97.45613, 32.6068], [-97.459257, 32.606133], [-97.460135, 32.607456], [-97.461529, 32.607928], [-97.461786, 32.609674], [-97.4628, 32.61037], [-97.462602, 32.607447], [-97.459815, 32.605549], [-97.4598, 32.60257], [-97.45828, 32.601118], [-97.455919, 32.600448], [-97.454988, 32.597031], [-97.456609, 32.593418], [-97.456992, 32.596918], [-97.458025, 32.598033], [-97.461249, 32.598599], [-97.463802, 32.601353], [-97.464442, 32.603344], [-97.466942, 32.604385], [-97.469517, 32.604745], [-97.471743, 32.603603], [-97.473354, 32.601412], [-97.475041, 32.600164], [-97.47509, 32.599499], [-97.478855, 32.597143], [-97.479519, 32.594969], [-97.478391, 32.592588], [-97.482712, 32.592601], [-97.481811, 32.592143], [-97.481687, 32.591037], [-97.48344, 32.589306], [-97.487238, 32.583688], [-97.488128, 32.581431], [-97.489301, 32.573836], [-97.490934, 32.570436], [-97.493992, 32.565537], [-97.496184, 32.562951], [-97.503178, 32.55766], [-97.503424, 32.555439], [-97.561458, 32.555351], [-97.561801, 32.562227], [-97.565138, 32.569582], [-97.566999, 32.576508], [-97.591098, 32.57648], [-97.591076, 32.577229], [-97.589823, 32.577205], [-97.589948, 32.589117], [-97.579161, 32.596049], [-97.576081, 32.597392], [-97.575443, 32.599253], [-97.576672, 32.601562], [-97.578587, 32.60193], [-97.579673, 32.603904], [-97.580981, 32.604269], [-97.582295, 32.603481], [-97.584525, 32.605635], [-97.583116, 32.607895], [-97.587981, 32.612446], [-97.59175, 32.612424], [-97.593086, 32.615225], [-97.586646, 32.614251], [-97.582667, 32.610975], [-97.578355, 32.610382], [-97.578177, 32.608925], [-97.573136, 32.608921], [-97.573106, 32.614602], [-97.566176, 32.614335], [-97.56618, 32.622057], [-97.563828, 32.623078], [-97.561786, 32.622893], [-97.561909, 32.625214], [-97.559372, 32.625337], [-97.56095, 32.627194], [-97.561012, 32.628896], [-97.568593, 32.628927], [-97.568617, 32.630517], [-97.565671, 32.629793], [-97.568147, 32.632235], [-97.568115, 32.633647], [-97.565919, 32.633785], [-97.564807, 32.634576], [-97.564847, 32.637161], [-97.56638, 32.638128], [-97.564444, 32.641114], [-97.56488, 32.64339], [-97.566146, 32.645127], [-97.568148, 32.646172], [-97.568128, 32.646975], [-97.569162, 32.647815], [-97.570267, 32.646727], [-97.573022, 32.647431], [-97.575485, 32.647177], [-97.578124, 32.649585], [-97.579183, 32.649491], [-97.580197, 32.651883], [-97.58121, 32.651113], [-97.581345, 32.657469], [-97.578852, 32.657305], [-97.578622, 32.664655], [-97.574816, 32.664984], [-97.574537, 32.672224], [-97.571755, 32.672195], [-97.568856, 32.675616], [-97.598797, 32.715333], [-97.600481, 32.715479], [-97.599116, 32.717512]]]}}, {"type": "Feature", "properties": {"zip": "75088", "city": null, "county": "Dallas County", "zhvi_2010": 212372, "zhvi_2011": 199630, "zhvi_2012": 196394, "zhvi_2013": 208724, "zhvi_2014": 222915, "zhvi_2015": 241233, "zhvi_2016": 272050, "zhvi_2017": 298010, "zhvi_2018": 314351, "zhvi_2019": 317298, "zhvi_2020": 324365, "zhvi_2021": 358820, "zhvi_2022": 406331, "zhvi_2023": 398135, "zhvi_2024": 388561, "zhvi_2025": 363658, "zori_2015": null, "zori_2016": 1421, "zori_2017": 1440, "zori_2018": 1458, "zori_2019": 1515, "zori_2020": 1562, "zori_2021": 1727, "zori_2022": 1806, "zori_2023": 1759, "zori_2024": 1704, "zori_2025": 1672, "has_zhvi": true, "has_zori": true}, "geometry": {"type": "Polygon", "coordinates": [[[-96.593432, 32.908274], [-96.593059, 32.909419], [-96.576917, 32.907593], [-96.569431, 32.907479], [-96.56959, 32.909721], [-96.556293, 32.909702], [-96.55609, 32.907703], [-96.550578, 32.907931], [-96.547358, 32.909715], [-96.545872, 32.908049], [-96.5378889941473, 32.9079959389046], [-96.535042, 32.908794], [-96.533127, 32.91063], [-96.534151, 32.912], [-96.53136, 32.911991], [-96.531379, 32.910778], [-96.524658, 32.91416], [-96.525312, 32.915132], [-96.52154, 32.917254], [-96.520799, 32.915789], [-96.509533, 32.920859], [-96.509782, 32.908473], [-96.507542, 32.908767], [-96.505178, 32.910296], [-96.504943, 32.912489], [-96.501509, 32.914356], [-96.503377, 32.915991], [-96.505341, 32.921757], [-96.49008, 32.924967], [-96.490457, 32.889465], [-96.488942, 32.890005], [-96.515434, 32.877358], [-96.516192, 32.87653], [-96.514888, 32.875693], [-96.51661, 32.87427], [-96.515501, 32.873415], [-96.512914, 32.874072], [-96.510879, 32.873252], [-96.515945, 32.86941], [-96.516797, 32.867734], [-96.518547, 32.867224], [-96.519132, 32.867255], [-96.522545, 32.873952], [-96.532894, 32.869699], [-96.540754, 32.872498], [-96.569826, 32.867827], [-96.589171, 32.885525], [-96.592367, 32.894002], [-96.592758, 32.907018], [-96.593432, 32.908274]]]}}, {"type": "Feature", "properties": {"zip": "76133", "city": "Fort Worth", "county": "Tarrant County", "zhvi_2010": 144097, "zhvi_2011": 132003, "zhvi_2012": 126172, "zhvi_2013": 131856, "zhvi_2014": 141201, "zhvi_2015": 155892, "zhvi_2016": 173339, "zhvi_2017": 191586, "zhvi_2018": 211224, "zhvi_2019": 220600, "zhvi_2020": 232640, "zhvi_2021": 261295, "zhvi_2022": 292965, "zhvi_2023": 284199, "zhvi_2024": 277946, "zhvi_2025": 261352, "zori_2015": 1223, "zori_2016": 1266, "zori_2017": 1320, "zori_2018": 1368, "zori_2019": 1403, "zori_2020": 1457, "zori_2021": 1544, "zori_2022": 1601, "zori_2023": 1616, "zori_2024": 1636, "zori_2025": 1617, "has_zhvi": true, "has_zori": true}, "geometry": {"type": "Polygon", "coordinates": [[[-97.412124, 32.649025], [-97.380769, 32.675413], [-97.366061, 32.688891], [-97.356127, 32.689279], [-97.356127, 32.684579], [-97.357201, 32.68459], [-97.356515, 32.681178], [-97.356733, 32.668624], [-97.355992, 32.668439], [-97.35599, 32.667963], [-97.35259, 32.667257], [-97.353948, 32.634995], [-97.369867, 32.634832], [-97.370001, 32.627933], [-97.39951, 32.628161], [-97.412805, 32.629261], [-97.412886, 32.629565], [-97.40606, 32.632229], [-97.40336, 32.632737], [-97.399414, 32.632469], [-97.398906, 32.635232], [-97.401031, 32.638883], [-97.401458, 32.640324], [-97.401196, 32.642955], [-97.402171, 32.64447], [-97.404039, 32.643777], [-97.409585, 32.6438], [-97.41362, 32.644793], [-97.412124, 32.649025]]]}}, {"type": "Feature", "properties": {"zip": "76135", "city": "Fort Worth", "county": "Tarrant County", "zhvi_2010": 155942, "zhvi_2011": 142781, "zhvi_2012": 140623, "zhvi_2013": 148466, "zhvi_2014": 158899, "zhvi_2015": 174354, "zhvi_2016": 191541, "zhvi_2017": 209437, "zhvi_2018": 225751, "zhvi_2019": 236669, "zhvi_2020": 248841, "zhvi_2021": 277313, "zhvi_2022": 311849, "zhvi_2023": 299706, "zhvi_2024": 290864, "zhvi_2025": 277587, "zori_2015": null, "zori_2016": null, "zori_2017": null, "zori_2018": null, "zori_2019": null, "zori_2020": null, "zori_2021": null, "zori_2022": null, "zori_2023": null, "zori_2024": 1646, "zori_2025": 1578, "has_zhvi": true, "has_zori": true}, "geometry": {"type": "Polygon", "coordinates": [[[-97.539694, 32.845549], [-97.537973, 32.845418], [-97.537939, 32.847942], [-97.531016, 32.847959], [-97.530981, 32.849601], [-97.523358, 32.849592], [-97.523375, 32.85324], [-97.524735, 32.853234], [-97.524272, 32.854183], [-97.522379, 32.855255], [-97.52073, 32.854868], [-97.514023, 32.855809], [-97.513563, 32.855418], [-97.513057, 32.856037], [-97.519222, 32.859986], [-97.518255, 32.860546], [-97.512989, 32.860741], [-97.512642, 32.871551], [-97.512038, 32.871794], [-97.511233, 32.867285], [-97.509643, 32.872862], [-97.51558, 32.87416], [-97.524094, 32.877315], [-97.524492, 32.877642], [-97.522167, 32.876897], [-97.522135, 32.878169], [-97.52418, 32.879464], [-97.524625, 32.880747], [-97.523913, 32.879489], [-97.521312, 32.878691], [-97.519868, 32.876942], [-97.511943, 32.876613], [-97.511943, 32.875664], [-97.509293, 32.875228], [-97.508815, 32.876953], [-97.509019, 32.881411], [-97.509824, 32.883556], [-97.509404, 32.885432], [-97.509835, 32.887711], [-97.511914, 32.89121], [-97.512806, 32.893756], [-97.499254, 32.89367], [-97.501815, 32.888337], [-97.504939, 32.879255], [-97.505111, 32.876942], [-97.504711, 32.876078], [-97.503396, 32.875341], [-97.500463, 32.876117], [-97.494548, 32.880102], [-97.490957, 32.881023], [-97.489252, 32.880553], [-97.486442, 32.880678], [-97.477183, 32.883181], [-97.474564, 32.884549], [-97.471859, 32.885198], [-97.468811, 32.88498], [-97.463487, 32.883755], [-97.460138, 32.881586], [-97.455304, 32.881878], [-97.454996, 32.879537], [-97.453437, 32.880211], [-97.451669, 32.878275], [-97.450098, 32.879801], [-97.451058, 32.877361], [-97.449848, 32.876674], [-97.44943, 32.877561], [-97.447505, 32.876814], [-97.444064, 32.876822], [-97.444186, 32.87632], [-97.445147, 32.876755], [-97.447977, 32.875892], [-97.445643, 32.871379], [-97.445578, 32.863129], [-97.426134, 32.862988], [-97.426427, 32.844675], [-97.425292, 32.840077], [-97.425275, 32.836334], [-97.415645, 32.836255], [-97.406806, 32.83229], [-97.406301, 32.83431], [-97.402581, 32.834305], [-97.402569, 32.833248], [-97.3959, 32.833201], [-97.395368, 32.830222], [-97.392437, 32.82625], [-97.39022, 32.82885], [-97.390704, 32.825861], [-97.3949, 32.823307], [-97.394148, 32.822272], [-97.407854, 32.816002], [-97.407872, 32.812164], [-97.411326, 32.812894], [-97.411989, 32.812365], [-97.411954, 32.80687], [-97.415276, 32.80648], [-97.411973, 32.803967], [-97.411935, 32.797416], [-97.407067, 32.796146], [-97.405281, 32.792655], [-97.408378, 32.790732], [-97.40994, 32.791902], [-97.415305, 32.790981], [-97.414955, 32.793751], [-97.421995, 32.79481], [-97.421946, 32.797271], [-97.423639, 32.796979], [-97.424002, 32.794776], [-97.429496, 32.793411], [-97.43823, 32.793951], [-97.439227, 32.795606], [-97.439952, 32.793439], [-97.444124, 32.794252], [-97.445105, 32.793664], [-97.450045, 32.794275], [-97.453282, 32.793796], [-97.457867, 32.790222], [-97.460924, 32.79074], [-97.4618, 32.788705], [-97.462929, 32.792648], [-97.461017, 32.793094], [-97.463759, 32.793459], [-97.464296, 32.794153], [-97.466555, 32.793338], [-97.471906, 32.794908], [-97.473292, 32.796593], [-97.474569, 32.796425], [-97.475113, 32.795462], [-97.476867, 32.795085], [-97.477855, 32.795943], [-97.479968, 32.795676], [-97.483682, 32.796987], [-97.485963, 32.796469], [-97.484347, 32.798039], [-97.489978, 32.796366], [-97.488798, 32.796968], [-97.489894, 32.800908], [-97.491553, 32.802871], [-97.491241, 32.805853], [-97.487414, 32.804961], [-97.487229, 32.806761], [-97.485536, 32.807215], [-97.484969, 32.80625], [-97.48368, 32.806606], [-97.484555, 32.809889], [-97.485004, 32.808145], [-97.48762, 32.807842], [-97.486281, 32.809759], [-97.489625, 32.808974], [-97.492632, 32.811413], [-97.493984, 32.811551], [-97.491781, 32.813918], [-97.492362, 32.816261], [-97.487546, 32.815992], [-97.48447, 32.816478], [-97.488134, 32.823054], [-97.511958, 32.823163], [-97.518287, 32.825165], [-97.529493, 32.825384], [-97.530634, 32.827576], [-97.530869, 32.831387], [-97.531797, 32.833655], [-97.530912, 32.835101], [-97.531373, 32.837321], [-97.535218, 32.834403], [-97.536436, 32.838069], [-97.535235, 32.83796], [-97.53518, 32.842012], [-97.537664, 32.842067], [-97.538537, 32.843186], [-97.53856, 32.844558], [-97.539694, 32.845549]]]}}, {"type": "Feature", "properties": {"zip": "76137", "city": "Fort Worth", "county": "Tarrant County", "zhvi_2010": 186076, "zhvi_2011": 173473, "zhvi_2012": 169864, "zhvi_2013": 177674, "zhvi_2014": 188658, "zhvi_2015": 206430, "zhvi_2016": 229187, "zhvi_2017": 250080, "zhvi_2018": 266140, "zhvi_2019": 272280, "zhvi_2020": 282099, "zhvi_2021": 314306, "zhvi_2022": 359504, "zhvi_2023": 345347, "zhvi_2024": 333800, "zhvi_2025": 315892, "zori_2015": 1354, "zori_2016": 1391, "zori_2017": 1423, "zori_2018": 1440, "zori_2019": 1491, "zori_2020": 1514, "zori_2021": 1620, "zori_2022": 1655, "zori_2023": 1624, "zori_2024": 1601, "zori_2025": 1539, "has_zhvi": true, "has_zori": true}, "geometry": {"type": "Polygon", "coordinates": [[[-97.315428, 32.839768], [-97.314022, 32.840587], [-97.312773, 32.842067], [-97.312573, 32.848115], [-97.312837, 32.853966], [-97.317011, 32.874763], [-97.316792, 32.890654], [-97.289677, 32.890752], [-97.289638, 32.893873], [-97.28464, 32.892516], [-97.28183, 32.892507], [-97.277769, 32.892654], [-97.271423, 32.894804], [-97.258885, 32.89475], [-97.264612, 32.860581], [-97.263978, 32.860512], [-97.264622, 32.860514], [-97.267437, 32.843494], [-97.268379, 32.841127], [-97.269461, 32.839399], [-97.29036, 32.839433], [-97.290384, 32.834794], [-97.281737, 32.834519], [-97.281705, 32.83166], [-97.290637, 32.83166], [-97.290546, 32.80977], [-97.297397, 32.810229], [-97.30286, 32.809776], [-97.308271, 32.810698], [-97.312021, 32.810708], [-97.31475, 32.809883], [-97.313152, 32.817571], [-97.313111, 32.83471], [-97.314028, 32.838866], [-97.317444, 32.839495], [-97.315428, 32.839768]]]}}, {"type": "Feature", "properties": {"zip": "76140", "city": "Everman", "county": "Tarrant County", "zhvi_2010": 128626, "zhvi_2011": 116081, "zhvi_2012": 112428, "zhvi_2013": 119451, "zhvi_2014": 129283, "zhvi_2015": 145514, "zhvi_2016": 165133, "zhvi_2017": 185769, "zhvi_2018": 203982, "zhvi_2019": 215134, "zhvi_2020": 227256, "zhvi_2021": 251611, "zhvi_2022": 281297, "zhvi_2023": 271715, "zhvi_2024": 263944, "zhvi_2025": 248142, "zori_2015": 1397, "zori_2016": 1446, "zori_2017": 1504, "zori_2018": 1532, "zori_2019": 1553, "zori_2020": 1611, "zori_2021": 1725, "zori_2022": 1767, "zori_2023": 1821, "zori_2024": 1791, "zori_2025": 1763, "has_zhvi": true, "has_zori": true}, "geometry": {"type": "Polygon", "coordinates": [[[-97.331328, 32.614019], [-97.323768, 32.613991], [-97.323801, 32.619802], [-97.322044, 32.620187], [-97.322098, 32.613996], [-97.321538, 32.613994], [-97.321285, 32.653324], [-97.312816, 32.653235], [-97.312797, 32.650396], [-97.304305, 32.650464], [-97.304299, 32.645618], [-97.29148, 32.645599], [-97.291222, 32.650135], [-97.297643, 32.659918], [-97.296509, 32.662177], [-97.299646, 32.663693], [-97.301826, 32.666379], [-97.306651, 32.66967], [-97.300887, 32.668759], [-97.284266, 32.661622], [-97.281406, 32.661327], [-97.248244, 32.661452], [-97.244651, 32.662728], [-97.23743, 32.667836], [-97.231483, 32.668074], [-97.230102, 32.666368], [-97.2292, 32.666294], [-97.228736, 32.664198], [-97.23048, 32.661921], [-97.235517, 32.65999], [-97.237574, 32.657241], [-97.242495, 32.654511], [-97.243829, 32.652769], [-97.244301, 32.650554], [-97.247741, 32.649025], [-97.248312, 32.646715], [-97.247618, 32.64553], [-97.245645, 32.644669], [-97.243908, 32.642094], [-97.242716, 32.642032], [-97.242175, 32.638438], [-97.234152, 32.638226], [-97.234275, 32.62238], [-97.226435, 32.622368], [-97.220946, 32.621771], [-97.220957, 32.621047], [-97.219479, 32.620921], [-97.219425, 32.619208], [-97.216631, 32.619033], [-97.216726, 32.613225], [-97.220023, 32.613212], [-97.220051, 32.612305], [-97.221006, 32.612311], [-97.221009, 32.611444], [-97.219127, 32.611405], [-97.21914, 32.608134], [-97.220128, 32.608102], [-97.22014, 32.607081], [-97.222029, 32.607088], [-97.219259, 32.603894], [-97.21936, 32.59966], [-97.220721, 32.59966], [-97.220797, 32.590689], [-97.218554, 32.590739], [-97.218529, 32.586656], [-97.215728, 32.586699], [-97.215154, 32.580077], [-97.217077, 32.578393], [-97.21888, 32.578857], [-97.218828, 32.576351], [-97.22007, 32.576356], [-97.220105, 32.572812], [-97.228655, 32.572516], [-97.228689, 32.569564], [-97.23425, 32.56891], [-97.235371, 32.570885], [-97.23498, 32.573298], [-97.237156, 32.573207], [-97.237192, 32.576231], [-97.241432, 32.576269], [-97.241375, 32.579876], [-97.243024, 32.579928], [-97.242998, 32.581921], [-97.252471, 32.581893], [-97.252608, 32.583644], [-97.259034, 32.583865], [-97.258924, 32.587574], [-97.261474, 32.587574], [-97.261522, 32.581722], [-97.263336, 32.581725], [-97.263352, 32.57958], [-97.265238, 32.579569], [-97.266237, 32.585514], [-97.26795, 32.585485], [-97.269749, 32.589083], [-97.273347, 32.589097], [-97.273447, 32.590944], [-97.278581, 32.591142], [-97.27523, 32.594242], [-97.27917, 32.595093], [-97.286333, 32.59512], [-97.290598, 32.5976], [-97.308689, 32.59767], [-97.308701, 32.599238], [-97.319521, 32.599118], [-97.319606, 32.58842], [-97.320661, 32.589762], [-97.322259, 32.589799], [-97.323005, 32.591352], [-97.32725, 32.589892], [-97.331328, 32.614019]]]}}, {"type": "Feature", "properties": {"zip": "76148", "city": "Watauga", "county": "Tarrant County", "zhvi_2010": 137977, "zhvi_2011": 128457, "zhvi_2012": 125750, "zhvi_2013": 132023, "zhvi_2014": 142149, "zhvi_2015": 160285, "zhvi_2016": 180764, "zhvi_2017": 199380, "zhvi_2018": 218059, "zhvi_2019": 229904, "zhvi_2020": 242378, "zhvi_2021": 267744, "zhvi_2022": 298367, "zhvi_2023": 290110, "zhvi_2024": 283064, "zhvi_2025": 268502, "zori_2015": null, "zori_2016": null, "zori_2017": null, "zori_2018": null, "zori_2019": null, "zori_2020": null, "zori_2021": null, "zori_2022": 1909, "zori_2023": 1939, "zori_2024": 1934, "zori_2025": 1915, "has_zhvi": true, "has_zori": true}, "geometry": {"type": "Polygon", "coordinates": [[[-97.269461, 32.839399], [-97.267437, 32.843494], [-97.264622, 32.860514], [-97.263978, 32.860512], [-97.264612, 32.860581], [-97.258885, 32.89475], [-97.254392, 32.894542], [-97.254442, 32.892809], [-97.23856, 32.892518], [-97.237741, 32.888638], [-97.237996, 32.860414], [-97.238595, 32.853118], [-97.249591, 32.853124], [-97.249613, 32.848813], [-97.251754, 32.848695], [-97.2519, 32.847516], [-97.254162, 32.846375], [-97.253494, 32.840826], [-97.255469, 32.840426], [-97.255474, 32.840039], [-97.269461, 32.839399]]]}}, {"type": "Feature", "properties": {"zip": "76155", "city": "Fort Worth", "county": "Tarrant County", "zhvi_2010": null, "zhvi_2011": null, "zhvi_2012": null, "zhvi_2013": null, "zhvi_2014": null, "zhvi_2015": null, "zhvi_2016": null, "zhvi_2017": null, "zhvi_2018": null, "zhvi_2019": null, "zhvi_2020": null, "zhvi_2021": null, "zhvi_2022": null, "zhvi_2023": null, "zhvi_2024": null, "zhvi_2025": null, "zori_2015": null, "zori_2016": null, "zori_2017": null, "zori_2018": null, "zori_2019": null, "zori_2020": null, "zori_2021": null, "zori_2022": 1592, "zori_2023": 1493, "zori_2024": 1406, "zori_2025": 1396, "has_zhvi": false, "has_zori": true}, "geometry": {"type": "Polygon", "coordinates": [[[-97.072201, 32.834472], [-97.070917, 32.832241], [-97.06951, 32.832065], [-97.069641, 32.837027], [-97.064099, 32.83715], [-97.057246, 32.838644], [-97.054039, 32.83852], [-97.046403, 32.837055], [-97.03386, 32.83695], [-97.034711, 32.788482], [-97.035668, 32.789556], [-97.037151, 32.793196], [-97.035498, 32.792908], [-97.034888, 32.793647], [-97.035092, 32.796713], [-97.036662, 32.797339], [-97.037167, 32.799353], [-97.036596, 32.802635], [-97.037696, 32.806567], [-97.041156, 32.807133], [-97.041831, 32.808671], [-97.042868, 32.809191], [-97.044625, 32.807942], [-97.046318, 32.809098], [-97.048112, 32.813266], [-97.049082, 32.8139], [-97.048929, 32.811339], [-97.05021, 32.811097], [-97.053658, 32.812502], [-97.0539, 32.81494], [-97.054916, 32.815397], [-97.056575, 32.813645], [-97.060573, 32.819836], [-97.061264, 32.822354], [-97.06333, 32.822284], [-97.067015, 32.823105], [-97.070554, 32.822163], [-97.070873, 32.825049], [-97.069721, 32.827686], [-97.069465, 32.830184], [-97.070674, 32.830197], [-97.070658, 32.831452], [-97.072201, 32.834472]]]}}, {"type": "Feature", "properties": {"zip": "76244", "city": "Fort Worth", "county": "Tarrant County", "zhvi_2010": 248051, "zhvi_2011": 231526, "zhvi_2012": 228266, "zhvi_2013": 240041, "zhvi_2014": 254674, "zhvi_2015": 279182, "zhvi_2016": 304813, "zhvi_2017": 323358, "zhvi_2018": 332931, "zhvi_2019": 333926, "zhvi_2020": 343634, "zhvi_2021": 384563, "zhvi_2022": 439309, "zhvi_2023": 416006, "zhvi_2024": 401759, "zhvi_2025": 380429, "zori_2015": 1712, "zori_2016": 1743, "zori_2017": 1774, "zori_2018": 1785, "zori_2019": 1801, "zori_2020": 1841, "zori_2021": 1959, "zori_2022": 2027, "zori_2023": 1995, "zori_2024": 1958, "zori_2025": 1932, "has_zhvi": true, "has_zori": true}, "geometry": {"type": "Polygon", "coordinates": [[[-97.311046, 32.930063], [-97.309485, 32.932938], [-97.309973, 32.933145], [-97.310138, 32.94608], [-97.306747, 32.946071], [-97.306116, 32.947329], [-97.299285, 32.954412], [-97.298531, 32.956057], [-97.297793, 32.954779], [-97.294284, 32.954822], [-97.293553, 32.955453], [-97.294419, 32.955424], [-97.293953, 32.959358], [-97.294719, 32.960349], [-97.293427, 32.96314], [-97.29251, 32.963479], [-97.291394, 32.965533], [-97.292515, 32.966545], [-97.280975, 32.970683], [-97.276722, 32.970518], [-97.276723, 32.971938], [-97.246617, 32.970951], [-97.254039, 32.956954], [-97.254553, 32.954844], [-97.254257, 32.946933], [-97.254646, 32.938726], [-97.255025, 32.938737], [-97.2549, 32.934612], [-97.263951, 32.934646], [-97.265543, 32.934023], [-97.265551, 32.929198], [-97.261463, 32.929219], [-97.261271, 32.916766], [-97.255862, 32.916713], [-97.256138, 32.91142], [-97.258885, 32.89475], [-97.271423, 32.894804], [-97.277769, 32.892654], [-97.28183, 32.892507], [-97.28464, 32.892516], [-97.289638, 32.893873], [-97.289677, 32.890752], [-97.306971, 32.890777], [-97.306749, 32.910137], [-97.307253, 32.911746], [-97.306645, 32.916914], [-97.3072, 32.929664], [-97.311046, 32.930063]]]}}, {"type": "Feature", "properties": {"zip": "75137", "city": "Duncanville", "county": "Dallas County", "zhvi_2010": 147747, "zhvi_2011": 136443, "zhvi_2012": 132748, "zhvi_2013": 139941, "zhvi_2014": 151880, "zhvi_2015": 168038, "zhvi_2016": 188421, "zhvi_2017": 208547, "zhvi_2018": 229197, "zhvi_2019": 241072, "zhvi_2020": 251814, "zhvi_2021": 278190, "zhvi_2022": 308713, "zhvi_2023": 300512, "zhvi_2024": 295234, "zhvi_2025": 280064, "zori_2015": null, "zori_2016": null, "zori_2017": null, "zori_2018": null, "zori_2019": null, "zori_2020": null, "zori_2021": 1730, "zori_2022": 1748, "zori_2023": 1735, "zori_2024": 1736, "zori_2025": 1698, "has_zhvi": true, "has_zori": true}, "geometry": {"type": "Polygon", "coordinates": [[[-96.943314, 32.631886], [-96.942871, 32.634272], [-96.942971, 32.647244], [-96.920293, 32.647409], [-96.917553, 32.646088], [-96.9084, 32.645843], [-96.905722, 32.646026], [-96.903018, 32.647295], [-96.884473, 32.647512], [-96.887055, 32.645072], [-96.884924, 32.646603], [-96.885706, 32.645886], [-96.883649, 32.644303], [-96.883189, 32.625578], [-96.889402, 32.625615], [-96.887412, 32.624317], [-96.887351, 32.620993], [-96.88904, 32.62092], [-96.885168, 32.619387], [-96.891305, 32.618761], [-96.915595, 32.618886], [-96.912788, 32.621583], [-96.915912, 32.622101], [-96.916623, 32.623106], [-96.925455, 32.623251], [-96.925479, 32.623869], [-96.927001, 32.624653], [-96.928733, 32.624671], [-96.9303, 32.625664], [-96.933182, 32.622608], [-96.936193, 32.624834], [-96.938183, 32.624214], [-96.940519, 32.625033], [-96.941502, 32.626179], [-96.943239, 32.626115], [-96.943314, 32.631886]]]}}, {"type": "Feature", "properties": {"zip": "76177", "city": null, "county": "Tarrant County", "zhvi_2010": 253295, "zhvi_2011": 235669, "zhvi_2012": 234600, "zhvi_2013": 247020, "zhvi_2014": 262131, "zhvi_2015": 288514, "zhvi_2016": 312934, "zhvi_2017": 330447, "zhvi_2018": 340400, "zhvi_2019": 340302, "zhvi_2020": 346897, "zhvi_2021": 387484, "zhvi_2022": 440252, "zhvi_2023": 409750, "zhvi_2024": 391976, "zhvi_2025": 371029, "zori_2015": null, "zori_2016": null, "zori_2017": null, "zori_2018": null, "zori_2019": null, "zori_2020": 1605, "zori_2021": 1634, "zori_2022": 1728, "zori_2023": 1667, "zori_2024": 1621, "zori_2025": 1592, "has_zhvi": true, "has_zori": true}, "geometry": {"type": "Polygon", "coordinates": [[[-97.348818, 32.924293], [-97.331527, 32.924113], [-97.331479, 32.930909], [-97.332061, 32.930926], [-97.331528, 32.947505], [-97.3173, 32.947438], [-97.31703, 32.947865], [-97.316942, 32.961976], [-97.320781, 32.962016], [-97.320949, 32.972035], [-97.32049, 32.972835], [-97.321668, 32.973537], [-97.325209, 32.973786], [-97.325042, 32.968651], [-97.32749, 32.968708], [-97.32762, 32.967324], [-97.337266, 32.967575], [-97.337108, 32.974012], [-97.343094, 32.973664], [-97.348026, 32.974401], [-97.329584, 32.989379], [-97.327762, 32.991418], [-97.314429, 33.016252], [-97.314888, 33.018472], [-97.313466, 33.019395], [-97.311648, 33.021594], [-97.307068, 33.036981], [-97.304788, 33.043056], [-97.29255, 33.043069], [-97.282258, 33.047165], [-97.280952, 33.047058], [-97.277325, 33.044809], [-97.271359, 33.044558], [-97.27128, 33.04431], [-97.278292, 33.044885], [-97.2794, 33.04231], [-97.277323, 33.039755], [-97.277253, 33.035652], [-97.270912, 33.034171], [-97.268497, 33.032651], [-97.274156, 33.026591], [-97.273542, 33.026536], [-97.278421, 33.021093], [-97.299651, 32.991282], [-97.299329, 32.991282], [-97.306728, 32.980157], [-97.308828, 32.972302], [-97.28185, 32.972068], [-97.281712, 32.971438], [-97.269985, 32.976416], [-97.262917, 32.979961], [-97.262795, 32.991096], [-97.23525, 32.990954], [-97.237049, 32.988509], [-97.246617, 32.970951], [-97.276723, 32.971938], [-97.276722, 32.970518], [-97.280975, 32.970683], [-97.292515, 32.966545], [-97.291394, 32.965533], [-97.29251, 32.963479], [-97.293427, 32.96314], [-97.294719, 32.960349], [-97.293953, 32.959358], [-97.294419, 32.955424], [-97.293553, 32.955453], [-97.294284, 32.954822], [-97.297793, 32.954779], [-97.298531, 32.956057], [-97.299285, 32.954412], [-97.306116, 32.947329], [-97.306747, 32.946071], [-97.310138, 32.94608], [-97.309973, 32.933145], [-97.309485, 32.932938], [-97.311046, 32.930063], [-97.3072, 32.929664], [-97.306645, 32.916914], [-97.307253, 32.911746], [-97.306749, 32.910137], [-97.306971, 32.890777], [-97.316792, 32.890654], [-97.317073, 32.887389], [-97.331774, 32.887342], [-97.33171, 32.89879], [-97.336033, 32.902461], [-97.348721, 32.916024], [-97.348818, 32.924293]]]}}, {"type": "Feature", "properties": {"zip": "76179", "city": "Fort Worth", "county": "Tarrant County", "zhvi_2010": 216167, "zhvi_2011": 200062, "zhvi_2012": 194556, "zhvi_2013": 201717, "zhvi_2014": 212725, "zhvi_2015": 230709, "zhvi_2016": 251069, "zhvi_2017": 270321, "zhvi_2018": 286772, "zhvi_2019": 293815, "zhvi_2020": 302709, "zhvi_2021": 338091, "zhvi_2022": 384207, "zhvi_2023": 357744, "zhvi_2024": 340504, "zhvi_2025": 321669, "zori_2015": 1680, "zori_2016": 1722, "zori_2017": 1772, "zori_2018": 1799, "zori_2019": 1832, "zori_2020": 1875, "zori_2021": 1961, "zori_2022": 2051, "zori_2023": 2045, "zori_2024": 2021, "zori_2025": 1988, "has_zhvi": true, "has_zori": true}, "geometry": {"type": "Polygon", "coordinates": [[[-97.514108, 32.949452], [-97.511638, 32.953755], [-97.511441, 32.955466], [-97.509037, 32.959024], [-97.506168, 32.960901], [-97.504519, 32.96396], [-97.505081, 32.96738], [-97.509504, 32.972264], [-97.510247, 32.973951], [-97.507843, 32.984489], [-97.507831, 32.989821], [-97.510057, 32.992426], [-97.512607, 32.993935], [-97.467673, 32.992958], [-97.446207, 32.983784], [-97.444548, 32.983646], [-97.443209, 32.98488], [-97.443496, 32.992253], [-97.431123, 32.992326], [-97.420954, 32.970616], [-97.420557, 32.969145], [-97.420721, 32.957465], [-97.409569, 32.957472], [-97.418651, 32.947139], [-97.419418, 32.94435], [-97.419113, 32.941996], [-97.418083, 32.939619], [-97.409438, 32.93963], [-97.409086, 32.946538], [-97.409063, 32.939638], [-97.407021, 32.939598], [-97.406755, 32.930456], [-97.405595, 32.930429], [-97.405054, 32.924546], [-97.391991, 32.924531], [-97.391802, 32.909873], [-97.374971, 32.909823], [-97.375048, 32.904568], [-97.382253, 32.904672], [-97.382324, 32.902758], [-97.385583, 32.902747], [-97.385618, 32.897939], [-97.379235, 32.897828], [-97.380738, 32.89406], [-97.380373, 32.89325], [-97.383349, 32.892707], [-97.380327, 32.889674], [-97.380297, 32.888406], [-97.373649, 32.888314], [-97.373618, 32.883758], [-97.373241, 32.882937], [-97.371791, 32.883747], [-97.369964, 32.883814], [-97.369883, 32.877279], [-97.366162, 32.877145], [-97.364508, 32.876327], [-97.363411, 32.874778], [-97.362731, 32.870859], [-97.368278, 32.8706], [-97.362233, 32.863639], [-97.36169, 32.860885], [-97.352551, 32.860888], [-97.353084, 32.849053], [-97.359096, 32.85586], [-97.360721, 32.855272], [-97.359909, 32.848957], [-97.360145, 32.847858], [-97.359449, 32.847915], [-97.357956, 32.838358], [-97.370792, 32.833429], [-97.394148, 32.822272], [-97.3949, 32.823307], [-97.390704, 32.825861], [-97.39022, 32.82885], [-97.392437, 32.82625], [-97.395368, 32.830222], [-97.3959, 32.833201], [-97.402569, 32.833248], [-97.402581, 32.834305], [-97.406301, 32.83431], [-97.406806, 32.83229], [-97.415645, 32.836255], [-97.425275, 32.836334], [-97.425292, 32.840077], [-97.426427, 32.844675], [-97.426134, 32.862988], [-97.445578, 32.863129], [-97.445643, 32.871379], [-97.447977, 32.875892], [-97.445147, 32.876755], [-97.444186, 32.87632], [-97.444064, 32.876822], [-97.447505, 32.876814], [-97.44943, 32.877561], [-97.449848, 32.876674], [-97.451058, 32.877361], [-97.450098, 32.879801], [-97.451669, 32.878275], [-97.453437, 32.880211], [-97.454996, 32.879537], [-97.455304, 32.881878], [-97.460138, 32.881586], [-97.463487, 32.883755], [-97.468811, 32.88498], [-97.471859, 32.885198], [-97.474564, 32.884549], [-97.477183, 32.883181], [-97.486442, 32.880678], [-97.489252, 32.880553], [-97.490957, 32.881023], [-97.494548, 32.880102], [-97.500463, 32.876117], [-97.503396, 32.875341], [-97.504711, 32.876078], [-97.505111, 32.876942], [-97.504939, 32.879255], [-97.501815, 32.888337], [-97.497731, 32.896202], [-97.493815, 32.900425], [-97.493329, 32.902113], [-97.493764, 32.905546], [-97.496653, 32.911175], [-97.497186, 32.915093], [-97.49612, 32.919004], [-97.496081, 32.92188], [-97.497139, 32.925041], [-97.498301, 32.926592], [-97.504197, 32.930706], [-97.505033, 32.933605], [-97.508446, 32.935741], [-97.512554, 32.941266], [-97.514365, 32.946418], [-97.514108, 32.949452]]]}}, {"type": "Feature", "properties": {"zip": "76205", "city": "Denton", "county": "Denton County", "zhvi_2010": 208617, "zhvi_2011": 195947, "zhvi_2012": 198283, "zhvi_2013": 211444, "zhvi_2014": 223406, "zhvi_2015": 241028, "zhvi_2016": 268281, "zhvi_2017": 292953, "zhvi_2018": 307515, "zhvi_2019": 311797, "zhvi_2020": 324566, "zhvi_2021": 359166, "zhvi_2022": 402148, "zhvi_2023": 392044, "zhvi_2024": 382977, "zhvi_2025": 367287, "zori_2015": null, "zori_2016": null, "zori_2017": null, "zori_2018": null, "zori_2019": null, "zori_2020": null, "zori_2021": null, "zori_2022": 1355, "zori_2023": 1325, "zori_2024": 1306, "zori_2025": 1273, "has_zhvi": true, "has_zori": true}, "geometry": {"type": "Polygon", "coordinates": [[[-97.16165, 33.1908], [-97.16144, 33.210284], [-97.157255, 33.210235], [-97.157258, 33.21083], [-97.15507, 33.21083], [-97.155121, 33.207604], [-97.153688, 33.206484], [-97.15296, 33.20469], [-97.151825, 33.204245], [-97.15188, 33.204929], [-97.149606, 33.203372], [-97.14732, 33.20346], [-97.14729, 33.201397], [-97.14169, 33.197069], [-97.139459, 33.196247], [-97.13912, 33.196869], [-97.136127, 33.196409], [-97.134091, 33.200998], [-97.126654, 33.214458], [-97.126322, 33.216352], [-97.12505, 33.21624], [-97.12473, 33.21526], [-97.12348, 33.21524], [-97.12336, 33.21441], [-97.12126, 33.214399], [-97.12122, 33.216099], [-97.11406, 33.21587], [-97.114091, 33.212598], [-97.11201, 33.21256], [-97.112015, 33.208464], [-97.10897, 33.206743], [-97.102945, 33.205491], [-97.101123, 33.205517], [-97.098396, 33.20403], [-97.097269, 33.205461], [-97.090996, 33.206801], [-97.091592, 33.197887], [-97.09295, 33.195491], [-97.094279, 33.194194], [-97.10423, 33.189169], [-97.108066, 33.186478], [-97.109121, 33.182988], [-97.113, 33.17727], [-97.113138, 33.175857], [-97.115067, 33.175887], [-97.114819, 33.173421], [-97.117363, 33.173378], [-97.11764, 33.16153], [-97.125577, 33.161464], [-97.125107, 33.162464], [-97.126065, 33.166304], [-97.125412, 33.168163], [-97.134269, 33.167821], [-97.135385, 33.168766], [-97.133192, 33.168773], [-97.133433, 33.172231], [-97.137509, 33.172111], [-97.138998, 33.174908], [-97.1419, 33.176009], [-97.141858, 33.17719], [-97.152567, 33.168075], [-97.154783, 33.174543], [-97.158802, 33.174977], [-97.159014, 33.183757], [-97.154997, 33.183296], [-97.155362, 33.184541], [-97.159598, 33.190766], [-97.16165, 33.1908]]]}}, {"type": "Feature", "properties": {"zip": "76207", "city": "Denton", "county": "Denton County", "zhvi_2010": 254671, "zhvi_2011": 236507, "zhvi_2012": 234138, "zhvi_2013": 244952, "zhvi_2014": 255380, "zhvi_2015": 276490, "zhvi_2016": 302871, "zhvi_2017": 322400, "zhvi_2018": 331501, "zhvi_2019": 329750, "zhvi_2020": 334787, "zhvi_2021": 370193, "zhvi_2022": 416005, "zhvi_2023": 393460, "zhvi_2024": 377551, "zhvi_2025": 359814, "zori_2015": null, "zori_2016": null, "zori_2017": null, "zori_2018": null, "zori_2019": null, "zori_2020": null, "zori_2021": 1701, "zori_2022": 1714, "zori_2023": 1713, "zori_2024": 1700, "zori_2025": 1644, "has_zhvi": true, "has_zori": true}, "geometry": {"type": "Polygon", "coordinates": [[[-97.26646, 33.14165], [-97.266435, 33.153852], [-97.24825, 33.153699], [-97.248156, 33.167831], [-97.23015, 33.167678], [-97.22959, 33.168999], [-97.229423, 33.176884], [-97.18834, 33.176873], [-97.187904, 33.182463], [-97.191544, 33.183146], [-97.195733, 33.186355], [-97.197479, 33.186472], [-97.198403, 33.187983], [-97.198674, 33.19053], [-97.203629, 33.192138], [-97.206453, 33.19214], [-97.206774, 33.193309], [-97.209161, 33.193598], [-97.211077, 33.192889], [-97.210971, 33.195268], [-97.213805, 33.199702], [-97.211463, 33.201763], [-97.211685, 33.204479], [-97.213405, 33.203964], [-97.214849, 33.205923], [-97.217025, 33.213619], [-97.215574, 33.216314], [-97.217044, 33.217129], [-97.217824, 33.21642], [-97.218616, 33.216701], [-97.218001, 33.22343], [-97.219553, 33.223751], [-97.219959, 33.22531], [-97.221195, 33.225314], [-97.221115, 33.230178], [-97.219806, 33.230416], [-97.221099, 33.233235], [-97.217794, 33.233029], [-97.21854, 33.235342], [-97.200201, 33.2351], [-97.200194, 33.241395], [-97.19704, 33.241149], [-97.19647, 33.264428], [-97.19686, 33.264679], [-97.19678, 33.26774], [-97.20597, 33.28373], [-97.209148, 33.288438], [-97.211381, 33.289721], [-97.214083, 33.289972], [-97.215896, 33.289456], [-97.218167, 33.28801], [-97.204675, 33.299225], [-97.1795, 33.31505], [-97.177547, 33.302832], [-97.177938, 33.283353], [-97.172148, 33.283265], [-97.172824, 33.284875], [-97.168196, 33.286602], [-97.169244, 33.288019], [-97.167144, 33.28991], [-97.164072, 33.289979], [-97.160725, 33.294541], [-97.159988, 33.29274], [-97.157098, 33.292546], [-97.154704, 33.290147], [-97.153409, 33.290148], [-97.153411, 33.289503], [-97.151274, 33.28689], [-97.147036, 33.287422], [-97.145465, 33.286873], [-97.145385, 33.285373], [-97.144273, 33.285007], [-97.142543, 33.285102], [-97.142588, 33.28617], [-97.14117, 33.286823], [-97.138687, 33.286819], [-97.137622, 33.284537], [-97.136121, 33.283945], [-97.134273, 33.284844], [-97.133084, 33.284205], [-97.131418, 33.284854], [-97.131353, 33.282624], [-97.12965, 33.282616], [-97.129289, 33.285399], [-97.127443, 33.284439], [-97.126922, 33.28512], [-97.124132, 33.285525], [-97.12385, 33.284667], [-97.121929, 33.28464], [-97.121025, 33.283273], [-97.118773, 33.283119], [-97.116834, 33.280814], [-97.1148, 33.280797], [-97.114021, 33.280164], [-97.110375, 33.27947], [-97.108013, 33.278295], [-97.10619, 33.279244], [-97.103902, 33.279136], [-97.103715, 33.282496], [-97.101833, 33.28165], [-97.09954, 33.27877], [-97.096342, 33.277777], [-97.092386, 33.281836], [-97.094656, 33.277547], [-97.10592, 33.263309], [-97.11243, 33.25395], [-97.117977, 33.25397], [-97.119092, 33.255227], [-97.118997, 33.257384], [-97.12196, 33.2575], [-97.12189, 33.260101], [-97.13143, 33.2603], [-97.13165, 33.254179], [-97.127172, 33.25414], [-97.127096, 33.247773], [-97.126078, 33.247108], [-97.126096, 33.244166], [-97.13186, 33.2442], [-97.131859, 33.240578], [-97.133073, 33.240596], [-97.13671, 33.242318], [-97.137536, 33.241943], [-97.136886, 33.241951], [-97.137361, 33.241442], [-97.14433, 33.241574], [-97.14433, 33.241999], [-97.15567, 33.239179], [-97.16073, 33.23962], [-97.16096, 33.22976], [-97.173892, 33.230054], [-97.16893, 33.21538], [-97.167913, 33.213606], [-97.164165, 33.20996], [-97.161469, 33.20855], [-97.16165, 33.1908], [-97.159598, 33.190766], [-97.155362, 33.184541], [-97.154997, 33.183296], [-97.159014, 33.183757], [-97.159147, 33.179289], [-97.161219, 33.179361], [-97.165902, 33.177653], [-97.168332, 33.178476], [-97.172828, 33.175376], [-97.176147, 33.175009], [-97.178723, 33.176081], [-97.19703, 33.14604], [-97.207389, 33.130999], [-97.258956, 33.131738], [-97.25891, 33.14159], [-97.26646, 33.14165]]]}}, {"type": "Feature", "properties": {"zip": "75115", "city": "Desoto", "county": "Dallas County", "zhvi_2010": 177511, "zhvi_2011": 163518, "zhvi_2012": 161000, "zhvi_2013": 176327, "zhvi_2014": 191938, "zhvi_2015": 208472, "zhvi_2016": 230106, "zhvi_2017": 250648, "zhvi_2018": 269446, "zhvi_2019": 281145, "zhvi_2020": 292269, "zhvi_2021": 325654, "zhvi_2022": 365582, "zhvi_2023": 353596, "zhvi_2024": 342392, "zhvi_2025": 324607, "zori_2015": 1456, "zori_2016": 1497, "zori_2017": 1555, "zori_2018": 1567, "zori_2019": 1613, "zori_2020": 1666, "zori_2021": 1763, "zori_2022": 1809, "zori_2023": 1837, "zori_2024": 1823, "zori_2025": 1818, "has_zhvi": true, "has_zori": true}, "geometry": {"type": "Polygon", "coordinates": [[[-96.908399, 32.618789], [-96.891305, 32.618761], [-96.885168, 32.619387], [-96.88904, 32.62092], [-96.887351, 32.620993], [-96.887412, 32.624317], [-96.889402, 32.625615], [-96.883189, 32.625578], [-96.883649, 32.644303], [-96.885706, 32.645886], [-96.884924, 32.646603], [-96.887055, 32.645072], [-96.884473, 32.647512], [-96.879912, 32.647483], [-96.879911, 32.64652], [-96.878437, 32.646502], [-96.878458, 32.642901], [-96.874241, 32.642893], [-96.87441, 32.636035], [-96.865569, 32.63597], [-96.865684, 32.633083], [-96.85074, 32.633124], [-96.850697, 32.628735], [-96.846339, 32.628754], [-96.845987, 32.624072], [-96.829925, 32.624242], [-96.826764, 32.625881], [-96.823541, 32.626358], [-96.823617, 32.633229], [-96.823105, 32.633232], [-96.822293, 32.590655], [-96.822359, 32.56711], [-96.839683, 32.567148], [-96.839665, 32.565054], [-96.856878, 32.565013], [-96.856878, 32.565962], [-96.861135, 32.565832], [-96.861212, 32.565084], [-96.874027, 32.565285], [-96.874026, 32.565879], [-96.882841, 32.565904], [-96.882936, 32.56807], [-96.899694, 32.56817], [-96.899695, 32.575367], [-96.908251, 32.575356], [-96.908399, 32.618789]]]}}, {"type": "Feature", "properties": {"zip": "76210", "city": "Corinth", "county": "Denton County", "zhvi_2010": 240278, "zhvi_2011": 227057, "zhvi_2012": 227242, "zhvi_2013": 240751, "zhvi_2014": 255329, "zhvi_2015": 277239, "zhvi_2016": 301952, "zhvi_2017": 319625, "zhvi_2018": 333123, "zhvi_2019": 337231, "zhvi_2020": 347272, "zhvi_2021": 387734, "zhvi_2022": 441887, "zhvi_2023": 426677, "zhvi_2024": 414980, "zhvi_2025": 394055, "zori_2015": 1511, "zori_2016": 1544, "zori_2017": 1570, "zori_2018": 1592, "zori_2019": 1626, "zori_2020": 1680, "zori_2021": 1729, "zori_2022": 1778, "zori_2023": 1787, "zori_2024": 1779, "zori_2025": 1740, "has_zhvi": true, "has_zori": true}, "geometry": {"type": "Polygon", "coordinates": [[[-97.152567, 33.168075], [-97.141858, 33.17719], [-97.1419, 33.176009], [-97.138998, 33.174908], [-97.137509, 33.172111], [-97.133433, 33.172231], [-97.133192, 33.168773], [-97.135385, 33.168766], [-97.134269, 33.167821], [-97.125412, 33.168163], [-97.126065, 33.166304], [-97.125107, 33.162464], [-97.125577, 33.161464], [-97.11764, 33.16153], [-97.117363, 33.173378], [-97.114819, 33.173421], [-97.115067, 33.175887], [-97.113138, 33.175857], [-97.113, 33.17727], [-97.109121, 33.182988], [-97.108066, 33.186478], [-97.106, 33.188169], [-97.101343, 33.190393], [-97.096963, 33.184593], [-97.099061, 33.182969], [-97.096873, 33.184512], [-97.096092, 33.185386], [-97.088113, 33.181565], [-97.086802, 33.179619], [-97.088237, 33.179544], [-97.088535, 33.174753], [-97.089791, 33.173513], [-97.086395, 33.171024], [-97.08577, 33.17137], [-97.082868, 33.171231], [-97.080193, 33.168076], [-97.0787, 33.167319], [-97.072881, 33.166313], [-97.077932, 33.166457], [-97.07683, 33.164679], [-97.068721, 33.163266], [-97.065958, 33.159202], [-97.063136, 33.156135], [-97.06328, 33.155119], [-97.060843, 33.152443], [-97.058863, 33.152109], [-97.049649, 33.147956], [-97.051059, 33.147973], [-97.05119, 33.1452], [-97.05387, 33.1451], [-97.04725, 33.138959], [-97.04719, 33.14455], [-97.044424, 33.143178], [-97.04273, 33.144287], [-97.039608, 33.134256], [-97.04182, 33.13275], [-97.03902, 33.12991], [-97.06164, 33.13017], [-97.059365, 33.122697], [-97.061734, 33.122801], [-97.06175, 33.12189], [-97.063468, 33.121997], [-97.063404, 33.122348], [-97.066806, 33.122367], [-97.067028, 33.121082], [-97.069578, 33.120815], [-97.068293, 33.120182], [-97.068928, 33.119114], [-97.071284, 33.118932], [-97.07437, 33.120036], [-97.075273, 33.122129], [-97.079003, 33.122129], [-97.078778, 33.120117], [-97.081233, 33.118195], [-97.08297, 33.1177], [-97.083828, 33.115408], [-97.084506, 33.114956], [-97.087611, 33.115085], [-97.088093, 33.116563], [-97.088608, 33.115941], [-97.088303, 33.115039], [-97.089043, 33.114736], [-97.09045, 33.118676], [-97.091578, 33.117858], [-97.094171, 33.117232], [-97.09423, 33.118509], [-97.096444, 33.119806], [-97.096933, 33.120768], [-97.100544, 33.122478], [-97.099122, 33.12576], [-97.100586, 33.124291], [-97.105369, 33.126979], [-97.105464, 33.127844], [-97.104364, 33.129732], [-97.106621, 33.131563], [-97.108528, 33.130336], [-97.113398, 33.129158], [-97.113319, 33.130465], [-97.11479, 33.132344], [-97.117966, 33.134599], [-97.123202, 33.136378], [-97.123495, 33.136806], [-97.122943, 33.137641], [-97.128869, 33.138982], [-97.130017, 33.139711], [-97.131425, 33.139622], [-97.131488, 33.141257], [-97.133593, 33.143025], [-97.135584, 33.146684], [-97.13562, 33.147651], [-97.139545, 33.149164], [-97.141888, 33.151591], [-97.143982, 33.151617], [-97.14618, 33.149357], [-97.148651, 33.150803], [-97.149127, 33.152866], [-97.148143, 33.154359], [-97.150092, 33.159962], [-97.148373, 33.161822], [-97.149099, 33.165152], [-97.150734, 33.165076], [-97.152567, 33.168075]]]}}, {"type": "Feature", "properties": {"zip": "75116", "city": "Duncanville", "county": "Dallas County", "zhvi_2010": 127017, "zhvi_2011": 117530, "zhvi_2012": 115884, "zhvi_2013": 127741, "zhvi_2014": 141127, "zhvi_2015": 157980, "zhvi_2016": 176832, "zhvi_2017": 194873, "zhvi_2018": 216063, "zhvi_2019": 230955, "zhvi_2020": 241676, "zhvi_2021": 267966, "zhvi_2022": 298931, "zhvi_2023": 293880, "zhvi_2024": 291124, "zhvi_2025": 275082, "zori_2015": null, "zori_2016": null, "zori_2017": null, "zori_2018": null, "zori_2019": null, "zori_2020": null, "zori_2021": null, "zori_2022": null, "zori_2023": null, "zori_2024": null, "zori_2025": 1290, "has_zhvi": true, "has_zori": true}, "geometry": {"type": "Polygon", "coordinates": [[[-96.943226, 32.662227], [-96.925824, 32.66234], [-96.92576, 32.676475], [-96.90862, 32.676445], [-96.90863, 32.675606], [-96.905509, 32.675578], [-96.905637, 32.676379], [-96.892848, 32.676495], [-96.892807, 32.672936], [-96.891472, 32.672974], [-96.891392, 32.647499], [-96.903018, 32.647295], [-96.905722, 32.646026], [-96.9084, 32.645843], [-96.917553, 32.646088], [-96.920293, 32.647409], [-96.942971, 32.647244], [-96.943226, 32.662227]]]}}, {"type": "Feature", "properties": {"zip": "76226", "city": "Argyle", "county": "Denton County", "zhvi_2010": 431241, "zhvi_2011": 406675, "zhvi_2012": 408893, "zhvi_2013": 433172, "zhvi_2014": 458009, "zhvi_2015": 484333, "zhvi_2016": 499333, "zhvi_2017": 508806, "zhvi_2018": 511707, "zhvi_2019": 506089, "zhvi_2020": 515307, "zhvi_2021": 576990, "zhvi_2022": 667793, "zhvi_2023": 640375, "zhvi_2024": 614365, "zhvi_2025": 584725, "zori_2015": null, "zori_2016": null, "zori_2017": null, "zori_2018": null, "zori_2019": null, "zori_2020": null, "zori_2021": null, "zori_2022": 2857, "zori_2023": 2805, "zori_2024": 2739, "zori_2025": 2706, "has_zhvi": true, "has_zori": true}, "geometry": {"type": "Polygon", "coordinates": [[[-97.26522, 33.12463], [-97.260449, 33.124533], [-97.259644, 33.124162], [-97.25949, 33.119252], [-97.25381, 33.11923], [-97.25381, 33.13148], [-97.207389, 33.130999], [-97.19703, 33.14604], [-97.178723, 33.176081], [-97.176147, 33.175009], [-97.172828, 33.175376], [-97.168332, 33.178476], [-97.165902, 33.177653], [-97.161219, 33.179361], [-97.159147, 33.179289], [-97.158802, 33.174977], [-97.154783, 33.174543], [-97.152964, 33.168647], [-97.151742, 33.166393], [-97.150734, 33.165076], [-97.149099, 33.165152], [-97.148373, 33.161822], [-97.150092, 33.159962], [-97.148143, 33.154359], [-97.149127, 33.152866], [-97.148651, 33.150803], [-97.14618, 33.149357], [-97.143982, 33.151617], [-97.141888, 33.151591], [-97.139545, 33.149164], [-97.13562, 33.147651], [-97.135584, 33.146684], [-97.133593, 33.143025], [-97.131488, 33.141257], [-97.131425, 33.139622], [-97.130017, 33.139711], [-97.128869, 33.138982], [-97.122943, 33.137641], [-97.123495, 33.136806], [-97.123202, 33.136378], [-97.117966, 33.134599], [-97.11479, 33.132344], [-97.113319, 33.130465], [-97.113398, 33.129158], [-97.108528, 33.130336], [-97.106621, 33.131563], [-97.104364, 33.129732], [-97.105464, 33.127844], [-97.105369, 33.126979], [-97.100586, 33.124291], [-97.099122, 33.12576], [-97.100544, 33.122478], [-97.096933, 33.120768], [-97.096444, 33.119806], [-97.09423, 33.118509], [-97.094171, 33.117232], [-97.091578, 33.117858], [-97.09045, 33.118676], [-97.089043, 33.114736], [-97.088303, 33.115039], [-97.088608, 33.115941], [-97.088093, 33.116563], [-97.087611, 33.115085], [-97.084506, 33.114956], [-97.083307, 33.116056], [-97.08297, 33.1177], [-97.081233, 33.118195], [-97.078778, 33.120117], [-97.077178, 33.119732], [-97.073818, 33.11761], [-97.070901, 33.118688], [-97.068635, 33.117465], [-97.068216, 33.115278], [-97.06909, 33.112161], [-97.067481, 33.108955], [-97.060992, 33.103521], [-97.065449, 33.101118], [-97.070518, 33.100163], [-97.075718, 33.104613], [-97.077703, 33.104628], [-97.07829, 33.1098], [-97.07925, 33.11031], [-97.079186, 33.108133], [-97.080883, 33.107911], [-97.080931, 33.109347], [-97.087679, 33.10959], [-97.087667, 33.104543], [-97.090125, 33.106215], [-97.090447, 33.107729], [-97.092859, 33.108789], [-97.094979, 33.107573], [-97.097827, 33.104367], [-97.103427, 33.110737], [-97.10345, 33.10326], [-97.101775, 33.103177], [-97.101842, 33.099092], [-97.103065, 33.091739], [-97.104108, 33.091584], [-97.104216, 33.081208], [-97.101883, 33.081225], [-97.101897, 33.072101], [-97.112412, 33.072251], [-97.115478, 33.073718], [-97.122318, 33.073949], [-97.122823, 33.067615], [-97.12708, 33.067615], [-97.127121, 33.064873], [-97.131499, 33.064881], [-97.131438, 33.059393], [-97.133244, 33.059348], [-97.133725, 33.058015], [-97.134482, 33.058013], [-97.134488, 33.059333], [-97.136574, 33.059324], [-97.136576, 33.058017], [-97.13729, 33.058022], [-97.137264, 33.059329], [-97.1458, 33.05941], [-97.14578, 33.0598], [-97.148519, 33.059458], [-97.148639, 33.060373], [-97.149465, 33.060387], [-97.149454, 33.060716], [-97.15128, 33.060395], [-97.151346, 33.061379], [-97.157196, 33.061541], [-97.157269, 33.064551], [-97.161044, 33.064463], [-97.161156, 33.067557], [-97.160019, 33.067566], [-97.159965, 33.072006], [-97.17263, 33.072108], [-97.172704, 33.067639], [-97.178064, 33.067688], [-97.178076, 33.068819], [-97.179088, 33.068803], [-97.178189, 33.065752], [-97.179205, 33.065061], [-97.178143, 33.06451], [-97.178408, 33.062632], [-97.177254, 33.062815], [-97.177421, 33.060978], [-97.182912, 33.053494], [-97.182873, 33.051003], [-97.188397, 33.050962], [-97.201976, 33.054361], [-97.203594, 33.054876], [-97.207792, 33.057709], [-97.231754, 33.064742], [-97.243646, 33.064708], [-97.235618, 33.079912], [-97.235492, 33.092982], [-97.232788, 33.092779], [-97.229843, 33.091169], [-97.226825, 33.096519], [-97.235492, 33.096521], [-97.235474, 33.100572], [-97.240743, 33.100611], [-97.240744, 33.102598], [-97.241422, 33.102598], [-97.241422, 33.100833], [-97.253887, 33.101469], [-97.25387, 33.103397], [-97.25596, 33.103994], [-97.262972, 33.104591], [-97.263138, 33.103066], [-97.26436, 33.103017], [-97.264337, 33.112103], [-97.265294, 33.114698], [-97.26522, 33.12463]]]}}, {"type": "Feature", "properties": {"zip": "75126", "city": "Forney", "county": "Kaufman County", "zhvi_2010": 268376, "zhvi_2011": 248761, "zhvi_2012": 221954, "zhvi_2013": 226259, "zhvi_2014": 239723, "zhvi_2015": 262098, "zhvi_2016": 283866, "zhvi_2017": 301442, "zhvi_2018": 309173, "zhvi_2019": 309632, "zhvi_2020": 312663, "zhvi_2021": 350303, "zhvi_2022": 396878, "zhvi_2023": 366488, "zhvi_2024": 340990, "zhvi_2025": 317899, "zori_2015": 1736, "zori_2016": 1758, "zori_2017": 1783, "zori_2018": 1819, "zori_2019": 1848, "zori_2020": 1904, "zori_2021": 1983, "zori_2022": 1992, "zori_2023": 1971, "zori_2024": 1946, "zori_2025": 1885, "has_zhvi": true, "has_zori": true}, "geometry": {"type": "Polygon", "coordinates": [[[-96.521322, 32.662872], [-96.520745, 32.677822], [-96.521067, 32.688456], [-96.51897, 32.813616], [-96.489328, 32.813242], [-96.491925, 32.816174], [-96.490374, 32.818058], [-96.492999, 32.817769], [-96.496382, 32.820238], [-96.495675, 32.82184], [-96.493719, 32.821612], [-96.492996, 32.82326], [-96.49093, 32.822851], [-96.488985, 32.825325], [-96.487449, 32.822791], [-96.481811, 32.822203], [-96.482983, 32.820296], [-96.480299, 32.819859], [-96.477738, 32.822141], [-96.474024, 32.821899], [-96.473478, 32.82337], [-96.473798, 32.827516], [-96.464449, 32.835419], [-96.463333, 32.834449], [-96.464428, 32.833354], [-96.459745, 32.829265], [-96.452076, 32.835219], [-96.450434, 32.834234], [-96.449107, 32.830087], [-96.450386, 32.82784], [-96.452454, 32.827348], [-96.45229, 32.824738], [-96.457024, 32.820864], [-96.448538, 32.813543], [-96.385085, 32.814183], [-96.380833, 32.813744], [-96.380459, 32.811864], [-96.379095, 32.811236], [-96.379116, 32.806883], [-96.377997, 32.806222], [-96.378528, 32.804149], [-96.380139, 32.802349], [-96.380413, 32.798623], [-96.378614, 32.795923], [-96.381001, 32.792879], [-96.38011, 32.7918], [-96.377367, 32.783675], [-96.377855, 32.782584], [-96.377952, 32.779125], [-96.376384, 32.774955], [-96.376279, 32.772889], [-96.373401, 32.766576], [-96.373293, 32.763776], [-96.371842, 32.762279], [-96.372304, 32.7612], [-96.371337, 32.759301], [-96.373517, 32.755096], [-96.372744, 32.753055], [-96.37322, 32.750953], [-96.375232, 32.749378], [-96.375401, 32.74711], [-96.376848, 32.745793], [-96.376612, 32.743966], [-96.377305, 32.742461], [-96.376308, 32.741497], [-96.374916, 32.741327], [-96.377291, 32.73388], [-96.377476, 32.729785], [-96.377203, 32.727885], [-96.37477, 32.72544], [-96.375004, 32.723818], [-96.373951, 32.722869], [-96.373658, 32.720866], [-96.376081, 32.720083], [-96.376985, 32.718494], [-96.376354, 32.717174], [-96.375263, 32.716775], [-96.374801, 32.715348], [-96.374886, 32.710977], [-96.372969, 32.698189], [-96.384645, 32.695952], [-96.399907, 32.695822], [-96.398728, 32.694794], [-96.401902, 32.695129], [-96.417903, 32.681891], [-96.403961, 32.670149], [-96.40942, 32.665607], [-96.433769, 32.686771], [-96.443523, 32.678624], [-96.4427, 32.677908], [-96.442591, 32.674458], [-96.443483, 32.67205], [-96.457759, 32.660128], [-96.470883, 32.671503], [-96.472874, 32.669744], [-96.471628, 32.668773], [-96.474292, 32.666462], [-96.474668, 32.665343], [-96.477514, 32.663432], [-96.494264, 32.64828], [-96.496988, 32.648676], [-96.496175, 32.650132], [-96.497499, 32.650531], [-96.498986, 32.649842], [-96.500077, 32.65093], [-96.501295, 32.649676], [-96.502848, 32.650022], [-96.504528, 32.651566], [-96.511257, 32.652042], [-96.513979, 32.655638], [-96.516317, 32.656802], [-96.515881, 32.659361], [-96.516486, 32.660055], [-96.518804, 32.657451], [-96.519427, 32.657646], [-96.520475, 32.659107], [-96.521322, 32.662872]], [[-96.495635, 32.820205], [-96.493865, 32.819025], [-96.491003, 32.819037], [-96.490989, 32.821481], [-96.492534, 32.822242], [-96.49362, 32.821098], [-96.495262, 32.820939], [-96.495635, 32.820205]]]}}, {"type": "Feature", "properties": {"zip": "76001", "city": "Arlington", "county": "Tarrant County", "zhvi_2010": 214450, "zhvi_2011": 199534, "zhvi_2012": 195238, "zhvi_2013": 202610, "zhvi_2014": 214160, "zhvi_2015": 232693, "zhvi_2016": 255015, "zhvi_2017": 274804, "zhvi_2018": 292462, "zhvi_2019": 300796, "zhvi_2020": 313410, "zhvi_2021": 348953, "zhvi_2022": 394217, "zhvi_2023": 378019, "zhvi_2024": 366926, "zhvi_2025": 347814, "zori_2015": null, "zori_2016": 1741, "zori_2017": 1779, "zori_2018": 1820, "zori_2019": 1860, "zori_2020": 1926, "zori_2021": 2051, "zori_2022": 2138, "zori_2023": 2127, "zori_2024": 2107, "zori_2025": 2063, "has_zhvi": true, "has_zori": true}, "geometry": {"type": "Polygon", "coordinates": [[[-97.194546, 32.631615], [-97.192939, 32.631177], [-97.192888, 32.634605], [-97.189219, 32.634672], [-97.188849, 32.640921], [-97.189004, 32.646212], [-97.193352, 32.646219], [-97.19432, 32.651291], [-97.193363, 32.652856], [-97.193762, 32.65609], [-97.188409, 32.650005], [-97.185823, 32.646256], [-97.184495, 32.646254], [-97.183318, 32.644472], [-97.183101, 32.645617], [-97.179458, 32.649229], [-97.158022, 32.648603], [-97.146362, 32.64885], [-97.128386, 32.648449], [-97.126242, 32.6477], [-97.12365, 32.645088], [-97.115545, 32.644714], [-97.115322, 32.643442], [-97.115556, 32.619263], [-97.117917, 32.611855], [-97.117616, 32.609837], [-97.120316, 32.613878], [-97.125741, 32.611435], [-97.140994, 32.611471], [-97.142242, 32.611598], [-97.139753, 32.616014], [-97.154672, 32.616149], [-97.154714, 32.613995], [-97.170549, 32.613705], [-97.180984, 32.608527], [-97.188406, 32.615502], [-97.190066, 32.619289], [-97.190153, 32.623142], [-97.19439, 32.625557], [-97.194546, 32.631615]]]}}, {"type": "Feature", "properties": {"zip": "76006", "city": "Arlington", "county": "Tarrant County", "zhvi_2010": 263621, "zhvi_2011": 245892, "zhvi_2012": 239974, "zhvi_2013": 249226, "zhvi_2014": 256483, "zhvi_2015": 271822, "zhvi_2016": 287392, "zhvi_2017": 305560, "zhvi_2018": 322862, "zhvi_2019": 329623, "zhvi_2020": 339882, "zhvi_2021": 371048, "zhvi_2022": 413757, "zhvi_2023": 407528, "zhvi_2024": 398924, "zhvi_2025": 381106, "zori_2015": null, "zori_2016": null, "zori_2017": null, "zori_2018": null, "zori_2019": null, "zori_2020": null, "zori_2021": 1274, "zori_2022": 1299, "zori_2023": 1278, "zori_2024": 1170, "zori_2025": 1151, "has_zhvi": true, "has_zori": true}, "geometry": {"type": "Polygon", "coordinates": [[[-97.139945, 32.779395], [-97.140163, 32.80353], [-97.125333, 32.802816], [-97.099517, 32.80876], [-97.099421, 32.805781], [-97.097722, 32.798538], [-97.097275, 32.790066], [-97.096003, 32.786011], [-97.092186, 32.786633], [-97.088774, 32.788005], [-97.089174, 32.785161], [-97.088481, 32.784028], [-97.086471, 32.782899], [-97.084079, 32.783079], [-97.082956, 32.781626], [-97.081807, 32.782786], [-97.081629, 32.784537], [-97.080431, 32.784782], [-97.078521, 32.783318], [-97.075194, 32.784011], [-97.073473, 32.785297], [-97.073773, 32.78773], [-97.073413, 32.790746], [-97.070708, 32.791018], [-97.069545, 32.79285], [-97.069067, 32.794925], [-97.067547, 32.793931], [-97.066403, 32.796297], [-97.064144, 32.796253], [-97.063687, 32.798236], [-97.065346, 32.799753], [-97.063356, 32.800283], [-97.062681, 32.802114], [-97.062701, 32.796786], [-97.06229, 32.796426], [-97.062625, 32.796023], [-97.062647, 32.785175], [-97.059949, 32.785366], [-97.060837, 32.781931], [-97.062719, 32.780977], [-97.062579, 32.779027], [-97.06127, 32.77902], [-97.062297, 32.773844], [-97.061716, 32.773829], [-97.062602, 32.767195], [-97.063503, 32.767217], [-97.063798, 32.763637], [-97.066519, 32.759768], [-97.085329, 32.760067], [-97.085342, 32.773023], [-97.087166, 32.774037], [-97.091583, 32.77529], [-97.114188, 32.775677], [-97.114333, 32.781682], [-97.11483, 32.782879], [-97.116494, 32.782235], [-97.120819, 32.781903], [-97.123452, 32.779981], [-97.125474, 32.779128], [-97.133571, 32.779275], [-97.135277, 32.778666], [-97.135986, 32.779156], [-97.139945, 32.779395]]]}}, {"type": "Feature", "properties": {"zip": "75165", "city": "Waxahachie", "county": "Ellis County", "zhvi_2010": 201397, "zhvi_2011": 193292, "zhvi_2012": 191268, "zhvi_2013": 201200, "zhvi_2014": 214617, "zhvi_2015": 233418, "zhvi_2016": 254412, "zhvi_2017": 275704, "zhvi_2018": 293461, "zhvi_2019": 300688, "zhvi_2020": 314809, "zhvi_2021": 351081, "zhvi_2022": 388518, "zhvi_2023": 373818, "zhvi_2024": 363974, "zhvi_2025": 349215, "zori_2015": null, "zori_2016": null, "zori_2017": null, "zori_2018": null, "zori_2019": null, "zori_2020": null, "zori_2021": 1593, "zori_2022": 1667, "zori_2023": 1677, "zori_2024": 1647, "zori_2025": 1609, "has_zhvi": true, "has_zori": true}, "geometry": {"type": "MultiPolygon", "coordinates": [[[[-96.800111, 32.494165], [-96.796906, 32.493229], [-96.797134, 32.491916], [-96.799363, 32.491132], [-96.800344, 32.492137], [-96.800111, 32.494165]]], [[[-96.881053, 32.367693], [-96.870476, 32.37215], [-96.872151, 32.37278], [-96.87188, 32.374496], [-96.870822, 32.374405], [-96.869816, 32.379159], [-96.865509, 32.378771], [-96.872656, 32.399864], [-96.873141, 32.40247], [-96.872469, 32.412129], [-96.871369, 32.415402], [-96.869885, 32.417875], [-96.850387, 32.442196], [-96.841354, 32.465798], [-96.82299, 32.497488], [-96.822391, 32.497019], [-96.822863, 32.490737], [-96.820772, 32.492061], [-96.817446, 32.492626], [-96.814619, 32.49384], [-96.812719, 32.496656], [-96.811057, 32.496483], [-96.808903, 32.500041], [-96.805896, 32.499682], [-96.805378, 32.501503], [-96.799635, 32.501452], [-96.797101, 32.502159], [-96.796645, 32.501455], [-96.797759, 32.501619], [-96.801995, 32.492078], [-96.795651, 32.485294], [-96.794698, 32.484966], [-96.787991, 32.488705], [-96.786206, 32.486066], [-96.778346, 32.487262], [-96.776464, 32.483213], [-96.775386, 32.483365], [-96.772191, 32.477372], [-96.769466, 32.478412], [-96.767297, 32.477162], [-96.766555, 32.474444], [-96.764301, 32.471472], [-96.76434, 32.469743], [-96.766179, 32.469434], [-96.769861, 32.467559], [-96.769707, 32.466313], [-96.767728, 32.466081], [-96.763056, 32.462501], [-96.761235, 32.461719], [-96.76122, 32.459542], [-96.758013, 32.458788], [-96.75719, 32.457106], [-96.754273, 32.455965], [-96.753285, 32.454452], [-96.751274, 32.45365], [-96.751834, 32.450272], [-96.748526, 32.450031], [-96.748105, 32.450614], [-96.742513, 32.452699], [-96.741014, 32.449347], [-96.741194, 32.448394], [-96.739103, 32.449616], [-96.73579, 32.449637], [-96.735064, 32.450097], [-96.732516, 32.449317], [-96.731711, 32.448278], [-96.72998, 32.447522], [-96.728516, 32.448181], [-96.726085, 32.446254], [-96.724444, 32.444132], [-96.722082, 32.443626], [-96.721416, 32.444687], [-96.720729, 32.443682], [-96.7199, 32.444132], [-96.718228, 32.441754], [-96.716965, 32.440852], [-96.715023, 32.44095], [-96.71111, 32.439224], [-96.708873, 32.438808], [-96.706778, 32.439058], [-96.704769, 32.429202], [-96.705967, 32.427705], [-96.716149, 32.42311], [-96.713503, 32.421062], [-96.720141, 32.419671], [-96.718494, 32.419466], [-96.713688, 32.41657], [-96.709649, 32.415749], [-96.707221, 32.414363], [-96.702954, 32.410192], [-96.701461, 32.409292], [-96.702446, 32.40923], [-96.705037, 32.407823], [-96.706123, 32.406658], [-96.70806, 32.405945], [-96.707873, 32.404024], [-96.710107, 32.404881], [-96.712679, 32.403975], [-96.713609, 32.405043], [-96.714667, 32.403982], [-96.719229, 32.403661], [-96.720454, 32.402685], [-96.724111, 32.40196], [-96.724651, 32.396237], [-96.720795, 32.396414], [-96.719924, 32.395317], [-96.718451, 32.395306], [-96.718516, 32.383849], [-96.709829, 32.383722], [-96.709992, 32.376086], [-96.728917, 32.375767], [-96.73586, 32.376739], [-96.736128, 32.375363], [-96.738495, 32.375472], [-96.738706, 32.3739], [-96.7383, 32.371225], [-96.732135, 32.361435], [-96.728141, 32.360863], [-96.72709, 32.363389], [-96.723833, 32.363458], [-96.726861, 32.355941], [-96.727435, 32.350148], [-96.72896, 32.347728], [-96.725972, 32.343359], [-96.725468, 32.343606], [-96.718019, 32.332529], [-96.71968, 32.330459], [-96.719884, 32.321371], [-96.738138, 32.301286], [-96.747127, 32.295526], [-96.748717, 32.297376], [-96.750877, 32.298491], [-96.754036, 32.298817], [-96.755669, 32.298488], [-96.775666, 32.288811], [-96.775411, 32.285637], [-96.774916, 32.285617], [-96.774678, 32.284376], [-96.772168, 32.282369], [-96.770179, 32.279144], [-96.768363, 32.279128], [-96.767648, 32.275945], [-96.762605, 32.265663], [-96.772969, 32.259901], [-96.768754, 32.253754], [-96.786631, 32.243488], [-96.788741, 32.242909], [-96.780904, 32.23597], [-96.797767, 32.225737], [-96.804477, 32.235003], [-96.812693, 32.230859], [-96.815286, 32.234405], [-96.81922, 32.232], [-96.823674, 32.237907], [-96.823554, 32.238672], [-96.821095, 32.239979], [-96.820498, 32.238913], [-96.818312, 32.240035], [-96.819337, 32.242373], [-96.817983, 32.242978], [-96.81902, 32.248435], [-96.820811, 32.247994], [-96.822289, 32.250325], [-96.826917, 32.248152], [-96.82944, 32.251374], [-96.823241, 32.254451], [-96.828378, 32.261141], [-96.829995, 32.260928], [-96.864232, 32.243749], [-96.86486, 32.255361], [-96.865629, 32.255432], [-96.861298, 32.285196], [-96.863332, 32.2855], [-96.864049, 32.287267], [-96.867052, 32.288013], [-96.860161, 32.322777], [-96.854998, 32.346221], [-96.856085, 32.347372], [-96.857224, 32.350013], [-96.85753, 32.358068], [-96.859679, 32.365086], [-96.863434, 32.366611], [-96.864072, 32.36748], [-96.870943, 32.364352], [-96.872299, 32.36659], [-96.871938, 32.367226], [-96.868321, 32.369032], [-96.869594, 32.370851], [-96.869174, 32.372315], [-96.874946, 32.370244], [-96.880837, 32.367428], [-96.881053, 32.367693]]]]}}, {"type": "Feature", "properties": {"zip": "76262", "city": "Roanoke", "county": "Denton County", "zhvi_2010": 383197, "zhvi_2011": 361309, "zhvi_2012": 363589, "zhvi_2013": 386902, "zhvi_2014": 414672, "zhvi_2015": 457008, "zhvi_2016": 482899, "zhvi_2017": 497037, "zhvi_2018": 504774, "zhvi_2019": 502710, "zhvi_2020": 518337, "zhvi_2021": 578729, "zhvi_2022": 654591, "zhvi_2023": 639631, "zhvi_2024": 633646, "zhvi_2025": 613588, "zori_2015": null, "zori_2016": 1461, "zori_2017": 1473, "zori_2018": 1494, "zori_2019": 1509, "zori_2020": 1557, "zori_2021": 1646, "zori_2022": 1702, "zori_2023": 1655, "zori_2024": 1633, "zori_2025": 1585, "has_zhvi": true, "has_zori": true}, "geometry": {"type": "Polygon", "coordinates": [[[-97.308828, 32.972302], [-97.306728, 32.980157], [-97.305337, 32.982555], [-97.299329, 32.991282], [-97.299651, 32.991282], [-97.278421, 33.021093], [-97.26167, 33.03943], [-97.251023, 33.052386], [-97.254256, 33.058124], [-97.254711, 33.0595], [-97.254299, 33.060986], [-97.257616, 33.062528], [-97.261104, 33.062255], [-97.263006, 33.063029], [-97.263025, 33.061678], [-97.26734, 33.062337], [-97.268519, 33.063512], [-97.267178, 33.064149], [-97.266838, 33.065249], [-97.267804, 33.066043], [-97.269582, 33.066087], [-97.272897, 33.068914], [-97.273114, 33.069924], [-97.274719, 33.069499], [-97.277573, 33.071129], [-97.277334, 33.075116], [-97.277889, 33.076349], [-97.272607, 33.078066], [-97.270668, 33.080751], [-97.270835, 33.084964], [-97.264817, 33.085085], [-97.264592, 33.092513], [-97.265841, 33.092509], [-97.265815, 33.093834], [-97.264507, 33.093852], [-97.264836, 33.095656], [-97.270861, 33.095378], [-97.271069, 33.090769], [-97.275023, 33.090702], [-97.27336, 33.093337], [-97.271208, 33.094535], [-97.270981, 33.095576], [-97.268741, 33.095762], [-97.264435, 33.095661], [-97.264536, 33.08505], [-97.24877, 33.08497], [-97.24702, 33.085859], [-97.23553, 33.08578], [-97.235618, 33.079912], [-97.243646, 33.064708], [-97.231754, 33.064742], [-97.207792, 33.057709], [-97.203594, 33.054876], [-97.201976, 33.054361], [-97.188397, 33.050962], [-97.182873, 33.051003], [-97.180284, 33.049653], [-97.181744, 33.046192], [-97.180523, 33.042493], [-97.182177, 33.042403], [-97.181642, 33.04121], [-97.182097, 33.038069], [-97.181103, 33.039062], [-97.180044, 33.037987], [-97.177286, 33.037804], [-97.172702, 33.033205], [-97.170924, 33.029043], [-97.125761, 33.00311], [-97.117618, 33.000818], [-97.108415, 32.997002], [-97.088162, 32.990073], [-97.130244, 32.990335], [-97.133591, 32.992004], [-97.133552, 32.999502], [-97.15771, 33.010624], [-97.167017, 33.010745], [-97.167211, 32.986127], [-97.168047, 32.985486], [-97.168105, 32.983666], [-97.162403, 32.976247], [-97.165627, 32.976355], [-97.168085, 32.975415], [-97.168166, 32.97315], [-97.169727, 32.973167], [-97.16974, 32.970667], [-97.178098, 32.970689], [-97.178225, 32.967619], [-97.178886, 32.96633], [-97.185825, 32.966401], [-97.185741, 32.948839], [-97.20304, 32.948921], [-97.20312, 32.941665], [-97.204307, 32.941679], [-97.204504, 32.944825], [-97.205545, 32.946571], [-97.208769, 32.946581], [-97.208684, 32.949253], [-97.212908, 32.94886], [-97.212976, 32.946145], [-97.210082, 32.946138], [-97.210623, 32.944811], [-97.210539, 32.945316], [-97.214412, 32.945425], [-97.214352, 32.948948], [-97.214749, 32.949574], [-97.216974, 32.948936], [-97.217142, 32.947217], [-97.220485, 32.947195], [-97.220498, 32.948665], [-97.22476, 32.948936], [-97.224732, 32.949645], [-97.226526, 32.949651], [-97.227271, 32.954842], [-97.229063, 32.956294], [-97.228088, 32.956305], [-97.227931, 32.963439], [-97.232902, 32.963491], [-97.232792, 32.970791], [-97.238492, 32.970829], [-97.228173, 32.970765], [-97.228972, 32.971179], [-97.228762, 32.990919], [-97.262795, 32.991096], [-97.262917, 32.979961], [-97.269985, 32.976416], [-97.281712, 32.971438], [-97.28185, 32.972068], [-97.308828, 32.972302]]]}}, {"type": "Feature", "properties": {"zip": "76266", "city": "Sanger", "county": "Denton County", "zhvi_2010": 209578, "zhvi_2011": 193449, "zhvi_2012": 191128, "zhvi_2013": 203272, "zhvi_2014": 217891, "zhvi_2015": 236266, "zhvi_2016": 259732, "zhvi_2017": 283027, "zhvi_2018": 299538, "zhvi_2019": 305927, "zhvi_2020": 317845, "zhvi_2021": 353468, "zhvi_2022": 394919, "zhvi_2023": 379677, "zhvi_2024": 367047, "zhvi_2025": 353515, "zori_2015": null, "zori_2016": null, "zori_2017": null, "zori_2018": null, "zori_2019": null, "zori_2020": null, "zori_2021": null, "zori_2022": null, "zori_2023": null, "zori_2024": null, "zori_2025": 1737, "has_zhvi": true, "has_zori": true}, "geometry": {"type": "Polygon", "coordinates": [[[-97.384617, 33.396273], [-97.3585, 33.417212], [-97.342595, 33.425384], [-97.343568, 33.429095], [-97.288312, 33.427342], [-97.288184, 33.431689], [-97.292666, 33.432254], [-97.292347, 33.450476], [-97.289756, 33.452298], [-97.287258, 33.452014], [-97.287572, 33.445679], [-97.271752, 33.445107], [-97.271122, 33.457186], [-97.261528, 33.457073], [-97.261079, 33.456345], [-97.254323, 33.456261], [-97.254686, 33.431849], [-97.255409, 33.430483], [-97.255462, 33.426298], [-97.108642, 33.421977], [-97.109433, 33.419918], [-97.107739, 33.418315], [-97.106128, 33.418315], [-97.104898, 33.417057], [-97.102905, 33.417904], [-97.101566, 33.415408], [-97.100173, 33.414561], [-97.099653, 33.413119], [-97.097769, 33.413027], [-97.097414, 33.412272], [-97.097631, 33.408172], [-97.093669, 33.400433], [-97.09517, 33.397456], [-97.094596, 33.396037], [-97.09252, 33.393174], [-97.091418, 33.392601], [-97.089817, 33.393999], [-97.088479, 33.392923], [-97.086787, 33.393518], [-97.085967, 33.390152], [-97.08512, 33.389167], [-97.084928, 33.38619], [-97.082417, 33.383878], [-97.077638, 33.381565], [-97.076191, 33.382207], [-97.073079, 33.38168], [-97.070459, 33.382368], [-97.067811, 33.380696], [-97.067893, 33.379756], [-97.06964, 33.379413], [-97.069121, 33.37765], [-97.064262, 33.376275], [-97.062925, 33.374947], [-97.060671, 33.374428], [-97.060707, 33.372152], [-97.059584, 33.371969], [-97.059442, 33.369096], [-97.058157, 33.367047], [-97.056847, 33.368232], [-97.056148, 33.370178], [-97.055324, 33.368221], [-97.052494, 33.366735], [-97.050955, 33.36804], [-97.048761, 33.367173], [-97.048083, 33.368375], [-97.04682, 33.36853], [-97.046401, 33.366809], [-97.043866, 33.366135], [-97.043097, 33.363842], [-97.04307, 33.361086], [-97.039734, 33.360754], [-97.037596, 33.362592], [-97.036665, 33.361355], [-97.038487, 33.359592], [-97.0372, 33.358074], [-97.036074, 33.357867], [-97.056405, 33.352536], [-97.083095, 33.349051], [-97.08676, 33.34948], [-97.08959, 33.35061], [-97.089654, 33.345457], [-97.087276, 33.345372], [-97.087421, 33.342567], [-97.089492, 33.342558], [-97.089419, 33.329863], [-97.095602, 33.329841], [-97.095555, 33.313515], [-97.11068, 33.31357], [-97.11072, 33.31011], [-97.1083, 33.309995], [-97.10829, 33.303657], [-97.120164, 33.303658], [-97.122466, 33.306406], [-97.123906, 33.305512], [-97.122606, 33.305261], [-97.120393, 33.303272], [-97.121836, 33.303041], [-97.122437, 33.30183], [-97.123664, 33.301343], [-97.123806, 33.299639], [-97.123044, 33.29898], [-97.121685, 33.299618], [-97.120276, 33.299425], [-97.118287, 33.300013], [-97.119646, 33.297277], [-97.116788, 33.294525], [-97.114927, 33.294007], [-97.11726, 33.293284], [-97.116025, 33.292751], [-97.115187, 33.293419], [-97.113536, 33.293374], [-97.113124, 33.292493], [-97.110586, 33.291663], [-97.111071, 33.290557], [-97.112496, 33.290545], [-97.112784, 33.289082], [-97.108918, 33.284784], [-97.103715, 33.282496], [-97.103902, 33.279136], [-97.10619, 33.279244], [-97.108013, 33.278295], [-97.110375, 33.27947], [-97.114021, 33.280164], [-97.1148, 33.280797], [-97.116834, 33.280814], [-97.118773, 33.283119], [-97.121025, 33.283273], [-97.121929, 33.28464], [-97.12385, 33.284667], [-97.124132, 33.285525], [-97.126922, 33.28512], [-97.127443, 33.284439], [-97.129289, 33.285399], [-97.12965, 33.282616], [-97.131353, 33.282624], [-97.131418, 33.284854], [-97.133084, 33.284205], [-97.134273, 33.284844], [-97.136121, 33.283945], [-97.137622, 33.284537], [-97.138687, 33.286819], [-97.14117, 33.286823], [-97.142588, 33.28617], [-97.142543, 33.285102], [-97.144273, 33.285007], [-97.145385, 33.285373], [-97.145465, 33.286873], [-97.147036, 33.287422], [-97.151274, 33.28689], [-97.153411, 33.289503], [-97.153409, 33.290148], [-97.154704, 33.290147], [-97.157098, 33.292546], [-97.159988, 33.29274], [-97.160725, 33.294541], [-97.164072, 33.289979], [-97.167144, 33.28991], [-97.169244, 33.288019], [-97.168196, 33.286602], [-97.172824, 33.284875], [-97.172148, 33.283265], [-97.177938, 33.283353], [-97.177547, 33.302832], [-97.1795, 33.31505], [-97.20801, 33.29677], [-97.209897, 33.299064], [-97.217886, 33.298538], [-97.21818, 33.299439], [-97.229773, 33.299598], [-97.22969, 33.306457], [-97.233583, 33.306387], [-97.233583, 33.307717], [-97.237414, 33.307756], [-97.23767, 33.29598], [-97.26395, 33.296599], [-97.26336, 33.31725], [-97.26477, 33.31729], [-97.26466, 33.319133], [-97.269492, 33.319407], [-97.269574, 33.317489], [-97.288113, 33.31845], [-97.288291, 33.320623], [-97.29922, 33.32085], [-97.29916, 33.335804], [-97.330839, 33.336228], [-97.330778, 33.341813], [-97.334979, 33.34182], [-97.334607, 33.35658], [-97.34919, 33.356879], [-97.35045, 33.356119], [-97.35016, 33.3714], [-97.385545, 33.371937], [-97.384617, 33.396273]]]}}, {"type": "Feature", "properties": {"zip": "75150", "city": "Mesquite", "county": "Dallas County", "zhvi_2010": 123379, "zhvi_2011": 112723, "zhvi_2012": 113750, "zhvi_2013": 124985, "zhvi_2014": 138437, "zhvi_2015": 153653, "zhvi_2016": 175262, "zhvi_2017": 196424, "zhvi_2018": 212921, "zhvi_2019": 223378, "zhvi_2020": 234133, "zhvi_2021": 258212, "zhvi_2022": 287080, "zhvi_2023": 282020, "zhvi_2024": 277252, "zhvi_2025": 255717, "zori_2015": null, "zori_2016": null, "zori_2017": 1125, "zori_2018": 1141, "zori_2019": 1173, "zori_2020": 1215, "zori_2021": 1281, "zori_2022": 1360, "zori_2023": 1362, "zori_2024": 1312, "zori_2025": 1282, "has_zhvi": true, "has_zori": true}, "geometry": {"type": "Polygon", "coordinates": [[[-96.676428, 32.79973], [-96.674166, 32.800877], [-96.673844, 32.801525], [-96.675373, 32.801023], [-96.675334, 32.802611], [-96.674546, 32.803667], [-96.673605, 32.806879], [-96.66577, 32.807035], [-96.665255, 32.815398], [-96.662264, 32.815541], [-96.662321, 32.819025], [-96.661622, 32.819063], [-96.661683, 32.821391], [-96.658051, 32.821533], [-96.658359, 32.8338], [-96.658861, 32.834526], [-96.655263, 32.837638], [-96.652556, 32.835316], [-96.648996, 32.838334], [-96.64718, 32.837667], [-96.642307, 32.839593], [-96.639674, 32.839652], [-96.628038, 32.849263], [-96.622079, 32.843902], [-96.620338, 32.841724], [-96.620253, 32.841034], [-96.622429, 32.839694], [-96.619052, 32.838299], [-96.615983, 32.839112], [-96.613966, 32.838293], [-96.611738, 32.838442], [-96.609392, 32.839528], [-96.606769, 32.838858], [-96.603701, 32.838859], [-96.602141, 32.839479], [-96.601877, 32.840555], [-96.600539, 32.839374], [-96.600023, 32.838414], [-96.610986, 32.833934], [-96.608874, 32.832621], [-96.600319, 32.836235], [-96.59583, 32.833246], [-96.595928, 32.817976], [-96.597037, 32.817549], [-96.596941, 32.814005], [-96.604393, 32.813964], [-96.604503, 32.806709], [-96.599223, 32.806741], [-96.599071, 32.804527], [-96.598068, 32.804527], [-96.598108, 32.797663], [-96.593787, 32.797328], [-96.593829, 32.790546], [-96.592858, 32.790377], [-96.595897, 32.790419], [-96.606798, 32.792461], [-96.612238, 32.792701], [-96.652937, 32.792332], [-96.674152, 32.798997], [-96.675827, 32.799115], [-96.676428, 32.79973]]]}}, {"type": "Feature", "properties": {"zip": "75146", "city": "Lancaster", "county": "Dallas County", "zhvi_2010": 129215, "zhvi_2011": 115160, "zhvi_2012": 116518, "zhvi_2013": 130804, "zhvi_2014": 146976, "zhvi_2015": 164867, "zhvi_2016": 185906, "zhvi_2017": 204353, "zhvi_2018": 223679, "zhvi_2019": 236495, "zhvi_2020": 247888, "zhvi_2021": 278523, "zhvi_2022": 315746, "zhvi_2023": 305897, "zhvi_2024": 297981, "zhvi_2025": 281847, "zori_2015": null, "zori_2016": null, "zori_2017": null, "zori_2018": null, "zori_2019": null, "zori_2020": null, "zori_2021": 2195, "zori_2022": 2141, "zori_2023": 2214, "zori_2024": 2225, "zori_2025": 2193, "has_zhvi": true, "has_zori": true}, "geometry": {"type": "Polygon", "coordinates": [[[-96.822658, 32.618759], [-96.810577, 32.618788], [-96.809035, 32.616428], [-96.808979, 32.614491], [-96.80711, 32.613805], [-96.808209, 32.613048], [-96.80622, 32.611173], [-96.805634, 32.608345], [-96.805633, 32.604267], [-96.782538, 32.604672], [-96.782798, 32.605278], [-96.785376, 32.606997], [-96.780594, 32.606989], [-96.782708, 32.606324], [-96.781851, 32.604749], [-96.777631, 32.605235], [-96.777642, 32.605835], [-96.774149, 32.605849], [-96.774142, 32.605203], [-96.761107, 32.605021], [-96.760683, 32.603915], [-96.758047, 32.603855], [-96.758708, 32.604842], [-96.754481, 32.604905], [-96.753208, 32.603928], [-96.747695, 32.603952], [-96.736082, 32.617609], [-96.736051, 32.61583], [-96.73306, 32.611236], [-96.718675, 32.611121], [-96.718695, 32.612622], [-96.710846, 32.612558], [-96.708792, 32.611265], [-96.70648, 32.608517], [-96.706882, 32.607528], [-96.704558, 32.606522], [-96.704108, 32.604155], [-96.700396, 32.603025], [-96.699885, 32.600796], [-96.697014, 32.600302], [-96.696522, 32.598202], [-96.694987, 32.595878], [-96.69292, 32.59417], [-96.691661, 32.59434], [-96.688538, 32.587497], [-96.692157, 32.58572], [-96.690301, 32.583054], [-96.686764, 32.584618], [-96.685753, 32.584308], [-96.680471, 32.571792], [-96.66938, 32.561822], [-96.667849, 32.559949], [-96.666444, 32.556272], [-96.66693, 32.556069], [-96.666139, 32.553009], [-96.665867, 32.546205], [-96.682116, 32.546313], [-96.681394, 32.54544], [-96.68363, 32.544173], [-96.681175, 32.540399], [-96.682253, 32.540475], [-96.685272, 32.545023], [-96.687512, 32.544178], [-96.688969, 32.54618], [-96.693441, 32.546397], [-96.709074, 32.546483], [-96.718948, 32.541877], [-96.719525, 32.541947], [-96.722616, 32.546557], [-96.82213, 32.54715], [-96.822646, 32.6043], [-96.815973, 32.60427], [-96.815983, 32.608085], [-96.820859, 32.607989], [-96.820899, 32.610291], [-96.822604, 32.61027], [-96.822658, 32.618759]], [[-96.815981, 32.608749], [-96.813018, 32.608829], [-96.813053, 32.611035], [-96.815992, 32.611057], [-96.815981, 32.608749]]]}}, {"type": "Feature", "properties": {"zip": "75039", "city": "Irving", "county": "Dallas County", "zhvi_2010": 519725, "zhvi_2011": 487406, "zhvi_2012": 479027, "zhvi_2013": 504361, "zhvi_2014": 528314, "zhvi_2015": 558332, "zhvi_2016": 573742, "zhvi_2017": 571296, "zhvi_2018": 568935, "zhvi_2019": 560577, "zhvi_2020": 565248, "zhvi_2021": 600023, "zhvi_2022": 667666, "zhvi_2023": 654530, "zhvi_2024": 651968, "zhvi_2025": 636210, "zori_2015": null, "zori_2016": null, "zori_2017": null, "zori_2018": 2020, "zori_2019": 1985, "zori_2020": 1903, "zori_2021": 1969, "zori_2022": 2105, "zori_2023": 1993, "zori_2024": 1894, "zori_2025": 1809, "has_zhvi": true, "has_zori": true}, "geometry": {"type": "Polygon", "coordinates": [[[-96.972585, 32.918871], [-96.931075, 32.90943], [-96.931813, 32.907334], [-96.931514, 32.9069], [-96.9281268432843, 32.9055073627385], [-96.927099, 32.904546], [-96.926608, 32.903054], [-96.92753, 32.901287], [-96.927307, 32.900104], [-96.928068, 32.899545], [-96.928452, 32.896043], [-96.926946, 32.892342], [-96.927653, 32.891215], [-96.93081, 32.890681], [-96.929939, 32.887772], [-96.932036, 32.884251], [-96.931281, 32.883071], [-96.929026, 32.88351], [-96.927822, 32.882845], [-96.92941, 32.880215], [-96.929296, 32.87757], [-96.929676, 32.875687], [-96.931272, 32.8733], [-96.931239, 32.870776], [-96.926978, 32.869351], [-96.925019, 32.870913], [-96.923842, 32.870632], [-96.923542, 32.869145], [-96.92702, 32.866448], [-96.926201, 32.865333], [-96.92429, 32.865772], [-96.925297, 32.863387], [-96.922261, 32.861993], [-96.922435, 32.860714], [-96.925006, 32.859645], [-96.923175, 32.858172], [-96.919342, 32.857413], [-96.916953, 32.858494], [-96.916447, 32.856091], [-96.914751, 32.856056], [-96.913717, 32.857942], [-96.912468, 32.857906], [-96.911774, 32.855762], [-96.908479, 32.856088], [-96.906172, 32.853995], [-96.909136, 32.849483], [-96.914042, 32.843562], [-96.914848, 32.840548], [-96.917328, 32.841178], [-96.916081, 32.843483], [-96.916369, 32.848337], [-96.932785, 32.857971], [-96.930763, 32.859535], [-96.93123, 32.860953], [-96.932772, 32.860785], [-96.934231, 32.861612], [-96.935628, 32.860608], [-96.938755, 32.863994], [-96.937149, 32.865147], [-96.938367, 32.866529], [-96.940226, 32.865237], [-96.942322, 32.868861], [-96.94371, 32.868189], [-96.945674, 32.871179], [-96.946459, 32.877015], [-96.947441, 32.879624], [-96.948757, 32.881334], [-96.949278, 32.881331], [-96.953436, 32.884877], [-96.954776, 32.884853], [-96.955948, 32.886805], [-96.97461, 32.897388], [-96.971372, 32.900838], [-96.970028, 32.899865], [-96.967507, 32.89951], [-96.961808, 32.902997], [-96.953339, 32.90862], [-96.954937, 32.910038], [-96.952086, 32.910386], [-96.950892, 32.912895], [-96.975296, 32.918956], [-96.972585, 32.918871]]]}}, {"type": "Feature", "properties": {"zip": "75034", "city": "Frisco", "county": "Collin County", "zhvi_2010": 443798, "zhvi_2011": 418140, "zhvi_2012": 423949, "zhvi_2013": 453607, "zhvi_2014": 484508, "zhvi_2015": 528136, "zhvi_2016": 559694, "zhvi_2017": 571623, "zhvi_2018": 568179, "zhvi_2019": 550231, "zhvi_2020": 554895, "zhvi_2021": 632601, "zhvi_2022": 745773, "zhvi_2023": 719361, "zhvi_2024": 716936, "zhvi_2025": 680592, "zori_2015": 1610, "zori_2016": 1643, "zori_2017": 1650, "zori_2018": 1651, "zori_2019": 1695, "zori_2020": 1664, "zori_2021": 1810, "zori_2022": 1892, "zori_2023": 1807, "zori_2024": 1701, "zori_2025": 1635, "has_zhvi": true, "has_zori": true}, "geometry": {"type": "Polygon", "coordinates": [[[-96.891517, 33.110412], [-96.888964, 33.110975], [-96.889122, 33.109782], [-96.886928, 33.112507], [-96.88423, 33.112465], [-96.884093, 33.113526], [-96.881421, 33.112927], [-96.880322, 33.11417], [-96.878958, 33.113448], [-96.876495, 33.1145], [-96.875229, 33.113827], [-96.872317, 33.115937], [-96.870312, 33.115932], [-96.882555, 33.116033], [-96.880865, 33.118511], [-96.877312, 33.120429], [-96.877289, 33.1209], [-96.872123, 33.121073], [-96.871749, 33.123272], [-96.869681, 33.125961], [-96.868992, 33.135804], [-96.864993, 33.139992], [-96.8647, 33.149051], [-96.864124, 33.153026], [-96.840428, 33.15252], [-96.839603, 33.145888], [-96.838788, 33.145709], [-96.839378, 33.150266], [-96.837216, 33.150485], [-96.837521, 33.152673], [-96.83208, 33.152898], [-96.828767, 33.152431], [-96.827408, 33.151187], [-96.820718, 33.149934], [-96.810587, 33.149793], [-96.808859, 33.150045], [-96.803374, 33.152881], [-96.80457, 33.145803], [-96.801996, 33.145697], [-96.802039, 33.139046], [-96.804401, 33.139065], [-96.804232, 33.133419], [-96.803478, 33.133204], [-96.801984, 33.130914], [-96.799669, 33.130661], [-96.798889, 33.129812], [-96.80156, 33.129666], [-96.802675, 33.129126], [-96.802209, 33.12847], [-96.804959, 33.128351], [-96.802137, 33.128304], [-96.801797, 33.127578], [-96.802206, 33.126485], [-96.803013, 33.126146], [-96.80525, 33.126534], [-96.805435, 33.120958], [-96.803203, 33.119874], [-96.803182, 33.116051], [-96.802364, 33.116094], [-96.803923, 33.113382], [-96.805529, 33.113144], [-96.805587, 33.109181], [-96.801283, 33.109144], [-96.800736, 33.105298], [-96.804308, 33.10476], [-96.804021, 33.102913], [-96.805452, 33.102501], [-96.805252, 33.100952], [-96.802341, 33.100366], [-96.801288, 33.099424], [-96.797817, 33.10041], [-96.812075, 33.094024], [-96.841867, 33.085576], [-96.841849, 33.086456], [-96.850509, 33.083808], [-96.85575, 33.08133], [-96.856909, 33.091054], [-96.854052, 33.105085], [-96.853386, 33.106348], [-96.860161, 33.106308], [-96.860658, 33.106729], [-96.860647, 33.108264], [-96.869209, 33.108284], [-96.869197, 33.105476], [-96.887973, 33.10546], [-96.891467, 33.107363], [-96.891517, 33.110412]]]}}, {"type": "Feature", "properties": {"zip": "75204", "city": "Dallas", "county": "Dallas County", "zhvi_2010": 329586, "zhvi_2011": 304138, "zhvi_2012": 310477, "zhvi_2013": 339033, "zhvi_2014": 363908, "zhvi_2015": 406033, "zhvi_2016": 449739, "zhvi_2017": 472779, "zhvi_2018": 488149, "zhvi_2019": 483977, "zhvi_2020": 482969, "zhvi_2021": 500334, "zhvi_2022": 525787, "zhvi_2023": 518207, "zhvi_2024": 513499, "zhvi_2025": 493098, "zori_2015": 1889, "zori_2016": 1976, "zori_2017": 1992, "zori_2018": 1985, "zori_2019": 1987, "zori_2020": 1935, "zori_2021": 1995, "zori_2022": 2062, "zori_2023": 1985, "zori_2024": 1896, "zori_2025": 1870, "has_zhvi": true, "has_zori": true}, "geometry": {"type": "Polygon", "coordinates": [[[-96.80532, 32.799419], [-96.803837, 32.800382], [-96.804824, 32.801191], [-96.804421, 32.801518], [-96.805265, 32.802305], [-96.803227, 32.804691], [-96.800259, 32.810657], [-96.799209, 32.811718], [-96.799585, 32.812023], [-96.798379, 32.813122], [-96.798337, 32.81505], [-96.799987, 32.81897], [-96.798732, 32.819382], [-96.796558, 32.818868], [-96.795399, 32.817678], [-96.792491, 32.816552], [-96.786457, 32.814977], [-96.781918, 32.811029], [-96.781313, 32.81139], [-96.778752, 32.809182], [-96.779295, 32.80876], [-96.778471, 32.808072], [-96.778011, 32.808465], [-96.776298, 32.806968], [-96.776617, 32.806457], [-96.769311, 32.800134], [-96.770799, 32.800345], [-96.77124, 32.799958], [-96.770865, 32.799607], [-96.773071, 32.797714], [-96.772692, 32.797376], [-96.778703, 32.792386], [-96.780011, 32.792617], [-96.782866, 32.790248], [-96.782507, 32.789892], [-96.785384, 32.787824], [-96.784951, 32.787377], [-96.788166, 32.785235], [-96.788822, 32.785781], [-96.789585, 32.785183], [-96.789509, 32.784568], [-96.790999, 32.784067], [-96.792169, 32.785699], [-96.793174, 32.798872], [-96.793466, 32.799136], [-96.793494, 32.797277], [-96.794598, 32.795219], [-96.797794, 32.793055], [-96.801741, 32.796329], [-96.802147, 32.797826], [-96.80532, 32.799419]]]}}, {"type": "Feature", "properties": {"zip": "76052", "city": "Haslet", "county": "Tarrant County", "zhvi_2010": 283309, "zhvi_2011": 265551, "zhvi_2012": 263502, "zhvi_2013": 274496, "zhvi_2014": 290234, "zhvi_2015": 315015, "zhvi_2016": 339707, "zhvi_2017": 356467, "zhvi_2018": 364308, "zhvi_2019": 368922, "zhvi_2020": 379925, "zhvi_2021": 423571, "zhvi_2022": 476499, "zhvi_2023": 442129, "zhvi_2024": 416856, "zhvi_2025": 397230, "zori_2015": null, "zori_2016": null, "zori_2017": null, "zori_2018": null, "zori_2019": null, "zori_2020": null, "zori_2021": 2236, "zori_2022": 2212, "zori_2023": 2239, "zori_2024": 2197, "zori_2025": 2161, "has_zhvi": true, "has_zori": true}, "geometry": {"type": "Polygon", "coordinates": [[[-97.457079, 33.045899], [-97.453416, 33.044725], [-97.442899, 33.038077], [-97.438794, 33.036838], [-97.397155, 33.036517], [-97.397185, 33.031807], [-97.395063, 33.030477], [-97.394527, 33.031337], [-97.392127, 33.030709], [-97.391111, 33.029887], [-97.389456, 33.030806], [-97.387044, 33.029995], [-97.385316, 33.030583], [-97.382977, 33.030344], [-97.381728, 33.031371], [-97.379684, 33.03022], [-97.37845, 33.030245], [-97.375177, 33.032521], [-97.371438, 33.032086], [-97.36878, 33.034211], [-97.367389, 33.034503], [-97.36551, 33.03247], [-97.359816, 33.030821], [-97.358738, 33.029936], [-97.357769, 33.030845], [-97.35518, 33.031031], [-97.351675, 33.029601], [-97.349845, 33.028225], [-97.352676, 33.023761], [-97.353268, 33.020561], [-97.352979, 33.01188], [-97.350662, 33.007027], [-97.350666, 33.005166], [-97.346561, 33.005089], [-97.348543, 33.0084], [-97.340941, 33.008207], [-97.338792, 33.011028], [-97.332246, 33.01695], [-97.329497, 33.018167], [-97.326177, 33.018519], [-97.323073, 33.01814], [-97.323108, 33.016086], [-97.318738, 33.016063], [-97.318881, 33.010099], [-97.31748, 33.010324], [-97.327762, 32.991418], [-97.329584, 32.989379], [-97.348026, 32.974401], [-97.343094, 32.973664], [-97.337108, 32.974012], [-97.337266, 32.967575], [-97.32762, 32.967324], [-97.32749, 32.968708], [-97.325042, 32.968651], [-97.325209, 32.973786], [-97.321668, 32.973537], [-97.32049, 32.972835], [-97.320949, 32.972035], [-97.320781, 32.962016], [-97.316942, 32.961976], [-97.31703, 32.947865], [-97.3173, 32.947438], [-97.331528, 32.947505], [-97.332061, 32.930926], [-97.331479, 32.930909], [-97.331527, 32.924113], [-97.372832, 32.924425], [-97.372819, 32.925207], [-97.374781, 32.925217], [-97.374781, 32.924425], [-97.405054, 32.924546], [-97.405595, 32.930429], [-97.406755, 32.930456], [-97.407021, 32.939598], [-97.409063, 32.939638], [-97.409086, 32.946538], [-97.409438, 32.93963], [-97.418083, 32.939619], [-97.419113, 32.941996], [-97.419418, 32.94435], [-97.418651, 32.947139], [-97.409569, 32.957472], [-97.420721, 32.957465], [-97.420557, 32.969145], [-97.420954, 32.970616], [-97.431123, 32.992326], [-97.441971, 33.021064], [-97.44345, 33.023784], [-97.452606, 33.035897], [-97.451979, 33.036209], [-97.456236, 33.04153], [-97.461008, 33.045352], [-97.457079, 33.045899]]]}}, {"type": "Feature", "properties": {"zip": "75212", "city": "Dallas", "county": "Dallas County", "zhvi_2010": 89131, "zhvi_2011": 81271, "zhvi_2012": 74086, "zhvi_2013": 78741, "zhvi_2014": 85889, "zhvi_2015": 97968, "zhvi_2016": 119005, "zhvi_2017": 143277, "zhvi_2018": 175405, "zhvi_2019": 201603, "zhvi_2020": 222515, "zhvi_2021": 245482, "zhvi_2022": 271886, "zhvi_2023": 268444, "zhvi_2024": 264148, "zhvi_2025": 246464, "zori_2015": null, "zori_2016": null, "zori_2017": null, "zori_2018": null, "zori_2019": null, "zori_2020": null, "zori_2021": 1753, "zori_2022": 1876, "zori_2023": 1828, "zori_2024": 1695, "zori_2025": 1582, "has_zhvi": true, "has_zori": true}, "geometry": {"type": "Polygon", "coordinates": [[[-96.927378, 32.76702], [-96.926119, 32.768665], [-96.926704, 32.771206], [-96.926077, 32.782076], [-96.918902, 32.785719], [-96.918661, 32.784675], [-96.914032, 32.784433], [-96.9125, 32.785705], [-96.910553, 32.790655], [-96.910391, 32.792268], [-96.907156, 32.797262], [-96.904861, 32.798071], [-96.854805, 32.798026], [-96.851216, 32.797645], [-96.826545, 32.785451], [-96.822425, 32.779989], [-96.825742, 32.778821], [-96.824395, 32.776998], [-96.841139, 32.773591], [-96.847934, 32.773878], [-96.856567, 32.775081], [-96.856677, 32.766442], [-96.859332, 32.767058], [-96.887145, 32.767952], [-96.895844, 32.766786], [-96.917657, 32.766428], [-96.927377, 32.765629], [-96.926976, 32.766634], [-96.927378, 32.76702]]]}}, {"type": "Feature", "properties": {"zip": "75207", "city": "Dallas", "county": "Dallas County", "zhvi_2010": null, "zhvi_2011": null, "zhvi_2012": null, "zhvi_2013": null, "zhvi_2014": null, "zhvi_2015": null, "zhvi_2016": null, "zhvi_2017": null, "zhvi_2018": null, "zhvi_2019": null, "zhvi_2020": null, "zhvi_2021": null, "zhvi_2022": null, "zhvi_2023": null, "zhvi_2024": null, "zhvi_2025": null, "zori_2015": null, "zori_2016": null, "zori_2017": null, "zori_2018": null, "zori_2019": 1746, "zori_2020": 1645, "zori_2021": 1715, "zori_2022": 1849, "zori_2023": 1733, "zori_2024": 1677, "zori_2025": 1631, "has_zhvi": false, "has_zori": true}, "geometry": {"type": "Polygon", "coordinates": [[[-96.8536, 32.802325], [-96.852374, 32.806289], [-96.848772, 32.812341], [-96.840371, 32.808981], [-96.831667, 32.806157], [-96.820264, 32.803537], [-96.817461, 32.80022], [-96.817233, 32.800528], [-96.815612, 32.798788], [-96.81024, 32.782648], [-96.811424, 32.782411], [-96.811315, 32.777649], [-96.809382, 32.778506], [-96.808583, 32.77727], [-96.80785, 32.774676], [-96.806288, 32.773193], [-96.807643, 32.771469], [-96.805419, 32.772002], [-96.802037, 32.770094], [-96.802029, 32.768042], [-96.800761, 32.769381], [-96.796094, 32.764567], [-96.792516, 32.76218], [-96.787714, 32.759826], [-96.791491, 32.753273], [-96.798071, 32.756984], [-96.804033, 32.761587], [-96.81546, 32.766939], [-96.817685, 32.770207], [-96.822425, 32.779989], [-96.824711, 32.783499], [-96.826545, 32.785451], [-96.835093, 32.78965], [-96.834447, 32.79345], [-96.848298, 32.800578], [-96.8536, 32.802325]]]}}, {"type": "Feature", "properties": {"zip": "75019", "city": "Coppell", "county": "Dallas County", "zhvi_2010": 396626, "zhvi_2011": 375985, "zhvi_2012": 376810, "zhvi_2013": 406114, "zhvi_2014": 430850, "zhvi_2015": 463064, "zhvi_2016": 491671, "zhvi_2017": 508449, "zhvi_2018": 518175, "zhvi_2019": 513217, "zhvi_2020": 518978, "zhvi_2021": 555687, "zhvi_2022": 624080, "zhvi_2023": 629285, "zhvi_2024": 636910, "zhvi_2025": 621711, "zori_2015": 1850, "zori_2016": 1876, "zori_2017": 1896, "zori_2018": 1909, "zori_2019": 1898, "zori_2020": 1903, "zori_2021": 2011, "zori_2022": 2118, "zori_2023": 2062, "zori_2024": 1994, "zori_2025": 1958, "has_zhvi": true, "has_zori": true}, "geometry": {"type": "Polygon", "coordinates": [[[-97.031707, 32.955001], [-97.031385, 32.972835], [-97.028084, 32.973173], [-97.015656, 32.98503], [-97.009756, 32.989418], [-97.010873, 32.989429], [-97.005806, 32.993245], [-96.993344, 32.993391], [-96.993204, 32.987065], [-96.990322, 32.986284], [-96.985606, 32.986974], [-96.978764, 32.990882], [-96.97838, 32.99045], [-96.97428, 32.992269], [-96.973758, 32.990713], [-96.968422, 32.990863], [-96.966672, 32.989084], [-96.942445, 32.9888], [-96.941101, 32.986796], [-96.941133, 32.983126], [-96.939098, 32.982115], [-96.935728, 32.982004], [-96.935831, 32.980241], [-96.937358, 32.980032], [-96.939241, 32.978727], [-96.938611, 32.97799], [-96.936443, 32.977511], [-96.936, 32.976729], [-96.936916, 32.973318], [-96.936711, 32.971089], [-96.937171, 32.970388], [-96.939036, 32.969468], [-96.94259, 32.970208], [-96.941989, 32.968183], [-96.944445, 32.966049], [-96.943452, 32.958139], [-96.942455, 32.956297], [-96.93882, 32.952267], [-96.939557, 32.949204], [-96.937456, 32.947426], [-96.935208, 32.947121], [-96.932812, 32.940942], [-96.934721, 32.938513], [-96.935245, 32.937044], [-96.93626, 32.936797], [-96.937766, 32.937911], [-96.938266, 32.937423], [-96.941694, 32.939297], [-96.942527, 32.946157], [-96.944909, 32.947921], [-96.949295, 32.948071], [-96.955643, 32.950477], [-96.959908, 32.950246], [-96.960206, 32.949691], [-96.961774, 32.949122], [-96.966258, 32.952709], [-96.968235, 32.952728], [-96.968562, 32.951721], [-96.970022, 32.951633], [-96.970065, 32.949155], [-96.968987, 32.947526], [-96.967569, 32.947477], [-96.967707, 32.925344], [-96.993703, 32.925714], [-96.993782, 32.923703], [-96.997189, 32.924954], [-97.002577, 32.928762], [-97.012143, 32.940042], [-97.014464, 32.942168], [-97.017752, 32.94421], [-97.022285, 32.945853], [-97.02217, 32.954979], [-97.031707, 32.955001]]]}}, {"type": "Feature", "properties": {"zip": "76011", "city": "Arlington", "county": "Tarrant County", "zhvi_2010": 123826, "zhvi_2011": 114833, "zhvi_2012": 113070, "zhvi_2013": 118994, "zhvi_2014": 126760, "zhvi_2015": 136453, "zhvi_2016": 150160, "zhvi_2017": 168207, "zhvi_2018": 187048, "zhvi_2019": 201599, "zhvi_2020": 220728, "zhvi_2021": 240309, "zhvi_2022": 265840, "zhvi_2023": 266229, "zhvi_2024": 264727, "zhvi_2025": 251544, "zori_2015": null, "zori_2016": null, "zori_2017": null, "zori_2018": null, "zori_2019": null, "zori_2020": null, "zori_2021": 1566, "zori_2022": 1649, "zori_2023": 1569, "zori_2024": 1468, "zori_2025": 1393, "has_zhvi": true, "has_zori": true}, "geometry": {"type": "Polygon", "coordinates": [[[-97.114525, 32.737557], [-97.113715, 32.753455], [-97.114455, 32.757455], [-97.114188, 32.775677], [-97.091583, 32.77529], [-97.087166, 32.774037], [-97.085342, 32.773023], [-97.085329, 32.760067], [-97.066519, 32.759768], [-97.063798, 32.763637], [-97.063503, 32.767217], [-97.062602, 32.767195], [-97.062952, 32.763005], [-97.06111, 32.763258], [-97.05972, 32.764349], [-97.048202, 32.76433], [-97.04849, 32.765185], [-97.045837, 32.765248], [-97.045588, 32.761536], [-97.037172, 32.761395], [-97.037084, 32.754178], [-97.040034, 32.753743], [-97.040565, 32.74479], [-97.045576, 32.74468], [-97.04602, 32.739224], [-97.061935, 32.742264], [-97.062722, 32.742804], [-97.062732, 32.742413], [-97.073449, 32.742871], [-97.076869, 32.742163], [-97.087947, 32.737361], [-97.090465, 32.736783], [-97.114525, 32.737557]]]}}, {"type": "Feature", "properties": {"zip": "75024", "city": "Plano", "county": "Collin County", "zhvi_2010": 413299, "zhvi_2011": 393425, "zhvi_2012": 397225, "zhvi_2013": 419711, "zhvi_2014": 448701, "zhvi_2015": 497558, "zhvi_2016": 537293, "zhvi_2017": 556309, "zhvi_2018": 554565, "zhvi_2019": 541784, "zhvi_2020": 542582, "zhvi_2021": 596183, "zhvi_2022": 690971, "zhvi_2023": 682177, "zhvi_2024": 680606, "zhvi_2025": 649701, "zori_2015": null, "zori_2016": 1656, "zori_2017": 1653, "zori_2018": 1661, "zori_2019": 1663, "zori_2020": 1676, "zori_2021": 1782, "zori_2022": 1911, "zori_2023": 1814, "zori_2024": 1721, "zori_2025": 1661, "has_zhvi": true, "has_zori": true}, "geometry": {"type": "Polygon", "coordinates": [[[-96.863163, 33.058629], [-96.862622, 33.062219], [-96.861473, 33.065119], [-96.861468, 33.066464], [-96.862105, 33.067841], [-96.860723, 33.068572], [-96.859231, 33.071172], [-96.857171, 33.07275], [-96.856259, 33.075804], [-96.857775, 33.079598], [-96.855639, 33.080566], [-96.85575, 33.08133], [-96.850509, 33.083808], [-96.841849, 33.086456], [-96.841867, 33.085576], [-96.812075, 33.094024], [-96.805389, 33.097255], [-96.76802, 33.112402], [-96.768183, 33.107159], [-96.771239, 33.103887], [-96.771482, 33.101004], [-96.772039, 33.071726], [-96.770405, 33.068185], [-96.770371, 33.056012], [-96.803508, 33.056745], [-96.807604, 33.057649], [-96.809638, 33.056566], [-96.820376, 33.056519], [-96.823818, 33.054684], [-96.829447, 33.054848], [-96.829289, 33.05669], [-96.8256, 33.056668], [-96.823947, 33.058552], [-96.822289, 33.062545], [-96.819425, 33.063541], [-96.81877, 33.065594], [-96.82505, 33.065615], [-96.825504, 33.064175], [-96.829644, 33.05804], [-96.830098, 33.056677], [-96.832906, 33.056658], [-96.832863, 33.05918], [-96.838542, 33.059215], [-96.838374, 33.056841], [-96.842504, 33.05695], [-96.842367, 33.060139], [-96.857413, 33.060813], [-96.857861, 33.057844], [-96.863163, 33.058629]]]}}, {"type": "Feature", "properties": {"zip": "76016", "city": "Arlington", "county": "Tarrant County", "zhvi_2010": 222867, "zhvi_2011": 208098, "zhvi_2012": 204416, "zhvi_2013": 211796, "zhvi_2014": 220758, "zhvi_2015": 237399, "zhvi_2016": 257528, "zhvi_2017": 276054, "zhvi_2018": 291957, "zhvi_2019": 299413, "zhvi_2020": 313586, "zhvi_2021": 345835, "zhvi_2022": 382466, "zhvi_2023": 371008, "zhvi_2024": 362929, "zhvi_2025": 342828, "zori_2015": null, "zori_2016": null, "zori_2017": 1611, "zori_2018": 1649, "zori_2019": 1692, "zori_2020": 1748, "zori_2021": 1822, "zori_2022": 1901, "zori_2023": 1929, "zori_2024": 1901, "zori_2025": 1885, "has_zhvi": true, "has_zori": true}, "geometry": {"type": "Polygon", "coordinates": [[[-97.233714, 32.671641], [-97.232225, 32.674387], [-97.230923, 32.67505], [-97.229399, 32.677583], [-97.226491, 32.689049], [-97.22538, 32.690658], [-97.223686, 32.69153], [-97.214282, 32.693711], [-97.212332, 32.695447], [-97.20945, 32.701323], [-97.208953, 32.704378], [-97.20883, 32.713174], [-97.20271, 32.713348], [-97.202263, 32.712484], [-97.195584, 32.708092], [-97.17925, 32.70687], [-97.149196, 32.706792], [-97.149216, 32.703128], [-97.155535, 32.703128], [-97.154505, 32.699022], [-97.152343, 32.698542], [-97.152037, 32.696555], [-97.149937, 32.696576], [-97.150143, 32.686177], [-97.149451, 32.686149], [-97.149495, 32.674394], [-97.186462, 32.676105], [-97.199881, 32.673508], [-97.198765, 32.674914], [-97.201435, 32.674363], [-97.202444, 32.674971], [-97.202965, 32.674433], [-97.203032, 32.673029], [-97.199806, 32.673972], [-97.20052, 32.672987], [-97.213339, 32.669255], [-97.223359, 32.667957], [-97.231483, 32.668074], [-97.231637, 32.669308], [-97.232456, 32.669562], [-97.233714, 32.671641]]]}}, {"type": "Feature", "properties": {"zip": "75025", "city": "Plano", "county": "Collin County", "zhvi_2010": 356469, "zhvi_2011": 339413, "zhvi_2012": 338984, "zhvi_2013": 359257, "zhvi_2014": 386087, "zhvi_2015": 430962, "zhvi_2016": 465905, "zhvi_2017": 486797, "zhvi_2018": 486112, "zhvi_2019": 473117, "zhvi_2020": 476784, "zhvi_2021": 528564, "zhvi_2022": 614660, "zhvi_2023": 607550, "zhvi_2024": 604649, "zhvi_2025": 572291, "zori_2015": 1998, "zori_2016": 2033, "zori_2017": 2024, "zori_2018": 1994, "zori_2019": 2040, "zori_2020": 2039, "zori_2021": 2230, "zori_2022": 2314, "zori_2023": 2265, "zori_2024": 2162, "zori_2025": 2112, "has_zhvi": true, "has_zori": true}, "geometry": {"type": "Polygon", "coordinates": [[[-96.772039, 33.071726], [-96.771239, 33.103887], [-96.768183, 33.107159], [-96.76802, 33.112402], [-96.751759, 33.118896], [-96.732899, 33.125301], [-96.732036, 33.122945], [-96.733487, 33.117026], [-96.733604, 33.091079], [-96.736473, 33.087517], [-96.736575, 33.086022], [-96.715506, 33.085889], [-96.711878, 33.084515], [-96.709238, 33.089543], [-96.7071, 33.088679], [-96.704889, 33.088572], [-96.702295, 33.087775], [-96.700664, 33.085943], [-96.699364, 33.085521], [-96.698872, 33.084412], [-96.697795, 33.084648], [-96.696922, 33.081775], [-96.695928, 33.080786], [-96.694624, 33.080844], [-96.693643, 33.078919], [-96.689202, 33.07726], [-96.687957, 33.077209], [-96.686229, 33.075364], [-96.690021, 33.066077], [-96.694011, 33.068147], [-96.698678, 33.068063], [-96.698739, 33.068804], [-96.70102, 33.068905], [-96.701272, 33.072876], [-96.702893, 33.072266], [-96.70486, 33.074118], [-96.709403, 33.072914], [-96.709597, 33.070639], [-96.711909, 33.070825], [-96.711836, 33.073022], [-96.715345, 33.073236], [-96.715781, 33.071491], [-96.772039, 33.071726]]]}}, {"type": "Feature", "properties": {"zip": "76018", "city": "Arlington", "county": "Tarrant County", "zhvi_2010": 159802, "zhvi_2011": 146389, "zhvi_2012": 143115, "zhvi_2013": 150022, "zhvi_2014": 160388, "zhvi_2015": 176488, "zhvi_2016": 195873, "zhvi_2017": 215876, "zhvi_2018": 235415, "zhvi_2019": 246656, "zhvi_2020": 260207, "zhvi_2021": 288625, "zhvi_2022": 326061, "zhvi_2023": 314653, "zhvi_2024": 307704, "zhvi_2025": 289929, "zori_2015": null, "zori_2016": null, "zori_2017": null, "zori_2018": null, "zori_2019": null, "zori_2020": null, "zori_2021": 1918, "zori_2022": 1927, "zori_2023": 1949, "zori_2024": 1926, "zori_2025": 1934, "has_zhvi": true, "has_zori": true}, "geometry": {"type": "Polygon", "coordinates": [[[-97.123275, 32.676888], [-97.119417, 32.677585], [-97.119442, 32.674146], [-97.116568, 32.673988], [-97.116592, 32.677625], [-97.115076, 32.67766], [-97.11504, 32.682622], [-97.114809, 32.680804], [-97.113579, 32.681478], [-97.109069, 32.681517], [-97.109072, 32.680478], [-97.106643, 32.680539], [-97.106402, 32.681871], [-97.103812, 32.681285], [-97.103997, 32.677724], [-97.056138, 32.677061], [-97.056139, 32.676614], [-97.058834, 32.675886], [-97.062026, 32.670209], [-97.062222, 32.668095], [-97.063302, 32.66809], [-97.063751, 32.661507], [-97.06254, 32.651236], [-97.064172, 32.648347], [-97.063607, 32.645739], [-97.063766, 32.643494], [-97.06555, 32.635535], [-97.066067, 32.635506], [-97.067051, 32.636955], [-97.066934, 32.643444], [-97.07292, 32.641101], [-97.094794, 32.641264], [-97.096077, 32.641509], [-97.10226, 32.644799], [-97.115545, 32.644714], [-97.115799, 32.648308], [-97.115221, 32.652039], [-97.11808, 32.654497], [-97.119974, 32.655265], [-97.1152, 32.655237], [-97.115068, 32.667895], [-97.117391, 32.668148], [-97.117528, 32.670333], [-97.123316, 32.67043], [-97.123275, 32.676888]]]}}, {"type": "Feature", "properties": {"zip": "75173", "city": null, "county": "Collin County", "zhvi_2010": 196608, "zhvi_2011": 177520, "zhvi_2012": 182706, "zhvi_2013": 190686, "zhvi_2014": 217581, "zhvi_2015": 230698, "zhvi_2016": 252575, "zhvi_2017": 271180, "zhvi_2018": 281423, "zhvi_2019": 287964, "zhvi_2020": 296952, "zhvi_2021": 335858, "zhvi_2022": 382311, "zhvi_2023": 368437, "zhvi_2024": 365753, "zhvi_2025": 348735, "zori_2015": null, "zori_2016": null, "zori_2017": null, "zori_2018": null, "zori_2019": null, "zori_2020": null, "zori_2021": null, "zori_2022": null, "zori_2023": null, "zori_2024": null, "zori_2025": null, "has_zhvi": true, "has_zori": false}, "geometry": {"type": "Polygon", "coordinates": [[[-96.473469, 33.044581], [-96.467671, 33.046012], [-96.46379, 33.048618], [-96.464372, 33.050786], [-96.466126, 33.052073], [-96.47149, 33.054516], [-96.472835, 33.057647], [-96.473252, 33.065589], [-96.472759, 33.070684], [-96.471758, 33.074838], [-96.469759, 33.07991], [-96.463459, 33.092068], [-96.461228, 33.097738], [-96.442856, 33.096181], [-96.439874, 33.094363], [-96.434441, 33.093888], [-96.424981, 33.09563], [-96.422656, 33.096499], [-96.420247, 33.09655], [-96.412199, 33.102044], [-96.411419, 33.106391], [-96.410679, 33.10615], [-96.411446, 33.100504], [-96.413753, 33.096345], [-96.412588, 33.094267], [-96.414376, 33.083543], [-96.415041, 33.082372], [-96.41781, 33.082631], [-96.419335, 33.080372], [-96.381132, 33.080422], [-96.381041, 33.082564], [-96.378727, 33.082528], [-96.378698, 33.085], [-96.376488, 33.084971], [-96.375441, 33.089304], [-96.375063, 33.099569], [-96.377651, 33.099569], [-96.377569, 33.102276], [-96.354443, 33.101784], [-96.354268, 33.106364], [-96.342843, 33.10663], [-96.342804, 33.105386], [-96.339852, 33.10536], [-96.338779, 33.103559], [-96.334615, 33.103506], [-96.335257, 33.101401], [-96.335976, 33.100608], [-96.336609, 33.07934], [-96.327566, 33.078999], [-96.32655, 33.078604], [-96.309278, 33.078266], [-96.309512, 33.072879], [-96.307921, 33.072834], [-96.308038, 33.06836], [-96.306635, 33.068337], [-96.306663, 33.066438], [-96.302064, 33.066378], [-96.302093, 33.06561], [-96.309757, 33.065728], [-96.31797, 33.060923], [-96.31225, 33.061098], [-96.31169, 33.059809], [-96.312923, 33.05983], [-96.313045, 33.055735], [-96.319408, 33.055835], [-96.319276, 33.058174], [-96.325598, 33.055157], [-96.327188, 33.055441], [-96.331629, 33.052587], [-96.332635, 33.027766], [-96.333426, 33.022146], [-96.330761, 33.021362], [-96.331214, 33.009825], [-96.33355, 33.009518], [-96.334124, 32.999434], [-96.336315, 32.999502], [-96.337722, 33.001942], [-96.340061, 33.004044], [-96.341046, 33.005848], [-96.340086, 33.007972], [-96.340054, 33.009967], [-96.345934, 33.01026], [-96.346178, 33.004407], [-96.364013, 33.004818], [-96.363695, 33.011046], [-96.368067, 33.011083], [-96.367498, 33.017343], [-96.371293, 33.017407], [-96.372234, 33.019694], [-96.386601, 33.020199], [-96.386227, 33.027632], [-96.39162, 33.027707], [-96.391844, 33.020607], [-96.398111, 33.020679], [-96.397819, 33.033666], [-96.379098, 33.035773], [-96.423643, 33.031002], [-96.42335, 33.036502], [-96.420596, 33.036394], [-96.420282, 33.043332], [-96.424962, 33.043444], [-96.423537, 33.052985], [-96.424349, 33.05331], [-96.426251, 33.05294], [-96.429743, 33.050534], [-96.434158, 33.05126], [-96.437503, 33.050612], [-96.444246, 33.050529], [-96.447686, 33.049547], [-96.450271, 33.049532], [-96.458011, 33.045216], [-96.46906, 33.042248], [-96.474231, 33.043064], [-96.473469, 33.044581]]]}}, {"type": "Feature", "properties": {"zip": "76039", "city": "Euless", "county": "Tarrant County", "zhvi_2010": 222782, "zhvi_2011": 209220, "zhvi_2012": 205063, "zhvi_2013": 212450, "zhvi_2014": 222238, "zhvi_2015": 242236, "zhvi_2016": 265235, "zhvi_2017": 289348, "zhvi_2018": 306880, "zhvi_2019": 313672, "zhvi_2020": 324122, "zhvi_2021": 348735, "zhvi_2022": 383914, "zhvi_2023": 379204, "zhvi_2024": 377580, "zhvi_2025": 360676, "zori_2015": null, "zori_2016": 1421, "zori_2017": 1454, "zori_2018": 1481, "zori_2019": 1505, "zori_2020": 1506, "zori_2021": 1556, "zori_2022": 1672, "zori_2023": 1643, "zori_2024": 1605, "zori_2025": 1562, "has_zhvi": true, "has_zori": true}, "geometry": {"type": "Polygon", "coordinates": [[[-97.109116, 32.871799], [-97.108212, 32.874254], [-97.106695, 32.876496], [-97.105596, 32.881659], [-97.094377, 32.88111], [-97.076073, 32.881099], [-97.073682, 32.877584], [-97.066842, 32.86953], [-97.06569, 32.867282], [-97.064828, 32.864621], [-97.064143, 32.851632], [-97.061749, 32.843286], [-97.061287, 32.83784], [-97.065199, 32.837036], [-97.070255, 32.837038], [-97.082622, 32.838686], [-97.090594, 32.83755], [-97.099829, 32.837577], [-97.099728, 32.866221], [-97.107244, 32.86605], [-97.109072, 32.866593], [-97.109116, 32.871799]]]}}, {"type": "Feature", "properties": {"zip": "76040", "city": "Fort Worth", "county": "Tarrant County", "zhvi_2010": 213202, "zhvi_2011": 198954, "zhvi_2012": 196639, "zhvi_2013": 203845, "zhvi_2014": 211995, "zhvi_2015": 230007, "zhvi_2016": 252825, "zhvi_2017": 277313, "zhvi_2018": 295902, "zhvi_2019": 304975, "zhvi_2020": 316787, "zhvi_2021": 344966, "zhvi_2022": 382414, "zhvi_2023": 375995, "zhvi_2024": 372316, "zhvi_2025": 355554, "zori_2015": null, "zori_2016": null, "zori_2017": null, "zori_2018": null, "zori_2019": null, "zori_2020": null, "zori_2021": 1338, "zori_2022": 1348, "zori_2023": 1350, "zori_2024": 1342, "zori_2025": 1313, "has_zhvi": true, "has_zori": true}, "geometry": {"type": "Polygon", "coordinates": [[[-97.155763, 32.823439], [-97.151766, 32.82215], [-97.124591, 32.822111], [-97.124587, 32.825837], [-97.125786, 32.825829], [-97.125505, 32.829628], [-97.121211, 32.829653], [-97.120982, 32.833948], [-97.120437, 32.833942], [-97.12262, 32.836976], [-97.119665, 32.837023], [-97.119688, 32.837659], [-97.090594, 32.83755], [-97.082622, 32.838686], [-97.069641, 32.837027], [-97.06951, 32.832065], [-97.070917, 32.832241], [-97.072201, 32.834472], [-97.070658, 32.831452], [-97.070674, 32.830197], [-97.069465, 32.830184], [-97.069721, 32.827686], [-97.070873, 32.825049], [-97.070554, 32.822163], [-97.067015, 32.823105], [-97.06333, 32.822284], [-97.061264, 32.822354], [-97.060573, 32.819836], [-97.058901, 32.817121], [-97.068038, 32.816083], [-97.082667, 32.812655], [-97.082451, 32.810774], [-97.090294, 32.810865], [-97.125333, 32.802816], [-97.131197, 32.802864], [-97.140163, 32.80353], [-97.140188, 32.807482], [-97.135409, 32.80799], [-97.134756, 32.810963], [-97.134695, 32.814721], [-97.138614, 32.814721], [-97.137403, 32.815349], [-97.139119, 32.814743], [-97.140542, 32.816692], [-97.139021, 32.817334], [-97.139117, 32.817759], [-97.14338, 32.818053], [-97.143698, 32.815254], [-97.144712, 32.815678], [-97.144714, 32.814821], [-97.155933, 32.815154], [-97.155763, 32.823439]]]}}, {"type": "Feature", "properties": {"zip": "75181", "city": "Mesquite", "county": "Dallas County", "zhvi_2010": 190854, "zhvi_2011": 176161, "zhvi_2012": 178180, "zhvi_2013": 190954, "zhvi_2014": 205363, "zhvi_2015": 221070, "zhvi_2016": 241996, "zhvi_2017": 264166, "zhvi_2018": 280076, "zhvi_2019": 287106, "zhvi_2020": 295879, "zhvi_2021": 330468, "zhvi_2022": 377729, "zhvi_2023": 361086, "zhvi_2024": 347559, "zhvi_2025": 325019, "zori_2015": null, "zori_2016": null, "zori_2017": null, "zori_2018": null, "zori_2019": null, "zori_2020": null, "zori_2021": null, "zori_2022": 2544, "zori_2023": 2616, "zori_2024": 2687, "zori_2025": 2683, "has_zhvi": true, "has_zori": true}, "geometry": {"type": "Polygon", "coordinates": [[[-96.608769, 32.733259], [-96.608788, 32.735235], [-96.603544, 32.735372], [-96.603951, 32.737183], [-96.6062, 32.737604], [-96.603612, 32.738705], [-96.603973, 32.739761], [-96.597338, 32.745184], [-96.596574, 32.744839], [-96.589183, 32.744715], [-96.589066, 32.741129], [-96.586846, 32.74115], [-96.586825, 32.742898], [-96.585228, 32.742868], [-96.58517, 32.74109], [-96.584224, 32.741869], [-96.581336, 32.73922], [-96.57761, 32.742109], [-96.576908, 32.741977], [-96.580475, 32.744993], [-96.577883, 32.747051], [-96.573346, 32.743632], [-96.57058, 32.745779], [-96.567389, 32.746592], [-96.564124, 32.748559], [-96.564953, 32.749485], [-96.564693, 32.75293], [-96.5666, 32.754744], [-96.567181, 32.757756], [-96.56835, 32.759124], [-96.567316, 32.761912], [-96.568405, 32.763115], [-96.570624, 32.763508], [-96.57261, 32.764955], [-96.545987, 32.762349], [-96.519793, 32.754388], [-96.520831, 32.70017], [-96.523797, 32.700041], [-96.525268, 32.699509], [-96.526102, 32.697587], [-96.523889, 32.696615], [-96.523096, 32.695196], [-96.525576, 32.693849], [-96.532486, 32.693953], [-96.534439, 32.690925], [-96.539153, 32.68698], [-96.537139, 32.68542], [-96.537253, 32.684097], [-96.539876, 32.686093], [-96.543193, 32.68649], [-96.54472, 32.687146], [-96.54477, 32.688228], [-96.547629, 32.690645], [-96.546818, 32.691456], [-96.551328, 32.695223], [-96.555516, 32.691876], [-96.562622, 32.698153], [-96.56342, 32.701229], [-96.565562, 32.701207], [-96.565536, 32.702061], [-96.56643, 32.70288], [-96.569724, 32.703082], [-96.569355, 32.703564], [-96.583329, 32.704427], [-96.58644, 32.704186], [-96.585868, 32.711002], [-96.586786, 32.713197], [-96.599024, 32.723867], [-96.603275, 32.723595], [-96.603162, 32.725552], [-96.602561, 32.726886], [-96.610112, 32.732567], [-96.608769, 32.733259]]]}}, {"type": "Feature", "properties": {"zip": "75182", "city": "Sunnyvale", "county": "Dallas County", "zhvi_2010": 409177, "zhvi_2011": 389210, "zhvi_2012": 387898, "zhvi_2013": 410310, "zhvi_2014": 430410, "zhvi_2015": 460061, "zhvi_2016": 497266, "zhvi_2017": 515660, "zhvi_2018": 521616, "zhvi_2019": 522362, "zhvi_2020": 532228, "zhvi_2021": 589880, "zhvi_2022": 660901, "zhvi_2023": 657945, "zhvi_2024": 655460, "zhvi_2025": 629015, "zori_2015": null, "zori_2016": null, "zori_2017": null, "zori_2018": null, "zori_2019": null, "zori_2020": null, "zori_2021": null, "zori_2022": null, "zori_2023": null, "zori_2024": null, "zori_2025": null, "has_zhvi": true, "has_zori": false}, "geometry": {"type": "Polygon", "coordinates": [[[-96.604393, 32.813964], [-96.596941, 32.814005], [-96.597037, 32.817549], [-96.595928, 32.817976], [-96.59583, 32.833246], [-96.59152, 32.833229], [-96.587901, 32.832383], [-96.587083, 32.831507], [-96.585635, 32.832547], [-96.582074, 32.831781], [-96.579187, 32.832866], [-96.578926, 32.833995], [-96.566407, 32.834331], [-96.564587, 32.830275], [-96.559977, 32.834139], [-96.559939, 32.833683], [-96.543984, 32.833571], [-96.541935, 32.834654], [-96.53959, 32.834702], [-96.518869, 32.832728], [-96.519793, 32.754388], [-96.545987, 32.762349], [-96.57043, 32.764751], [-96.570493, 32.77968], [-96.579743, 32.779833], [-96.579705, 32.787792], [-96.595897, 32.790419], [-96.592858, 32.790377], [-96.593829, 32.790546], [-96.593787, 32.797328], [-96.598108, 32.797663], [-96.598068, 32.804527], [-96.599071, 32.804527], [-96.599223, 32.806741], [-96.604503, 32.806709], [-96.604393, 32.813964]]]}}, {"type": "Feature", "properties": {"zip": "75028", "city": "Flower Mound", "county": "Denton County", "zhvi_2010": 332740, "zhvi_2011": 314480, "zhvi_2012": 314778, "zhvi_2013": 336900, "zhvi_2014": 359983, "zhvi_2015": 392589, "zhvi_2016": 417780, "zhvi_2017": 433576, "zhvi_2018": 445122, "zhvi_2019": 446417, "zhvi_2020": 460169, "zhvi_2021": 505879, "zhvi_2022": 569132, "zhvi_2023": 561592, "zhvi_2024": 557749, "zhvi_2025": 535653, "zori_2015": 1916, "zori_2016": 1948, "zori_2017": 1967, "zori_2018": 1959, "zori_2019": 2001, "zori_2020": 2025, "zori_2021": 2145, "zori_2022": 2247, "zori_2023": 2187, "zori_2024": 2150, "zori_2025": 2115, "has_zhvi": true, "has_zori": true}, "geometry": {"type": "Polygon", "coordinates": [[[-97.129005, 33.051108], [-97.119381, 33.050912], [-97.119411, 33.054501], [-97.109686, 33.054726], [-97.10964, 33.05838], [-97.09708, 33.0583], [-97.096817, 33.061838], [-97.095614, 33.061858], [-97.094042, 33.06262], [-97.08808, 33.06259], [-97.08795, 33.072029], [-97.081627, 33.072269], [-97.07781, 33.07372], [-97.067409, 33.073787], [-97.057565, 33.071565], [-97.048533, 33.071554], [-97.04456, 33.070327], [-97.044574, 33.042267], [-97.0361, 33.042209], [-97.036599, 33.020753], [-97.035389, 33.020755], [-97.035229, 33.016885], [-97.033539, 33.016894], [-97.033581, 33.013475], [-97.02768, 33.0135], [-97.028339, 32.989614], [-97.031007, 32.989691], [-97.031044, 32.987856], [-97.041057, 32.987144], [-97.041062, 32.984952], [-97.044468, 32.986306], [-97.057339, 32.986773], [-97.059035, 32.987299], [-97.0618, 32.989904], [-97.065532, 32.997793], [-97.068692, 32.999982], [-97.069639, 33.001382], [-97.070769, 33.005024], [-97.070677, 33.030042], [-97.068028, 33.030105], [-97.06787, 33.03456], [-97.07054, 33.034779], [-97.070595, 33.033538], [-97.07363, 33.03349], [-97.07526, 33.03457], [-97.075665, 33.036841], [-97.079506, 33.036896], [-97.079335, 33.039403], [-97.081499, 33.04137], [-97.087362, 33.041567], [-97.087346, 33.039556], [-97.089312, 33.039542], [-97.08927, 33.037306], [-97.090255, 33.03732], [-97.090234, 33.041559], [-97.092943, 33.041554], [-97.092972, 33.039772], [-97.094664, 33.040505], [-97.094724, 33.041556], [-97.0985, 33.041671], [-97.104194, 33.04535], [-97.109803, 33.046694], [-97.121231, 33.046211], [-97.127076, 33.046298], [-97.129095, 33.046765], [-97.129005, 33.051108]]]}}, {"type": "Feature", "properties": {"zip": "75023", "city": "Plano", "county": "Collin County", "zhvi_2010": 254363, "zhvi_2011": 238985, "zhvi_2012": 238646, "zhvi_2013": 252956, "zhvi_2014": 276073, "zhvi_2015": 312815, "zhvi_2016": 344085, "zhvi_2017": 367825, "zhvi_2018": 376184, "zhvi_2019": 372074, "zhvi_2020": 378968, "zhvi_2021": 415369, "zhvi_2022": 466119, "zhvi_2023": 465036, "zhvi_2024": 459560, "zhvi_2025": 428524, "zori_2015": 1585, "zori_2016": 1648, "zori_2017": 1673, "zori_2018": 1678, "zori_2019": 1704, "zori_2020": 1727, "zori_2021": 1827, "zori_2022": 1973, "zori_2023": 1917, "zori_2024": 1859, "zori_2025": 1785, "has_zhvi": true, "has_zori": true}, "geometry": {"type": "Polygon", "coordinates": [[[-96.772039, 33.071726], [-96.715781, 33.071491], [-96.715345, 33.073236], [-96.711836, 33.073022], [-96.711909, 33.070825], [-96.709597, 33.070639], [-96.709403, 33.072914], [-96.70486, 33.074118], [-96.702893, 33.072266], [-96.701272, 33.072876], [-96.70102, 33.068905], [-96.698739, 33.068804], [-96.698678, 33.068063], [-96.694011, 33.068147], [-96.690021, 33.066077], [-96.693808, 33.057223], [-96.704263, 33.037581], [-96.706553, 33.0381], [-96.709025, 33.0409], [-96.768634, 33.041116], [-96.769884, 33.041303], [-96.770391, 33.045614], [-96.770405, 33.068185], [-96.772039, 33.071726]]]}}, {"type": "Feature", "properties": {"zip": "75007", "city": "Carrollton", "county": "Denton County", "zhvi_2010": 236687, "zhvi_2011": 221685, "zhvi_2012": 221525, "zhvi_2013": 235460, "zhvi_2014": 251274, "zhvi_2015": 280878, "zhvi_2016": 313848, "zhvi_2017": 337939, "zhvi_2018": 352737, "zhvi_2019": 352927, "zhvi_2020": 361763, "zhvi_2021": 393404, "zhvi_2022": 436630, "zhvi_2023": 432562, "zhvi_2024": 430387, "zhvi_2025": 405938, "zori_2015": null, "zori_2016": 1420, "zori_2017": 1455, "zori_2018": 1472, "zori_2019": 1487, "zori_2020": 1499, "zori_2021": 1579, "zori_2022": 1699, "zori_2023": 1711, "zori_2024": 1683, "zori_2025": 1575, "has_zhvi": true, "has_zori": true}, "geometry": {"type": "Polygon", "coordinates": [[[-96.948531, 32.993907], [-96.947412, 32.994883], [-96.943757, 32.994703], [-96.943655, 32.99642], [-96.941157, 32.996803], [-96.939708, 32.99789], [-96.93981, 32.999011], [-96.940847, 32.999941], [-96.94468, 33.001199], [-96.944353, 33.002217], [-96.939472, 33.002392], [-96.938989, 33.003535], [-96.940741, 33.005606], [-96.93818, 33.005977], [-96.9359, 33.007317], [-96.935592, 33.01108], [-96.934589, 33.011847], [-96.931311, 33.01162], [-96.930327, 33.012537], [-96.926087, 33.013413], [-96.925754, 33.014758], [-96.926891, 33.015467], [-96.922777, 33.019761], [-96.921367, 33.01936], [-96.922983, 33.015189], [-96.921742, 33.015036], [-96.919466, 33.019989], [-96.913291, 33.02144], [-96.907862, 33.02382], [-96.895575, 33.023947], [-96.893523, 33.024437], [-96.885004, 33.024835], [-96.85855, 33.024299], [-96.85447, 33.026069], [-96.843267, 33.025737], [-96.839196, 33.027534], [-96.839166, 33.018967], [-96.843373, 33.019038], [-96.843703, 33.012878], [-96.848629, 33.011488], [-96.849321, 33.011767], [-96.865954, 33.011763], [-96.865959, 33.007703], [-96.861998, 33.00858], [-96.86157, 33.01164], [-96.857321, 33.011687], [-96.857287, 33.009057], [-96.85852, 33.008639], [-96.857341, 33.0061], [-96.860639, 33.007935], [-96.864836, 33.006432], [-96.865954, 33.005402], [-96.865956, 33.002485], [-96.866367, 33.001486], [-96.871754, 33.000615], [-96.87478, 32.989781], [-96.854797, 32.989691], [-96.854871, 32.987573], [-96.855621, 32.987581], [-96.855627, 32.987052], [-96.858135, 32.987104], [-96.860721, 32.986106], [-96.861112, 32.987146], [-96.86301, 32.987122], [-96.864232, 32.986671], [-96.864223, 32.986212], [-96.864466, 32.987449], [-96.863725, 32.987681], [-96.865951, 32.987709], [-96.869107, 32.986042], [-96.871216, 32.985611], [-96.890412, 32.984912], [-96.890566, 32.985327], [-96.909788, 32.983382], [-96.910004, 32.987789], [-96.913343, 32.986932], [-96.913102, 32.985277], [-96.920225, 32.984724], [-96.920224, 32.983423], [-96.925516, 32.983457], [-96.925554, 32.982819], [-96.926997, 32.982469], [-96.929422, 32.980763], [-96.93487, 32.986021], [-96.948531, 32.993907]]]}}, {"type": "Feature", "properties": {"zip": "75203", "city": "Dallas", "county": "Dallas County", "zhvi_2010": 80633, "zhvi_2011": 63213, "zhvi_2012": 63183, "zhvi_2013": 68861, "zhvi_2014": 79678, "zhvi_2015": 94674, "zhvi_2016": 115358, "zhvi_2017": 134468, "zhvi_2018": 159231, "zhvi_2019": 175261, "zhvi_2020": 190222, "zhvi_2021": 224394, "zhvi_2022": 249728, "zhvi_2023": 239310, "zhvi_2024": 230254, "zhvi_2025": 211194, "zori_2015": null, "zori_2016": null, "zori_2017": null, "zori_2018": null, "zori_2019": null, "zori_2020": null, "zori_2021": 1660, "zori_2022": 1639, "zori_2023": 1648, "zori_2024": 1545, "zori_2025": 1514, "has_zhvi": true, "has_zori": true}, "geometry": {"type": "Polygon", "coordinates": [[[-96.825309, 32.759189], [-96.822924, 32.758893], [-96.822843, 32.766985], [-96.819822, 32.766039], [-96.819817, 32.764142], [-96.817493, 32.76278], [-96.815345, 32.762724], [-96.815335, 32.762271], [-96.81252, 32.765287], [-96.807124, 32.76331], [-96.804033, 32.761587], [-96.798071, 32.756984], [-96.787688, 32.751396], [-96.785831, 32.751215], [-96.782755, 32.752223], [-96.779124, 32.749958], [-96.777533, 32.749913], [-96.780717, 32.743003], [-96.781065, 32.740105], [-96.780644, 32.738144], [-96.778256, 32.732853], [-96.790343, 32.727043], [-96.788085, 32.725743], [-96.787031, 32.722431], [-96.792014, 32.720354], [-96.790374, 32.719265], [-96.792503, 32.719861], [-96.796009, 32.719445], [-96.80054, 32.721815], [-96.802543, 32.720138], [-96.803727, 32.720159], [-96.802266, 32.72381], [-96.799512, 32.726263], [-96.799496, 32.728561], [-96.798975, 32.728771], [-96.799828, 32.730745], [-96.800131, 32.733257], [-96.798622, 32.739061], [-96.799454, 32.739132], [-96.799691, 32.738613], [-96.802423, 32.738601], [-96.802323, 32.739127], [-96.810372, 32.739134], [-96.810329, 32.73867], [-96.811618, 32.737786], [-96.812478, 32.741093], [-96.822205, 32.733209], [-96.824337, 32.732815], [-96.823862, 32.734453], [-96.824469, 32.734456], [-96.824502, 32.746359], [-96.822817, 32.746319], [-96.82288, 32.750684], [-96.824006, 32.752239], [-96.823995, 32.754478], [-96.82289, 32.754633], [-96.822911, 32.757793], [-96.824564, 32.758014], [-96.825309, 32.759189]]]}}, {"type": "Feature", "properties": {"zip": "75010", "city": "Carrollton", "county": "Denton County", "zhvi_2010": 341662, "zhvi_2011": 320062, "zhvi_2012": 317548, "zhvi_2013": 334479, "zhvi_2014": 356287, "zhvi_2015": 391996, "zhvi_2016": 426697, "zhvi_2017": 447977, "zhvi_2018": 457087, "zhvi_2019": 452137, "zhvi_2020": 460757, "zhvi_2021": 502637, "zhvi_2022": 569983, "zhvi_2023": 557803, "zhvi_2024": 555815, "zhvi_2025": 529035, "zori_2015": null, "zori_2016": null, "zori_2017": null, "zori_2018": null, "zori_2019": null, "zori_2020": null, "zori_2021": null, "zori_2022": 1862, "zori_2023": 1800, "zori_2024": 1762, "zori_2025": 1674, "has_zhvi": true, "has_zori": true}, "geometry": {"type": "MultiPolygon", "coordinates": [[[[-96.894787, 33.027084], [-96.892527, 33.02708], [-96.89252, 33.029006], [-96.887322, 33.029013], [-96.887079, 33.04321], [-96.88127, 33.041274], [-96.881086, 33.041981], [-96.88103, 33.044559], [-96.890561, 33.04467], [-96.89339, 33.0461], [-96.892618, 33.046619], [-96.892302, 33.053837], [-96.886939, 33.053818], [-96.886927, 33.047832], [-96.885431, 33.047428], [-96.882574, 33.047804], [-96.883483, 33.052039], [-96.880689, 33.051335], [-96.875883, 33.051816], [-96.874544, 33.051344], [-96.872462, 33.052346], [-96.869753, 33.048846], [-96.866487, 33.050569], [-96.865401, 33.052667], [-96.865125, 33.055229], [-96.863956, 33.05467], [-96.863349, 33.053484], [-96.862756, 33.049234], [-96.862324, 33.049369], [-96.860956, 33.047919], [-96.861112, 33.046817], [-96.859524, 33.04665], [-96.860229, 33.042003], [-96.853684, 33.041987], [-96.853189, 33.041308], [-96.853067, 33.036922], [-96.855333, 33.036912], [-96.855384, 33.03315], [-96.856099, 33.031069], [-96.854435, 33.030996], [-96.854401, 33.029995], [-96.852286, 33.02999], [-96.852484, 33.026053], [-96.85447, 33.026069], [-96.85855, 33.024299], [-96.859677, 33.024239], [-96.865043, 33.024697], [-96.885004, 33.024835], [-96.894853, 33.024076], [-96.894787, 33.027084]]], [[[-96.951424, 33.00589], [-96.948941, 33.01014], [-96.950688, 33.013198], [-96.94989, 33.018286], [-96.946232, 33.017969], [-96.94427, 33.020642], [-96.944898, 33.022951], [-96.944395, 33.033068], [-96.935941, 33.034109], [-96.936009, 33.039671], [-96.93159, 33.039515], [-96.931613, 33.041373], [-96.927121, 33.041336], [-96.927454, 33.036829], [-96.925031, 33.035631], [-96.922998, 33.035034], [-96.922887, 33.037513], [-96.918539, 33.037489], [-96.918562, 33.035262], [-96.910116, 33.035177], [-96.911108, 33.031648], [-96.912243, 33.031616], [-96.91234, 33.030955], [-96.914744, 33.030933], [-96.915544, 33.030438], [-96.916533, 33.028124], [-96.917445, 33.028156], [-96.917418, 33.026944], [-96.89936, 33.02704], [-96.89937, 33.02393], [-96.907862, 33.02382], [-96.913291, 33.02144], [-96.919466, 33.019989], [-96.921742, 33.015036], [-96.922983, 33.015189], [-96.921367, 33.01936], [-96.922777, 33.019761], [-96.926891, 33.015467], [-96.925754, 33.014758], [-96.926087, 33.013413], [-96.930327, 33.012537], [-96.931311, 33.01162], [-96.934589, 33.011847], [-96.935592, 33.01108], [-96.9359, 33.007317], [-96.93818, 33.005977], [-96.940741, 33.005606], [-96.945714, 33.006464], [-96.950079, 33.005003], [-96.951424, 33.00589]]]]}}, {"type": "Feature", "properties": {"zip": "75454", "city": "Melissa", "county": "Collin County", "zhvi_2010": 290865, "zhvi_2011": 267656, "zhvi_2012": 267747, "zhvi_2013": 283885, "zhvi_2014": 308916, "zhvi_2015": 338191, "zhvi_2016": 363805, "zhvi_2017": 380370, "zhvi_2018": 385515, "zhvi_2019": 382290, "zhvi_2020": 384368, "zhvi_2021": 441291, "zhvi_2022": 531312, "zhvi_2023": 495466, "zhvi_2024": 480098, "zhvi_2025": 449001, "zori_2015": null, "zori_2016": null, "zori_2017": null, "zori_2018": null, "zori_2019": null, "zori_2020": null, "zori_2021": null, "zori_2022": 2057, "zori_2023": 2121, "zori_2024": 2029, "zori_2025": 1989, "has_zhvi": true, "has_zori": true}, "geometry": {"type": "Polygon", "coordinates": [[[-96.623521, 33.24628], [-96.618199, 33.250386], [-96.618295, 33.250859], [-96.617358, 33.251717], [-96.609577, 33.257688], [-96.611649, 33.260168], [-96.611259, 33.260729], [-96.612489, 33.261547], [-96.610862, 33.264129], [-96.612192, 33.2648], [-96.609384, 33.267224], [-96.609902, 33.267965], [-96.611457, 33.268596], [-96.607898, 33.270641], [-96.607714, 33.27156], [-96.605644, 33.272444], [-96.605457, 33.273756], [-96.606886, 33.274777], [-96.60511, 33.277184], [-96.605892, 33.277739], [-96.605606, 33.278488], [-96.606277, 33.279396], [-96.604635, 33.28042], [-96.606039, 33.28096], [-96.604573, 33.282769], [-96.606285, 33.28404], [-96.604614, 33.285183], [-96.605138, 33.287743], [-96.603678, 33.28869], [-96.603178, 33.288503], [-96.601567, 33.294373], [-96.596769, 33.298458], [-96.593972, 33.299428], [-96.594505, 33.300216], [-96.592555, 33.299759], [-96.591961, 33.300203], [-96.592161, 33.285012], [-96.590305, 33.319031], [-96.57873, 33.317581], [-96.56476, 33.316915], [-96.55484, 33.315348], [-96.537814, 33.315156], [-96.537956, 33.308269], [-96.52903, 33.308113], [-96.529145, 33.303696], [-96.532596, 33.303751], [-96.532662, 33.300673], [-96.519964, 33.307986], [-96.511127, 33.307723], [-96.511134, 33.304898], [-96.508472, 33.30155], [-96.506082, 33.300062], [-96.503622, 33.300435], [-96.503807, 33.299508], [-96.502367, 33.29876], [-96.5006, 33.295831], [-96.499225, 33.295445], [-96.501939, 33.295101], [-96.502984, 33.292822], [-96.507193, 33.290728], [-96.50774, 33.285127], [-96.499469, 33.285375], [-96.498703, 33.282814], [-96.498747, 33.279324], [-96.494703, 33.279248], [-96.494946, 33.276796], [-96.496743, 33.278568], [-96.500854, 33.279102], [-96.500956, 33.276205], [-96.501878, 33.273463], [-96.50212, 33.268483], [-96.512892, 33.268769], [-96.512885, 33.26663], [-96.519156, 33.259749], [-96.521868, 33.260948], [-96.52277, 33.263936], [-96.524327, 33.264476], [-96.524349, 33.262196], [-96.533167, 33.26277], [-96.533046, 33.26437], [-96.544069, 33.264672], [-96.545881, 33.263736], [-96.546039, 33.260156], [-96.548096, 33.260218], [-96.547911, 33.264733], [-96.549316, 33.264743], [-96.549337, 33.265479], [-96.553778, 33.265458], [-96.559314, 33.266469], [-96.559165, 33.269966], [-96.568821, 33.270213], [-96.568634, 33.263404], [-96.577058, 33.263489], [-96.578087, 33.261629], [-96.577492, 33.258566], [-96.578789, 33.256273], [-96.576927, 33.252217], [-96.579954, 33.25049], [-96.581459, 33.25102], [-96.586685, 33.24917], [-96.586656, 33.250833], [-96.587133, 33.251118], [-96.596537, 33.242596], [-96.599314, 33.235441], [-96.603512, 33.235908], [-96.602082, 33.237539], [-96.604096, 33.238185], [-96.606188, 33.241186], [-96.608712, 33.241207], [-96.609202, 33.243887], [-96.611612, 33.243561], [-96.614875, 33.244107], [-96.618272, 33.243311], [-96.619232, 33.244149], [-96.622422, 33.244463], [-96.623521, 33.24628]]]}}, {"type": "Feature", "properties": {"zip": "75209", "city": "Dallas", "county": "Dallas County", "zhvi_2010": 563063, "zhvi_2011": 526021, "zhvi_2012": 530326, "zhvi_2013": 586038, "zhvi_2014": 635991, "zhvi_2015": 709503, "zhvi_2016": 776258, "zhvi_2017": 806547, "zhvi_2018": 830469, "zhvi_2019": 828346, "zhvi_2020": 829877, "zhvi_2021": 889256, "zhvi_2022": 996693, "zhvi_2023": 995630, "zhvi_2024": 1025550, "zhvi_2025": 1021307, "zori_2015": null, "zori_2016": null, "zori_2017": null, "zori_2018": null, "zori_2019": null, "zori_2020": null, "zori_2021": 1635, "zori_2022": 1633, "zori_2023": 1650, "zori_2024": 1633, "zori_2025": 1657, "has_zhvi": true, "has_zori": true}, "geometry": {"type": "Polygon", "coordinates": [[[-96.853551, 32.859758], [-96.848916, 32.860013], [-96.845067, 32.859142], [-96.842623, 32.860425], [-96.840131, 32.859508], [-96.836958, 32.860362], [-96.835931, 32.862296], [-96.836369, 32.86383], [-96.834427, 32.863597], [-96.83465, 32.862356], [-96.831321, 32.861231], [-96.830563, 32.861791], [-96.830048, 32.863513], [-96.82502, 32.866784], [-96.822183, 32.866562], [-96.820407, 32.865651], [-96.811347, 32.865498], [-96.816909, 32.821523], [-96.819731, 32.823954], [-96.820685, 32.823192], [-96.822448, 32.824024], [-96.821094, 32.825148], [-96.827578, 32.831221], [-96.834109, 32.839246], [-96.834491, 32.844118], [-96.835108, 32.845444], [-96.850207, 32.85855], [-96.853551, 32.859758]]]}}, {"type": "Feature", "properties": {"zip": "75210", "city": "Dallas", "county": "Dallas County", "zhvi_2010": 88401, "zhvi_2011": 66982, "zhvi_2012": 63428, "zhvi_2013": 66131, "zhvi_2014": 71069, "zhvi_2015": 76848, "zhvi_2016": 80837, "zhvi_2017": 90968, "zhvi_2018": 110941, "zhvi_2019": 123241, "zhvi_2020": 139252, "zhvi_2021": 160403, "zhvi_2022": 177932, "zhvi_2023": 171021, "zhvi_2024": 168350, "zhvi_2025": 149953, "zori_2015": null, "zori_2016": null, "zori_2017": null, "zori_2018": null, "zori_2019": null, "zori_2020": null, "zori_2021": null, "zori_2022": null, "zori_2023": null, "zori_2024": null, "zori_2025": null, "has_zhvi": true, "has_zori": false}, "geometry": {"type": "Polygon", "coordinates": [[[-96.769665, 32.778318], [-96.768078, 32.77817], [-96.769093, 32.779936], [-96.76847, 32.781713], [-96.766738, 32.78127], [-96.765535, 32.783786], [-96.754889, 32.78118], [-96.73489, 32.777794], [-96.728461, 32.777797], [-96.72938, 32.769755], [-96.730955, 32.766247], [-96.729668, 32.764569], [-96.729766, 32.763644], [-96.732793, 32.760337], [-96.732021, 32.758838], [-96.734188, 32.756845], [-96.735527, 32.757127], [-96.736414, 32.755433], [-96.738078, 32.755437], [-96.745621, 32.761989], [-96.747506, 32.762435], [-96.747601, 32.763585], [-96.750931, 32.766478], [-96.754559, 32.767013], [-96.757548, 32.768421], [-96.769665, 32.778318]]]}}, {"type": "Feature", "properties": {"zip": "75038", "city": "Irving", "county": "Dallas County", "zhvi_2010": 277522, "zhvi_2011": 258249, "zhvi_2012": 257329, "zhvi_2013": 270528, "zhvi_2014": 286448, "zhvi_2015": 309274, "zhvi_2016": 332164, "zhvi_2017": 357299, "zhvi_2018": 374022, "zhvi_2019": 381243, "zhvi_2020": 391997, "zhvi_2021": 421771, "zhvi_2022": 469014, "zhvi_2023": 464308, "zhvi_2024": 465917, "zhvi_2025": 448444, "zori_2015": null, "zori_2016": null, "zori_2017": null, "zori_2018": null, "zori_2019": null, "zori_2020": null, "zori_2021": 1592, "zori_2022": 1546, "zori_2023": 1493, "zori_2024": 1399, "zori_2025": 1360, "has_zhvi": true, "has_zori": true}, "geometry": {"type": "Polygon", "coordinates": [[[-97.020797, 32.859706], [-97.019913, 32.861543], [-97.01523, 32.867274], [-97.011765, 32.869563], [-97.007935, 32.870317], [-97.006069, 32.871519], [-97.004583, 32.873939], [-97.004251, 32.880094], [-96.998209, 32.887423], [-96.99579, 32.888478], [-96.991095, 32.888726], [-96.991194, 32.885374], [-96.986232, 32.885038], [-96.985284, 32.885357], [-96.980308, 32.890261], [-96.971939, 32.895636], [-96.955948, 32.886805], [-96.954776, 32.884853], [-96.953436, 32.884877], [-96.949278, 32.881331], [-96.948757, 32.881334], [-96.947441, 32.879624], [-96.946459, 32.877015], [-96.945674, 32.871179], [-96.94371, 32.868189], [-96.94813, 32.865554], [-96.949071, 32.866743], [-96.951504, 32.866841], [-96.951205, 32.866165], [-96.954396, 32.861782], [-96.953536, 32.860557], [-96.956851, 32.858521], [-96.957783, 32.859034], [-96.960608, 32.858806], [-96.963549, 32.856477], [-96.967438, 32.856059], [-96.970357, 32.856444], [-96.978879, 32.855106], [-96.98128, 32.856198], [-96.987405, 32.855763], [-96.98829, 32.859225], [-96.990906, 32.858732], [-96.991219, 32.85706], [-96.994041, 32.85708], [-96.994063, 32.858853], [-96.999609, 32.858559], [-96.99966, 32.857084], [-97.004929, 32.857101], [-97.004915, 32.857884], [-97.006287, 32.858268], [-97.007649, 32.859901], [-97.007909, 32.856966], [-97.021289, 32.856918], [-97.020797, 32.859706]]]}}, {"type": "Feature", "properties": {"zip": "76054", "city": "Hurst", "county": "Tarrant County", "zhvi_2010": 252908, "zhvi_2011": 235169, "zhvi_2012": 231931, "zhvi_2013": 242472, "zhvi_2014": 254241, "zhvi_2015": 276921, "zhvi_2016": 302823, "zhvi_2017": 323953, "zhvi_2018": 341327, "zhvi_2019": 347257, "zhvi_2020": 360771, "zhvi_2021": 390579, "zhvi_2022": 427217, "zhvi_2023": 422850, "zhvi_2024": 420809, "zhvi_2025": 407525, "zori_2015": null, "zori_2016": null, "zori_2017": null, "zori_2018": null, "zori_2019": null, "zori_2020": null, "zori_2021": null, "zori_2022": null, "zori_2023": null, "zori_2024": null, "zori_2025": null, "has_zhvi": true, "has_zori": false}, "geometry": {"type": "Polygon", "coordinates": [[[-97.193031, 32.850029], [-97.18614, 32.855733], [-97.18596, 32.889182], [-97.180265, 32.889173], [-97.178804, 32.887741], [-97.177104, 32.887676], [-97.177074, 32.886204], [-97.173927, 32.888618], [-97.17392, 32.8863], [-97.174465, 32.885344], [-97.173811, 32.885233], [-97.173686, 32.880577], [-97.176803, 32.881308], [-97.177305, 32.880409], [-97.173637, 32.880401], [-97.173668, 32.874929], [-97.164343, 32.874852], [-97.164364, 32.873602], [-97.173109, 32.86641], [-97.173067, 32.860115], [-97.169521, 32.860071], [-97.167792, 32.860537], [-97.16765, 32.852781], [-97.168643, 32.852263], [-97.16692, 32.849109], [-97.159823, 32.849102], [-97.159267, 32.848709], [-97.159736, 32.84167], [-97.159453, 32.840031], [-97.167749, 32.839514], [-97.185207, 32.839433], [-97.192896, 32.838529], [-97.193031, 32.850029]]]}}, {"type": "Feature", "properties": {"zip": "75229", "city": "Dallas", "county": "Dallas County", "zhvi_2010": 372333, "zhvi_2011": 346843, "zhvi_2012": 341809, "zhvi_2013": 370341, "zhvi_2014": 403766, "zhvi_2015": 454477, "zhvi_2016": 507611, "zhvi_2017": 533310, "zhvi_2018": 547255, "zhvi_2019": 553941, "zhvi_2020": 570744, "zhvi_2021": 622071, "zhvi_2022": 682290, "zhvi_2023": 690395, "zhvi_2024": 706596, "zhvi_2025": 707994, "zori_2015": null, "zori_2016": null, "zori_2017": null, "zori_2018": null, "zori_2019": null, "zori_2020": null, "zori_2021": null, "zori_2022": null, "zori_2023": null, "zori_2024": null, "zori_2025": null, "has_zhvi": true, "has_zori": false}, "geometry": {"type": "MultiPolygon", "coordinates": [[[[-96.930221, 32.886803], [-96.929939, 32.887772], [-96.93081, 32.890681], [-96.927653, 32.891215], [-96.926946, 32.892342], [-96.928452, 32.896043], [-96.928068, 32.899545], [-96.927307, 32.900104], [-96.92753, 32.901287], [-96.926655, 32.903603], [-96.9281268432843, 32.9055073627385], [-96.926316, 32.903761], [-96.924845, 32.901244], [-96.922695, 32.90074], [-96.920899, 32.904075], [-96.919352, 32.905136], [-96.918633, 32.903942], [-96.918753, 32.895636], [-96.911491, 32.895688], [-96.909259, 32.90661], [-96.904542, 32.906695], [-96.904286, 32.903851], [-96.902396, 32.904055], [-96.902401, 32.905913], [-96.899644, 32.905928], [-96.899732, 32.908057], [-96.892207, 32.908842], [-96.89185, 32.907715], [-96.889528, 32.908779], [-96.882531, 32.909403], [-96.88162, 32.909436], [-96.88079, 32.908231], [-96.872887, 32.908289], [-96.872404, 32.908712], [-96.872261, 32.906826], [-96.869935, 32.907587], [-96.863999, 32.907674], [-96.864, 32.908056], [-96.856207, 32.908012], [-96.85616, 32.909652], [-96.818365, 32.909615], [-96.818365, 32.908324], [-96.81487, 32.908313], [-96.815049, 32.909591], [-96.814485, 32.90958], [-96.809257, 32.894923], [-96.808512, 32.891492], [-96.809561, 32.880177], [-96.818181, 32.880043], [-96.820983, 32.877981], [-96.821126, 32.880119], [-96.830166, 32.880117], [-96.830765, 32.879322], [-96.838403, 32.879726], [-96.838529, 32.880201], [-96.846324, 32.879758], [-96.846327, 32.880299], [-96.853092, 32.880291], [-96.853092, 32.879893], [-96.854726, 32.87987], [-96.854726, 32.878978], [-96.856113, 32.878975], [-96.856137, 32.880381], [-96.856828, 32.880547], [-96.865705, 32.880792], [-96.868646, 32.880392], [-96.878271, 32.880921], [-96.879571, 32.879828], [-96.883234, 32.879866], [-96.883629, 32.881138], [-96.902928, 32.881055], [-96.903728, 32.878], [-96.90454, 32.876821], [-96.909369, 32.876572], [-96.90944, 32.87389], [-96.913523, 32.873972], [-96.913845, 32.875369], [-96.915881, 32.874026], [-96.913439, 32.886099], [-96.917637, 32.886279], [-96.917568, 32.888624], [-96.918757, 32.88862], [-96.918817, 32.886018], [-96.93114, 32.886088], [-96.930221, 32.886803]]], [[[-96.931813, 32.907334], [-96.931122, 32.908838], [-96.931272, 32.907266], [-96.9281268432843, 32.9055073627385], [-96.929949, 32.905997], [-96.931813, 32.907334]]]]}}, {"type": "Feature", "properties": {"zip": "76092", "city": "Southlake", "county": "Tarrant County", "zhvi_2010": 735709, "zhvi_2011": 697039, "zhvi_2012": 695926, "zhvi_2013": 730221, "zhvi_2014": 768959, "zhvi_2015": 821669, "zhvi_2016": 853276, "zhvi_2017": 868905, "zhvi_2018": 878615, "zhvi_2019": 888838, "zhvi_2020": 916740, "zhvi_2021": 1053559, "zhvi_2022": 1236715, "zhvi_2023": 1209009, "zhvi_2024": 1242246, "zhvi_2025": 1244413, "zori_2015": null, "zori_2016": null, "zori_2017": null, "zori_2018": null, "zori_2019": null, "zori_2020": null, "zori_2021": null, "zori_2022": null, "zori_2023": null, "zori_2024": null, "zori_2025": null, "has_zhvi": true, "has_zori": false}, "geometry": {"type": "Polygon", "coordinates": [[[-97.203208, 32.9272], [-97.203165, 32.937956], [-97.200968, 32.93795], [-97.20093, 32.940352], [-97.20236, 32.940368], [-97.202359, 32.941655], [-97.20312, 32.941665], [-97.20304, 32.948921], [-97.185741, 32.948839], [-97.185825, 32.966401], [-97.178886, 32.96633], [-97.178225, 32.967619], [-97.178098, 32.970689], [-97.16974, 32.970667], [-97.169727, 32.973167], [-97.168166, 32.97315], [-97.168085, 32.975415], [-97.165627, 32.976355], [-97.162403, 32.976247], [-97.168105, 32.983666], [-97.168047, 32.985486], [-97.167211, 32.986127], [-97.167017, 33.010745], [-97.15771, 33.010624], [-97.133552, 32.999502], [-97.133591, 32.992004], [-97.130244, 32.990335], [-97.109232, 32.990203], [-97.108933, 32.985487], [-97.110186, 32.984929], [-97.110199, 32.982716], [-97.113029, 32.980406], [-97.11406, 32.977798], [-97.11429, 32.975267], [-97.114808, 32.975129], [-97.114236, 32.97263], [-97.115801, 32.972558], [-97.116326, 32.970868], [-97.115339, 32.969658], [-97.116112, 32.969419], [-97.116649, 32.968567], [-97.116677, 32.954908], [-97.105265, 32.954698], [-97.104566, 32.95255], [-97.104882, 32.9476], [-97.108027, 32.947649], [-97.108024, 32.943383], [-97.102406, 32.941497], [-97.09818, 32.937173], [-97.098266, 32.936123], [-97.101848, 32.936142], [-97.101903, 32.931921], [-97.110402, 32.931932], [-97.110251, 32.926039], [-97.108019, 32.926026], [-97.126254, 32.915277], [-97.129586, 32.91406], [-97.129794, 32.914752], [-97.132544, 32.916358], [-97.133589, 32.915667], [-97.135818, 32.917179], [-97.139069, 32.916355], [-97.144865, 32.918639], [-97.14889, 32.91684], [-97.150104, 32.91785], [-97.154571, 32.916983], [-97.157728, 32.919857], [-97.158854, 32.921686], [-97.161162, 32.920156], [-97.167948, 32.923696], [-97.170079, 32.922708], [-97.172197, 32.92249], [-97.17363, 32.923105], [-97.174374, 32.921917], [-97.178465, 32.923445], [-97.181196, 32.920894], [-97.183554, 32.922893], [-97.186123, 32.924243], [-97.186097, 32.925772], [-97.187048, 32.926711], [-97.203208, 32.9272]]]}}, {"type": "Feature", "properties": {"zip": "75231", "city": "Dallas", "county": "Dallas County", "zhvi_2010": 171959, "zhvi_2011": 155327, "zhvi_2012": 151043, "zhvi_2013": 161666, "zhvi_2014": 175005, "zhvi_2015": 191045, "zhvi_2016": 219859, "zhvi_2017": 248124, "zhvi_2018": 273280, "zhvi_2019": 284810, "zhvi_2020": 295616, "zhvi_2021": 311487, "zhvi_2022": 340595, "zhvi_2023": 346559, "zhvi_2024": 325601, "zhvi_2025": 301627, "zori_2015": null, "zori_2016": null, "zori_2017": 1301, "zori_2018": 1298, "zori_2019": 1323, "zori_2020": 1306, "zori_2021": 1354, "zori_2022": 1442, "zori_2023": 1397, "zori_2024": 1331, "zori_2025": 1307, "has_zhvi": true, "has_zori": true}, "geometry": {"type": "Polygon", "coordinates": [[[-96.772628, 32.876939], [-96.770708, 32.877474], [-96.770713, 32.88015], [-96.770249, 32.88015], [-96.770285, 32.887769], [-96.769543, 32.894215], [-96.770851, 32.896237], [-96.76924, 32.896368], [-96.769197, 32.898713], [-96.76339, 32.898631], [-96.761455, 32.896492], [-96.761767, 32.895417], [-96.759069, 32.890478], [-96.756688, 32.889043], [-96.755005, 32.890821], [-96.753412, 32.893662], [-96.751517, 32.893307], [-96.744385, 32.893906], [-96.740882, 32.893166], [-96.741605, 32.890338], [-96.741011, 32.890346], [-96.740917, 32.891211], [-96.736812, 32.891253], [-96.736763, 32.892992], [-96.734284, 32.894343], [-96.721868, 32.894548], [-96.726092, 32.891044], [-96.729514, 32.889255], [-96.730645, 32.888016], [-96.731089, 32.886032], [-96.730005, 32.88196], [-96.730704, 32.878594], [-96.73091, 32.873858], [-96.733317, 32.868496], [-96.733953, 32.863231], [-96.734071, 32.861235], [-96.732683, 32.855181], [-96.733163, 32.854999], [-96.732654, 32.854996], [-96.732831, 32.853009], [-96.733765, 32.851753], [-96.733388, 32.854719], [-96.735635, 32.854106], [-96.741051, 32.855009], [-96.743212, 32.852876], [-96.744426, 32.855642], [-96.74599, 32.855933], [-96.745686, 32.855115], [-96.747117, 32.855477], [-96.748498, 32.854458], [-96.749607, 32.856904], [-96.761631, 32.86515], [-96.770373, 32.865603], [-96.77035, 32.871851], [-96.771754, 32.871904], [-96.771907, 32.875777], [-96.772628, 32.876939]]]}}, {"type": "Feature", "properties": {"zip": "75219", "city": "Dallas", "county": "Dallas County", "zhvi_2010": 318030, "zhvi_2011": 292244, "zhvi_2012": 292480, "zhvi_2013": 315826, "zhvi_2014": 334001, "zhvi_2015": 364413, "zhvi_2016": 400056, "zhvi_2017": 414623, "zhvi_2018": 421441, "zhvi_2019": 416536, "zhvi_2020": 414510, "zhvi_2021": 421973, "zhvi_2022": 440389, "zhvi_2023": 432425, "zhvi_2024": 427985, "zhvi_2025": 408628, "zori_2015": 1923, "zori_2016": 2002, "zori_2017": 2004, "zori_2018": 2056, "zori_2019": 2067, "zori_2020": 2037, "zori_2021": 2091, "zori_2022": 2169, "zori_2023": 2110, "zori_2024": 2040, "zori_2025": 1977, "has_zhvi": true, "has_zori": true}, "geometry": {"type": "Polygon", "coordinates": [[[-96.829905, 32.80615], [-96.828903, 32.805805], [-96.827323, 32.807237], [-96.829259, 32.80923], [-96.827931, 32.811619], [-96.826879, 32.81646], [-96.826069, 32.816827], [-96.82659, 32.817416], [-96.823525, 32.818378], [-96.823897, 32.819178], [-96.821485, 32.819741], [-96.822382, 32.820679], [-96.821505, 32.822255], [-96.819404, 32.820469], [-96.81799, 32.822453], [-96.816909, 32.821523], [-96.816106, 32.826765], [-96.81635, 32.823673], [-96.812457, 32.822804], [-96.812034, 32.823195], [-96.804513, 32.823175], [-96.804393, 32.822688], [-96.802347, 32.822671], [-96.802516, 32.823437], [-96.801012, 32.82321], [-96.799965, 32.818816], [-96.798337, 32.81505], [-96.798379, 32.813122], [-96.799585, 32.812023], [-96.799209, 32.811718], [-96.800259, 32.810657], [-96.804296, 32.803027], [-96.805843, 32.802048], [-96.805514, 32.803424], [-96.811047, 32.801302], [-96.809692, 32.800018], [-96.813248, 32.797379], [-96.814858, 32.7984], [-96.815007, 32.797245], [-96.81431, 32.79617], [-96.809525, 32.790738], [-96.808562, 32.791438], [-96.807801, 32.789896], [-96.808647, 32.789276], [-96.808966, 32.784391], [-96.810746, 32.784185], [-96.815612, 32.798788], [-96.817233, 32.800528], [-96.817461, 32.80022], [-96.819319, 32.802728], [-96.822015, 32.804183], [-96.829943, 32.805675], [-96.829905, 32.80615]]]}}, {"type": "Feature", "properties": {"zip": "75048", "city": "Sachse", "county": "Dallas County", "zhvi_2010": 267341, "zhvi_2011": 251122, "zhvi_2012": 248404, "zhvi_2013": 263738, "zhvi_2014": 284728, "zhvi_2015": 314436, "zhvi_2016": 344832, "zhvi_2017": 364306, "zhvi_2018": 374483, "zhvi_2019": 373179, "zhvi_2020": 381579, "zhvi_2021": 424492, "zhvi_2022": 485799, "zhvi_2023": 476136, "zhvi_2024": 469397, "zhvi_2025": 442465, "zori_2015": null, "zori_2016": null, "zori_2017": null, "zori_2018": null, "zori_2019": null, "zori_2020": null, "zori_2021": 1827, "zori_2022": 1808, "zori_2023": 1796, "zori_2024": 1746, "zori_2025": 1693, "has_zhvi": true, "has_zori": true}, "geometry": {"type": "Polygon", "coordinates": [[[-96.613461, 32.974933], [-96.613376, 32.98677], [-96.604704, 32.98663], [-96.604681, 32.98946], [-96.601311, 32.989466], [-96.601412, 32.991498], [-96.599279, 32.991585], [-96.599371, 32.993096], [-96.59564, 32.993451], [-96.595649, 33.000452], [-96.594293, 32.999722], [-96.594971, 32.997388], [-96.593344, 32.997256], [-96.593172, 32.998261], [-96.586562, 32.997368], [-96.585808, 32.99617], [-96.579594, 32.99588], [-96.576351, 32.993733], [-96.573564, 32.993345], [-96.571312, 32.991614], [-96.566704, 32.994476], [-96.564594, 32.994061], [-96.564587, 32.99299], [-96.563956, 32.992928], [-96.562722, 32.989322], [-96.562908, 32.986263], [-96.559316, 32.984384], [-96.558767, 32.984707], [-96.558489, 32.984342], [-96.559263, 32.983508], [-96.558786, 32.983501], [-96.558808, 32.982431], [-96.558025, 32.981034], [-96.558243, 32.97977], [-96.56306, 32.978357], [-96.562155, 32.976755], [-96.558435, 32.978213], [-96.557566, 32.977145], [-96.554382, 32.975042], [-96.553809, 32.97243], [-96.552088, 32.970898], [-96.552883, 32.970797], [-96.551103, 32.968297], [-96.550435, 32.965385], [-96.551428, 32.960929], [-96.551468, 32.95635], [-96.552575, 32.955038], [-96.552544, 32.95304], [-96.550909, 32.950806], [-96.551859, 32.948636], [-96.55391, 32.948507], [-96.555337, 32.946911], [-96.556194, 32.946804], [-96.560473, 32.947724], [-96.574791, 32.94771], [-96.582364, 32.941634], [-96.583553, 32.941516], [-96.588205, 32.945207], [-96.58959, 32.947082], [-96.589009, 32.947465], [-96.589149, 32.950217], [-96.593085, 32.949737], [-96.594534, 32.951051], [-96.600284, 32.953823], [-96.607594, 32.956946], [-96.608698, 32.957044], [-96.609757, 32.958872], [-96.61116, 32.959201], [-96.603151, 32.965964], [-96.605313, 32.967877], [-96.606243, 32.968139], [-96.60653, 32.969025], [-96.607231, 32.968815], [-96.608213, 32.969658], [-96.608637, 32.969305], [-96.613004, 32.973868], [-96.613461, 32.974933]]]}}, {"type": "Feature", "properties": {"zip": "75040", "city": "Garland", "county": "Dallas County", "zhvi_2010": 141679, "zhvi_2011": 131424, "zhvi_2012": 128858, "zhvi_2013": 139012, "zhvi_2014": 150919, "zhvi_2015": 168203, "zhvi_2016": 195599, "zhvi_2017": 218095, "zhvi_2018": 236707, "zhvi_2019": 244908, "zhvi_2020": 254073, "zhvi_2021": 275770, "zhvi_2022": 310484, "zhvi_2023": 307878, "zhvi_2024": 304310, "zhvi_2025": 285414, "zori_2015": null, "zori_2016": 1510, "zori_2017": 1566, "zori_2018": 1579, "zori_2019": 1608, "zori_2020": 1653, "zori_2021": 1722, "zori_2022": 1839, "zori_2023": 1819, "zori_2024": 1782, "zori_2025": 1762, "has_zhvi": true, "has_zori": true}, "geometry": {"type": "Polygon", "coordinates": [[[-96.662409, 32.958899], [-96.655927, 32.964302], [-96.655731, 32.962472], [-96.653745, 32.96161], [-96.651257, 32.95947], [-96.649683, 32.959345], [-96.642159, 32.965968], [-96.634567, 32.959907], [-96.619664, 32.951107], [-96.61843, 32.954763], [-96.616758, 32.957614], [-96.61024, 32.966141], [-96.60653, 32.969025], [-96.606243, 32.968139], [-96.605313, 32.967877], [-96.603151, 32.965964], [-96.61116, 32.959201], [-96.609757, 32.958872], [-96.608698, 32.957044], [-96.607594, 32.956946], [-96.600284, 32.953823], [-96.594534, 32.951051], [-96.593085, 32.949737], [-96.589149, 32.950217], [-96.589009, 32.947465], [-96.58959, 32.947082], [-96.588205, 32.945207], [-96.583553, 32.941516], [-96.582364, 32.941634], [-96.579703, 32.939441], [-96.577913, 32.939704], [-96.575355, 32.936463], [-96.5817, 32.931357], [-96.586069, 32.928607], [-96.591094, 32.920594], [-96.593104, 32.920127], [-96.593059, 32.909419], [-96.593432, 32.908274], [-96.592758, 32.907018], [-96.592367, 32.894002], [-96.622196, 32.894273], [-96.622198, 32.894719], [-96.625456, 32.894258], [-96.626534, 32.894262], [-96.626547, 32.894725], [-96.629659, 32.894738], [-96.629654, 32.894278], [-96.636355, 32.894419], [-96.636353, 32.894877], [-96.641087, 32.895412], [-96.641086, 32.894478], [-96.641556, 32.894472], [-96.641577, 32.896166], [-96.643582, 32.896168], [-96.64353, 32.89445], [-96.645082, 32.894441], [-96.64509, 32.895572], [-96.649102, 32.894472], [-96.648418, 32.907646], [-96.650001, 32.908988], [-96.648156, 32.909039], [-96.6491, 32.91235], [-96.648655, 32.915072], [-96.651379, 32.914602], [-96.651379, 32.915917], [-96.648297, 32.91624], [-96.648302, 32.940467], [-96.650113, 32.940416], [-96.65019, 32.943451], [-96.648376, 32.943413], [-96.648691, 32.944635], [-96.648172, 32.944609], [-96.647964, 32.945183], [-96.648613, 32.947412], [-96.653462, 32.951593], [-96.655461, 32.951403], [-96.656986, 32.952273], [-96.656476, 32.953822], [-96.662409, 32.958899]]]}}, {"type": "Feature", "properties": {"zip": "75050", "city": "Grand Prairie", "county": "Dallas County", "zhvi_2010": 127184, "zhvi_2011": 117440, "zhvi_2012": 118700, "zhvi_2013": 129275, "zhvi_2014": 141966, "zhvi_2015": 155857, "zhvi_2016": 174207, "zhvi_2017": 196625, "zhvi_2018": 216876, "zhvi_2019": 229097, "zhvi_2020": 246565, "zhvi_2021": 271849, "zhvi_2022": 302893, "zhvi_2023": 294628, "zhvi_2024": 292491, "zhvi_2025": 273294, "zori_2015": null, "zori_2016": null, "zori_2017": null, "zori_2018": null, "zori_2019": null, "zori_2020": null, "zori_2021": 1620, "zori_2022": 1537, "zori_2023": 1512, "zori_2024": 1414, "zori_2025": 1356, "has_zhvi": true, "has_zori": true}, "geometry": {"type": "Polygon", "coordinates": [[[-97.062952, 32.763005], [-97.061716, 32.773829], [-97.062297, 32.773844], [-97.06127, 32.77902], [-97.062579, 32.779027], [-97.062719, 32.780977], [-97.060837, 32.781931], [-97.059949, 32.785366], [-97.062647, 32.785175], [-97.062625, 32.796023], [-97.06229, 32.796426], [-97.062701, 32.796786], [-97.062681, 32.802114], [-97.062187, 32.804454], [-97.062671, 32.808321], [-97.0598, 32.807789], [-97.060166, 32.809593], [-97.058539, 32.81115], [-97.060108, 32.81379], [-97.058464, 32.815023], [-97.056575, 32.813645], [-97.054916, 32.815397], [-97.0539, 32.81494], [-97.053658, 32.812502], [-97.05021, 32.811097], [-97.048929, 32.811339], [-97.049082, 32.8139], [-97.048112, 32.813266], [-97.046318, 32.809098], [-97.044625, 32.807942], [-97.042868, 32.809191], [-97.041831, 32.808671], [-97.041156, 32.807133], [-97.037696, 32.806567], [-97.036596, 32.802635], [-97.037167, 32.799353], [-97.036662, 32.797339], [-97.035092, 32.796713], [-97.034888, 32.793647], [-97.035498, 32.792908], [-97.037151, 32.793196], [-97.035668, 32.789556], [-97.034711, 32.788482], [-97.034219, 32.8164], [-97.014461, 32.815807], [-97.01442, 32.81622], [-96.994569, 32.815855], [-96.994948, 32.814804], [-96.995452, 32.81481], [-96.995161, 32.81155], [-96.997467, 32.811436], [-96.998837, 32.812626], [-97.002427, 32.812548], [-97.002536, 32.810797], [-97.001322, 32.810547], [-97.00074, 32.807617], [-96.999144, 32.807728], [-96.999159, 32.806956], [-96.995322, 32.806843], [-96.995501, 32.777805], [-96.981474, 32.777972], [-96.979063, 32.77925], [-96.976156, 32.782432], [-96.974068, 32.783068], [-96.959993, 32.783062], [-96.96002, 32.773416], [-96.958632, 32.772012], [-96.956322, 32.772971], [-96.956867, 32.77447], [-96.956087, 32.776948], [-96.955036, 32.778264], [-96.951513, 32.779241], [-96.950484, 32.778281], [-96.95355, 32.776288], [-96.953082, 32.774644], [-96.948142, 32.775418], [-96.947204, 32.776539], [-96.943076, 32.776746], [-96.941211, 32.777895], [-96.926077, 32.782076], [-96.926704, 32.771206], [-96.926119, 32.768665], [-96.927378, 32.76702], [-96.926976, 32.766634], [-96.92794, 32.764824], [-96.926691, 32.762464], [-96.92472, 32.76225], [-96.92402, 32.760999], [-96.925918, 32.755831], [-96.9264, 32.747526], [-96.940564, 32.7468], [-96.940158, 32.749115], [-96.943717, 32.749068], [-96.950246, 32.746578], [-96.959609, 32.746428], [-96.958127, 32.747383], [-96.969426, 32.746089], [-96.970753, 32.746027], [-96.970753, 32.746496], [-97.007083, 32.74457], [-97.016639, 32.741901], [-97.035522, 32.739451], [-97.041894, 32.739069], [-97.045736, 32.739433], [-97.045576, 32.74468], [-97.040565, 32.74479], [-97.040034, 32.753743], [-97.037084, 32.754178], [-97.037172, 32.761395], [-97.045588, 32.761536], [-97.045837, 32.765248], [-97.04849, 32.765185], [-97.048202, 32.76433], [-97.05972, 32.764349], [-97.06111, 32.763258], [-97.062952, 32.763005]]]}}, {"type": "Feature", "properties": {"zip": "75054", "city": "Grand Prairie", "county": "Tarrant County", "zhvi_2010": 349568, "zhvi_2011": 331380, "zhvi_2012": 325518, "zhvi_2013": 339835, "zhvi_2014": 356154, "zhvi_2015": 379577, "zhvi_2016": 402346, "zhvi_2017": 416328, "zhvi_2018": 425644, "zhvi_2019": 424935, "zhvi_2020": 435325, "zhvi_2021": 483573, "zhvi_2022": 546018, "zhvi_2023": 520346, "zhvi_2024": 505286, "zhvi_2025": 483601, "zori_2015": null, "zori_2016": null, "zori_2017": null, "zori_2018": null, "zori_2019": null, "zori_2020": null, "zori_2021": null, "zori_2022": null, "zori_2023": null, "zori_2024": 1759, "zori_2025": 1759, "has_zhvi": true, "has_zori": true}, "geometry": {"type": "Polygon", "coordinates": [[[-97.075387, 32.592314], [-97.072696, 32.593044], [-97.071604, 32.595075], [-97.069297, 32.59416], [-97.068218, 32.595052], [-97.067798, 32.594277], [-97.065992, 32.595294], [-97.064181, 32.594527], [-97.061118, 32.596697], [-97.059876, 32.599266], [-97.061483, 32.602287], [-97.058981, 32.604365], [-97.058304, 32.609108], [-97.049511, 32.61824], [-97.04498, 32.621323], [-97.039119, 32.622969], [-97.037455, 32.622841], [-97.037328, 32.630806], [-97.03601, 32.631363], [-97.032647, 32.630664], [-97.029424, 32.629167], [-97.026673, 32.630972], [-97.022222, 32.631577], [-97.02279, 32.633257], [-97.021629, 32.632517], [-97.021454, 32.633996], [-97.019994, 32.633885], [-97.020031, 32.635173], [-97.018377, 32.635343], [-97.018813, 32.637248], [-97.020922, 32.637841], [-97.018642, 32.637638], [-97.017671, 32.636318], [-97.015911, 32.637504], [-97.016678, 32.638776], [-97.014462, 32.638632], [-97.011259, 32.639722], [-96.997734, 32.633864], [-96.996341, 32.632885], [-96.996213, 32.629766], [-96.998862, 32.626192], [-97.000103, 32.622443], [-96.999881, 32.621301], [-97.009773, 32.604373], [-97.01897, 32.596905], [-97.021304, 32.584666], [-97.038291, 32.573359], [-97.038685, 32.548666], [-97.052717, 32.54884], [-97.05355, 32.550286], [-97.054994, 32.550568], [-97.055381, 32.55242], [-97.053913, 32.555614], [-97.052827, 32.556583], [-97.04784, 32.558528], [-97.046801, 32.560015], [-97.048398, 32.56125], [-97.049021, 32.563046], [-97.05335, 32.563651], [-97.053431, 32.573723], [-97.055262, 32.575167], [-97.066109, 32.592303], [-97.073579, 32.588661], [-97.074671, 32.590485], [-97.073786, 32.592066], [-97.075387, 32.592314]]]}}, {"type": "Feature", "properties": {"zip": "75226", "city": "Dallas", "county": "Dallas County", "zhvi_2010": 154819, "zhvi_2011": 139271, "zhvi_2012": 133659, "zhvi_2013": 145290, "zhvi_2014": 163074, "zhvi_2015": 184924, "zhvi_2016": 219003, "zhvi_2017": 239429, "zhvi_2018": 262142, "zhvi_2019": 286017, "zhvi_2020": 314303, "zhvi_2021": 332328, "zhvi_2022": 355275, "zhvi_2023": 338475, "zhvi_2024": 332449, "zhvi_2025": 305508, "zori_2015": null, "zori_2016": null, "zori_2017": null, "zori_2018": null, "zori_2019": null, "zori_2020": null, "zori_2021": 1716, "zori_2022": 1783, "zori_2023": 1693, "zori_2024": 1574, "zori_2025": 1498, "has_zhvi": true, "has_zori": true}, "geometry": {"type": "Polygon", "coordinates": [[[-96.790999, 32.784067], [-96.789509, 32.784568], [-96.789585, 32.785183], [-96.788822, 32.785781], [-96.788166, 32.785235], [-96.784951, 32.787377], [-96.785384, 32.787824], [-96.782507, 32.789892], [-96.779458, 32.786963], [-96.775341, 32.78636], [-96.774518, 32.7879], [-96.772199, 32.789868], [-96.77164, 32.789355], [-96.767297, 32.793143], [-96.765731, 32.793512], [-96.764208, 32.795665], [-96.761406, 32.793239], [-96.767239, 32.788479], [-96.769777, 32.784875], [-96.765535, 32.783786], [-96.766738, 32.78127], [-96.76847, 32.781713], [-96.769093, 32.779936], [-96.768078, 32.77817], [-96.769781, 32.778064], [-96.770945, 32.778768], [-96.77526, 32.775035], [-96.776032, 32.776075], [-96.778761, 32.772318], [-96.780907, 32.774457], [-96.784304, 32.776258], [-96.786625, 32.775743], [-96.787131, 32.77693], [-96.785407, 32.778386], [-96.784847, 32.779469], [-96.786556, 32.782082], [-96.790999, 32.784067]]]}}, {"type": "Feature", "properties": {"zip": "75041", "city": "Garland", "county": "Dallas County", "zhvi_2010": 121194, "zhvi_2011": 110780, "zhvi_2012": 109904, "zhvi_2013": 119580, "zhvi_2014": 131997, "zhvi_2015": 150363, "zhvi_2016": 173655, "zhvi_2017": 197157, "zhvi_2018": 214809, "zhvi_2019": 221841, "zhvi_2020": 232757, "zhvi_2021": 254322, "zhvi_2022": 283709, "zhvi_2023": 280068, "zhvi_2024": 276951, "zhvi_2025": 253096, "zori_2015": null, "zori_2016": null, "zori_2017": null, "zori_2018": null, "zori_2019": null, "zori_2020": null, "zori_2021": null, "zori_2022": null, "zori_2023": 1486, "zori_2024": 1483, "zori_2025": 1507, "has_zhvi": true, "has_zori": true}, "geometry": {"type": "Polygon", "coordinates": [[[-96.693672, 32.894422], [-96.649143, 32.89438], [-96.64509, 32.895572], [-96.645082, 32.894441], [-96.64353, 32.89445], [-96.643582, 32.896168], [-96.641577, 32.896166], [-96.641556, 32.894472], [-96.641086, 32.894478], [-96.641087, 32.895412], [-96.636353, 32.894877], [-96.636355, 32.894419], [-96.629654, 32.894278], [-96.629659, 32.894738], [-96.626547, 32.894725], [-96.626534, 32.894262], [-96.625456, 32.894258], [-96.622198, 32.894719], [-96.622196, 32.894273], [-96.602214, 32.894013], [-96.621434, 32.878945], [-96.642631, 32.861213], [-96.640056, 32.859105], [-96.641067, 32.859214], [-96.643363, 32.857408], [-96.645224, 32.859009], [-96.648839, 32.855953], [-96.670085, 32.869337], [-96.67944, 32.872049], [-96.688396, 32.878709], [-96.68318, 32.878801], [-96.683157, 32.885936], [-96.693737, 32.88595], [-96.693672, 32.894422]]]}}, {"type": "Feature", "properties": {"zip": "75227", "city": "Dallas", "county": "Dallas County", "zhvi_2010": 99187, "zhvi_2011": 88035, "zhvi_2012": 84045, "zhvi_2013": 90022, "zhvi_2014": 102395, "zhvi_2015": 117265, "zhvi_2016": 143345, "zhvi_2017": 168146, "zhvi_2018": 187916, "zhvi_2019": 199289, "zhvi_2020": 209633, "zhvi_2021": 232007, "zhvi_2022": 256844, "zhvi_2023": 250906, "zhvi_2024": 247943, "zhvi_2025": 229431, "zori_2015": null, "zori_2016": null, "zori_2017": null, "zori_2018": null, "zori_2019": null, "zori_2020": null, "zori_2021": null, "zori_2022": 1423, "zori_2023": 1486, "zori_2024": 1483, "zori_2025": 1461, "has_zhvi": true, "has_zori": true}, "geometry": {"type": "Polygon", "coordinates": [[[-96.733157, 32.78362], [-96.729081, 32.783579], [-96.733135, 32.78373], [-96.731899, 32.791508], [-96.729189, 32.791893], [-96.727486, 32.792982], [-96.717192, 32.793544], [-96.717156, 32.789598], [-96.716387, 32.789096], [-96.712326, 32.789138], [-96.712332, 32.792803], [-96.702141, 32.791742], [-96.699909, 32.792009], [-96.699946, 32.789637], [-96.699489, 32.789637], [-96.69941, 32.79056], [-96.695791, 32.791149], [-96.696067, 32.792459], [-96.677149, 32.792271], [-96.677139, 32.791773], [-96.673371, 32.791728], [-96.673381, 32.787765], [-96.671431, 32.786541], [-96.666197, 32.7815], [-96.665372, 32.779581], [-96.665348, 32.777864], [-96.66145, 32.777918], [-96.644163, 32.763089], [-96.643072, 32.759014], [-96.639274, 32.755732], [-96.639273, 32.748752], [-96.651568, 32.748759], [-96.651563, 32.751353], [-96.654088, 32.752471], [-96.654873, 32.751532], [-96.655049, 32.749362], [-96.655754, 32.749459], [-96.655722, 32.748753], [-96.656908, 32.74876], [-96.656864, 32.751146], [-96.659901, 32.749886], [-96.660345, 32.748774], [-96.662844, 32.748779], [-96.663374, 32.750942], [-96.664809, 32.75152], [-96.665455, 32.748754], [-96.704211, 32.749152], [-96.703759, 32.755587], [-96.704284, 32.757824], [-96.706165, 32.759552], [-96.715075, 32.764884], [-96.719463, 32.76558], [-96.73096, 32.76601], [-96.72938, 32.769755], [-96.728461, 32.777797], [-96.734201, 32.777715], [-96.733157, 32.78362]]]}}, {"type": "Feature", "properties": {"zip": "75043", "city": "Garland", "county": "Dallas County", "zhvi_2010": 157890, "zhvi_2011": 145842, "zhvi_2012": 144630, "zhvi_2013": 155254, "zhvi_2014": 166700, "zhvi_2015": 184569, "zhvi_2016": 209455, "zhvi_2017": 232060, "zhvi_2018": 249326, "zhvi_2019": 257288, "zhvi_2020": 267091, "zhvi_2021": 293032, "zhvi_2022": 328807, "zhvi_2023": 320951, "zhvi_2024": 315957, "zhvi_2025": 294403, "zori_2015": 1112, "zori_2016": 1176, "zori_2017": 1209, "zori_2018": 1228, "zori_2019": 1263, "zori_2020": 1310, "zori_2021": 1377, "zori_2022": 1454, "zori_2023": 1434, "zori_2024": 1378, "zori_2025": 1365, "has_zhvi": true, "has_zori": true}, "geometry": {"type": "Polygon", "coordinates": [[[-96.648697, 32.856071], [-96.645224, 32.859009], [-96.643363, 32.857408], [-96.641067, 32.859214], [-96.640056, 32.859105], [-96.642631, 32.861213], [-96.60482, 32.892274], [-96.602214, 32.894013], [-96.592367, 32.894002], [-96.589171, 32.885525], [-96.569826, 32.867827], [-96.540754, 32.872498], [-96.532894, 32.869699], [-96.522545, 32.873952], [-96.519132, 32.867255], [-96.518547, 32.867224], [-96.518869, 32.832728], [-96.53959, 32.834702], [-96.541935, 32.834654], [-96.543984, 32.833571], [-96.559939, 32.833683], [-96.559977, 32.834139], [-96.564587, 32.830275], [-96.566407, 32.834331], [-96.578926, 32.833995], [-96.579187, 32.832866], [-96.582074, 32.831781], [-96.585635, 32.832547], [-96.587083, 32.831507], [-96.587901, 32.832383], [-96.59152, 32.833229], [-96.59583, 32.833246], [-96.600319, 32.836235], [-96.608874, 32.832621], [-96.610986, 32.833934], [-96.600023, 32.838414], [-96.600539, 32.839374], [-96.601877, 32.840555], [-96.602141, 32.839479], [-96.603701, 32.838859], [-96.606769, 32.838858], [-96.609392, 32.839528], [-96.611738, 32.838442], [-96.613966, 32.838293], [-96.615983, 32.839112], [-96.619052, 32.838299], [-96.622429, 32.839694], [-96.620253, 32.841034], [-96.620338, 32.841724], [-96.622079, 32.843902], [-96.628038, 32.849263], [-96.634854, 32.843785], [-96.636173, 32.845506], [-96.648697, 32.856071]]]}}, {"type": "Feature", "properties": {"zip": "75044", "city": "Garland", "county": "Dallas County", "zhvi_2010": 203640, "zhvi_2011": 190482, "zhvi_2012": 186898, "zhvi_2013": 194692, "zhvi_2014": 206254, "zhvi_2015": 226811, "zhvi_2016": 259873, "zhvi_2017": 286933, "zhvi_2018": 306595, "zhvi_2019": 310089, "zhvi_2020": 317599, "zhvi_2021": 344846, "zhvi_2022": 383106, "zhvi_2023": 376328, "zhvi_2024": 370948, "zhvi_2025": 344147, "zori_2015": null, "zori_2016": 1429, "zori_2017": 1450, "zori_2018": 1451, "zori_2019": 1489, "zori_2020": 1513, "zori_2021": 1639, "zori_2022": 1731, "zori_2023": 1665, "zori_2024": 1598, "zori_2025": 1574, "has_zhvi": true, "has_zori": true}, "geometry": {"type": "Polygon", "coordinates": [[[-96.682763, 32.931278], [-96.682292, 32.985285], [-96.672163, 32.985141], [-96.669935, 32.984178], [-96.669424, 32.985103], [-96.647763, 32.984796], [-96.640896, 32.984928], [-96.640733, 32.985506], [-96.629569, 32.985154], [-96.629198, 32.984531], [-96.623501, 32.98445], [-96.622434, 32.983932], [-96.619889, 32.984962], [-96.619201, 32.984603], [-96.618944, 32.985045], [-96.618085, 32.984791], [-96.618048, 32.984373], [-96.613367, 32.984309], [-96.613461, 32.974933], [-96.613004, 32.973868], [-96.610669, 32.971747], [-96.611066, 32.971418], [-96.608637, 32.969305], [-96.608213, 32.969658], [-96.607231, 32.968815], [-96.61024, 32.966141], [-96.616758, 32.957614], [-96.61843, 32.954763], [-96.619664, 32.951107], [-96.634567, 32.959907], [-96.642159, 32.965968], [-96.649683, 32.959345], [-96.651257, 32.95947], [-96.653745, 32.96161], [-96.655731, 32.962472], [-96.655927, 32.964302], [-96.662409, 32.958899], [-96.656476, 32.953822], [-96.656986, 32.952273], [-96.655461, 32.951403], [-96.653462, 32.951593], [-96.648613, 32.947412], [-96.647964, 32.945183], [-96.648172, 32.944609], [-96.648691, 32.944635], [-96.648376, 32.943413], [-96.65019, 32.943451], [-96.650113, 32.940416], [-96.648302, 32.940467], [-96.648319, 32.931024], [-96.649566, 32.930639], [-96.657204, 32.930573], [-96.657248, 32.934447], [-96.660915, 32.934523], [-96.660957, 32.932461], [-96.663346, 32.932085], [-96.663373, 32.930708], [-96.667385, 32.931209], [-96.682763, 32.931278]]]}}, {"type": "Feature", "properties": {"zip": "75218", "city": "Dallas", "county": "Dallas County", "zhvi_2010": 295711, "zhvi_2011": 275627, "zhvi_2012": 273559, "zhvi_2013": 298707, "zhvi_2014": 324790, "zhvi_2015": 366241, "zhvi_2016": 406202, "zhvi_2017": 433843, "zhvi_2018": 453368, "zhvi_2019": 452854, "zhvi_2020": 459524, "zhvi_2021": 497216, "zhvi_2022": 534961, "zhvi_2023": 544649, "zhvi_2024": 554093, "zhvi_2025": 538716, "zori_2015": null, "zori_2016": 1331, "zori_2017": 1349, "zori_2018": 1359, "zori_2019": 1420, "zori_2020": 1459, "zori_2021": 1576, "zori_2022": 1666, "zori_2023": 1650, "zori_2024": 1592, "zori_2025": 1546, "has_zhvi": true, "has_zori": true}, "geometry": {"type": "Polygon", "coordinates": [[[-96.726356, 32.807384], [-96.72514, 32.810955], [-96.726271, 32.813189], [-96.723848, 32.814813], [-96.719777, 32.834428], [-96.719893, 32.838096], [-96.724336, 32.846916], [-96.724156, 32.85138], [-96.721422, 32.8555], [-96.721827, 32.856226], [-96.725103, 32.858517], [-96.713293, 32.863878], [-96.707246, 32.86421], [-96.700566, 32.863477], [-96.701663, 32.861708], [-96.700396, 32.857635], [-96.700916, 32.861776], [-96.699109, 32.864164], [-96.683078, 32.864147], [-96.68304, 32.866045], [-96.678874, 32.865744], [-96.678918, 32.864145], [-96.676602, 32.864169], [-96.676599, 32.865781], [-96.674324, 32.865774], [-96.674344, 32.868454], [-96.677644, 32.869619], [-96.677359, 32.870813], [-96.676303, 32.870985], [-96.670085, 32.869337], [-96.668053, 32.868126], [-96.684485, 32.844237], [-96.697027, 32.821483], [-96.698707, 32.81956], [-96.718848, 32.80601], [-96.720914, 32.805049], [-96.725816, 32.804378], [-96.726356, 32.807384]]]}}, {"type": "Feature", "properties": {"zip": "75070", "city": "McKinney", "county": "Collin County", "zhvi_2010": 302295, "zhvi_2011": 286750, "zhvi_2012": 287377, "zhvi_2013": 308554, "zhvi_2014": 340374, "zhvi_2015": 381421, "zhvi_2016": 409556, "zhvi_2017": 425360, "zhvi_2018": 424211, "zhvi_2019": 413435, "zhvi_2020": 417849, "zhvi_2021": 476442, "zhvi_2022": 563272, "zhvi_2023": 541972, "zhvi_2024": 536232, "zhvi_2025": 499125, "zori_2015": 1599, "zori_2016": 1623, "zori_2017": 1619, "zori_2018": 1610, "zori_2019": 1616, "zori_2020": 1645, "zori_2021": 1772, "zori_2022": 1882, "zori_2023": 1793, "zori_2024": 1689, "zori_2025": 1624, "has_zhvi": true, "has_zori": true}, "geometry": {"type": "Polygon", "coordinates": [[[-96.733421, 33.126633], [-96.732904, 33.174154], [-96.730109, 33.174422], [-96.725546, 33.175705], [-96.720223, 33.174373], [-96.715701, 33.174158], [-96.682441, 33.173959], [-96.6802, 33.173586], [-96.676405, 33.17807], [-96.676389, 33.173828], [-96.672017, 33.173828], [-96.671153, 33.170262], [-96.672222, 33.168826], [-96.669649, 33.167924], [-96.661574, 33.168096], [-96.658588, 33.16912], [-96.655071, 33.171169], [-96.653845, 33.173713], [-96.650218, 33.171917], [-96.65033, 33.170806], [-96.647542, 33.170701], [-96.644198, 33.17224], [-96.640567, 33.171985], [-96.645543, 33.157801], [-96.649142, 33.156215], [-96.706986, 33.13428], [-96.732899, 33.125301], [-96.733421, 33.126633]]]}}, {"type": "Feature", "properties": {"zip": "75057", "city": "Lewisville", "county": "Denton County", "zhvi_2010": 172854, "zhvi_2011": 160542, "zhvi_2012": 159920, "zhvi_2013": 171764, "zhvi_2014": 183347, "zhvi_2015": 202585, "zhvi_2016": 226722, "zhvi_2017": 246665, "zhvi_2018": 268713, "zhvi_2019": 276250, "zhvi_2020": 288216, "zhvi_2021": 311191, "zhvi_2022": 345180, "zhvi_2023": 341021, "zhvi_2024": 335775, "zhvi_2025": 315305, "zori_2015": null, "zori_2016": null, "zori_2017": null, "zori_2018": null, "zori_2019": null, "zori_2020": null, "zori_2021": 1639, "zori_2022": 1706, "zori_2023": 1652, "zori_2024": 1570, "zori_2025": 1546, "has_zhvi": true, "has_zori": true}, "geometry": {"type": "Polygon", "coordinates": [[[-97.025577, 33.082884], [-97.023791, 33.083066], [-97.022233, 33.085885], [-97.017992, 33.086648], [-97.012108, 33.086836], [-97.012094, 33.08757], [-96.999359, 33.082617], [-96.990057, 33.079517], [-96.987181, 33.079219], [-96.980703, 33.079048], [-96.974726, 33.079667], [-96.970293, 33.080821], [-96.966524, 33.082718], [-96.962942, 33.083016], [-96.962551, 33.069749], [-96.956285, 33.071039], [-96.947079, 33.071116], [-96.942894, 33.069726], [-96.936674, 33.064699], [-96.9368, 33.048704], [-96.961652, 33.04571], [-96.960874, 33.044058], [-96.961215, 33.042657], [-96.963154, 33.039803], [-96.962652, 33.037875], [-96.961257, 33.036225], [-96.96062, 33.034304], [-96.963256, 33.032223], [-96.961027, 33.031095], [-96.958887, 33.031822], [-96.958374, 33.03071], [-96.960373, 33.028086], [-96.959807, 33.026291], [-96.956571, 33.026151], [-96.95059, 33.024549], [-96.947924, 33.025031], [-96.945947, 33.026314], [-96.944635, 33.026308], [-96.944898, 33.022951], [-96.94427, 33.020642], [-96.946232, 33.017969], [-96.94989, 33.018286], [-96.950688, 33.013198], [-96.948941, 33.01014], [-96.951424, 33.00589], [-96.950079, 33.005003], [-96.945714, 33.006464], [-96.940741, 33.005606], [-96.938989, 33.003535], [-96.939472, 33.002392], [-96.944353, 33.002217], [-96.94468, 33.001199], [-96.940847, 32.999941], [-96.93981, 32.999011], [-96.939708, 32.99789], [-96.941157, 32.996803], [-96.943655, 32.99642], [-96.949059, 32.999404], [-96.952553, 33.003077], [-96.95335, 32.999944], [-96.955965, 33.000074], [-96.956783, 33.001325], [-96.95727, 33.000971], [-96.959093, 33.003459], [-96.963123, 33.005604], [-96.964994, 33.005892], [-96.974454, 33.010055], [-96.970928, 33.014198], [-96.976515, 33.015192], [-96.977972, 33.016226], [-96.98132, 33.0165], [-96.98425, 33.02021], [-96.9826, 33.02154], [-96.9825, 33.02744], [-96.98959, 33.02733], [-97.0054, 33.04191], [-97.00318, 33.04202], [-97.00313, 33.04455], [-97.00684, 33.04459], [-97.006866, 33.046308], [-97.008544, 33.046325], [-97.01149, 33.056089], [-97.008711, 33.05612], [-97.0061, 33.05753], [-97.00114, 33.057989], [-97.002132, 33.059295], [-97.013337, 33.061157], [-97.015427, 33.065894], [-97.025091, 33.080346], [-97.026505, 33.084448], [-97.025577, 33.082884]]]}}, {"type": "Feature", "properties": {"zip": "75180", "city": "Balch Springs", "county": "Dallas County", "zhvi_2010": 93206, "zhvi_2011": 83066, "zhvi_2012": 82248, "zhvi_2013": 88796, "zhvi_2014": 100483, "zhvi_2015": 113728, "zhvi_2016": 132917, "zhvi_2017": 156689, "zhvi_2018": 181439, "zhvi_2019": 193638, "zhvi_2020": 205775, "zhvi_2021": 226377, "zhvi_2022": 253515, "zhvi_2023": 243405, "zhvi_2024": 239437, "zhvi_2025": 222300, "zori_2015": null, "zori_2016": null, "zori_2017": null, "zori_2018": null, "zori_2019": null, "zori_2020": null, "zori_2021": null, "zori_2022": null, "zori_2023": null, "zori_2024": null, "zori_2025": 1757, "has_zhvi": true, "has_zori": true}, "geometry": {"type": "Polygon", "coordinates": [[[-96.639273, 32.748752], [-96.622561, 32.748616], [-96.622578, 32.742584], [-96.621814, 32.742554], [-96.621625, 32.740138], [-96.620665, 32.740136], [-96.620684, 32.734702], [-96.613265, 32.734903], [-96.612596, 32.737607], [-96.612045, 32.745917], [-96.608033, 32.746023], [-96.606446, 32.746755], [-96.604529, 32.746132], [-96.601907, 32.746688], [-96.59881, 32.743946], [-96.603973, 32.739761], [-96.603612, 32.738705], [-96.6062, 32.737604], [-96.603951, 32.737183], [-96.603544, 32.735372], [-96.608788, 32.735235], [-96.608769, 32.733259], [-96.610112, 32.732567], [-96.602561, 32.726886], [-96.603162, 32.725552], [-96.603275, 32.723595], [-96.599024, 32.723867], [-96.586786, 32.713197], [-96.585868, 32.711002], [-96.58644, 32.704186], [-96.614176, 32.701266], [-96.614331, 32.696488], [-96.617618, 32.69652], [-96.617636, 32.695138], [-96.622163, 32.695019], [-96.622165, 32.694445], [-96.622879, 32.694437], [-96.622917, 32.691658], [-96.625283, 32.691647], [-96.625283, 32.695344], [-96.626398, 32.695366], [-96.626376, 32.691669], [-96.628414, 32.691713], [-96.628421, 32.690447], [-96.630463, 32.69043], [-96.637531, 32.694094], [-96.636842, 32.699526], [-96.635673, 32.699529], [-96.635627, 32.703522], [-96.635689, 32.705032], [-96.638502, 32.705033], [-96.638666, 32.706792], [-96.638478, 32.730498], [-96.638101, 32.730491], [-96.63809, 32.734214], [-96.638876, 32.73424], [-96.639273, 32.748752]]]}}, {"type": "Feature", "properties": {"zip": "75075", "city": "Plano", "county": "Collin County", "zhvi_2010": 274767, "zhvi_2011": 255687, "zhvi_2012": 255739, "zhvi_2013": 273254, "zhvi_2014": 299440, "zhvi_2015": 340245, "zhvi_2016": 372729, "zhvi_2017": 397219, "zhvi_2018": 405854, "zhvi_2019": 401840, "zhvi_2020": 411489, "zhvi_2021": 450719, "zhvi_2022": 500644, "zhvi_2023": 497734, "zhvi_2024": 501068, "zhvi_2025": 469222, "zori_2015": null, "zori_2016": null, "zori_2017": null, "zori_2018": 1426, "zori_2019": 1437, "zori_2020": 1434, "zori_2021": 1507, "zori_2022": 1623, "zori_2023": 1578, "zori_2024": 1506, "zori_2025": 1491, "has_zhvi": true, "has_zori": true}, "geometry": {"type": "Polygon", "coordinates": [[[-96.786423, 33.011775], [-96.77154, 33.009211], [-96.767077, 33.007773], [-96.766672, 33.010176], [-96.766928, 33.018973], [-96.769021, 33.022333], [-96.771984, 33.022041], [-96.771938, 33.025306], [-96.774451, 33.026772], [-96.77015, 33.026854], [-96.771928, 33.027448], [-96.772175, 33.032691], [-96.769977, 33.032669], [-96.769884, 33.041303], [-96.709025, 33.0409], [-96.706553, 33.0381], [-96.704263, 33.037581], [-96.708952, 33.02856], [-96.709825, 33.024746], [-96.709635, 33.021395], [-96.708405, 33.016664], [-96.707776, 33.0092], [-96.708068, 33.003809], [-96.745378, 33.003558], [-96.749583, 33.0028], [-96.756743, 33.000152], [-96.762436, 32.999118], [-96.767736, 32.99931], [-96.767849, 33.00278], [-96.773132, 33.002866], [-96.775785, 33.004111], [-96.780824, 33.008197], [-96.783423, 33.008754], [-96.78431, 33.010143], [-96.786423, 33.011775]]]}}, {"type": "Feature", "properties": {"zip": "75094", "city": "Murphy", "county": "Collin County", "zhvi_2010": 373629, "zhvi_2011": 356595, "zhvi_2012": 357812, "zhvi_2013": 375026, "zhvi_2014": 401283, "zhvi_2015": 442454, "zhvi_2016": 470858, "zhvi_2017": 486060, "zhvi_2018": 486324, "zhvi_2019": 481189, "zhvi_2020": 489427, "zhvi_2021": 552884, "zhvi_2022": 639440, "zhvi_2023": 628061, "zhvi_2024": 627146, "zhvi_2025": 593354, "zori_2015": null, "zori_2016": null, "zori_2017": null, "zori_2018": null, "zori_2019": null, "zori_2020": null, "zori_2021": null, "zori_2022": null, "zori_2023": null, "zori_2024": null, "zori_2025": null, "has_zhvi": true, "has_zori": false}, "geometry": {"type": "Polygon", "coordinates": [[[-96.641903, 33.017422], [-96.640952, 33.019174], [-96.640901, 33.02277], [-96.642037, 33.024017], [-96.642222, 33.028624], [-96.640598, 33.029989], [-96.640569, 33.033613], [-96.634336, 33.034582], [-96.629437, 33.034274], [-96.629419, 33.041013], [-96.594653, 33.040664], [-96.595617, 33.011229], [-96.59508, 33.002757], [-96.59574, 32.999135], [-96.59564, 32.993451], [-96.599371, 32.993096], [-96.599279, 32.991585], [-96.601412, 32.991498], [-96.601311, 32.989466], [-96.604681, 32.98946], [-96.604704, 32.98663], [-96.613376, 32.98677], [-96.612882, 33.005049], [-96.633592, 33.004245], [-96.632641, 33.006027], [-96.633568, 33.006855], [-96.631861, 33.010595], [-96.636576, 33.013202], [-96.639931, 33.013388], [-96.639662, 33.01451], [-96.641752, 33.015213], [-96.643047, 33.016709], [-96.641903, 33.017422]]]}}, {"type": "Feature", "properties": {"zip": "75172", "city": "Wilmer", "county": "Dallas County", "zhvi_2010": 70441, "zhvi_2011": 61431, "zhvi_2012": 68793, "zhvi_2013": 75572, "zhvi_2014": 83133, "zhvi_2015": 93898, "zhvi_2016": 109971, "zhvi_2017": 120259, "zhvi_2018": 137950, "zhvi_2019": 157117, "zhvi_2020": 187617, "zhvi_2021": 209470, "zhvi_2022": 234540, "zhvi_2023": 233199, "zhvi_2024": 233978, "zhvi_2025": 219223, "zori_2015": null, "zori_2016": null, "zori_2017": null, "zori_2018": null, "zori_2019": null, "zori_2020": null, "zori_2021": null, "zori_2022": null, "zori_2023": null, "zori_2024": null, "zori_2025": null, "has_zhvi": true, "has_zori": false}, "geometry": {"type": "Polygon", "coordinates": [[[-96.710271, 32.612745], [-96.709967, 32.621071], [-96.702394, 32.624879], [-96.700985, 32.621448], [-96.702252, 32.620934], [-96.701309, 32.618693], [-96.694406, 32.622207], [-96.699038, 32.632655], [-96.684228, 32.639736], [-96.683093, 32.637758], [-96.684048, 32.637312], [-96.680482, 32.632106], [-96.690479, 32.627297], [-96.692019, 32.629787], [-96.692655, 32.629473], [-96.69133, 32.626956], [-96.693286, 32.626072], [-96.695234, 32.628209], [-96.696524, 32.62759], [-96.693966, 32.622413], [-96.666468, 32.635198], [-96.664285, 32.631794], [-96.662341, 32.632543], [-96.660078, 32.629543], [-96.655905, 32.631138], [-96.649417, 32.621319], [-96.649311, 32.618553], [-96.642339, 32.60831], [-96.650064, 32.604644], [-96.653749, 32.603689], [-96.659333, 32.600982], [-96.658219, 32.598157], [-96.651873, 32.588464], [-96.653304, 32.587777], [-96.649188, 32.581358], [-96.648518, 32.575769], [-96.66738, 32.566794], [-96.668374, 32.568947], [-96.670371, 32.567989], [-96.66572, 32.560803], [-96.665687, 32.556292], [-96.666444, 32.556272], [-96.667849, 32.559949], [-96.66938, 32.561822], [-96.680786, 32.572239], [-96.685753, 32.584308], [-96.686764, 32.584618], [-96.690301, 32.583054], [-96.692157, 32.58572], [-96.688538, 32.587497], [-96.691661, 32.59434], [-96.69292, 32.59417], [-96.694987, 32.595878], [-96.696522, 32.598202], [-96.697014, 32.600302], [-96.699885, 32.600796], [-96.700396, 32.603025], [-96.704108, 32.604155], [-96.704558, 32.606522], [-96.706882, 32.607528], [-96.70648, 32.608517], [-96.708792, 32.611265], [-96.710846, 32.612558], [-96.710271, 32.612745]]]}}, {"type": "Feature", "properties": {"zip": "75013", "city": "Allen", "county": "Collin County", "zhvi_2010": 448088, "zhvi_2011": 429354, "zhvi_2012": 431108, "zhvi_2013": 453416, "zhvi_2014": 482752, "zhvi_2015": 522266, "zhvi_2016": 549411, "zhvi_2017": 563215, "zhvi_2018": 556918, "zhvi_2019": 542849, "zhvi_2020": 545879, "zhvi_2021": 617448, "zhvi_2022": 732264, "zhvi_2023": 713238, "zhvi_2024": 710230, "zhvi_2025": 673835, "zori_2015": 1577, "zori_2016": 1580, "zori_2017": 1584, "zori_2018": 1582, "zori_2019": 1602, "zori_2020": 1611, "zori_2021": 1739, "zori_2022": 1809, "zori_2023": 1736, "zori_2024": 1659, "zori_2025": 1593, "has_zhvi": true, "has_zori": true}, "geometry": {"type": "Polygon", "coordinates": [[[-96.736572, 33.086168], [-96.736473, 33.087517], [-96.733604, 33.091079], [-96.733487, 33.117026], [-96.732036, 33.122945], [-96.732899, 33.125301], [-96.706986, 33.13428], [-96.645543, 33.157801], [-96.653527, 33.136764], [-96.6652, 33.12355], [-96.666508, 33.115578], [-96.663773, 33.115371], [-96.666575, 33.115316], [-96.670299, 33.101115], [-96.677368, 33.086432], [-96.681814, 33.081257], [-96.685506, 33.073791], [-96.685709, 33.075219], [-96.687957, 33.077209], [-96.689202, 33.07726], [-96.693643, 33.078919], [-96.694624, 33.080844], [-96.695928, 33.080786], [-96.696922, 33.081775], [-96.697795, 33.084648], [-96.698872, 33.084412], [-96.699364, 33.085521], [-96.700664, 33.085943], [-96.702295, 33.087775], [-96.704889, 33.088572], [-96.7071, 33.088679], [-96.709238, 33.089543], [-96.711878, 33.084515], [-96.715506, 33.085889], [-96.736572, 33.086168]]]}}, {"type": "Feature", "properties": {"zip": "75001", "city": "Addison", "county": "Dallas County", "zhvi_2010": 344498, "zhvi_2011": 324715, "zhvi_2012": 329122, "zhvi_2013": 349462, "zhvi_2014": 364178, "zhvi_2015": 384906, "zhvi_2016": 409844, "zhvi_2017": 433949, "zhvi_2018": 441683, "zhvi_2019": 435026, "zhvi_2020": 437392, "zhvi_2021": 465600, "zhvi_2022": 501711, "zhvi_2023": 498541, "zhvi_2024": 502725, "zhvi_2025": 485664, "zori_2015": null, "zori_2016": null, "zori_2017": null, "zori_2018": 1604, "zori_2019": 1625, "zori_2020": 1578, "zori_2021": 1664, "zori_2022": 1727, "zori_2023": 1645, "zori_2024": 1577, "zori_2025": 1533, "has_zhvi": true, "has_zori": true}, "geometry": {"type": "Polygon", "coordinates": [[[-96.855929, 32.933543], [-96.855673, 32.954707], [-96.853984, 32.957532], [-96.846835, 32.956634], [-96.846653, 32.958337], [-96.845964, 32.959034], [-96.838869, 32.958928], [-96.838623, 32.95959], [-96.838601, 32.964292], [-96.841936, 32.968902], [-96.842933, 32.971061], [-96.842883, 32.980854], [-96.838867, 32.981198], [-96.838955, 32.98737], [-96.830012, 32.987255], [-96.830244, 32.983303], [-96.828927, 32.983303], [-96.828949, 32.980643], [-96.828143, 32.978895], [-96.822785, 32.974787], [-96.821703, 32.973104], [-96.821687, 32.962497], [-96.82115, 32.959482], [-96.822096, 32.95402], [-96.829907, 32.954014], [-96.830164, 32.95274], [-96.828147, 32.946859], [-96.831324, 32.94684], [-96.831309, 32.951177], [-96.8388, 32.951238], [-96.839023, 32.939859], [-96.847518, 32.939885], [-96.847569, 32.933377], [-96.855929, 32.933543]]]}}, {"type": "Feature", "properties": {"zip": "76670", "city": "Italy", "county": "Ellis County", "zhvi_2010": 116002, "zhvi_2011": 116193, "zhvi_2012": 119133, "zhvi_2013": 127099, "zhvi_2014": 139575, "zhvi_2015": 154313, "zhvi_2016": 172686, "zhvi_2017": 189246, "zhvi_2018": 217488, "zhvi_2019": 240766, "zhvi_2020": 277183, "zhvi_2021": 305329, "zhvi_2022": 314485, "zhvi_2023": 272798, "zhvi_2024": 259136, "zhvi_2025": 250443, "zori_2015": null, "zori_2016": null, "zori_2017": null, "zori_2018": null, "zori_2019": null, "zori_2020": null, "zori_2021": null, "zori_2022": null, "zori_2023": null, "zori_2024": null, "zori_2025": null, "has_zhvi": true, "has_zori": false}, "geometry": {"type": "Polygon", "coordinates": [[[-97.083999, 32.083198], [-97.084816, 32.08552], [-97.0727, 32.09151], [-97.077008, 32.11296], [-97.079944, 32.118836], [-97.084589, 32.12576], [-97.083775, 32.126724], [-97.062347, 32.137323], [-97.058108, 32.131197], [-97.056843, 32.131548], [-97.061337, 32.172252], [-97.056484, 32.174644], [-97.054908, 32.174672], [-97.05301, 32.173426], [-97.045868, 32.162663], [-97.035084, 32.167858], [-97.034441, 32.16755], [-97.0311, 32.162937], [-97.029296, 32.162684], [-97.028108, 32.16123], [-97.027006, 32.161194], [-97.021325, 32.163942], [-97.019967, 32.163654], [-97.016646, 32.158606], [-97.015649, 32.158205], [-97.0139, 32.158965], [-97.044361, 32.204123], [-97.034647, 32.208703], [-97.005642, 32.219192], [-96.989726, 32.195684], [-96.973312, 32.204244], [-96.941393, 32.161762], [-96.939958, 32.162849], [-96.940384, 32.159659], [-96.93968, 32.158096], [-96.936252, 32.152926], [-96.930982, 32.147122], [-96.934606, 32.14307], [-96.938834, 32.136881], [-96.932512, 32.133107], [-96.935807, 32.130156], [-96.93882, 32.128521], [-96.938225, 32.127724], [-96.937129, 32.128639], [-96.935183, 32.126174], [-96.935825, 32.125107], [-96.934292, 32.124376], [-96.93276, 32.122521], [-96.929657, 32.121779], [-96.928449, 32.121021], [-96.927762, 32.118335], [-96.922933, 32.117698], [-96.921255, 32.114898], [-96.912666, 32.118841], [-96.904677, 32.10699], [-96.895247, 32.111031], [-96.890851, 32.10361], [-96.886667, 32.098596], [-96.884863, 32.099137], [-96.884286, 32.098596], [-96.882412, 32.098799], [-96.880821, 32.09994], [-96.879472, 32.099213], [-96.870765, 32.086564], [-96.940656, 32.052087], [-96.95602, 32.074459], [-96.958879, 32.073029], [-96.965058, 32.082181], [-96.972864, 32.078389], [-96.986936, 32.099227], [-97.001379, 32.091836], [-97.004954, 32.097102], [-97.011145, 32.09434], [-97.014956, 32.100632], [-97.023287, 32.095951], [-97.038786, 32.086201], [-97.062494, 32.073071], [-97.06282, 32.073459], [-97.070048, 32.069721], [-97.075202, 32.07668], [-97.081773, 32.073586], [-97.086746, 32.08135], [-97.083999, 32.083198]]]}}, {"type": "Feature", "properties": {"zip": "76249", "city": "Krum", "county": "Denton County", "zhvi_2010": 204240, "zhvi_2011": 192053, "zhvi_2012": 193909, "zhvi_2013": 204096, "zhvi_2014": 215388, "zhvi_2015": 236323, "zhvi_2016": 261765, "zhvi_2017": 282078, "zhvi_2018": 296345, "zhvi_2019": 302203, "zhvi_2020": 312767, "zhvi_2021": 350661, "zhvi_2022": 395535, "zhvi_2023": 379742, "zhvi_2024": 365498, "zhvi_2025": 346249, "zori_2015": null, "zori_2016": null, "zori_2017": null, "zori_2018": null, "zori_2019": null, "zori_2020": null, "zori_2021": null, "zori_2022": null, "zori_2023": null, "zori_2024": null, "zori_2025": null, "has_zhvi": true, "has_zori": false}, "geometry": {"type": "Polygon", "coordinates": [[[-97.426587, 33.306563], [-97.425061, 33.30944], [-97.425215, 33.311598], [-97.426082, 33.313709], [-97.424532, 33.31595], [-97.424611, 33.320546], [-97.419622, 33.324896], [-97.417415, 33.325017], [-97.414405, 33.326241], [-97.410974, 33.328612], [-97.411004, 33.330352], [-97.409968, 33.332246], [-97.397736, 33.342336], [-97.39336, 33.338573], [-97.395729, 33.335863], [-97.390085, 33.331027], [-97.387691, 33.332678], [-97.387012, 33.332316], [-97.386757, 33.338445], [-97.383853, 33.335992], [-97.380652, 33.338474], [-97.37763, 33.335992], [-97.374492, 33.338394], [-97.371591, 33.33592], [-97.36368, 33.34225], [-97.36781, 33.34396], [-97.37686, 33.35176], [-97.372373, 33.355355], [-97.363221, 33.355609], [-97.362882, 33.353277], [-97.36039, 33.352632], [-97.360434, 33.350748], [-97.356258, 33.347844], [-97.354429, 33.347805], [-97.35099, 33.345247], [-97.348344, 33.344531], [-97.346988, 33.342756], [-97.345311, 33.342034], [-97.34242, 33.34218], [-97.34341, 33.34335], [-97.34316, 33.356749], [-97.334607, 33.35658], [-97.334979, 33.34182], [-97.330778, 33.341813], [-97.330839, 33.336228], [-97.29916, 33.335804], [-97.29922, 33.32085], [-97.288291, 33.320623], [-97.288113, 33.31845], [-97.269574, 33.317489], [-97.269492, 33.319407], [-97.26466, 33.319133], [-97.26477, 33.31729], [-97.26336, 33.31725], [-97.26395, 33.296599], [-97.23767, 33.29598], [-97.237414, 33.307756], [-97.233583, 33.307717], [-97.233583, 33.306387], [-97.22969, 33.306457], [-97.229773, 33.299598], [-97.21818, 33.299439], [-97.217886, 33.298538], [-97.209897, 33.299064], [-97.20801, 33.29677], [-97.204675, 33.299225], [-97.218167, 33.28801], [-97.215896, 33.289456], [-97.214083, 33.289972], [-97.211381, 33.289721], [-97.209148, 33.288438], [-97.20597, 33.28373], [-97.19678, 33.26774], [-97.19686, 33.264679], [-97.19647, 33.264428], [-97.19704, 33.241149], [-97.200194, 33.241395], [-97.200201, 33.2351], [-97.21854, 33.235342], [-97.217794, 33.233029], [-97.221099, 33.233235], [-97.219806, 33.230416], [-97.221115, 33.230178], [-97.221195, 33.225314], [-97.219959, 33.22531], [-97.219553, 33.223751], [-97.218001, 33.22343], [-97.218616, 33.216701], [-97.217824, 33.21642], [-97.217044, 33.217129], [-97.215574, 33.216314], [-97.217025, 33.213619], [-97.216774, 33.211716], [-97.214537, 33.205481], [-97.216403, 33.205463], [-97.217565, 33.204303], [-97.223105, 33.204974], [-97.227601, 33.204476], [-97.229245, 33.203666], [-97.231856, 33.203805], [-97.23176, 33.20745], [-97.24026, 33.20756], [-97.240424, 33.20507], [-97.241918, 33.205339], [-97.242248, 33.207486], [-97.243584, 33.207333], [-97.249894, 33.209746], [-97.251145, 33.209677], [-97.251933, 33.210986], [-97.251864, 33.212367], [-97.253235, 33.213033], [-97.254756, 33.214848], [-97.254585, 33.217775], [-97.25327, 33.221454], [-97.253689, 33.222665], [-97.25714, 33.224269], [-97.260135, 33.22034], [-97.29353, 33.220599], [-97.29319, 33.236983], [-97.321051, 33.238367], [-97.32105, 33.23868], [-97.336683, 33.239425], [-97.355483, 33.241145], [-97.35539, 33.24618], [-97.34943, 33.24628], [-97.349334, 33.254512], [-97.388905, 33.255096], [-97.388553, 33.263567], [-97.389752, 33.263899], [-97.387744, 33.303006], [-97.388064, 33.307752], [-97.392168, 33.308436], [-97.394603, 33.310367], [-97.397575, 33.307611], [-97.398443, 33.305575], [-97.400376, 33.303966], [-97.401768, 33.305135], [-97.39991, 33.307077], [-97.399636, 33.308083], [-97.401379, 33.310256], [-97.402658, 33.31353], [-97.405417, 33.316792], [-97.411411, 33.318999], [-97.4122, 33.318617], [-97.415238, 33.313969], [-97.421431, 33.306797], [-97.420143, 33.306077], [-97.418564, 33.303773], [-97.420743, 33.301452], [-97.421295, 33.299913], [-97.420868, 33.298902], [-97.421872, 33.297337], [-97.423764, 33.298998], [-97.42509, 33.302754], [-97.424469, 33.303588], [-97.425164, 33.305046], [-97.426102, 33.30514], [-97.426587, 33.306563]]]}}, {"type": "Feature", "properties": {"zip": "75061", "city": "Irving", "county": "Dallas County", "zhvi_2010": 145708, "zhvi_2011": 134619, "zhvi_2012": 134549, "zhvi_2013": 146105, "zhvi_2014": 159499, "zhvi_2015": 175424, "zhvi_2016": 196223, "zhvi_2017": 217136, "zhvi_2018": 240144, "zhvi_2019": 253034, "zhvi_2020": 268424, "zhvi_2021": 291386, "zhvi_2022": 317382, "zhvi_2023": 313710, "zhvi_2024": 316231, "zhvi_2025": 299139, "zori_2015": null, "zori_2016": null, "zori_2017": null, "zori_2018": null, "zori_2019": null, "zori_2020": null, "zori_2021": 1263, "zori_2022": 1314, "zori_2023": 1338, "zori_2024": 1324, "zori_2025": 1302, "has_zhvi": true, "has_zori": true}, "geometry": {"type": "Polygon", "coordinates": [[[-97.034219, 32.8164], [-97.033857, 32.837134], [-96.968291, 32.83709], [-96.962767, 32.83673], [-96.962529, 32.833725], [-96.954349, 32.83388], [-96.95274, 32.83334], [-96.952153, 32.83663], [-96.940497, 32.83726], [-96.914912, 32.836925], [-96.917144, 32.830682], [-96.913927, 32.836537], [-96.907461, 32.836393], [-96.902685, 32.835735], [-96.902717, 32.8341], [-96.897479, 32.832265], [-96.897001, 32.833101], [-96.893786, 32.832141], [-96.890595, 32.830489], [-96.892205, 32.828453], [-96.895582, 32.825611], [-96.895569, 32.825066], [-96.896964, 32.825104], [-96.903377, 32.818797], [-96.905697, 32.816194], [-96.906129, 32.814286], [-96.949933, 32.814931], [-96.949934, 32.814524], [-96.95234, 32.814701], [-96.952499, 32.812816], [-96.957705, 32.81369], [-96.959782, 32.81521], [-97.01442, 32.81622], [-97.014461, 32.815807], [-97.034219, 32.8164]]]}}, {"type": "Feature", "properties": {"zip": "76051", "city": "Grapevine", "county": "Tarrant County", "zhvi_2010": 334526, "zhvi_2011": 314729, "zhvi_2012": 310099, "zhvi_2013": 328419, "zhvi_2014": 347263, "zhvi_2015": 378120, "zhvi_2016": 409298, "zhvi_2017": 427721, "zhvi_2018": 441200, "zhvi_2019": 444502, "zhvi_2020": 457474, "zhvi_2021": 491795, "zhvi_2022": 545500, "zhvi_2023": 542970, "zhvi_2024": 552207, "zhvi_2025": 538186, "zori_2015": 1633, "zori_2016": 1643, "zori_2017": 1693, "zori_2018": 1700, "zori_2019": 1732, "zori_2020": 1681, "zori_2021": 1778, "zori_2022": 1875, "zori_2023": 1822, "zori_2024": 1772, "zori_2025": 1721, "has_zhvi": true, "has_zori": true}, "geometry": {"type": "Polygon", "coordinates": [[[-97.129252, 32.913383], [-97.129586, 32.91406], [-97.126254, 32.915277], [-97.108019, 32.926026], [-97.110251, 32.926039], [-97.110402, 32.931932], [-97.101903, 32.931921], [-97.101848, 32.936142], [-97.098266, 32.936123], [-97.09818, 32.937173], [-97.099578, 32.938989], [-97.102406, 32.941497], [-97.108024, 32.943383], [-97.108027, 32.947649], [-97.104882, 32.9476], [-97.104566, 32.95255], [-97.105265, 32.954698], [-97.116677, 32.954908], [-97.116649, 32.968567], [-97.116112, 32.969419], [-97.115339, 32.969658], [-97.116326, 32.970868], [-97.115801, 32.972558], [-97.114236, 32.97263], [-97.114808, 32.975129], [-97.11429, 32.975267], [-97.11406, 32.977798], [-97.113029, 32.980406], [-97.110199, 32.982716], [-97.110186, 32.984929], [-97.108933, 32.985487], [-97.109022, 32.986087], [-97.07437, 32.985455], [-97.071895, 32.98462], [-97.068196, 32.984609], [-97.068439, 32.981898], [-97.068011, 32.981243], [-97.063987, 32.980448], [-97.061777, 32.978127], [-97.057585, 32.975333], [-97.056501, 32.972792], [-97.057951, 32.97861], [-97.056733, 32.978406], [-97.056345, 32.980662], [-97.051058, 32.981567], [-97.042456, 32.978459], [-97.038269, 32.979643], [-97.036783, 32.978164], [-97.03766, 32.981243], [-97.041062, 32.984952], [-97.041057, 32.987144], [-97.031044, 32.987856], [-97.020416, 32.980375], [-97.028084, 32.973173], [-97.031385, 32.972835], [-97.032237, 32.925592], [-97.039206, 32.92635], [-97.047444, 32.92612], [-97.05645, 32.923672], [-97.057871, 32.922486], [-97.059917, 32.919627], [-97.06363, 32.917881], [-97.073429, 32.91765], [-97.085879, 32.918279], [-97.086949, 32.916874], [-97.091288, 32.914285], [-97.092359, 32.912945], [-97.089539, 32.910131], [-97.089987, 32.909212], [-97.082168, 32.902713], [-97.082316, 32.891753], [-97.080344, 32.889065], [-97.076073, 32.881099], [-97.099803, 32.881352], [-97.099819, 32.888511], [-97.10548, 32.888511], [-97.105486, 32.887484], [-97.11643, 32.887495], [-97.116394, 32.885357], [-97.120353, 32.885734], [-97.120395, 32.889762], [-97.125015, 32.889839], [-97.125047, 32.908105], [-97.127336, 32.909025], [-97.126711, 32.910218], [-97.129643, 32.911856], [-97.129252, 32.913383]]]}}, {"type": "Feature", "properties": {"zip": "75249", "city": "Dallas", "county": "Dallas County", "zhvi_2010": 146329, "zhvi_2011": 134325, "zhvi_2012": 132401, "zhvi_2013": 142638, "zhvi_2014": 158011, "zhvi_2015": 175764, "zhvi_2016": 197756, "zhvi_2017": 217264, "zhvi_2018": 235946, "zhvi_2019": 247758, "zhvi_2020": 260791, "zhvi_2021": 290508, "zhvi_2022": 322709, "zhvi_2023": 314987, "zhvi_2024": 306858, "zhvi_2025": 288620, "zori_2015": null, "zori_2016": null, "zori_2017": null, "zori_2018": null, "zori_2019": null, "zori_2020": null, "zori_2021": null, "zori_2022": null, "zori_2023": null, "zori_2024": null, "zori_2025": 2186, "has_zhvi": true, "has_zori": true}, "geometry": {"type": "Polygon", "coordinates": [[[-96.99824, 32.64586], [-96.990249, 32.64988], [-96.990375, 32.651976], [-96.986287, 32.653156], [-96.968725, 32.661532], [-96.964362, 32.662129], [-96.958278, 32.665613], [-96.957379, 32.665577], [-96.957379, 32.66509], [-96.958738, 32.663829], [-96.958343, 32.66294], [-96.956147, 32.662699], [-96.953378, 32.661397], [-96.951658, 32.662928], [-96.951695, 32.665349], [-96.952169, 32.666134], [-96.947292, 32.664462], [-96.947904, 32.662911], [-96.948534, 32.662504], [-96.948156, 32.661855], [-96.948863, 32.660858], [-96.947179, 32.660617], [-96.945187, 32.663328], [-96.943226, 32.662227], [-96.942871, 32.634272], [-96.943314, 32.631886], [-96.943239, 32.626115], [-96.942808, 32.624634], [-96.944574, 32.622196], [-96.946755, 32.620995], [-96.949238, 32.620814], [-96.953256, 32.626668], [-96.953251, 32.632634], [-96.957627, 32.632675], [-96.956839, 32.631498], [-96.97584, 32.622069], [-96.974735, 32.628864], [-96.972022, 32.637165], [-96.976548, 32.639317], [-96.980005, 32.641622], [-96.99001, 32.6433], [-96.98975, 32.643832], [-96.995011, 32.644652], [-96.99854, 32.644626], [-96.99824, 32.64586]]]}}, {"type": "Feature", "properties": {"zip": "75201", "city": "Dallas", "county": "Dallas County", "zhvi_2010": 730971, "zhvi_2011": 674979, "zhvi_2012": 670176, "zhvi_2013": 710076, "zhvi_2014": 755697, "zhvi_2015": 837878, "zhvi_2016": 891662, "zhvi_2017": 911374, "zhvi_2018": 925212, "zhvi_2019": 919541, "zhvi_2020": 911432, "zhvi_2021": 936383, "zhvi_2022": 1001697, "zhvi_2023": 930522, "zhvi_2024": 930108, "zhvi_2025": 933732, "zori_2015": null, "zori_2016": null, "zori_2017": 2321, "zori_2018": 2226, "zori_2019": 2248, "zori_2020": 2204, "zori_2021": 2231, "zori_2022": 2298, "zori_2023": 2175, "zori_2024": 2118, "zori_2025": 2092, "has_zhvi": true, "has_zori": true}, "geometry": {"type": "Polygon", "coordinates": [[[-96.814858, 32.7984], [-96.813248, 32.797379], [-96.809692, 32.800018], [-96.811047, 32.801302], [-96.805514, 32.803424], [-96.805843, 32.802048], [-96.805265, 32.802305], [-96.804421, 32.801518], [-96.804824, 32.801191], [-96.803837, 32.800382], [-96.80532, 32.799419], [-96.802147, 32.797826], [-96.801741, 32.796329], [-96.797794, 32.793055], [-96.794598, 32.795219], [-96.793494, 32.797277], [-96.793466, 32.799136], [-96.792169, 32.785699], [-96.790999, 32.784067], [-96.786556, 32.782082], [-96.784847, 32.779469], [-96.785407, 32.778386], [-96.787131, 32.77693], [-96.786422, 32.775836], [-96.795785, 32.77351], [-96.795307, 32.774499], [-96.796239, 32.777972], [-96.798567, 32.779992], [-96.799316, 32.779832], [-96.799924, 32.782063], [-96.801635, 32.782264], [-96.802567, 32.784143], [-96.801515, 32.785023], [-96.803008, 32.786313], [-96.803275, 32.787886], [-96.803639, 32.788201], [-96.804601, 32.787415], [-96.80421, 32.788701], [-96.805012, 32.789357], [-96.806317, 32.788328], [-96.805313, 32.786817], [-96.807829, 32.784396], [-96.80888, 32.785299], [-96.808647, 32.789276], [-96.807801, 32.789896], [-96.808562, 32.791438], [-96.809525, 32.790738], [-96.81431, 32.79617], [-96.815007, 32.797245], [-96.814858, 32.7984]]]}}, {"type": "Feature", "properties": {"zip": "75149", "city": "Mesquite", "county": "Dallas County", "zhvi_2010": 108242, "zhvi_2011": 97918, "zhvi_2012": 96526, "zhvi_2013": 106469, "zhvi_2014": 118701, "zhvi_2015": 133090, "zhvi_2016": 155245, "zhvi_2017": 178002, "zhvi_2018": 196370, "zhvi_2019": 206181, "zhvi_2020": 215431, "zhvi_2021": 236548, "zhvi_2022": 266804, "zhvi_2023": 262614, "zhvi_2024": 257980, "zhvi_2025": 238376, "zori_2015": null, "zori_2016": 1182, "zori_2017": 1221, "zori_2018": 1238, "zori_2019": 1271, "zori_2020": 1317, "zori_2021": 1367, "zori_2022": 1413, "zori_2023": 1435, "zori_2024": 1455, "zori_2025": 1424, "has_zhvi": true, "has_zori": true}, "geometry": {"type": "Polygon", "coordinates": [[[-96.685021, 32.792521], [-96.682847, 32.796374], [-96.682575, 32.798011], [-96.676428, 32.79973], [-96.675827, 32.799115], [-96.674152, 32.798997], [-96.652937, 32.792332], [-96.606798, 32.792461], [-96.579705, 32.787792], [-96.579743, 32.779833], [-96.570493, 32.77968], [-96.57043, 32.764751], [-96.57261, 32.764955], [-96.570624, 32.763508], [-96.568405, 32.763115], [-96.567316, 32.761912], [-96.56835, 32.759124], [-96.567181, 32.757756], [-96.5666, 32.754744], [-96.564693, 32.75293], [-96.564953, 32.749485], [-96.564124, 32.748559], [-96.567389, 32.746592], [-96.57058, 32.745779], [-96.573346, 32.743632], [-96.577883, 32.747051], [-96.580475, 32.744993], [-96.576908, 32.741977], [-96.57761, 32.742109], [-96.581336, 32.73922], [-96.584224, 32.741869], [-96.58517, 32.74109], [-96.585228, 32.742868], [-96.586825, 32.742898], [-96.586846, 32.74115], [-96.589066, 32.741129], [-96.589183, 32.744715], [-96.596574, 32.744839], [-96.597338, 32.745184], [-96.59881, 32.743946], [-96.601907, 32.746688], [-96.604529, 32.746132], [-96.606446, 32.746755], [-96.608033, 32.746023], [-96.612045, 32.745917], [-96.612596, 32.737607], [-96.613265, 32.734903], [-96.620684, 32.734702], [-96.620665, 32.740136], [-96.621625, 32.740138], [-96.621814, 32.742554], [-96.622578, 32.742584], [-96.622561, 32.748616], [-96.639273, 32.748752], [-96.639274, 32.755732], [-96.643072, 32.759014], [-96.644163, 32.763089], [-96.66145, 32.777918], [-96.665348, 32.777864], [-96.665372, 32.779581], [-96.666197, 32.7815], [-96.671431, 32.786541], [-96.673381, 32.787765], [-96.673371, 32.791728], [-96.685021, 32.792521]]]}}, {"type": "Feature", "properties": {"zip": "75248", "city": "Dallas", "county": "Dallas County", "zhvi_2010": 337312, "zhvi_2011": 315635, "zhvi_2012": 319192, "zhvi_2013": 348585, "zhvi_2014": 381696, "zhvi_2015": 421631, "zhvi_2016": 468217, "zhvi_2017": 497577, "zhvi_2018": 519870, "zhvi_2019": 516605, "zhvi_2020": 530562, "zhvi_2021": 564508, "zhvi_2022": 613486, "zhvi_2023": 622465, "zhvi_2024": 644017, "zhvi_2025": 621592, "zori_2015": null, "zori_2016": null, "zori_2017": 1413, "zori_2018": 1404, "zori_2019": 1420, "zori_2020": 1410, "zori_2021": 1470, "zori_2022": 1568, "zori_2023": 1539, "zori_2024": 1466, "zori_2025": 1386, "has_zhvi": true, "has_zori": true}, "geometry": {"type": "Polygon", "coordinates": [[[-96.830014, 32.98724], [-96.813355, 32.987041], [-96.813641, 32.984477], [-96.809264, 32.977595], [-96.808444, 32.980116], [-96.808891, 32.981951], [-96.80613, 32.984017], [-96.805658, 32.98372], [-96.805206, 32.986937], [-96.803245, 32.986912], [-96.80133, 32.985197], [-96.793774, 32.985432], [-96.790677, 32.987882], [-96.790219, 32.987502], [-96.785841, 32.987903], [-96.785628, 32.98668], [-96.783841, 32.986657], [-96.781781, 32.987937], [-96.778675, 32.987938], [-96.778675, 32.986588], [-96.778223, 32.986304], [-96.768252, 32.986164], [-96.768214, 32.978351], [-96.768867, 32.974815], [-96.768988, 32.950845], [-96.776596, 32.95065], [-96.780568, 32.949986], [-96.797725, 32.949942], [-96.799017, 32.950372], [-96.799287, 32.952505], [-96.797494, 32.954183], [-96.797221, 32.956588], [-96.797696, 32.956487], [-96.798251, 32.954493], [-96.800993, 32.952468], [-96.802738, 32.953831], [-96.807074, 32.95393], [-96.807076, 32.954485], [-96.810124, 32.95852], [-96.810124, 32.959305], [-96.808968, 32.960417], [-96.810201, 32.960369], [-96.811681, 32.958571], [-96.811942, 32.956777], [-96.811492, 32.955979], [-96.808141, 32.954099], [-96.813837, 32.95411], [-96.813839, 32.955471], [-96.8154, 32.954106], [-96.822096, 32.95402], [-96.82115, 32.959482], [-96.821687, 32.962497], [-96.821703, 32.973104], [-96.822785, 32.974787], [-96.828143, 32.978895], [-96.828949, 32.980643], [-96.828927, 32.983303], [-96.830244, 32.983303], [-96.830014, 32.98724]]]}}, {"type": "Feature", "properties": {"zip": "76201", "city": "Denton", "county": "Denton County", "zhvi_2010": 134630, "zhvi_2011": 125821, "zhvi_2012": 128326, "zhvi_2013": 138599, "zhvi_2014": 151778, "zhvi_2015": 169307, "zhvi_2016": 193229, "zhvi_2017": 217908, "zhvi_2018": 234078, "zhvi_2019": 238762, "zhvi_2020": 252316, "zhvi_2021": 274069, "zhvi_2022": 302278, "zhvi_2023": 296447, "zhvi_2024": 289378, "zhvi_2025": 275630, "zori_2015": null, "zori_2016": 1223, "zori_2017": 1275, "zori_2018": 1313, "zori_2019": 1332, "zori_2020": 1354, "zori_2021": 1392, "zori_2022": 1416, "zori_2023": 1475, "zori_2024": 1465, "zori_2025": 1427, "has_zhvi": true, "has_zori": true}, "geometry": {"type": "Polygon", "coordinates": [[[-97.173892, 33.230054], [-97.16096, 33.22976], [-97.16073, 33.23962], [-97.15567, 33.239179], [-97.14433, 33.241999], [-97.14433, 33.241574], [-97.137361, 33.241442], [-97.136886, 33.241951], [-97.137536, 33.241943], [-97.13671, 33.242318], [-97.133073, 33.240596], [-97.131859, 33.240578], [-97.131893, 33.239033], [-97.132509, 33.239033], [-97.13268, 33.232742], [-97.13209, 33.232129], [-97.13211, 33.230727], [-97.12721, 33.230624], [-97.12732, 33.22227], [-97.12997, 33.22113], [-97.129279, 33.218821], [-97.127699, 33.217768], [-97.12822, 33.21645], [-97.126654, 33.214458], [-97.134091, 33.200998], [-97.136127, 33.196409], [-97.13912, 33.196869], [-97.139459, 33.196247], [-97.14169, 33.197069], [-97.14729, 33.201397], [-97.14732, 33.20346], [-97.149606, 33.203372], [-97.15188, 33.204929], [-97.151825, 33.204245], [-97.15296, 33.20469], [-97.153688, 33.206484], [-97.155121, 33.207604], [-97.15507, 33.21083], [-97.157258, 33.21083], [-97.157255, 33.210235], [-97.16144, 33.210284], [-97.161469, 33.20855], [-97.166277, 33.211658], [-97.16893, 33.21538], [-97.170288, 33.219205], [-97.173892, 33.230054]], [[-97.15289, 33.211599], [-97.15074, 33.21157], [-97.15073, 33.21267], [-97.15289, 33.21269], [-97.15289, 33.211599]]]}}, {"type": "Feature", "properties": {"zip": "75074", "city": "Plano", "county": "Collin County", "zhvi_2010": 225439, "zhvi_2011": 209021, "zhvi_2012": 205390, "zhvi_2013": 217503, "zhvi_2014": 235552, "zhvi_2015": 265619, "zhvi_2016": 296532, "zhvi_2017": 322070, "zhvi_2018": 333879, "zhvi_2019": 332672, "zhvi_2020": 339105, "zhvi_2021": 370418, "zhvi_2022": 414333, "zhvi_2023": 410922, "zhvi_2024": 407074, "zhvi_2025": 380564, "zori_2015": 1489, "zori_2016": 1552, "zori_2017": 1596, "zori_2018": 1580, "zori_2019": 1593, "zori_2020": 1604, "zori_2021": 1656, "zori_2022": 1763, "zori_2023": 1741, "zori_2024": 1667, "zori_2025": 1620, "has_zhvi": true, "has_zori": true}, "geometry": {"type": "Polygon", "coordinates": [[[-96.709825, 33.024746], [-96.708952, 33.02856], [-96.693808, 33.057223], [-96.686229, 33.075364], [-96.685709, 33.075219], [-96.685506, 33.073791], [-96.684623, 33.073726], [-96.683959, 33.070897], [-96.68218, 33.073121], [-96.657038, 33.072643], [-96.655222, 33.073137], [-96.65479, 33.072356], [-96.655325, 33.068196], [-96.656989, 33.066513], [-96.657187, 33.064818], [-96.655789, 33.062733], [-96.656319, 33.060521], [-96.655049, 33.057592], [-96.657092, 33.055573], [-96.656687, 33.05404], [-96.653803, 33.050745], [-96.650388, 33.053345], [-96.644204, 33.052771], [-96.640026, 33.053156], [-96.639366, 33.05247], [-96.639432, 33.049047], [-96.640969, 33.049047], [-96.641224, 33.044098], [-96.643574, 33.043266], [-96.642281, 33.041916], [-96.642859, 33.039268], [-96.639089, 33.035935], [-96.639855, 33.033737], [-96.640569, 33.033613], [-96.640598, 33.029989], [-96.642222, 33.028624], [-96.642037, 33.024017], [-96.640901, 33.02277], [-96.640952, 33.019174], [-96.641903, 33.017422], [-96.643047, 33.016709], [-96.641752, 33.015213], [-96.639662, 33.01451], [-96.639931, 33.013388], [-96.636576, 33.013202], [-96.631861, 33.010595], [-96.633568, 33.006855], [-96.632641, 33.006027], [-96.633206, 33.005011], [-96.659224, 33.004274], [-96.65924, 33.003432], [-96.662286, 33.003455], [-96.662272, 33.004007], [-96.66482, 33.004106], [-96.66496, 32.996975], [-96.670988, 32.996994], [-96.675862, 33.000662], [-96.678422, 33.0017], [-96.682366, 33.002412], [-96.682379, 33.002786], [-96.708001, 33.004233], [-96.707776, 33.0092], [-96.708405, 33.016664], [-96.709635, 33.021395], [-96.709825, 33.024746]]]}}, {"type": "Feature", "properties": {"zip": "76123", "city": "Fort Worth", "county": "Tarrant County", "zhvi_2010": 194526, "zhvi_2011": 178246, "zhvi_2012": 172088, "zhvi_2013": 179032, "zhvi_2014": 188489, "zhvi_2015": 203660, "zhvi_2016": 221205, "zhvi_2017": 239463, "zhvi_2018": 257667, "zhvi_2019": 267611, "zhvi_2020": 278325, "zhvi_2021": 313355, "zhvi_2022": 359013, "zhvi_2023": 336287, "zhvi_2024": 319414, "zhvi_2025": 300661, "zori_2015": 1461, "zori_2016": 1514, "zori_2017": 1563, "zori_2018": 1603, "zori_2019": 1652, "zori_2020": 1775, "zori_2021": 1919, "zori_2022": 1923, "zori_2023": 1916, "zori_2024": 1920, "zori_2025": 1880, "has_zhvi": true, "has_zori": true}, "geometry": {"type": "Polygon", "coordinates": [[[-97.446623, 32.645596], [-97.446766, 32.646656], [-97.416361, 32.645431], [-97.409585, 32.6438], [-97.404039, 32.643777], [-97.402171, 32.64447], [-97.401196, 32.642955], [-97.401458, 32.640324], [-97.401031, 32.638883], [-97.398906, 32.635232], [-97.399414, 32.632469], [-97.40336, 32.632737], [-97.40606, 32.632229], [-97.412886, 32.629565], [-97.412805, 32.629261], [-97.39951, 32.628161], [-97.370001, 32.627933], [-97.369867, 32.634832], [-97.353957, 32.634811], [-97.355135, 32.606785], [-97.388468, 32.607474], [-97.388452, 32.603946], [-97.39538, 32.604084], [-97.402965, 32.606504], [-97.406977, 32.606431], [-97.407642, 32.609963], [-97.405883, 32.613013], [-97.406149, 32.615397], [-97.412491, 32.615425], [-97.412575, 32.599155], [-97.41401, 32.59602], [-97.416374, 32.593958], [-97.416489, 32.59984], [-97.426924, 32.599932], [-97.426915, 32.610726], [-97.434494, 32.610777], [-97.434171, 32.612021], [-97.434962, 32.611734], [-97.435812, 32.613444], [-97.435456, 32.615582], [-97.436992, 32.616681], [-97.43935, 32.622903], [-97.442384, 32.627611], [-97.443429, 32.631248], [-97.442373, 32.632466], [-97.438952, 32.633133], [-97.436625, 32.631602], [-97.435375, 32.629944], [-97.432852, 32.629418], [-97.435114, 32.630127], [-97.435047, 32.631642], [-97.437962, 32.634842], [-97.438653, 32.636603], [-97.439975, 32.635367], [-97.441211, 32.635634], [-97.443788, 32.634487], [-97.444852, 32.635452], [-97.444632, 32.6376], [-97.445913, 32.641047], [-97.447817, 32.643445], [-97.446623, 32.645596]]]}}, {"type": "Feature", "properties": {"zip": "75098", "city": "Wylie", "county": "Collin County", "zhvi_2010": 258613, "zhvi_2011": 242409, "zhvi_2012": 239233, "zhvi_2013": 253731, "zhvi_2014": 273695, "zhvi_2015": 306409, "zhvi_2016": 340125, "zhvi_2017": 365980, "zhvi_2018": 375869, "zhvi_2019": 373591, "zhvi_2020": 381810, "zhvi_2021": 430126, "zhvi_2022": 497146, "zhvi_2023": 480008, "zhvi_2024": 467835, "zhvi_2025": 439724, "zori_2015": 1587, "zori_2016": 1660, "zori_2017": 1685, "zori_2018": 1694, "zori_2019": 1710, "zori_2020": 1741, "zori_2021": 1842, "zori_2022": 1923, "zori_2023": 1904, "zori_2024": 1853, "zori_2025": 1808, "has_zhvi": true, "has_zori": true}, "geometry": {"type": "Polygon", "coordinates": [[[-96.59508, 33.002757], [-96.595617, 33.011229], [-96.594653, 33.040664], [-96.585903, 33.040624], [-96.58595, 33.044293], [-96.584466, 33.04431], [-96.584454, 33.04523], [-96.579395, 33.045207], [-96.578801, 33.047346], [-96.579538, 33.050425], [-96.580442, 33.049739], [-96.58037, 33.052735], [-96.584586, 33.052857], [-96.586008, 33.053821], [-96.58592, 33.055014], [-96.568389, 33.054439], [-96.56861, 33.05839], [-96.56994, 33.061906], [-96.570372, 33.068604], [-96.571902, 33.074153], [-96.573526, 33.074854], [-96.573003, 33.076645], [-96.574899, 33.077846], [-96.574843, 33.079763], [-96.568579, 33.07776], [-96.559947, 33.077871], [-96.55984, 33.074251], [-96.546394, 33.073849], [-96.545295, 33.078125], [-96.533657, 33.078055], [-96.53371, 33.072601], [-96.532591, 33.068855], [-96.52448, 33.056131], [-96.522489, 33.048782], [-96.521484, 33.047475], [-96.519375, 33.046335], [-96.515461, 33.045527], [-96.499879, 33.047008], [-96.489922, 33.047006], [-96.484545, 33.046199], [-96.482266, 33.044373], [-96.481676, 33.031798], [-96.481083, 33.029925], [-96.480247, 33.028343], [-96.475886, 33.025306], [-96.475989, 33.023027], [-96.477896, 33.020308], [-96.476948, 33.019508], [-96.476534, 33.016542], [-96.477475, 33.015399], [-96.478972, 33.015967], [-96.478456, 33.017232], [-96.482093, 33.016014], [-96.483109, 33.015028], [-96.480725, 33.01388], [-96.483515, 33.011221], [-96.484961, 33.011304], [-96.48578, 33.009833], [-96.483961, 33.009507], [-96.483795, 33.008048], [-96.48318, 33.008074], [-96.483352, 33.007615], [-96.485359, 33.008693], [-96.484709, 33.005665], [-96.486522, 33.006129], [-96.485549, 33.003175], [-96.486476, 33.001378], [-96.486258, 32.998849], [-96.487801, 32.997255], [-96.486419, 32.996336], [-96.485317, 32.997017], [-96.484281, 32.995297], [-96.484751, 32.994342], [-96.484757, 32.990534], [-96.486807, 32.989681], [-96.488072, 32.988325], [-96.489673, 32.982685], [-96.491399, 32.982692], [-96.494579, 32.955406], [-96.496504, 32.953739], [-96.497688, 32.951172], [-96.498297, 32.945117], [-96.51676, 32.945176], [-96.517351, 32.944274], [-96.517204, 32.952065], [-96.517786, 32.953229], [-96.517165, 32.954167], [-96.51551, 32.95233], [-96.514955, 32.953148], [-96.516254, 32.954898], [-96.516064, 32.957679], [-96.520946, 32.961885], [-96.521552, 32.96119], [-96.520882, 32.959697], [-96.521468, 32.959722], [-96.521255, 32.958374], [-96.526096, 32.956034], [-96.537611, 32.965829], [-96.544419, 32.960473], [-96.547694, 32.963214], [-96.551428, 32.960929], [-96.550435, 32.965385], [-96.551103, 32.968297], [-96.552883, 32.970797], [-96.552088, 32.970898], [-96.553809, 32.97243], [-96.554382, 32.975042], [-96.557566, 32.977145], [-96.558435, 32.978213], [-96.562155, 32.976755], [-96.56306, 32.978357], [-96.558243, 32.97977], [-96.558025, 32.981034], [-96.558808, 32.982431], [-96.558786, 32.983501], [-96.559263, 32.983508], [-96.558489, 32.984342], [-96.558767, 32.984707], [-96.559316, 32.984384], [-96.562908, 32.986263], [-96.562722, 32.989322], [-96.563956, 32.992928], [-96.564587, 32.99299], [-96.564594, 32.994061], [-96.566704, 32.994476], [-96.571312, 32.991614], [-96.573564, 32.993345], [-96.576351, 32.993733], [-96.579594, 32.99588], [-96.585808, 32.99617], [-96.586562, 32.997368], [-96.593172, 32.998261], [-96.593344, 32.997256], [-96.594971, 32.997388], [-96.594293, 32.999722], [-96.595649, 33.000452], [-96.59508, 33.002757]]]}}, {"type": "Feature", "properties": {"zip": "75069", "city": "McKinney", "county": "Collin County", "zhvi_2010": 249355, "zhvi_2011": 232762, "zhvi_2012": 233431, "zhvi_2013": 249709, "zhvi_2014": 274693, "zhvi_2015": 309640, "zhvi_2016": 342572, "zhvi_2017": 366181, "zhvi_2018": 376624, "zhvi_2019": 375454, "zhvi_2020": 382810, "zhvi_2021": 428005, "zhvi_2022": 485461, "zhvi_2023": 471341, "zhvi_2024": 462522, "zhvi_2025": 432692, "zori_2015": null, "zori_2016": null, "zori_2017": null, "zori_2018": 1604, "zori_2019": 1583, "zori_2020": 1574, "zori_2021": 1670, "zori_2022": 1773, "zori_2023": 1695, "zori_2024": 1635, "zori_2025": 1572, "has_zhvi": true, "has_zori": true}, "geometry": {"type": "Polygon", "coordinates": [[[-96.653527, 33.136764], [-96.641618, 33.168193], [-96.640302, 33.173527], [-96.639554, 33.185161], [-96.640985, 33.185677], [-96.64335, 33.188741], [-96.643014, 33.189863], [-96.641668, 33.189382], [-96.641086, 33.193781], [-96.641868, 33.197099], [-96.641186, 33.198434], [-96.64317, 33.198616], [-96.641161, 33.198551], [-96.639881, 33.202011], [-96.640717, 33.204148], [-96.640234, 33.204148], [-96.640875, 33.208983], [-96.638902, 33.209764], [-96.641428, 33.210788], [-96.640651, 33.213113], [-96.6411, 33.216761], [-96.636237, 33.216672], [-96.632849, 33.229266], [-96.628077, 33.229332], [-96.628138, 33.239659], [-96.629636, 33.239837], [-96.612802, 33.239827], [-96.610422, 33.238481], [-96.610902, 33.234986], [-96.612685, 33.22979], [-96.612484, 33.227251], [-96.613186, 33.223473], [-96.614361, 33.223543], [-96.614878, 33.223038], [-96.613929, 33.221586], [-96.613441, 33.222349], [-96.613754, 33.215888], [-96.611843, 33.205275], [-96.611848, 33.203271], [-96.610788, 33.203263], [-96.608794, 33.209198], [-96.602119, 33.205647], [-96.595925, 33.20368], [-96.574346, 33.198065], [-96.569957, 33.198017], [-96.569353, 33.197758], [-96.569476, 33.197201], [-96.566063, 33.196126], [-96.56579, 33.196432], [-96.564926, 33.195284], [-96.547798, 33.190025], [-96.547887, 33.188035], [-96.546649, 33.188059], [-96.54766, 33.183431], [-96.546007, 33.181028], [-96.538904, 33.180854], [-96.539915, 33.176461], [-96.536845, 33.1764], [-96.537176, 33.17266], [-96.533335, 33.172597], [-96.533727, 33.16086], [-96.527811, 33.160664], [-96.527929, 33.155029], [-96.535863, 33.155167], [-96.535966, 33.153274], [-96.540816, 33.15427], [-96.54083, 33.153634], [-96.54956, 33.154595], [-96.546966, 33.151905], [-96.544248, 33.151446], [-96.544791, 33.149273], [-96.543379, 33.146886], [-96.544748, 33.14517], [-96.543732, 33.144038], [-96.541346, 33.142896], [-96.542016, 33.141807], [-96.541088, 33.140846], [-96.5419, 33.140327], [-96.541066, 33.138243], [-96.53984, 33.139196], [-96.539476, 33.137833], [-96.537606, 33.136853], [-96.53668, 33.135668], [-96.53761, 33.1348], [-96.537101, 33.133862], [-96.539673, 33.133803], [-96.538285, 33.130164], [-96.538613, 33.129837], [-96.540722, 33.130252], [-96.53927, 33.127076], [-96.540689, 33.126344], [-96.540033, 33.123254], [-96.543302, 33.12312], [-96.544101, 33.122188], [-96.546457, 33.123092], [-96.552895, 33.121608], [-96.556045, 33.123396], [-96.550839, 33.123318], [-96.551864, 33.12463], [-96.551715, 33.126143], [-96.553292, 33.126407], [-96.552829, 33.127718], [-96.555708, 33.126801], [-96.555332, 33.127417], [-96.557115, 33.128554], [-96.557219, 33.132506], [-96.560022, 33.132334], [-96.559634, 33.133304], [-96.56082, 33.134123], [-96.561992, 33.133508], [-96.562752, 33.134366], [-96.565062, 33.133851], [-96.565064, 33.134818], [-96.56855, 33.13561], [-96.569478, 33.137451], [-96.571919, 33.137816], [-96.573702, 33.136958], [-96.575508, 33.135282], [-96.570681, 33.127249], [-96.570522, 33.123635], [-96.588302, 33.124146], [-96.588252, 33.125199], [-96.593941, 33.125395], [-96.593875, 33.12314], [-96.602924, 33.123296], [-96.602908, 33.124038], [-96.610121, 33.123821], [-96.61125, 33.128622], [-96.622143, 33.129449], [-96.659641, 33.129908], [-96.653527, 33.136764]]]}}, {"type": "Feature", "properties": {"zip": "75056", "city": "The Colony", "county": "Denton County", "zhvi_2010": 283520, "zhvi_2011": 264938, "zhvi_2012": 264882, "zhvi_2013": 281290, "zhvi_2014": 302654, "zhvi_2015": 338667, "zhvi_2016": 375431, "zhvi_2017": 400108, "zhvi_2018": 411163, "zhvi_2019": 407919, "zhvi_2020": 417435, "zhvi_2021": 464438, "zhvi_2022": 528800, "zhvi_2023": 520682, "zhvi_2024": 519133, "zhvi_2025": 496059, "zori_2015": 1584, "zori_2016": 1626, "zori_2017": 1652, "zori_2018": 1659, "zori_2019": 1668, "zori_2020": 1701, "zori_2021": 1793, "zori_2022": 1927, "zori_2023": 1866, "zori_2024": 1772, "zori_2025": 1732, "has_zhvi": true, "has_zori": true}, "geometry": {"type": "Polygon", "coordinates": [[[-96.96443, 33.100028], [-96.958975, 33.103101], [-96.95195, 33.108629], [-96.945433, 33.115209], [-96.941441, 33.120887], [-96.935927, 33.120654], [-96.934603, 33.118578], [-96.930871, 33.116946], [-96.931309, 33.116211], [-96.930428, 33.114886], [-96.931339, 33.112769], [-96.930939, 33.111129], [-96.932563, 33.110754], [-96.933116, 33.110398], [-96.933887, 33.109192], [-96.935032, 33.108516], [-96.935323, 33.107661], [-96.93459, 33.107787], [-96.932827, 33.110564], [-96.929602, 33.110715], [-96.930558, 33.112213], [-96.93004, 33.115258], [-96.925507, 33.115919], [-96.9245, 33.117031], [-96.92125, 33.118401], [-96.91926, 33.121405], [-96.917575, 33.120742], [-96.911151, 33.124393], [-96.912798, 33.126708], [-96.911418, 33.126475], [-96.907304, 33.123725], [-96.907244, 33.126303], [-96.905079, 33.126257], [-96.905403, 33.115234], [-96.904238, 33.112859], [-96.901112, 33.112857], [-96.899216, 33.114673], [-96.897888, 33.113765], [-96.897978, 33.109832], [-96.892044, 33.109877], [-96.892008, 33.10741], [-96.887973, 33.10546], [-96.869197, 33.105476], [-96.869209, 33.108284], [-96.860647, 33.108264], [-96.860658, 33.106729], [-96.860161, 33.106308], [-96.853386, 33.106348], [-96.854052, 33.105085], [-96.856909, 33.091054], [-96.855639, 33.080566], [-96.857775, 33.079598], [-96.856285, 33.075167], [-96.857549, 33.072173], [-96.859231, 33.071172], [-96.860723, 33.068572], [-96.862105, 33.067841], [-96.861468, 33.066464], [-96.861473, 33.065119], [-96.862622, 33.062219], [-96.863163, 33.058629], [-96.857861, 33.057844], [-96.857413, 33.060813], [-96.842367, 33.060139], [-96.842536, 33.056196], [-96.843974, 33.056376], [-96.844913, 33.051737], [-96.853395, 33.051743], [-96.853407, 33.053121], [-96.858554, 33.053144], [-96.859524, 33.04665], [-96.861112, 33.046817], [-96.860956, 33.047919], [-96.862324, 33.049369], [-96.862756, 33.049234], [-96.863349, 33.053484], [-96.863956, 33.05467], [-96.865125, 33.055229], [-96.865401, 33.052667], [-96.866487, 33.050569], [-96.869753, 33.048846], [-96.872462, 33.052346], [-96.874544, 33.051344], [-96.875883, 33.051816], [-96.880689, 33.051335], [-96.883483, 33.052039], [-96.882574, 33.047804], [-96.885431, 33.047428], [-96.886927, 33.047832], [-96.886939, 33.053818], [-96.892302, 33.053837], [-96.892618, 33.046619], [-96.89339, 33.0461], [-96.890561, 33.04467], [-96.88103, 33.044559], [-96.881086, 33.041981], [-96.88127, 33.041274], [-96.887079, 33.04321], [-96.887322, 33.029013], [-96.89252, 33.029006], [-96.892527, 33.02708], [-96.894787, 33.027084], [-96.894853, 33.024076], [-96.89937, 33.02393], [-96.89936, 33.02704], [-96.917418, 33.026944], [-96.917445, 33.028156], [-96.916533, 33.028124], [-96.915544, 33.030438], [-96.914744, 33.030933], [-96.91234, 33.030955], [-96.912243, 33.031616], [-96.911108, 33.031648], [-96.910116, 33.035177], [-96.918562, 33.035262], [-96.918539, 33.037489], [-96.922887, 33.037513], [-96.922998, 33.035034], [-96.925031, 33.035631], [-96.927454, 33.036829], [-96.927121, 33.041336], [-96.931613, 33.041373], [-96.93159, 33.039515], [-96.936009, 33.039671], [-96.935941, 33.034109], [-96.944395, 33.033068], [-96.944635, 33.026308], [-96.945947, 33.026314], [-96.947924, 33.025031], [-96.95059, 33.024549], [-96.956571, 33.026151], [-96.959807, 33.026291], [-96.960373, 33.028086], [-96.958374, 33.03071], [-96.958887, 33.031822], [-96.961027, 33.031095], [-96.963256, 33.032223], [-96.96062, 33.034304], [-96.961257, 33.036225], [-96.962652, 33.037875], [-96.963154, 33.039803], [-96.961215, 33.042657], [-96.960874, 33.044058], [-96.961652, 33.04571], [-96.9368, 33.048704], [-96.936483, 33.06386], [-96.936674, 33.064699], [-96.942894, 33.069726], [-96.947079, 33.071116], [-96.956285, 33.071039], [-96.962551, 33.069749], [-96.963544, 33.100041], [-96.96443, 33.100028]]]}}, {"type": "Feature", "properties": {"zip": "76112", "city": "Fort Worth", "county": "Tarrant County", "zhvi_2010": 115525, "zhvi_2011": 105403, "zhvi_2012": 102008, "zhvi_2013": 106251, "zhvi_2014": 116145, "zhvi_2015": 130241, "zhvi_2016": 148751, "zhvi_2017": 167110, "zhvi_2018": 186350, "zhvi_2019": 196319, "zhvi_2020": 210159, "zhvi_2021": 233727, "zhvi_2022": 263613, "zhvi_2023": 260372, "zhvi_2024": 256751, "zhvi_2025": 244445, "zori_2015": null, "zori_2016": 936, "zori_2017": 973, "zori_2018": 1014, "zori_2019": 1064, "zori_2020": 1143, "zori_2021": 1179, "zori_2022": 1216, "zori_2023": 1201, "zori_2024": 1165, "zori_2025": 1137, "has_zhvi": true, "has_zori": true}, "geometry": {"type": "Polygon", "coordinates": [[[-97.261697, 32.758089], [-97.240526, 32.760933], [-97.241662, 32.7629], [-97.246333, 32.763468], [-97.24649, 32.770553], [-97.252681, 32.771116], [-97.254121, 32.770789], [-97.257426, 32.767802], [-97.258268, 32.769821], [-97.258176, 32.771524], [-97.256104, 32.772798], [-97.255188, 32.775029], [-97.249694, 32.771515], [-97.247231, 32.773297], [-97.245196, 32.771644], [-97.243323, 32.771549], [-97.240544, 32.776375], [-97.2361, 32.779228], [-97.226449, 32.782626], [-97.221077, 32.781959], [-97.219046, 32.780065], [-97.218601, 32.781007], [-97.215325, 32.780244], [-97.212732, 32.781337], [-97.21317, 32.762189], [-97.214164, 32.759904], [-97.183286, 32.759779], [-97.183328, 32.756272], [-97.184251, 32.756312], [-97.184649, 32.753454], [-97.183206, 32.753531], [-97.18308, 32.751536], [-97.18123, 32.74881], [-97.181224, 32.746259], [-97.182363, 32.744574], [-97.18242, 32.730759], [-97.198841, 32.728672], [-97.19881, 32.728324], [-97.200726, 32.727923], [-97.207728, 32.727853], [-97.207748, 32.725112], [-97.208685, 32.726042], [-97.208278, 32.723898], [-97.21003, 32.721601], [-97.20271, 32.713348], [-97.20883, 32.713174], [-97.211056, 32.717334], [-97.21443, 32.719014], [-97.217086, 32.719482], [-97.224967, 32.719502], [-97.225516, 32.719675], [-97.225385, 32.720457], [-97.237598, 32.720684], [-97.23787, 32.729045], [-97.237408, 32.729234], [-97.237399, 32.730305], [-97.236443, 32.731172], [-97.24066, 32.731091], [-97.245126, 32.732383], [-97.245082, 32.736953], [-97.246345, 32.737288], [-97.246358, 32.738146], [-97.245825, 32.738173], [-97.245668, 32.738796], [-97.246246, 32.738797], [-97.246255, 32.740764], [-97.245042, 32.740761], [-97.244993, 32.745668], [-97.245814, 32.746049], [-97.245723, 32.751835], [-97.24482, 32.75184], [-97.244803, 32.753794], [-97.246434, 32.755226], [-97.245984, 32.758768], [-97.261672, 32.757353], [-97.261697, 32.758089]]]}}, {"type": "Feature", "properties": {"zip": "75022", "city": "Flower Mound", "county": "Denton County", "zhvi_2010": 491580, "zhvi_2011": 465019, "zhvi_2012": 463004, "zhvi_2013": 489867, "zhvi_2014": 520358, "zhvi_2015": 556855, "zhvi_2016": 582261, "zhvi_2017": 593548, "zhvi_2018": 600908, "zhvi_2019": 599526, "zhvi_2020": 617257, "zhvi_2021": 693492, "zhvi_2022": 793267, "zhvi_2023": 780295, "zhvi_2024": 784400, "zhvi_2025": 764094, "zori_2015": null, "zori_2016": null, "zori_2017": null, "zori_2018": null, "zori_2019": null, "zori_2020": null, "zori_2021": null, "zori_2022": null, "zori_2023": null, "zori_2024": null, "zori_2025": 3839, "has_zhvi": true, "has_zori": true}, "geometry": {"type": "Polygon", "coordinates": [[[-97.182912, 33.053494], [-97.177421, 33.060978], [-97.177254, 33.062815], [-97.178408, 33.062632], [-97.178143, 33.06451], [-97.179205, 33.065061], [-97.178189, 33.065752], [-97.179088, 33.068803], [-97.178076, 33.068819], [-97.178064, 33.067688], [-97.172704, 33.067639], [-97.17263, 33.072108], [-97.159965, 33.072006], [-97.160019, 33.067566], [-97.161156, 33.067557], [-97.161044, 33.064463], [-97.157269, 33.064551], [-97.157196, 33.061541], [-97.151346, 33.061379], [-97.15128, 33.060395], [-97.149454, 33.060716], [-97.149465, 33.060387], [-97.148639, 33.060373], [-97.148519, 33.059458], [-97.14578, 33.0598], [-97.1458, 33.05941], [-97.137264, 33.059329], [-97.13729, 33.058022], [-97.136576, 33.058017], [-97.136574, 33.059324], [-97.134488, 33.059333], [-97.134482, 33.058013], [-97.133725, 33.058015], [-97.133244, 33.059348], [-97.131438, 33.059393], [-97.129328, 33.058378], [-97.128729, 33.057198], [-97.121723, 33.056613], [-97.121761, 33.054542], [-97.119411, 33.054501], [-97.119381, 33.050912], [-97.129005, 33.051108], [-97.129095, 33.046765], [-97.127076, 33.046298], [-97.121231, 33.046211], [-97.109803, 33.046694], [-97.104194, 33.04535], [-97.0985, 33.041671], [-97.094724, 33.041556], [-97.094664, 33.040505], [-97.092972, 33.039772], [-97.092943, 33.041554], [-97.090234, 33.041559], [-97.090255, 33.03732], [-97.08927, 33.037306], [-97.089312, 33.039542], [-97.087346, 33.039556], [-97.087362, 33.041567], [-97.081499, 33.04137], [-97.079335, 33.039403], [-97.079506, 33.036896], [-97.075665, 33.036841], [-97.07526, 33.03457], [-97.07363, 33.03349], [-97.070595, 33.033538], [-97.07054, 33.034779], [-97.06787, 33.03456], [-97.068028, 33.030105], [-97.070677, 33.030042], [-97.070769, 33.005024], [-97.069639, 33.001382], [-97.068692, 32.999982], [-97.065532, 32.997793], [-97.0618, 32.989904], [-97.059035, 32.987299], [-97.057339, 32.986773], [-97.046899, 32.986615], [-97.043124, 32.985916], [-97.040425, 32.984533], [-97.03766, 32.981243], [-97.036783, 32.978164], [-97.038269, 32.979643], [-97.042456, 32.978459], [-97.051058, 32.981567], [-97.056345, 32.980662], [-97.056733, 32.978406], [-97.057951, 32.97861], [-97.056501, 32.972792], [-97.057585, 32.975333], [-97.061777, 32.978127], [-97.063987, 32.980448], [-97.068011, 32.981243], [-97.068439, 32.981898], [-97.068196, 32.984609], [-97.071895, 32.98462], [-97.07437, 32.985455], [-97.109022, 32.986087], [-97.109232, 32.990203], [-97.088162, 32.990073], [-97.108415, 32.997002], [-97.117618, 33.000818], [-97.125761, 33.00311], [-97.170924, 33.029043], [-97.172702, 33.033205], [-97.177286, 33.037804], [-97.180044, 33.037987], [-97.181103, 33.039062], [-97.182097, 33.038069], [-97.181642, 33.04121], [-97.182177, 33.042403], [-97.180523, 33.042493], [-97.181744, 33.046192], [-97.180284, 33.049653], [-97.182873, 33.051003], [-97.182912, 33.053494]]]}}, {"type": "Feature", "properties": {"zip": "75036", "city": "Frisco", "county": "Denton County", "zhvi_2010": 369450, "zhvi_2011": 347845, "zhvi_2012": 352520, "zhvi_2013": 382789, "zhvi_2014": 414660, "zhvi_2015": 458179, "zhvi_2016": 485951, "zhvi_2017": 496307, "zhvi_2018": 494738, "zhvi_2019": 482494, "zhvi_2020": 488286, "zhvi_2021": 554553, "zhvi_2022": 656201, "zhvi_2023": 628059, "zhvi_2024": 611434, "zhvi_2025": 578926, "zori_2015": null, "zori_2016": null, "zori_2017": null, "zori_2018": null, "zori_2019": null, "zori_2020": null, "zori_2021": null, "zori_2022": null, "zori_2023": null, "zori_2024": 2322, "zori_2025": 2298, "has_zhvi": true, "has_zori": true}, "geometry": {"type": "Polygon", "coordinates": [[[-96.970945, 33.1177], [-96.967227, 33.121642], [-96.959698, 33.13195], [-96.954416, 33.134889], [-96.941912, 33.140242], [-96.936423, 33.144295], [-96.935368, 33.146217], [-96.933181, 33.154957], [-96.932336, 33.156595], [-96.930375, 33.159139], [-96.924367, 33.164031], [-96.922767, 33.164375], [-96.919322, 33.16165], [-96.91317, 33.160753], [-96.912349, 33.159959], [-96.91111, 33.160522], [-96.908898, 33.159492], [-96.905863, 33.159495], [-96.900528, 33.157825], [-96.89919, 33.158063], [-96.899554, 33.1546], [-96.890753, 33.153371], [-96.864124, 33.153026], [-96.8647, 33.149051], [-96.864993, 33.139992], [-96.868992, 33.135804], [-96.869681, 33.125961], [-96.871749, 33.123272], [-96.872123, 33.121073], [-96.877289, 33.1209], [-96.877312, 33.120429], [-96.880865, 33.118511], [-96.882555, 33.116033], [-96.870312, 33.115932], [-96.872317, 33.115937], [-96.875229, 33.113827], [-96.876495, 33.1145], [-96.878958, 33.113448], [-96.880322, 33.11417], [-96.881421, 33.112927], [-96.884093, 33.113526], [-96.88423, 33.112465], [-96.886928, 33.112507], [-96.889122, 33.109782], [-96.888964, 33.110975], [-96.891517, 33.110412], [-96.891467, 33.107363], [-96.892008, 33.10741], [-96.892044, 33.109877], [-96.897978, 33.109832], [-96.897888, 33.113765], [-96.899216, 33.114673], [-96.901112, 33.112857], [-96.904238, 33.112859], [-96.905403, 33.115234], [-96.905079, 33.126257], [-96.907244, 33.126303], [-96.907304, 33.123725], [-96.911418, 33.126475], [-96.912798, 33.126708], [-96.911151, 33.124393], [-96.917575, 33.120742], [-96.91926, 33.121405], [-96.92125, 33.118401], [-96.9245, 33.117031], [-96.925507, 33.115919], [-96.93004, 33.115258], [-96.930558, 33.112213], [-96.929602, 33.110715], [-96.932827, 33.110564], [-96.93459, 33.107787], [-96.935323, 33.107661], [-96.935032, 33.108516], [-96.933887, 33.109192], [-96.933116, 33.110398], [-96.932563, 33.110754], [-96.930939, 33.111129], [-96.931339, 33.112769], [-96.930428, 33.114886], [-96.931309, 33.116211], [-96.930871, 33.116946], [-96.934603, 33.118578], [-96.935927, 33.120654], [-96.941441, 33.120887], [-96.945433, 33.115209], [-96.95195, 33.108629], [-96.958975, 33.103101], [-96.96443, 33.100028], [-96.96947, 33.09999], [-96.969625, 33.114353], [-96.970945, 33.1177]]]}}, {"type": "Feature", "properties": {"zip": "75287", "city": "Dallas", "county": "Collin County", "zhvi_2010": 318763, "zhvi_2011": 298134, "zhvi_2012": 298125, "zhvi_2013": 316609, "zhvi_2014": 337626, "zhvi_2015": 369799, "zhvi_2016": 401548, "zhvi_2017": 422416, "zhvi_2018": 426533, "zhvi_2019": 420722, "zhvi_2020": 428064, "zhvi_2021": 462361, "zhvi_2022": 510132, "zhvi_2023": 505789, "zhvi_2024": 503475, "zhvi_2025": 477056, "zori_2015": 1200, "zori_2016": 1249, "zori_2017": 1273, "zori_2018": 1274, "zori_2019": 1311, "zori_2020": 1338, "zori_2021": 1419, "zori_2022": 1545, "zori_2023": 1458, "zori_2024": 1343, "zori_2025": 1296, "has_zhvi": true, "has_zori": true}, "geometry": {"type": "Polygon", "coordinates": [[[-96.87478, 32.989781], [-96.871754, 33.000615], [-96.866367, 33.001486], [-96.865956, 33.002485], [-96.865954, 33.005402], [-96.864836, 33.006432], [-96.860639, 33.007935], [-96.857341, 33.0061], [-96.85852, 33.008639], [-96.857287, 33.009057], [-96.857321, 33.011687], [-96.86157, 33.01164], [-96.861998, 33.00858], [-96.865959, 33.007703], [-96.865954, 33.011763], [-96.849321, 33.011767], [-96.848629, 33.011488], [-96.843703, 33.012878], [-96.84358, 33.016499], [-96.832215, 33.015571], [-96.819769, 33.013458], [-96.815144, 33.013329], [-96.816247, 33.01243], [-96.817194, 33.009403], [-96.814354, 33.006858], [-96.813828, 33.00302], [-96.814916, 33.000915], [-96.813655, 32.998286], [-96.812547, 32.992781], [-96.814918, 32.992359], [-96.816002, 32.991221], [-96.815642, 32.989137], [-96.813355, 32.987041], [-96.854882, 32.987209], [-96.854797, 32.989691], [-96.87478, 32.989781]]]}}, {"type": "Feature", "properties": {"zip": "75068", "city": "Little Elm", "county": "Denton County", "zhvi_2010": 261151, "zhvi_2011": 243456, "zhvi_2012": 245195, "zhvi_2013": 266499, "zhvi_2014": 289189, "zhvi_2015": 321974, "zhvi_2016": 351197, "zhvi_2017": 369292, "zhvi_2018": 375621, "zhvi_2019": 368724, "zhvi_2020": 370974, "zhvi_2021": 423920, "zhvi_2022": 497718, "zhvi_2023": 466314, "zhvi_2024": 449040, "zhvi_2025": 417451, "zori_2015": 2030, "zori_2016": 2072, "zori_2017": 2089, "zori_2018": 2104, "zori_2019": 2117, "zori_2020": 2156, "zori_2021": 2360, "zori_2022": 2406, "zori_2023": 2384, "zori_2024": 2285, "zori_2025": 2217, "has_zhvi": true, "has_zori": true}, "geometry": {"type": "Polygon", "coordinates": [[[-97.019985, 33.18163], [-97.019775, 33.188336], [-97.012012, 33.18849], [-97.011832, 33.194198], [-97.011149, 33.194968], [-97.011849, 33.195732], [-97.010378, 33.198738], [-97.008471, 33.200296], [-97.007032, 33.200217], [-97.004369, 33.201016], [-97.004328, 33.202669], [-97.002683, 33.202852], [-97.00259, 33.203322], [-96.999446, 33.204382], [-96.997326, 33.2048], [-96.99736, 33.200863], [-96.99127, 33.20065], [-96.991511, 33.196698], [-96.976837, 33.195633], [-96.97881, 33.197719], [-96.97852, 33.20188], [-96.97697, 33.20443], [-96.97494, 33.20957], [-96.975305, 33.211954], [-96.976656, 33.215612], [-96.97644, 33.22225], [-96.97366, 33.222119], [-96.97365, 33.220875], [-96.97056, 33.220844], [-96.97045, 33.22272], [-96.9721, 33.222029], [-96.97201, 33.22321], [-96.96501, 33.22211], [-96.93021, 33.22076], [-96.93066, 33.21529], [-96.919342, 33.214894], [-96.919041, 33.218853], [-96.912712, 33.218675], [-96.910919, 33.217825], [-96.911068, 33.214606], [-96.912053, 33.214672], [-96.912249, 33.212291], [-96.913419, 33.212069], [-96.915048, 33.213066], [-96.913963, 33.210001], [-96.917775, 33.206744], [-96.918985, 33.204099], [-96.919268, 33.201497], [-96.917839, 33.201622], [-96.916876, 33.203073], [-96.915496, 33.203142], [-96.913953, 33.204183], [-96.91366, 33.205304], [-96.91166, 33.206649], [-96.911375, 33.205421], [-96.908959, 33.204908], [-96.908225, 33.206137], [-96.907168, 33.206249], [-96.907647, 33.20725], [-96.905652, 33.211374], [-96.904176, 33.210688], [-96.89945, 33.211085], [-96.898735, 33.211833], [-96.894918, 33.21344], [-96.893382, 33.215105], [-96.891256, 33.219361], [-96.880345, 33.21906], [-96.88071, 33.20179], [-96.887017, 33.189901], [-96.88733, 33.178471], [-96.881942, 33.178339], [-96.882112, 33.167489], [-96.882629, 33.166778], [-96.885864, 33.166716], [-96.889717, 33.165501], [-96.891994, 33.16436], [-96.893195, 33.161741], [-96.895579, 33.160567], [-96.896871, 33.15878], [-96.900528, 33.157825], [-96.905863, 33.159495], [-96.908898, 33.159492], [-96.91111, 33.160522], [-96.912349, 33.159959], [-96.91317, 33.160753], [-96.919322, 33.16165], [-96.922767, 33.164375], [-96.924367, 33.164031], [-96.930375, 33.159139], [-96.932336, 33.156595], [-96.933181, 33.154957], [-96.935368, 33.146217], [-96.936423, 33.144295], [-96.941912, 33.140242], [-96.954416, 33.134889], [-96.959698, 33.13195], [-96.967227, 33.121642], [-96.970945, 33.1177], [-96.97565, 33.120725], [-96.978973, 33.121681], [-96.987664, 33.122147], [-96.992047, 33.123144], [-96.99633, 33.124965], [-96.999909, 33.128419], [-97.001157, 33.131438], [-97.002404, 33.138771], [-97.002366, 33.14251], [-97.000521, 33.151352], [-97.00078, 33.154281], [-97.001924, 33.156437], [-97.005112, 33.160348], [-97.008976, 33.163397], [-97.014036, 33.166229], [-97.01657, 33.168722], [-97.019171, 33.17373], [-97.019985, 33.18163]]]}}, {"type": "Feature", "properties": {"zip": "76102", "city": "Fort Worth", "county": "Tarrant County", "zhvi_2010": 217008, "zhvi_2011": 196363, "zhvi_2012": 179369, "zhvi_2013": 189403, "zhvi_2014": 220250, "zhvi_2015": 251437, "zhvi_2016": 269972, "zhvi_2017": 270677, "zhvi_2018": 274364, "zhvi_2019": 273765, "zhvi_2020": 278051, "zhvi_2021": 291312, "zhvi_2022": 300854, "zhvi_2023": 292147, "zhvi_2024": 299187, "zhvi_2025": 281964, "zori_2015": null, "zori_2016": null, "zori_2017": null, "zori_2018": 1727, "zori_2019": 1682, "zori_2020": 1626, "zori_2021": 1640, "zori_2022": 1626, "zori_2023": 1559, "zori_2024": 1470, "zori_2025": 1471, "has_zhvi": true, "has_zori": true}, "geometry": {"type": "Polygon", "coordinates": [[[-97.360339, 32.735], [-97.356761, 32.739022], [-97.351774, 32.743606], [-97.347068, 32.75], [-97.345587, 32.754559], [-97.342384, 32.758087], [-97.338723, 32.759715], [-97.337405, 32.759335], [-97.337065, 32.759808], [-97.334576, 32.759483], [-97.33429, 32.759056], [-97.331071, 32.761417], [-97.331279, 32.765354], [-97.333921, 32.770128], [-97.338406, 32.772574], [-97.340472, 32.775298], [-97.338358, 32.782953], [-97.337291, 32.783723], [-97.337538, 32.784343], [-97.336387, 32.784519], [-97.336044, 32.784036], [-97.325524, 32.782215], [-97.324447, 32.781188], [-97.322969, 32.777434], [-97.318441, 32.775511], [-97.314035, 32.771085], [-97.312847, 32.767734], [-97.312098, 32.761087], [-97.310557, 32.757945], [-97.31121, 32.754362], [-97.309956, 32.752288], [-97.307235, 32.750269], [-97.303439, 32.750684], [-97.303285, 32.746118], [-97.306302, 32.746032], [-97.304536, 32.743443], [-97.308411, 32.742716], [-97.311713, 32.742956], [-97.321397, 32.744992], [-97.332971, 32.745284], [-97.337586, 32.743617], [-97.358787, 32.732802], [-97.360339, 32.735]]]}}, {"type": "Feature", "properties": {"zip": "76107", "city": "Fort Worth", "county": "Tarrant County", "zhvi_2010": 231066, "zhvi_2011": 219848, "zhvi_2012": 220498, "zhvi_2013": 235144, "zhvi_2014": 252233, "zhvi_2015": 279940, "zhvi_2016": 307172, "zhvi_2017": 325965, "zhvi_2018": 337289, "zhvi_2019": 336928, "zhvi_2020": 342536, "zhvi_2021": 364625, "zhvi_2022": 388944, "zhvi_2023": 376357, "zhvi_2024": 374150, "zhvi_2025": 362438, "zori_2015": 1374, "zori_2016": 1452, "zori_2017": 1536, "zori_2018": 1591, "zori_2019": 1635, "zori_2020": 1633, "zori_2021": 1654, "zori_2022": 1719, "zori_2023": 1686, "zori_2024": 1599, "zori_2025": 1616, "has_zhvi": true, "has_zori": true}, "geometry": {"type": "Polygon", "coordinates": [[[-97.421805, 32.740324], [-97.419732, 32.741655], [-97.42006, 32.744171], [-97.418689, 32.745753], [-97.419715, 32.746566], [-97.419185, 32.746931], [-97.420329, 32.749018], [-97.420787, 32.749136], [-97.418531, 32.751722], [-97.417714, 32.751956], [-97.416632, 32.751257], [-97.414263, 32.751046], [-97.412912, 32.749586], [-97.412725, 32.745587], [-97.410478, 32.74841], [-97.407072, 32.747277], [-97.405497, 32.747467], [-97.404099, 32.746416], [-97.404096, 32.746913], [-97.399365, 32.746281], [-97.398299, 32.747687], [-97.399134, 32.750912], [-97.3963, 32.751629], [-97.395126, 32.753191], [-97.393344, 32.757623], [-97.389725, 32.759518], [-97.384326, 32.760927], [-97.379301, 32.765313], [-97.378501, 32.767888], [-97.37916, 32.770826], [-97.380568, 32.772972], [-97.380318, 32.774234], [-97.376142, 32.776139], [-97.373704, 32.77563], [-97.369152, 32.771527], [-97.368803, 32.766764], [-97.367926, 32.765873], [-97.360913, 32.763958], [-97.359258, 32.763962], [-97.344924, 32.765945], [-97.342403, 32.763455], [-97.337065, 32.759808], [-97.337405, 32.759335], [-97.338723, 32.759715], [-97.342384, 32.758087], [-97.345587, 32.754559], [-97.347068, 32.75], [-97.351774, 32.743606], [-97.356761, 32.739022], [-97.360339, 32.735], [-97.358787, 32.732802], [-97.357693, 32.729075], [-97.359801, 32.725233], [-97.366606, 32.722875], [-97.370712, 32.723063], [-97.380364, 32.719081], [-97.38509, 32.716385], [-97.386332, 32.719949], [-97.404878, 32.712515], [-97.412742, 32.710009], [-97.413876, 32.714407], [-97.413007, 32.716794], [-97.413536, 32.717694], [-97.413387, 32.73409], [-97.413503, 32.734431], [-97.418667, 32.734614], [-97.419066, 32.737674], [-97.420709, 32.73813], [-97.420681, 32.739433], [-97.421805, 32.740324]]]}}, {"type": "Feature", "properties": {"zip": "75141", "city": "Hutchins", "county": "Dallas County", "zhvi_2010": 96194, "zhvi_2011": 82902, "zhvi_2012": 81042, "zhvi_2013": 88479, "zhvi_2014": 99323, "zhvi_2015": 108288, "zhvi_2016": 124104, "zhvi_2017": 144370, "zhvi_2018": 172940, "zhvi_2019": 199690, "zhvi_2020": 221454, "zhvi_2021": 244208, "zhvi_2022": 276176, "zhvi_2023": 272030, "zhvi_2024": 274283, "zhvi_2025": 252644, "zori_2015": null, "zori_2016": null, "zori_2017": null, "zori_2018": null, "zori_2019": null, "zori_2020": null, "zori_2021": null, "zori_2022": null, "zori_2023": null, "zori_2024": null, "zori_2025": null, "has_zhvi": true, "has_zori": false}, "geometry": {"type": "Polygon", "coordinates": [[[-96.744648, 32.623461], [-96.73489, 32.628127], [-96.735003, 32.63196], [-96.736318, 32.634127], [-96.736357, 32.636817], [-96.738025, 32.639367], [-96.737125, 32.640988], [-96.73779, 32.641258], [-96.733875, 32.64146], [-96.733205, 32.640912], [-96.73018, 32.642262], [-96.733021, 32.646421], [-96.729457, 32.648125], [-96.731277, 32.65079], [-96.726283, 32.654092], [-96.730336, 32.66008], [-96.721083, 32.66472], [-96.719859, 32.662636], [-96.713618, 32.665664], [-96.712124, 32.663348], [-96.717448, 32.660697], [-96.716516, 32.658985], [-96.710933, 32.661501], [-96.71033, 32.660567], [-96.691789, 32.66957], [-96.69504, 32.671528], [-96.696785, 32.673491], [-96.693019, 32.674487], [-96.691873, 32.672028], [-96.68948, 32.671836], [-96.684235, 32.673631], [-96.680165, 32.676043], [-96.677989, 32.676356], [-96.676931, 32.675773], [-96.676841, 32.673775], [-96.679247, 32.670755], [-96.679082, 32.669091], [-96.677913, 32.667581], [-96.67499, 32.666525], [-96.674937, 32.665322], [-96.677366, 32.664412], [-96.678228, 32.663204], [-96.676733, 32.661763], [-96.677773, 32.659889], [-96.678948, 32.655558], [-96.682713, 32.651389], [-96.6832, 32.649608], [-96.680711, 32.647675], [-96.677039, 32.647458], [-96.668913, 32.640873], [-96.660959, 32.639605], [-96.654576, 32.63657], [-96.651298, 32.639226], [-96.628617, 32.629561], [-96.628177, 32.62863], [-96.628791, 32.627315], [-96.627949, 32.62537], [-96.629118, 32.622753], [-96.630509, 32.621137], [-96.629954, 32.62026], [-96.623461, 32.618785], [-96.622198, 32.617727], [-96.626513, 32.614475], [-96.630923, 32.612354], [-96.63819, 32.610201], [-96.642339, 32.60831], [-96.649311, 32.618553], [-96.649417, 32.621319], [-96.655905, 32.631138], [-96.660078, 32.629543], [-96.662341, 32.632543], [-96.664285, 32.631794], [-96.666468, 32.635198], [-96.693966, 32.622413], [-96.696524, 32.62759], [-96.695234, 32.628209], [-96.693286, 32.626072], [-96.69133, 32.626956], [-96.692655, 32.629473], [-96.692019, 32.629787], [-96.690479, 32.627297], [-96.680482, 32.632106], [-96.684048, 32.637312], [-96.683093, 32.637758], [-96.684228, 32.639736], [-96.699038, 32.632655], [-96.694406, 32.622207], [-96.701309, 32.618693], [-96.702252, 32.620934], [-96.700985, 32.621448], [-96.704346, 32.629698], [-96.709076, 32.627532], [-96.706056, 32.62317], [-96.712869, 32.619659], [-96.713415, 32.620398], [-96.714764, 32.619689], [-96.71428, 32.618964], [-96.715818, 32.618209], [-96.745404, 32.618763], [-96.744648, 32.623461]]]}}, {"type": "Feature", "properties": {"zip": "75208", "city": "Dallas", "county": "Dallas County", "zhvi_2010": 185717, "zhvi_2011": 166878, "zhvi_2012": 163951, "zhvi_2013": 186752, "zhvi_2014": 209859, "zhvi_2015": 245086, "zhvi_2016": 293761, "zhvi_2017": 329558, "zhvi_2018": 362999, "zhvi_2019": 369433, "zhvi_2020": 385195, "zhvi_2021": 414836, "zhvi_2022": 438782, "zhvi_2023": 429130, "zhvi_2024": 423939, "zhvi_2025": 408126, "zori_2015": null, "zori_2016": null, "zori_2017": null, "zori_2018": 1604, "zori_2019": 1619, "zori_2020": 1576, "zori_2021": 1643, "zori_2022": 1690, "zori_2023": 1635, "zori_2024": 1577, "zori_2025": 1549, "has_zhvi": true, "has_zori": true}, "geometry": {"type": "Polygon", "coordinates": [[[-96.857596, 32.754215], [-96.856812, 32.75536], [-96.856567, 32.775081], [-96.847934, 32.773878], [-96.841139, 32.773591], [-96.824395, 32.776998], [-96.825742, 32.778821], [-96.822425, 32.779989], [-96.817685, 32.770207], [-96.81546, 32.766939], [-96.81252, 32.765287], [-96.815335, 32.762271], [-96.815345, 32.762724], [-96.817493, 32.76278], [-96.819817, 32.764142], [-96.819822, 32.766039], [-96.822843, 32.766985], [-96.822924, 32.758893], [-96.825309, 32.759189], [-96.824564, 32.758014], [-96.822911, 32.757793], [-96.82289, 32.754633], [-96.823995, 32.754478], [-96.824006, 32.752239], [-96.82288, 32.750684], [-96.822817, 32.746319], [-96.824502, 32.746359], [-96.824469, 32.734456], [-96.823862, 32.734453], [-96.824337, 32.732815], [-96.828734, 32.733168], [-96.832162, 32.734313], [-96.843174, 32.732121], [-96.852547, 32.727998], [-96.857079, 32.72533], [-96.856876, 32.734833], [-96.857454, 32.73493], [-96.857433, 32.73715], [-96.856825, 32.737136], [-96.856793, 32.740237], [-96.856889, 32.743124], [-96.857378, 32.74312], [-96.857371, 32.744069], [-96.856897, 32.744434], [-96.856858, 32.749613], [-96.857485, 32.749968], [-96.857596, 32.754215]]]}}, {"type": "Feature", "properties": {"zip": "75077", "city": "Highland Village", "county": "Denton County", "zhvi_2010": 296896, "zhvi_2011": 282288, "zhvi_2012": 283782, "zhvi_2013": 303069, "zhvi_2014": 323034, "zhvi_2015": 351702, "zhvi_2016": 378786, "zhvi_2017": 398683, "zhvi_2018": 412321, "zhvi_2019": 413665, "zhvi_2020": 426985, "zhvi_2021": 466692, "zhvi_2022": 519500, "zhvi_2023": 515218, "zhvi_2024": 510995, "zhvi_2025": 490152, "zori_2015": null, "zori_2016": null, "zori_2017": null, "zori_2018": null, "zori_2019": null, "zori_2020": 1708, "zori_2021": 1769, "zori_2022": 1750, "zori_2023": 1764, "zori_2024": 1720, "zori_2025": 1680, "has_zhvi": true, "has_zori": true}, "geometry": {"type": "Polygon", "coordinates": [[[-97.131499, 33.064881], [-97.127121, 33.064873], [-97.12708, 33.067615], [-97.122823, 33.067615], [-97.122318, 33.073949], [-97.115478, 33.073718], [-97.112412, 33.072251], [-97.101897, 33.072101], [-97.101883, 33.081225], [-97.104216, 33.081208], [-97.104108, 33.091584], [-97.103065, 33.091739], [-97.101842, 33.099092], [-97.101775, 33.103177], [-97.10345, 33.10326], [-97.103427, 33.110737], [-97.097827, 33.104367], [-97.094979, 33.107573], [-97.092859, 33.108789], [-97.090447, 33.107729], [-97.090125, 33.106215], [-97.087667, 33.104543], [-97.087679, 33.10959], [-97.080931, 33.109347], [-97.080883, 33.107911], [-97.079186, 33.108133], [-97.07925, 33.11031], [-97.07829, 33.1098], [-97.077703, 33.104628], [-97.075718, 33.104613], [-97.070518, 33.100163], [-97.065449, 33.101118], [-97.060992, 33.103521], [-97.056678, 33.100035], [-97.033787, 33.10242], [-97.02764, 33.102081], [-97.026033, 33.101571], [-97.02346, 33.099859], [-97.021988, 33.098233], [-97.018537, 33.092362], [-97.016492, 33.090109], [-97.012094, 33.08757], [-97.012108, 33.086836], [-97.017992, 33.086648], [-97.022233, 33.085885], [-97.023791, 33.083066], [-97.025577, 33.082884], [-97.026505, 33.084448], [-97.025091, 33.080346], [-97.015427, 33.065894], [-97.013337, 33.061157], [-97.019996, 33.062958], [-97.019854, 33.061132], [-97.019222, 33.059943], [-97.017222, 33.060223], [-97.017259, 33.058633], [-97.013156, 33.058456], [-97.010543, 33.051941], [-97.00934, 33.04632], [-97.010631, 33.046239], [-97.014136, 33.044494], [-97.016577, 33.049563], [-97.01779, 33.05075], [-97.02108, 33.04891], [-97.021627, 33.046959], [-97.026436, 33.046118], [-97.026419, 33.047065], [-97.028235, 33.047283], [-97.031462, 33.049159], [-97.03584, 33.0494], [-97.04008, 33.04911], [-97.040516, 33.048682], [-97.044523, 33.048934], [-97.04456, 33.070327], [-97.048533, 33.071554], [-97.057565, 33.071565], [-97.067409, 33.073787], [-97.07781, 33.07372], [-97.081627, 33.072269], [-97.08795, 33.072029], [-97.08808, 33.06259], [-97.094042, 33.06262], [-97.095614, 33.061858], [-97.096817, 33.061838], [-97.09708, 33.0583], [-97.10964, 33.05838], [-97.109686, 33.054726], [-97.121761, 33.054542], [-97.121723, 33.056613], [-97.128729, 33.057198], [-97.129328, 33.058378], [-97.131438, 33.059393], [-97.131499, 33.064881]]]}}, {"type": "Feature", "properties": {"zip": "76248", "city": "Keller", "county": "Tarrant County", "zhvi_2010": 374732, "zhvi_2011": 355355, "zhvi_2012": 354148, "zhvi_2013": 371042, "zhvi_2014": 392765, "zhvi_2015": 425710, "zhvi_2016": 453742, "zhvi_2017": 469587, "zhvi_2018": 480245, "zhvi_2019": 478443, "zhvi_2020": 492480, "zhvi_2021": 546868, "zhvi_2022": 613515, "zhvi_2023": 596797, "zhvi_2024": 592675, "zhvi_2025": 579094, "zori_2015": 1444, "zori_2016": 1492, "zori_2017": 1521, "zori_2018": 1536, "zori_2019": 1576, "zori_2020": 1603, "zori_2021": 1676, "zori_2022": 1765, "zori_2023": 1720, "zori_2024": 1694, "zori_2025": 1720, "has_zhvi": true, "has_zori": true}, "geometry": {"type": "Polygon", "coordinates": [[[-97.265543, 32.934023], [-97.263951, 32.934646], [-97.2549, 32.934612], [-97.255025, 32.938737], [-97.254646, 32.938726], [-97.254257, 32.946933], [-97.254744, 32.95292], [-97.254039, 32.956954], [-97.237049, 32.988509], [-97.23525, 32.990954], [-97.228762, 32.990919], [-97.228972, 32.971179], [-97.228173, 32.970765], [-97.238492, 32.970829], [-97.232792, 32.970791], [-97.232902, 32.963491], [-97.227931, 32.963439], [-97.228088, 32.956305], [-97.229063, 32.956294], [-97.227271, 32.954842], [-97.226526, 32.949651], [-97.224732, 32.949645], [-97.22476, 32.948936], [-97.220498, 32.948665], [-97.220485, 32.947195], [-97.217142, 32.947217], [-97.216974, 32.948936], [-97.214749, 32.949574], [-97.214352, 32.948948], [-97.214412, 32.945425], [-97.210539, 32.945316], [-97.210623, 32.944811], [-97.210082, 32.946138], [-97.212976, 32.946145], [-97.212908, 32.94886], [-97.208684, 32.949253], [-97.208769, 32.946581], [-97.205545, 32.946571], [-97.204504, 32.944825], [-97.204307, 32.941679], [-97.202359, 32.941655], [-97.20236, 32.940368], [-97.20093, 32.940352], [-97.200968, 32.93795], [-97.203165, 32.937956], [-97.203208, 32.9272], [-97.187048, 32.926711], [-97.186097, 32.925772], [-97.186123, 32.924243], [-97.183554, 32.922893], [-97.181196, 32.920894], [-97.178465, 32.923445], [-97.176891, 32.92256], [-97.17695, 32.911852], [-97.186598, 32.911752], [-97.186596, 32.911442], [-97.197682, 32.911762], [-97.197745, 32.907553], [-97.214445, 32.907564], [-97.214458, 32.900882], [-97.213937, 32.898728], [-97.216199, 32.897964], [-97.219597, 32.897908], [-97.220522, 32.896963], [-97.223359, 32.898268], [-97.223544, 32.897278], [-97.225834, 32.896496], [-97.225817, 32.892363], [-97.254442, 32.892809], [-97.254392, 32.894542], [-97.258885, 32.89475], [-97.256138, 32.91142], [-97.255862, 32.916713], [-97.261271, 32.916766], [-97.261463, 32.929219], [-97.265551, 32.929198], [-97.265543, 32.934023]]]}}, {"type": "Feature", "properties": {"zip": "76012", "city": "Arlington", "county": "Tarrant County", "zhvi_2010": 218484, "zhvi_2011": 200917, "zhvi_2012": 198339, "zhvi_2013": 206202, "zhvi_2014": 214753, "zhvi_2015": 229085, "zhvi_2016": 249399, "zhvi_2017": 269337, "zhvi_2018": 285611, "zhvi_2019": 292088, "zhvi_2020": 303779, "zhvi_2021": 333655, "zhvi_2022": 370846, "zhvi_2023": 362034, "zhvi_2024": 355716, "zhvi_2025": 336900, "zori_2015": null, "zori_2016": null, "zori_2017": null, "zori_2018": null, "zori_2019": null, "zori_2020": null, "zori_2021": null, "zori_2022": 1548, "zori_2023": 1571, "zori_2024": 1561, "zori_2025": 1533, "has_zhvi": true, "has_zori": true}, "geometry": {"type": "Polygon", "coordinates": [[[-97.17978, 32.731129], [-97.179232, 32.736033], [-97.174504, 32.739193], [-97.173293, 32.741425], [-97.171252, 32.743354], [-97.163075, 32.7456], [-97.163013, 32.755868], [-97.161076, 32.756542], [-97.161086, 32.757559], [-97.156414, 32.757547], [-97.154419, 32.757013], [-97.149827, 32.759116], [-97.149178, 32.767207], [-97.150464, 32.769176], [-97.152358, 32.767243], [-97.152812, 32.76829], [-97.150407, 32.771215], [-97.148641, 32.771552], [-97.149364, 32.776148], [-97.14783, 32.778872], [-97.145719, 32.778257], [-97.145417, 32.78141], [-97.143113, 32.78004], [-97.142047, 32.782691], [-97.142825, 32.784937], [-97.14193, 32.787428], [-97.14011, 32.788387], [-97.139945, 32.779395], [-97.139403, 32.779275], [-97.135986, 32.779156], [-97.135277, 32.778666], [-97.133571, 32.779275], [-97.125474, 32.779128], [-97.123452, 32.779981], [-97.120819, 32.781903], [-97.116494, 32.782235], [-97.11483, 32.782879], [-97.114333, 32.781682], [-97.114154, 32.774153], [-97.114455, 32.757455], [-97.113715, 32.753455], [-97.114036, 32.744964], [-97.114495, 32.74497], [-97.114525, 32.737557], [-97.126497, 32.737614], [-97.136013, 32.734983], [-97.152913, 32.733795], [-97.168102, 32.731495], [-97.169424, 32.731498], [-97.169346, 32.732097], [-97.17978, 32.731129]]]}}, {"type": "Feature", "properties": {"zip": "76015", "city": "Arlington", "county": "Tarrant County", "zhvi_2010": 156875, "zhvi_2011": 146289, "zhvi_2012": 140970, "zhvi_2013": 145857, "zhvi_2014": 153991, "zhvi_2015": 169574, "zhvi_2016": 188235, "zhvi_2017": 206975, "zhvi_2018": 225208, "zhvi_2019": 237490, "zhvi_2020": 252470, "zhvi_2021": 277047, "zhvi_2022": 309959, "zhvi_2023": 302729, "zhvi_2024": 297996, "zhvi_2025": 281396, "zori_2015": null, "zori_2016": null, "zori_2017": null, "zori_2018": null, "zori_2019": null, "zori_2020": null, "zori_2021": 1697, "zori_2022": 1712, "zori_2023": 1683, "zori_2024": 1605, "zori_2025": 1566, "has_zhvi": true, "has_zori": true}, "geometry": {"type": "Polygon", "coordinates": [[[-97.155535, 32.703128], [-97.149216, 32.703128], [-97.149196, 32.706792], [-97.139473, 32.706657], [-97.139543, 32.703069], [-97.13846, 32.70306], [-97.137884, 32.70666], [-97.117434, 32.706437], [-97.118304, 32.705243], [-97.118, 32.705111], [-97.114673, 32.705458], [-97.114648, 32.706187], [-97.113436, 32.705927], [-97.112702, 32.702013], [-97.11336, 32.701399], [-97.112285, 32.700335], [-97.114496, 32.69848], [-97.113781, 32.697069], [-97.115006, 32.695515], [-97.115041, 32.682467], [-97.120161, 32.68056], [-97.120502, 32.678334], [-97.123687, 32.677712], [-97.123687, 32.678542], [-97.126542, 32.678525], [-97.12848, 32.677221], [-97.130791, 32.676926], [-97.132016, 32.677191], [-97.132454, 32.678823], [-97.134856, 32.679062], [-97.13469, 32.675629], [-97.135061, 32.675269], [-97.143154, 32.674362], [-97.149495, 32.674394], [-97.149451, 32.686149], [-97.150143, 32.686177], [-97.149937, 32.696576], [-97.152037, 32.696555], [-97.152343, 32.698542], [-97.154505, 32.699022], [-97.155535, 32.703128]]]}}, {"type": "Feature", "properties": {"zip": "76036", "city": "Crowley", "county": "Tarrant County", "zhvi_2010": 216263, "zhvi_2011": 199243, "zhvi_2012": 195919, "zhvi_2013": 204043, "zhvi_2014": 215126, "zhvi_2015": 230276, "zhvi_2016": 246105, "zhvi_2017": 261923, "zhvi_2018": 278978, "zhvi_2019": 289221, "zhvi_2020": 299356, "zhvi_2021": 334545, "zhvi_2022": 378024, "zhvi_2023": 352249, "zhvi_2024": 337625, "zhvi_2025": 319030, "zori_2015": 1634, "zori_2016": 1681, "zori_2017": 1745, "zori_2018": 1783, "zori_2019": 1815, "zori_2020": 1885, "zori_2021": 1996, "zori_2022": 2019, "zori_2023": 2039, "zori_2024": 2042, "zori_2025": 2033, "has_zhvi": true, "has_zori": true}, "geometry": {"type": "Polygon", "coordinates": [[[-97.503424, 32.555439], [-97.503178, 32.55766], [-97.496184, 32.562951], [-97.493992, 32.565537], [-97.490934, 32.570436], [-97.489301, 32.573836], [-97.488128, 32.581431], [-97.487238, 32.583688], [-97.48344, 32.589306], [-97.481687, 32.591037], [-97.481811, 32.592143], [-97.482712, 32.592601], [-97.478391, 32.592588], [-97.479519, 32.594969], [-97.478855, 32.597143], [-97.47509, 32.599499], [-97.475041, 32.600164], [-97.473354, 32.601412], [-97.471743, 32.603603], [-97.469517, 32.604745], [-97.466942, 32.604385], [-97.464442, 32.603344], [-97.463802, 32.601353], [-97.461249, 32.598599], [-97.458025, 32.598033], [-97.456992, 32.596918], [-97.456609, 32.593418], [-97.454988, 32.597031], [-97.455919, 32.600448], [-97.45828, 32.601118], [-97.4598, 32.60257], [-97.459815, 32.605549], [-97.462602, 32.607447], [-97.4628, 32.61037], [-97.461786, 32.609674], [-97.461529, 32.607928], [-97.460135, 32.607456], [-97.459257, 32.606133], [-97.45613, 32.6068], [-97.458228, 32.606599], [-97.460446, 32.61054], [-97.459756, 32.611117], [-97.460152, 32.613934], [-97.461202, 32.616419], [-97.460106, 32.616977], [-97.462204, 32.617492], [-97.463702, 32.619715], [-97.458716, 32.62211], [-97.458255, 32.62451], [-97.456995, 32.62614], [-97.455965, 32.625545], [-97.456097, 32.628239], [-97.455065, 32.631703], [-97.454222, 32.631894], [-97.451801, 32.630263], [-97.452967, 32.633429], [-97.445875, 32.631178], [-97.442384, 32.627611], [-97.43935, 32.622903], [-97.436992, 32.616681], [-97.435456, 32.615582], [-97.435812, 32.613444], [-97.434962, 32.611734], [-97.434171, 32.612021], [-97.434494, 32.610777], [-97.426915, 32.610726], [-97.426924, 32.599932], [-97.416489, 32.59984], [-97.416374, 32.593958], [-97.41401, 32.59602], [-97.412575, 32.599155], [-97.412491, 32.615425], [-97.406149, 32.615397], [-97.405883, 32.613013], [-97.407642, 32.609963], [-97.406977, 32.606431], [-97.402965, 32.606504], [-97.39538, 32.604084], [-97.388452, 32.603946], [-97.388468, 32.607474], [-97.35639, 32.606599], [-97.355135, 32.606785], [-97.355082, 32.608198], [-97.351495, 32.609147], [-97.351053, 32.611958], [-97.349893, 32.614129], [-97.331328, 32.614019], [-97.325252, 32.57793], [-97.33452, 32.577992], [-97.334598, 32.571824], [-97.345372, 32.568998], [-97.351311, 32.564442], [-97.351406, 32.563975], [-97.343924, 32.557455], [-97.350596, 32.551818], [-97.352156, 32.55325], [-97.363852, 32.553361], [-97.370872, 32.547862], [-97.371895, 32.548254], [-97.384307, 32.538021], [-97.384805, 32.538432], [-97.392767, 32.531312], [-97.395843, 32.533931], [-97.398293, 32.53118], [-97.404022, 32.533947], [-97.410071, 32.528838], [-97.411531, 32.530091], [-97.413541, 32.528483], [-97.414983, 32.528495], [-97.420283, 32.524244], [-97.422188, 32.525317], [-97.421938, 32.523035], [-97.422401, 32.521707], [-97.423641, 32.520083], [-97.428397, 32.516312], [-97.429254, 32.514913], [-97.429717, 32.515335], [-97.434398, 32.515205], [-97.43369, 32.516838], [-97.435339, 32.518264], [-97.437088, 32.520878], [-97.438609, 32.521016], [-97.439993, 32.52223], [-97.439315, 32.524728], [-97.440855, 32.52697], [-97.441414, 32.528914], [-97.450437, 32.52899], [-97.450319, 32.533187], [-97.458849, 32.533373], [-97.458875, 32.528978], [-97.471321, 32.529076], [-97.471318, 32.555002], [-97.503424, 32.555439]]]}}]}